REPORT_ID,Stats Area,Suburb,Postcode,LGA Name,Total Units,Total Cas,Total Fats,Total SI,Total MI,Year,Month,Day,Time,Area Speed,Position Type,Horizontal Align,Vertical Align,Other Feat,Road Surface,Moisture Cond,Weather Cond,DayNight,Crash Type,Unit Resp,Entity Code,CSEF Severity,Traffic Ctrls,DUI Involved,Drugs Involved,ACCLOC_X,ACCLOC_Y,UNIQUE_LOC
2019-165-27/05/2021,2 Metropolitan,ALBERT PARK,5014,CITY OF CHARLES STURT,2,0,0,0,0,2019,January,Tuesday,8:23 AM,50,Not Divided,Straight road,Level,Not Applicable,Sealed,Dry,Not Raining,Daylight,Hit Fixed Object,1,Driver Rider,1: PDO,No Control,,,1321274.3,1676675.84,1.32E+13
2019-166-27/05/2021,2 Metropolitan,URRBRAE,5064,CC MITCHAM.                   ,3,0,0,0,0,2019,January,Monday,12:40 PM,60,Not Divided,Straight road,Slope,Not Applicable,Sealed,Dry,Not Raining,Daylight,Hit Parked Vehicle,1,Driver Rider,1: PDO,No Control,,,1330834.58,1666294.69,1.33E+13
2019-167-27/05/2021,2 Metropolitan,LINDEN PARK,5065,CITY OF BURNSIDE,2,1,0,0,1,2019,January,Tuesday,8:00 AM,60,T-Junction,Straight road,Level,Not Applicable,Sealed,Dry,Not Raining,Daylight,Rear End,2,Driver Rider,2: MI,No Control,,,1332328.36,1668542.28,1.33E+13
2019-168-27/05/2021,2 Metropolitan,MAWSON LAKES,5095,CITY OF SALISBURY,2,1,0,0,1,2019,January,Tuesday,9:48 AM,50,Cross Road,Straight road,Level,Not Applicable,Sealed,Dry,Not Raining,Daylight,Right Angle,1,Driver Rider,2: MI,Roundabout,,,1330295.82,1683652.43,1.33E+13
2019-169-27/05/2021,2 Metropolitan,SEACOMBE GARDENS,5047,CC MARION.                    ,2,0,0,0,0,2019,January,Saturday,3:30 PM,60,Divided Road,Straight road,Level,Driveway or Entrance,Sealed,Dry,Not Raining,Daylight,Hit Pedestrian,2,Driver Rider,1: PDO,No Control,,,1322929.47,1660630.78,1.32E+13
2019-170-27/05/2021,2 Metropolitan,NORWOOD,5067,"CC OF NORWOOD,PAYNEHAM & ST PETERS",2,0,0,0,0,2019,January,Monday,3:20 PM,60,Multiple,"CURVED, VIEW OPEN",Level,Not Applicable,Sealed,Dry,Not Raining,Daylight,Right Angle,2,Driver Rider,1: PDO,Traffic Signals,,,1330628.16,1671038.76,1.33E+13
2019-171-27/05/2021,2 Metropolitan,GLENELG NORTH,5045,CITY OF HOLDFAST BAY,2,1,0,0,1,2019,January,Monday,8:30 PM,50,One Way,Straight road,Level,Not Applicable,Sealed,Dry,Not Raining,Daylight,Hit Fixed Object,1,Driver Rider,2: MI,No Control,,,1321236.99,1665857.72,1.32E+13
2019-172-27/05/2021,2 Metropolitan,HECTORVILLE,5073,CC CAMPBELLTOWN.              ,2,0,0,0,0,2019,January,Tuesday,10:00 AM,60,T-Junction,Straight road,Level,Not Applicable,Sealed,Dry,Not Raining,Daylight,Right Turn,1,Driver Rider,1: PDO,Traffic Signals,,,1334554.18,1674532.6,1.33E+13
2019-173-27/05/2021,2 Metropolitan,ELIZABETH SOUTH,5112,CITY OF PLAYFORD.,2,0,0,0,0,2019,January,Monday,4:20 PM,60,Divided Road,Straight road,Level,Not Applicable,Sealed,Dry,Not Raining,Daylight,Rear End,1,Driver Rider,1: PDO,No Control,,,1333699.71,1689615.45,1.33E+13
2019-174-27/05/2021,2 Metropolitan,KILKENNY,5009,CITY OF CHARLES STURT,2,0,0,0,0,2019,January,Tuesday,2:05 PM,60,Cross Road,Straight road,Level,Not Applicable,Sealed,Dry,Not Raining,Daylight,Side Swipe,2,Driver Rider,1: PDO,Stop Sign,,,1324550.61,1676338.68,1.32E+13
2019-175-27/05/2021,1 City,ADELAIDE,5000,CITY OF ADELAIDE,2,0,0,0,0,2019,January,Tuesday,1:40 PM,60,Divided Road,Straight road,Level,Not Applicable,Sealed,Dry,Not Raining,Daylight,Rear End,2,Driver Rider,1: PDO,No Control,,,1327585.34,1668939.16,1.33E+13
2019-176-27/05/2021,2 Metropolitan,CRAIGMORE,5114,CITY OF PLAYFORD.,2,1,1,0,0,2019,January,Tuesday,10:50 AM,60,Not Divided,Straight road,Slope,Not Applicable,Sealed,Dry,Not Raining,Daylight,Hit Fixed Object,1,Driver Rider,4: Fatal,No Control,,,1339583.51,1694424.53,1.34E+13
2019-177-27/05/2021,2 Metropolitan,SOUTH PLYMPTON,5038,CC MARION.                    ,2,0,0,0,0,2019,January,Tuesday,3:00 PM,60,T-Junction,Straight road,Level,Not Applicable,Sealed,Dry,Not Raining,Daylight,Right Angle,2,Passenger,1: PDO,Traffic Signals,,,1325015.4,1666128.63,1.33E+13
2019-178-27/05/2021,1 City,NORTH ADELAIDE,5006,CITY OF ADELAIDE,2,0,0,0,0,2019,January,Tuesday,3:37 PM,50,Cross Road,Straight road,Level,Not Applicable,Sealed,Dry,Not Raining,Daylight,Right Turn,2,Driver Rider,1: PDO,Traffic Signals,,,1328266.03,1672576.16,1.33E+13
2019-179-27/05/2021,2 Metropolitan,BEDFORD PARK,5042,CC MITCHAM.                   ,2,0,0,0,0,2019,January,Tuesday,5:10 PM,70,T-Junction,Straight road,Unknown,Not Applicable,Sealed,Dry,Not Raining,Daylight,Side Swipe,2,Driver Rider,1: PDO,Traffic Signals,,,1325149.68,1660407.47,1.33E+13
2019-180-27/05/2021,2 Metropolitan,KESWICK,5035,CITY OF UNLEY,2,0,0,0,0,2019,January,Tuesday,3:50 PM,60,Divided Road,Straight road,Level,Not Applicable,Sealed,Dry,Not Raining,Daylight,Side Swipe,2,Driver Rider,1: PDO,No Control,,,1326617.45,1668545.99,1.33E+13
2019-181-27/05/2021,3 Country,NANGKITA,5210,ALEXANDRINA COUNCIL,1,1,0,1,0,2019,January,Tuesday,3:45 PM,100,Not Divided,"CURVED, VIEW OBSCURED",Level,Not Applicable,Sealed,Dry,Not Raining,Daylight,Roll Over,1,Driver Rider,3: SI,No Control,,,1332821.14,1624170.87,1.33E+13
2019-182-27/05/2021,2 Metropolitan,FULLARTON,5063,CITY OF UNLEY,2,0,0,0,0,2019,January,Tuesday,5:35 PM,50,Not Divided,Straight road,Level,Not Applicable,Sealed,Dry,Not Raining,Daylight,Side Swipe,2,Driver Rider,1: PDO,No Control,,,1331162.75,1667494.87,1.33E+13
2019-183-27/05/2021,2 Metropolitan,PARAFIELD GARDENS,5107,CITY OF SALISBURY,2,1,0,0,1,2019,January,Tuesday,6:46 PM,60,Cross Road,Straight road,Level,Not Applicable,Sealed,Dry,Not Raining,Daylight,Rear End,1,Driver Rider,2: MI,Roundabout,,,1329779.29,1686588.74,1.33E+13
2019-184-27/05/2021,3 Country,PORT AUGUSTA,5700,CC PT.AUGUSTA.                ,2,0,0,0,0,2019,January,Tuesday,6:45 PM,50,T-Junction,Straight road,Slope,Not Applicable,Sealed,Dry,Not Raining,Daylight,Right Turn,1,Driver Rider,1: PDO,No Control,,,1259416.11,1942271.73,1.26E+13
2019-185-27/05/2021,1 City,NORTH ADELAIDE,5006,CITY OF ADELAIDE,2,0,0,0,0,2019,January,Tuesday,6:12 PM,50,Not Divided,Straight road,Level,Not Applicable,Sealed,Dry,Not Raining,Daylight,Right Turn,2,Driver Rider,1: PDO,No Control,,,1328995.47,1672571.76,1.33E+13
2019-186-27/05/2021,2 Metropolitan,HOUGHTON,5131,THE ADELAIDE HILLS COUNCIL,3,0,0,0,0,2019,January,Wednesday,2:00 AM,80,Not Divided,"CURVED, VIEW OBSCURED",Crest of Hill,Not Applicable,Sealed,Dry,Not Raining,Night,Hit Fixed Object,1,Driver Rider,1: PDO,No Control,,,1343370.45,1681300.86,1.34E+13
2019-187-27/05/2021,3 Country,WALLAROO MINES,5554,COPPER COAST DISTRICT COUNCIL,2,0,0,0,0,2019,January,Tuesday,12:30 PM,60,Not Divided,Straight road,Level,Not Applicable,Sealed,Dry,Not Raining,Daylight,Hit Parked Vehicle,1,Driver Rider,1: PDO,No Control,,,1249411.64,1779806.47,1.25E+13
2019-188-27/05/2021,3 Country,KEITH,5267,DC TATIARA.                   ,1,1,0,0,1,2019,January,Wednesday,6:30 AM,50,Cross Road,Straight road,Level,Not Applicable,Sealed,Dry,Not Raining,Daylight,Roll Over,9,Other,2: MI,Give Way Sign,,,1482174.76,1533277.65,1.48E+13
2019-189-27/05/2021,2 Metropolitan,ALDINGA BEACH,5173,CITY OF ONKAPARINGA,2,1,0,0,1,2019,January,Tuesday,11:20 AM,50,T-Junction,Straight road,Level,Not Applicable,Sealed,Dry,Not Raining,Daylight,Hit Pedestrian,2,Pedestrian,2: MI,No Control,,,1313136.88,1632721.68,1.31E+13
2019-190-27/05/2021,2 Metropolitan,WINDSOR GARDENS,5087,CITY OF PORT ADELAIDE ENFIELD,3,1,0,0,1,2019,January,Wednesday,7:30 AM,60,Divided Road,Straight road,Level,Not Applicable,Sealed,Dry,Not Raining,Daylight,Rear End,1,Driver Rider,2: MI,No Control,,,1332903.22,1677297.33,1.33E+13
2019-191-27/05/2021,2 Metropolitan,PARAFIELD GARDENS,5107,CITY OF SALISBURY,2,1,0,0,1,2019,January,Wednesday,6:40 AM,60,T-Junction,Straight road,Level,Not Applicable,Sealed,Dry,Not Raining,Daylight,Right Angle,2,Driver Rider,2: MI,No Control,,,1331086.13,1686354.23,1.33E+13
2019-192-27/05/2021,2 Metropolitan,GAWLER SOUTH,5118,CT GAWLER.                    ,2,0,0,0,0,2019,January,Tuesday,5:45 PM,50,Not Divided,Straight road,Level,Not Applicable,Sealed,Dry,Not Raining,Daylight,Rear End,1,Driver Rider,1: PDO,No Control,,,1343046.79,1705748.5,1.34E+13
2019-193-27/05/2021,2 Metropolitan,GLENUNGA,5064,CITY OF BURNSIDE,2,0,0,0,0,2019,January,Tuesday,3:30 PM,50,Not Divided,Straight road,Level,Not Applicable,Sealed,Dry,Not Raining,Daylight,Hit Parked Vehicle,2,Driver Rider,1: PDO,No Control,,,1332027.73,1667863.84,1.33E+13
2019-194-27/05/2021,2 Metropolitan,THORNGATE,5082,CITY OF PROSPECT,2,0,0,0,0,2019,January,Wednesday,8:40 AM,60,Divided Road,Straight road,Level,Not Applicable,Sealed,Dry,Not Raining,Daylight,Hit Parked Vehicle,2,Driver Rider,1: PDO,No Control,,,1328575.51,1673909.25,1.33E+13
2019-195-27/05/2021,2 Metropolitan,MOUNT BARKER,5251,DC MT.BARKER.                 ,2,0,0,0,0,2019,January,Wednesday,9:30 AM,60,Cross Road,Straight road,Level,Not Applicable,Sealed,Dry,Not Raining,Daylight,Right Angle,2,Driver Rider,1: PDO,Give Way Sign,,,1352235.68,1652736.58,1.35E+13
2019-196-27/05/2021,3 Country,PORT AUGUSTA,5700,CC PT.AUGUSTA.                ,2,2,0,0,2,2019,January,Wednesday,9:55 AM,50,T-Junction,Straight road,Level,Not Applicable,Sealed,Dry,Not Raining,Daylight,Right Angle,2,Driver Rider,2: MI,No Control,,,1260152.43,1942628.67,1.26E+13
2019-197-27/05/2021,3 Country,DELAMERE,5204,DC YANKALILLA.                ,2,7,0,0,7,2019,January,Wednesday,8:20 AM,100,Cross Road,Straight road,Level,Not Applicable,Sealed,Dry,Not Raining,Daylight,Right Angle,1,Driver Rider,2: MI,Give Way Sign,,,1290513.35,1601146.57,1.29E+13
2019-198-27/05/2021,2 Metropolitan,GAWLER,5118,CT GAWLER.                    ,2,1,0,0,1,2019,January,Wednesday,10:32 AM,50,Cross Road,"CURVED, VIEW OPEN",Level,Not Applicable,Sealed,Dry,Not Raining,Daylight,Right Angle,1,Driver Rider,2: MI,Roundabout,,,1343197.11,1706368.53,1.34E+13
2019-199-27/05/2021,2 Metropolitan,BEAUMONT,5066,CITY OF BURNSIDE,2,1,0,0,1,2019,January,Wednesday,7:40 AM,50,Cross Road,Straight road,Slope,Not Applicable,Sealed,Dry,Not Raining,Daylight,Right Angle,1,Driver Rider,2: MI,Roundabout,,,1333379.83,1667716.32,1.33E+13
2019-200-27/05/2021,2 Metropolitan,CHRISTIE DOWNS,5164,CITY OF ONKAPARINGA,3,0,0,0,0,2019,January,Wednesday,10:40 AM,50,Not Divided,"CURVED, VIEW OBSCURED",Level,Not Applicable,Sealed,Dry,Not Raining,Daylight,Hit Fixed Object,1,Driver Rider,1: PDO,No Control,,,1318739.65,1647776.81,1.32E+13
2019-201-27/05/2021,2 Metropolitan,WINGFIELD,5013,CITY OF PORT ADELAIDE ENFIELD,2,0,0,0,0,2019,January,Wednesday,6:59 AM,90,Divided Road,Straight road,Level,Not Applicable,Sealed,Dry,Not Raining,Daylight,Rear End,1,Driver Rider,1: PDO,No Control,,,1324419.14,1681039.55,1.32E+13
2019-202-27/05/2021,2 Metropolitan,INGLEWOOD,5133,THE ADELAIDE HILLS COUNCIL,1,0,0,0,0,2019,January,Wednesday,9:30 AM,100,Not Divided,"CURVED, VIEW OBSCURED",Slope,Not Applicable,Unsealed,Dry,Not Raining,Daylight,Roll Over,1,Driver Rider,1: PDO,No Control,,,1346968.88,1682422.28,1.35E+13
2019-203-27/05/2021,3 Country,LINCOLN GAP,5715,CC PT.AUGUSTA.                ,1,0,0,0,0,2019,January,Wednesday,10:40 AM,110,Not Divided,Straight road,Level,Not Applicable,Sealed,Dry,Not Raining,Daylight,Left Road - Out of Control,1,Driver Rider,1: PDO,No Control,,,1249801.61,1938750.6,1.25E+13
2019-204-27/05/2021,3 Country,HINDMARSH VALLEY,5211,DC VICTOR HARBOR.             ,2,0,0,0,0,2019,January,Wednesday,11:04 AM,80,Not Divided,Straight road,Level,Not Applicable,Sealed,Dry,Not Raining,Daylight,Right Turn,1,Driver Rider,1: PDO,No Control,,,1329220.82,1605122.85,1.33E+13
2019-205-27/05/2021,2 Metropolitan,OTTOWAY,5013,CITY OF PORT ADELAIDE ENFIELD,2,0,0,0,0,2019,January,Wednesday,12:30 PM,60,Divided Road,Straight road,Level,Not Applicable,Sealed,Dry,Not Raining,Daylight,Rear End,1,Driver Rider,1: PDO,No Control,,,1323410.93,1679141.1,1.32E+13
2019-206-27/05/2021,2 Metropolitan,PROSPECT,5082,CITY OF PROSPECT,2,0,0,0,0,2019,January,Wednesday,1:55 PM,60,T-Junction,Straight road,Level,Not Applicable,Sealed,Dry,Not Raining,Daylight,Right Angle,1,Driver Rider,1: PDO,No Control,,,1328913.51,1674556.12,1.33E+13
2019-207-27/05/2021,3 Country,TRURO,5356,MID MURRAY DISTRICT COUNCIL,3,0,0,0,0,2019,January,Wednesday,11:30 AM,110,Not Divided,Straight road,Level,Not Applicable,Sealed,Dry,Not Raining,Daylight,Other,1,Driver Rider,1: PDO,No Control,,,1389256.46,1726473.11,1.39E+13
2019-208-27/05/2021,2 Metropolitan,CLARENCE GARDENS,5039,CC MITCHAM.                   ,2,1,0,0,1,2019,January,Wednesday,1:55 PM,60,Divided Road,Straight road,Level,Not Applicable,Sealed,Dry,Not Raining,Daylight,Side Swipe,2,Driver Rider,2: MI,No Control,,,1326333.9,1666165.25,1.33E+13
2019-209-27/05/2021,2 Metropolitan,UNLEY,5061,CITY OF UNLEY,2,0,0,0,0,2019,January,Wednesday,2:30 PM,60,Not Divided,Straight road,Level,Not Applicable,Sealed,Dry,Not Raining,Daylight,Side Swipe,2,Driver Rider,1: PDO,No Control,,,1329094.62,1667698.93,1.33E+13
2019-210-27/05/2021,2 Metropolitan,KILBURN,5084,CITY OF PORT ADELAIDE ENFIELD,2,0,0,0,0,2019,January,Tuesday,1:54 PM,50,Not Divided,Straight road,Level,Not Applicable,Sealed,Dry,Not Raining,Daylight,Rear End,2,Driver Rider,1: PDO,No Control,,,1328003.82,1678759.19,1.33E+13
2019-211-27/05/2021,2 Metropolitan,WINGFIELD,5013,CITY OF PORT ADELAIDE ENFIELD,2,0,0,0,0,2019,January,Wednesday,4:40 PM,90,Divided Road,Straight road,Level,Not Applicable,Sealed,Dry,Not Raining,Daylight,Rear End,1,Driver Rider,1: PDO,No Control,,,1326036.95,1681084.22,1.33E+13
2019-212-27/05/2021,2 Metropolitan,FELIXSTOW,5070,"CC OF NORWOOD,PAYNEHAM & ST PETERS",2,1,0,0,1,2019,January,Wednesday,4:50 PM,60,T-Junction,Straight road,Level,Not Applicable,Sealed,Dry,Not Raining,Daylight,Rear End,2,Driver Rider,2: MI,No Control,,,1333832.59,1674592.79,1.33E+13
2019-213-27/05/2021,2 Metropolitan,HAZELWOOD PARK,5066,CITY OF BURNSIDE,3,0,0,0,0,2019,January,Wednesday,3:20 PM,60,Not Divided,Straight road,Level,Driveway or Entrance,Sealed,Dry,Not Raining,Daylight,Rear End,2,Driver Rider,1: PDO,No Control,,,1333934.04,1669163.5,1.33E+13
2019-214-27/05/2021,2 Metropolitan,MITCHELL PARK,5043,CC MARION.                    ,1,1,0,0,1,2019,January,Wednesday,6:35 PM,50,Cross Road,Straight road,Level,Not Applicable,Sealed,Dry,Not Raining,Daylight,Roll Over,1,Driver Rider,2: MI,Roundabout,,,1325086.53,1661634.86,1.33E+13
2019-215-27/05/2021,2 Metropolitan,THORNGATE,5082,CITY OF PROSPECT,2,0,0,0,0,2019,January,Wednesday,6:20 PM,60,Cross Road,Straight road,Level,Not Applicable,Sealed,Dry,Not Raining,Daylight,Right Turn,2,Driver Rider,1: PDO,Traffic Signals,,,1328116.31,1673675.73,1.33E+13
2019-216-27/05/2021,2 Metropolitan,HAWTHORN,5062,CC MITCHAM.                   ,2,1,0,0,1,2019,January,Wednesday,6:30 PM,40,Cross Road,Straight road,Level,Not Applicable,Sealed,Dry,Not Raining,Daylight,Right Angle,1,Driver Rider,2: MI,Roundabout,,,1328284.52,1665318.96,1.33E+13
2019-217-27/05/2021,2 Metropolitan,BEDFORD PARK,5042,CC MITCHAM.                   ,2,1,0,0,1,2019,January,Wednesday,7:10 PM,60,T-Junction,Straight road,Slope,Not Applicable,Sealed,Dry,Not Raining,Daylight,Hit Fixed Object,1,Driver Rider,2: MI,No Control,,,1326033.9,1660738.82,1.33E+13
2019-218-27/05/2021,2 Metropolitan,FINDON,5023,CITY OF CHARLES STURT,2,0,0,0,0,2019,January,Wednesday,8:20 AM,60,T-Junction,Straight road,Level,Not Applicable,Sealed,Dry,Not Raining,Daylight,Side Swipe,1,Driver Rider,1: PDO,No Control,,,1323806.21,1673160.7,1.32E+13
2019-219-27/05/2021,3 Country,MOONTA,5558,COPPER COAST DISTRICT COUNCIL,2,0,0,0,0,2019,January,Wednesday,4:20 PM,50,Cross Road,Straight road,Level,Not Applicable,Sealed,Dry,Not Raining,Daylight,Right Angle,1,Driver Rider,1: PDO,Give Way Sign,,,1238015.38,1768570.17,1.24E+13
2019-220-27/05/2021,2 Metropolitan,STIRLING,5152,THE ADELAIDE HILLS COUNCIL,1,1,0,1,0,2019,January,Wednesday,7:32 PM,50,Not Divided,Straight road,Bottom of Hill,Driveway or Entrance,Sealed,Dry,Not Raining,Daylight,Roll Over,1,Driver Rider,3: SI,No Control,,,1337995.4,1661884.62,1.34E+13
2019-221-27/05/2021,2 Metropolitan,MAWSON LAKES,5095,CITY OF SALISBURY,2,0,0,0,0,2019,January,Wednesday,6:20 PM,70,Cross Road,Straight road,Level,Not Applicable,Sealed,Dry,Not Raining,Daylight,Rear End,2,Driver Rider,1: PDO,Traffic Signals,,,1329549.75,1684430.78,1.33E+13
2019-222-27/05/2021,2 Metropolitan,ROYSTON PARK,5070,"CC OF NORWOOD,PAYNEHAM & ST PETERS",2,0,0,0,0,2019,January,Wednesday,7:50 PM,60,Not Divided,Straight road,Level,Not Applicable,Sealed,Dry,Not Raining,Daylight,Right Angle,2,Driver Rider,1: PDO,No Control,,,1331937.92,1673498.79,1.33E+13
2019-223-27/05/2021,2 Metropolitan,CLELAND,5152,THE ADELAIDE HILLS COUNCIL,2,0,0,0,0,2019,January,Wednesday,6:45 PM,80,Not Divided,"CURVED, VIEW OBSCURED",Level,Not Applicable,Sealed,Dry,Not Raining,Daylight,Head On,1,Driver Rider,1: PDO,No Control,,,1338743.73,1666405.14,1.34E+13
2019-224-27/05/2021,2 Metropolitan,DOVER GARDENS,5048,CC MARION.                    ,2,0,0,0,0,2019,January,Wednesday,9:35 PM,60,Divided Road,Straight road,Level,Not Applicable,Sealed,Dry,Not Raining,Night,Hit Parked Vehicle,2,Driver Rider,1: PDO,No Control,,,1322653.71,1660606.59,1.32E+13
2019-225-27/05/2021,3 Country,BURRA,5417,REGIONAL COUNCIL OF GOYDER,3,5,0,0,5,2019,January,Wednesday,7:40 PM,110,Not Divided,Straight road,Level,Not Applicable,Sealed,Dry,Not Raining,Daylight,Side Swipe,2,Driver Rider,2: MI,No Control,,,1361455.47,1813078.92,1.36E+13
2019-226-27/05/2021,2 Metropolitan,VALE PARK,5081,WALKERVILLE TOWN COUNCIL,4,0,0,0,0,2019,January,Thursday,4:20 AM,60,Divided Road,Straight road,Level,Not Applicable,Sealed,Dry,Not Raining,Night,Hit Fixed Object,1,Driver Rider,1: PDO,No Control,,,1331051.28,1675698.92,1.33E+13
2019-227-27/05/2021,1 City,ADELAIDE,5000,CITY OF ADELAIDE,2,1,0,0,1,2019,January,Wednesday,5:00 PM,50,T-Junction,Straight road,Level,Not Applicable,Sealed,Dry,Not Raining,Daylight,Rear End,2,Driver Rider,2: MI,Traffic Signals,,,1329012.45,1671149.03,1.33E+13
2019-228-27/05/2021,2 Metropolitan,EDWARDSTOWN,5039,CC MARION.                    ,2,0,0,0,0,2019,January,Thursday,8:50 AM,50,Cross Road,Straight road,Level,Not Applicable,Sealed,Dry,Not Raining,Daylight,Right Angle,1,Driver Rider,1: PDO,Give Way Sign,,,1325274.8,1665626.77,1.33E+13
2019-229-27/05/2021,2 Metropolitan,PARA HILLS,5096,CITY OF SALISBURY,2,0,0,0,0,2019,January,Wednesday,3:15 PM,60,T-Junction,Straight road,Level,Not Applicable,Sealed,Dry,Not Raining,Daylight,Right Angle,2,Driver Rider,1: PDO,No Control,,,1333843.85,1682274.86,1.33E+13
2019-230-27/05/2021,2 Metropolitan,SALISBURY HEIGHTS,5109,CITY OF SALISBURY,2,0,0,0,0,2019,January,Thursday,8:50 AM,50,T-Junction,Straight road,Slope,Not Applicable,Sealed,Dry,Not Raining,Daylight,Hit Fixed Object,1,Driver Rider,1: PDO,No Control,,,1336809.18,1688542.18,1.34E+13
2019-231-27/05/2021,2 Metropolitan,PARALOWIE,5108,CITY OF SALISBURY,2,1,0,0,1,2019,January,Thursday,10:08 AM,50,Not Divided,"CURVED, VIEW OPEN",Level,Not Applicable,Sealed,Dry,Not Raining,Daylight,Hit Fixed Object,1,Driver Rider,2: MI,No Control,,,1329525.22,1689612.71,1.33E+13
2019-232-27/05/2021,2 Metropolitan,WEST BEACH,5024,CITY OF WEST TORRENS,2,0,0,0,0,2019,January,Wednesday,3:00 PM,50,T-Junction,Straight road,Level,Not Applicable,Sealed,Dry,Not Raining,Daylight,Side Swipe,2,Driver Rider,1: PDO,No Control,,,1320384.05,1667040.77,1.32E+13
2019-233-27/05/2021,2 Metropolitan,ELIZABETH EAST,5112,CITY OF PLAYFORD.,2,1,0,0,1,2019,January,Wednesday,9:10 PM,50,T-Junction,Straight road,Level,Not Applicable,Sealed,Dry,Not Raining,Night,Rear End,2,Driver Rider,2: MI,No Control,,,1336226.02,1691547.3,1.34E+13
2019-234-27/05/2021,2 Metropolitan,COROMANDEL VALLEY,5051,CC MITCHAM.                   ,2,0,0,0,0,2019,January,Wednesday,1:08 PM,50,Not Divided,Straight road,Slope,Not Applicable,Sealed,Dry,Not Raining,Daylight,Hit Fixed Object,1,Driver Rider,1: PDO,No Control,,,1329470.85,1657286.91,1.33E+13
2019-235-27/05/2021,3 Country,MOUNT GAMBIER,5290,CC MT.GAMBIER.                ,2,0,0,0,0,2019,January,Wednesday,9:45 PM,50,Not Divided,Straight road,Level,Not Applicable,Sealed,Dry,Not Raining,Night,Hit Parked Vehicle,2,Driver Rider,1: PDO,No Control,,,1509586.52,1340880.06,1.51E+13
2019-236-27/05/2021,2 Metropolitan,MANNINGHAM,5086,CITY OF PORT ADELAIDE ENFIELD,5,4,0,0,4,2019,January,Thursday,11:00 AM,60,T-Junction,Straight road,Level,Not Applicable,Sealed,Dry,Not Raining,Daylight,Rear End,1,Driver Rider,2: MI,Traffic Signals,,,1330468.73,1675456.59,1.33E+13
2019-237-27/05/2021,2 Metropolitan,PROSPECT,5082,CITY OF PROSPECT,2,0,0,0,0,2019,January,Thursday,10:00 AM,60,T-Junction,Straight road,Level,Driveway or Entrance,Sealed,Dry,Not Raining,Daylight,Right Angle,2,Driver Rider,1: PDO,No Control,,,1327808.3,1676415.64,1.33E+13
2019-238-27/05/2021,2 Metropolitan,FORRESTON,5233,THE ADELAIDE HILLS COUNCIL,1,1,0,1,0,2019,January,Wednesday,11:30 AM,80,Not Divided,"CURVED, VIEW OPEN",Slope,Not Applicable,Unsealed,Dry,Not Raining,Daylight,Roll Over,1,Driver Rider,3: SI,No Control,,,1358586.91,1688018.38,1.36E+13
2019-239-27/05/2021,2 Metropolitan,HINDMARSH,5007,CITY OF CHARLES STURT,1,1,0,0,1,2019,January,Thursday,10:40 AM,60,T-Junction,Straight road,Level,Not Applicable,Sealed,Dry,Not Raining,Daylight,Roll Over,1,Driver Rider,2: MI,Give Way Sign,,,1326196.45,1672840.38,1.33E+13
2019-240-27/05/2021,2 Metropolitan,PASADENA,5042,CC MITCHAM.                   ,2,0,0,0,0,2019,January,Thursday,10:35 AM,60,Divided Road,"CURVED, VIEW OPEN",Slope,Not Applicable,Sealed,Dry,Not Raining,Daylight,Hit Fixed Object,1,Driver Rider,1: PDO,No Control,,,1327580.7,1662505.76,1.33E+13
2019-241-27/05/2021,2 Metropolitan,BRIGHTON,5048,CITY OF HOLDFAST BAY,2,0,0,0,0,2019,January,Tuesday,5:45 PM,40,Not Divided,Straight road,Level,Not Applicable,Sealed,Dry,Not Raining,Daylight,Hit Parked Vehicle,2,Driver Rider,1: PDO,No Control,,,1320370.98,1660821.56,1.32E+13
2019-242-27/05/2021,2 Metropolitan,GLENELG EAST,5045,CITY OF HOLDFAST BAY,2,0,0,0,0,2019,January,Wednesday,8:10 AM,60,Divided Road,Straight road,Level,Not Applicable,Sealed,Dry,Not Raining,Daylight,Side Swipe,1,Driver Rider,1: PDO,No Control,,,1321019.04,1664985.88,1.32E+13
2019-243-27/05/2021,2 Metropolitan,MALVERN,5061,CITY OF UNLEY,2,1,0,0,1,2019,January,Thursday,1:50 PM,50,T-Junction,Straight road,Level,Not Applicable,Sealed,Dry,Not Raining,Daylight,Right Angle,2,Driver Rider,2: MI,No Control,,,1329162.35,1667328.16,1.33E+13
2019-244-27/05/2021,2 Metropolitan,LARGS NORTH,5016,CITY OF PORT ADELAIDE ENFIELD,2,2,0,0,2,2019,January,Thursday,2:32 PM,60,Not Divided,Straight road,Level,Driveway or Entrance,Sealed,Dry,Not Raining,Daylight,Rear End,1,Driver Rider,2: MI,No Control,,,1319208.73,1683032.25,1.32E+13
2019-245-27/05/2021,2 Metropolitan,CHELTENHAM,5014,CITY OF CHARLES STURT,2,0,0,0,0,2019,January,Thursday,2:30 PM,60,Divided Road,Straight road,Level,Driveway or Entrance,Sealed,Dry,Not Raining,Daylight,Right Angle,1,Driver Rider,1: PDO,No Control,,,1322139.31,1676528.21,1.32E+13
2019-246-27/05/2021,2 Metropolitan,LONSDALE,5160,CITY OF ONKAPARINGA,2,1,0,0,1,2019,January,Wednesday,1:00 PM,80,Cross Road,Straight road,Level,Not Applicable,Sealed,Dry,Not Raining,Daylight,Rear End,2,Driver Rider,2: MI,Traffic Signals,,,1317823.83,1649782.83,1.32E+13