REPORT_ID,Stats Area,Suburb,Postcode,LGA Name,Total Units,Total Cas,Total Fats,Total SI,Total MI,Year,Month,Day,Time,Area Speed,Position Type,Horizontal Align,Vertical Align,Other Feat,Road Surface,Moisture Cond,Weather Cond,DayNight,Crash Type,Unit Resp,Entity Code,CSEF Severity,Traffic Ctrls,DUI Involved,Drugs Involved,ACCLOC_X,ACCLOC_Y,UNIQUE_LOC
2019-329-27/05/2021,2 Metropolitan,LEAWOOD GARDENS,5150,CC MITCHAM.                   ,1,1,0,0,1,2019,January,Saturday,10:03 AM,60,Not Divided,"CURVED, VIEW OPEN",Slope,Not Applicable,Sealed,Dry,Not Raining,Daylight,Roll Over,1,Driver Rider,2: MI,No Control,,,1334529.75,1665821.16,1.33E+13
2019-330-27/05/2021,2 Metropolitan,MILLSWOOD,5034,CITY OF UNLEY,2,0,0,0,0,2019,January,Sunday,2:48 PM,40,Cross Road,Straight road,Level,Not Applicable,Sealed,Dry,Not Raining,Daylight,Right Angle,1,Driver Rider,1: PDO,Stop Sign,,,1327888.81,1667391.95,1.33E+13
2019-331-27/05/2021,3 Country,LAURA,5480,NORTHERN AREAS DISTRICT COUNCIL,2,1,0,1,0,2019,January,Saturday,11:00 PM,110,Not Divided,Straight road,Level,Not Applicable,Sealed,Dry,Not Raining,Night,Hit Fixed Object,1,Driver Rider,3: SI,No Control,,Y,1307515.99,1860690.08,1.31E+13
2019-332-27/05/2021,2 Metropolitan,MANNINGHAM,5086,CITY OF PORT ADELAIDE ENFIELD,3,2,0,0,2,2019,January,Sunday,3:05 PM,60,T-Junction,Straight road,Level,Not Applicable,Sealed,Dry,Not Raining,Daylight,Right Angle,1,Driver Rider,2: MI,Traffic Signals,,,1330468.73,1675456.59,1.33E+13
2019-333-27/05/2021,2 Metropolitan,MANNINGHAM,5086,CITY OF PORT ADELAIDE ENFIELD,2,0,0,0,0,2019,January,Sunday,3:55 PM,60,T-Junction,"CURVED, VIEW OBSCURED",Level,Not Applicable,Sealed,Dry,Not Raining,Daylight,Rear End,1,Driver Rider,1: PDO,Traffic Signals,,,1330468.73,1675456.59,1.33E+13
2019-334-27/05/2021,2 Metropolitan,STIRLING,5152,THE ADELAIDE HILLS COUNCIL,4,0,0,0,0,2019,January,Sunday,4:20 PM,80,Not Divided,Straight road,Level,Driveway or Entrance,Sealed,Dry,Not Raining,Daylight,Hit Fixed Object,1,Driver Rider,1: PDO,No Control,,,1338712.51,1661656.59,1.34E+13
2019-335-27/05/2021,2 Metropolitan,PLYMPTON,5038,CITY OF WEST TORRENS,3,0,0,0,0,2019,January,Sunday,7:24 PM,50,Not Divided,Straight road,Level,Not Applicable,Sealed,Dry,Not Raining,Daylight,Hit Parked Vehicle,1,Driver Rider,1: PDO,No Control,,,1323543.31,1665847.35,1.32E+13
2019-336-27/05/2021,2 Metropolitan,HACKHAM WEST,5163,CITY OF ONKAPARINGA,2,0,0,0,0,2019,January,Saturday,11:44 PM,50,Not Divided,Straight road,Unknown,Not Applicable,Sealed,Dry,Not Raining,Night,Hit Fixed Object,1,Driver Rider,1: PDO,No Control,,,1319233.76,1646959.95,1.32E+13
2019-337-27/05/2021,2 Metropolitan,BRIDGEWATER,5155,THE ADELAIDE HILLS COUNCIL,2,1,0,1,0,2019,January,Sunday,5:35 PM,60,Not Divided,Straight road,Slope,Not Applicable,Sealed,Dry,Not Raining,Daylight,Side Swipe,2,Driver Rider,3: SI,No Control,,,1342203.14,1660917.84,1.34E+13
2019-338-27/05/2021,2 Metropolitan,BEDFORD PARK,5042,CC MITCHAM.                   ,2,1,0,0,1,2019,January,Sunday,11:12 PM,70,Cross Road,Straight road,Level,Not Applicable,Sealed,Dry,Not Raining,Night,Right Angle,1,Driver Rider,2: MI,Traffic Signals,,,1325386.13,1660697.91,1.33E+13
2019-339-27/05/2021,2 Metropolitan,REGENCY PARK,5010,CITY OF PORT ADELAIDE ENFIELD,4,1,1,0,0,2019,January,Sunday,4:45 PM,60,Divided Road,Straight road,Level,Not Applicable,Sealed,Dry,Not Raining,Daylight,Hit Fixed Object,1,Driver Rider,4: Fatal,No Control,,,1326059.65,1676680.43,1.33E+13
2019-340-27/05/2021,2 Metropolitan,HIGHGATE,5063,CC MITCHAM.                   ,2,0,0,0,0,2019,January,Monday,4:19 AM,60,Not Divided,Straight road,Level,Not Applicable,Sealed,Dry,Not Raining,Night,Hit Parked Vehicle,2,Driver Rider,1: PDO,No Control,,,1330270,1666277.7,1.33E+13
2019-341-27/05/2021,2 Metropolitan,NORWOOD,5067,"CC OF NORWOOD,PAYNEHAM & ST PETERS",2,0,0,0,0,2019,January,Monday,8:05 AM,60,Cross Road,Straight road,Level,Not Applicable,Sealed,Dry,Not Raining,Daylight,Right Turn,2,Driver Rider,1: PDO,Stop Sign,,,1331874.28,1670398.69,1.33E+13
2019-342-27/05/2021,2 Metropolitan,NAIRNE,5252,DC MT.BARKER.                 ,2,0,0,0,0,2019,January,Monday,5:45 AM,80,Not Divided,Straight road,Slope,Not Applicable,Sealed,Dry,Not Raining,Night,Hit Animal,2,Animal,1: PDO,No Control,,,1357315.43,1657405.49,1.36E+13
2019-343-27/05/2021,2 Metropolitan,WINGFIELD,5013,CITY OF PORT ADELAIDE ENFIELD,3,0,0,0,0,2019,January,Monday,5:15 AM,60,Divided Road,Straight road,Level,Not Applicable,Sealed,Dry,Not Raining,Night,Other,2,Driver Rider,1: PDO,No Control,,,1325347.99,1679202.07,1.33E+13
2019-344-27/05/2021,2 Metropolitan,GUMERACHA,5233,THE ADELAIDE HILLS COUNCIL,2,0,0,0,0,2019,January,Monday,8:50 AM,50,Cross Road,Straight road,Level,Not Applicable,Sealed,Dry,Not Raining,Daylight,Side Swipe,1,Driver Rider,1: PDO,No Control,,,1354773.59,1680817.12,1.35E+13
2019-345-27/05/2021,2 Metropolitan,TENNYSON,5022,CITY OF CHARLES STURT,2,0,0,0,0,2019,January,Monday,8:30 AM,60,T-Junction,Straight road,Level,Not Applicable,Sealed,Dry,Not Raining,Daylight,Right Angle,1,Driver Rider,1: PDO,No Control,,,1318308.81,1675308.57,1.32E+13
2019-346-27/05/2021,2 Metropolitan,KILKENNY,5009,CITY OF CHARLES STURT,2,0,0,0,0,2019,January,Monday,9:30 AM,60,Divided Road,"CURVED, VIEW OPEN",Level,Not Applicable,Sealed,Dry,Not Raining,Daylight,Side Swipe,2,Driver Rider,1: PDO,No Control,,,1324252.19,1676319.86,1.32E+13
2019-347-27/05/2021,2 Metropolitan,ST MARYS,5042,CC MITCHAM.                   ,2,1,0,0,1,2019,January,Monday,11:00 AM,60,Cross Road,Straight road,Level,Not Applicable,Sealed,Dry,Not Raining,Daylight,Right Angle,2,Driver Rider,2: MI,Give Way Sign,,,1325983.48,1662296.19,1.33E+13
2019-348-27/05/2021,2 Metropolitan,SMITHFIELD,5114,CITY OF PLAYFORD.,2,0,0,0,0,2019,January,Monday,12:14 PM,80,Divided Road,Straight road,Level,Not Applicable,Sealed,Dry,Not Raining,Daylight,Side Swipe,2,Driver Rider,1: PDO,No Control,,,1337828.92,1697037.3,1.34E+13
2019-349-27/05/2021,2 Metropolitan,ALDINGA,5173,CITY OF ONKAPARINGA,2,0,0,0,0,2019,January,Monday,12:50 PM,90,Divided Road,Straight road,Level,Not Applicable,Sealed,Dry,Not Raining,Daylight,Hit Fixed Object,1,Driver Rider,1: PDO,No Control,,,1317354.21,1634016.63,1.32E+13
2019-350-27/05/2021,2 Metropolitan,HILLBANK,5112,CITY OF PLAYFORD.,2,1,0,0,1,2019,January,Monday,8:50 AM,80,Cross Road,Straight road,Level,Not Applicable,Sealed,Dry,Not Raining,Daylight,Rear End,2,Driver Rider,2: MI,Traffic Signals,,,1336127.25,1690847.05,1.34E+13
2019-351-27/05/2021,2 Metropolitan,GLYNDE,5070,"CC OF NORWOOD,PAYNEHAM & ST PETERS",2,0,0,0,0,2019,January,Monday,1:30 PM,50,T-Junction,Straight road,Level,Not Applicable,Sealed,Dry,Not Raining,Daylight,Right Angle,2,Driver Rider,1: PDO,No Control,,,1333288.72,1673754.69,1.33E+13
2019-352-27/05/2021,3 Country,CEDUNA,5690,DC CEDUNA                     ,2,0,0,0,0,2019,January,Monday,1:15 PM,60,T-Junction,"CURVED, VIEW OBSCURED",Slope,Not Applicable,Sealed,Dry,Not Raining,Daylight,Right Angle,1,Driver Rider,1: PDO,Give Way Sign,,,876154.34,1985732.12,8.76E+12
2019-353-27/05/2021,2 Metropolitan,NOARLUNGA CENTRE,5165,CITY OF ONKAPARINGA,2,0,0,0,0,2019,January,Sunday,10:00 AM,60,Cross Road,Straight road,Level,Not Applicable,Sealed,Dry,Not Raining,Daylight,Right Turn,1,Driver Rider,1: PDO,Traffic Signals,,,1317352.6,1647424.58,1.32E+13
2019-354-27/05/2021,2 Metropolitan,SEATON,5023,CITY OF CHARLES STURT,3,1,0,0,1,2019,January,Monday,2:30 PM,60,Divided Road,Straight road,Level,Not Applicable,Sealed,Dry,Not Raining,Daylight,Rear End,2,Driver Rider,2: MI,No Control,,,1320750.92,1674754.32,1.32E+13
2019-355-27/05/2021,1 City,ADELAIDE,5000,CITY OF ADELAIDE,2,1,0,0,1,2019,January,Friday,1:00 PM,50,Divided Road,Straight road,Level,Not Applicable,Sealed,Dry,Not Raining,Daylight,Hit Pedestrian,1,Driver Rider,2: MI,No Control,,,1327787.46,1670327.65,1.33E+13
2019-356-27/05/2021,2 Metropolitan,MANSFIELD PARK,5012,CITY OF PORT ADELAIDE ENFIELD,2,0,0,0,0,2019,January,Monday,3:20 PM,60,T-Junction,Straight road,Level,Not Applicable,Sealed,Dry,Not Raining,Daylight,Side Swipe,2,Driver Rider,1: PDO,No Control,,,1323935.48,1678241.43,1.32E+13
2019-357-27/05/2021,2 Metropolitan,REGENCY PARK,5010,CITY OF PORT ADELAIDE ENFIELD,2,0,0,0,0,2019,January,Monday,3:50 PM,60,T-Junction,Straight road,Level,Not Applicable,Sealed,Dry,Not Raining,Daylight,Right Turn,2,Driver Rider,1: PDO,Traffic Signals,,,1325605.74,1678215.46,1.33E+13
2019-358-27/05/2021,2 Metropolitan,SALISBURY EAST,5109,CITY OF SALISBURY,4,1,0,0,1,2019,January,Monday,3:20 PM,60,Cross Road,Straight road,Level,Not Applicable,Sealed,Dry,Not Raining,Daylight,Rear End,1,Driver Rider,2: MI,Traffic Signals,,,1333277.7,1685371.45,1.33E+13
2019-359-27/05/2021,2 Metropolitan,HENLEY BEACH,5022,CITY OF CHARLES STURT,2,1,0,0,1,2019,January,Monday,4:50 PM,50,Cross Road,Straight road,Level,Not Applicable,Sealed,Dry,Not Raining,Daylight,Right Angle,1,Driver Rider,2: MI,Roundabout,,,1319462.08,1672008.58,1.32E+13
2019-360-27/05/2021,2 Metropolitan,INGLE FARM,5098,CITY OF SALISBURY,2,0,0,0,0,2019,January,Monday,5:35 PM,60,Divided Road,Straight road,Crest of Hill,Not Applicable,Sealed,Dry,Not Raining,Daylight,Rear End,1,Driver Rider,1: PDO,No Control,,,1334488.97,1681538,1.33E+13
2019-361-27/05/2021,3 Country,MURRAY BRIDGE,5253,RC MURRAY BRIDGE.             ,1,1,0,0,1,2019,January,Monday,7:00 PM,50,Not Divided,Straight road,Unknown,Not Applicable,Unsealed,Dry,Not Raining,Daylight,Other,1,Driver Rider,2: MI,No Control,,,1388584.11,1647600.33,1.39E+13
2019-362-27/05/2021,2 Metropolitan,RICHMOND,5033,CITY OF WEST TORRENS,2,0,0,0,0,2019,January,Monday,7:53 PM,60,T-Junction,Straight road,Level,Not Applicable,Sealed,Dry,Not Raining,Daylight,Hit Fixed Object,1,Driver Rider,1: PDO,Stop Sign,,,1325770.23,1669854.14,1.33E+13
2019-363-27/05/2021,2 Metropolitan,HENLEY BEACH,5022,CITY OF CHARLES STURT,3,0,0,0,0,2019,January,Monday,7:50 PM,40,Divided Road,Straight road,Level,Not Applicable,Sealed,Dry,Not Raining,Daylight,Rear End,1,Driver Rider,1: PDO,No Control,,,1318890.52,1671622.03,1.32E+13
2019-364-27/05/2021,2 Metropolitan,FINDON,5023,CITY OF CHARLES STURT,2,0,0,0,0,2019,January,Monday,8:27 PM,50,Cross Road,Straight road,Level,Not Applicable,Sealed,Dry,Not Raining,Daylight,Right Angle,2,Driver Rider,1: PDO,Roundabout,,,1321755.34,1673447.68,1.32E+13
2019-365-27/05/2021,2 Metropolitan,ALDINGA BEACH,5173,CITY OF ONKAPARINGA,2,0,0,0,0,2019,January,Monday,9:40 PM,50,Not Divided,Straight road,Level,Not Applicable,Sealed,Dry,Not Raining,Night,Hit Parked Vehicle,1,Driver Rider,1: PDO,No Control,Y,,1313415.76,1632883.03,1.31E+13
2019-366-27/05/2021,2 Metropolitan,EDWARDSTOWN,5039,CC MARION.                    ,2,0,0,0,0,2019,January,Tuesday,4:29 AM,50,Cross Road,Straight road,Level,Not Applicable,Sealed,Dry,Not Raining,Night,Hit Fixed Object,1,Driver Rider,1: PDO,Give Way Sign,,,1325360.15,1663878.62,1.33E+13
2019-367-27/05/2021,2 Metropolitan,MITCHELL PARK,5043,CC MARION.                    ,2,0,0,0,0,2019,January,Tuesday,5:55 AM,60,T-Junction,Straight road,Level,Not Applicable,Sealed,Dry,Not Raining,Night,Rear End,1,Driver Rider,1: PDO,Traffic Signals,,,1324380.03,1661734.89,1.32E+13
2019-368-27/05/2021,2 Metropolitan,BURNSIDE,5066,CITY OF BURNSIDE,2,0,0,0,0,2019,January,Tuesday,6:20 AM,60,Not Divided,Straight road,Level,Road hump or Slow point,Sealed,Dry,Not Raining,Daylight,Head On,1,Driver Rider,1: PDO,No Control,,,1333921.01,1669716.19,1.33E+13
2019-369-27/05/2021,2 Metropolitan,EDWARDSTOWN,5039,CC MARION.                    ,2,0,0,0,0,2019,January,Monday,1:45 PM,60,T-Junction,Straight road,Level,Not Applicable,Sealed,Dry,Not Raining,Daylight,Right Turn,2,Driver Rider,1: PDO,No Control,,,1325938,1663897.52,1.33E+13
2019-370-27/05/2021,2 Metropolitan,TORRENS PARK,5062,CC MITCHAM.                   ,2,0,0,0,0,2019,January,Monday,10:30 AM,60,Cross Road,Straight road,Level,Not Applicable,Sealed,Dry,Not Raining,Daylight,Right Angle,2,Driver Rider,1: PDO,Roundabout,,,1330012.26,1664229.65,1.33E+13
2019-371-27/05/2021,2 Metropolitan,PROSPECT,5082,CITY OF PROSPECT,2,0,0,0,0,2019,January,Tuesday,9:00 AM,40,Cross Road,Straight road,Level,Not Applicable,Sealed,Dry,Not Raining,Daylight,Right Angle,1,Driver Rider,1: PDO,Stop Sign,,,1327672.79,1675436.51,1.33E+13
2019-372-27/05/2021,3 Country,LOXTON,5333,LOXTON WAIKERIE DISTRICT COUNCIL,1,1,0,0,1,2019,January,Tuesday,9:25 AM,80,T-Junction,Straight road,Level,Not Applicable,Sealed,Dry,Not Raining,Daylight,Roll Over,1,Driver Rider,2: MI,No Control,,,1515190.05,1713918.82,1.52E+13
2019-373-27/05/2021,1 City,ADELAIDE,5000,CITY OF ADELAIDE,2,0,0,0,0,2019,January,Tuesday,10:11 AM,50,T-Junction,Straight road,Level,Driveway or Entrance,Sealed,Dry,Not Raining,Daylight,Side Swipe,1,Driver Rider,1: PDO,Traffic Signals,,,1327951.89,1671134.82,1.33E+13
2019-374-27/05/2021,2 Metropolitan,MAWSON LAKES,5095,CITY OF SALISBURY,2,0,0,0,0,2019,January,Monday,4:15 PM,80,Divided Road,Straight road,Level,Unknown,Sealed,Dry,Not Raining,Daylight,Rear End,1,Driver Rider,1: PDO,No Control,,,1328646.8,1684269.13,1.33E+13
2019-375-27/05/2021,2 Metropolitan,LONSDALE,5160,CITY OF ONKAPARINGA,2,0,0,0,0,2019,January,Sunday,12:58 AM,100,Divided Road,"CURVED, VIEW OPEN",Slope,Not Applicable,Sealed,Dry,Not Raining,Night,Hit Animal,2,Animal,1: PDO,No Control,,,1318445.46,1652643.88,1.32E+13
2019-376-27/05/2021,2 Metropolitan,CHRISTIES BEACH,5165,CITY OF ONKAPARINGA,2,1,0,0,1,2019,January,Monday,12:30 PM,50,Not Divided,Straight road,Level,Not Applicable,Sealed,Dry,Not Raining,Daylight,Rear End,2,Driver Rider,2: MI,No Control,,,1316504,1647383.23,1.32E+13
2019-377-27/05/2021,2 Metropolitan,TRINITY GARDENS,5068,"CC OF NORWOOD,PAYNEHAM & ST PETERS",2,0,0,0,0,2019,January,Tuesday,12:00 PM,50,Cross Road,Straight road,Level,Not Applicable,Sealed,Dry,Not Raining,Daylight,Right Angle,2,Driver Rider,1: PDO,Give Way Sign,,,1332344.25,1672049.19,1.33E+13
2019-378-27/05/2021,2 Metropolitan,OAKDEN,5086,CITY OF PORT ADELAIDE ENFIELD,3,0,0,0,0,2019,January,Tuesday,10:30 AM,50,Not Divided,"CURVED, VIEW OPEN",Level,Not Applicable,Sealed,Dry,Not Raining,Daylight,Hit Parked Vehicle,2,Driver Rider,1: PDO,No Control,,,1332912.04,1678378.62,1.33E+13
2019-379-27/05/2021,2 Metropolitan,BRIGHTON,5048,CITY OF HOLDFAST BAY,2,0,0,0,0,2019,January,Tuesday,12:15 PM,60,Cross Road,Straight road,Level,Not Applicable,Sealed,Dry,Not Raining,Daylight,Right Turn,1,Driver Rider,1: PDO,Traffic Signals,,,1321148.27,1660553.89,1.32E+13
2019-380-27/05/2021,3 Country,COFFIN BAY,5607,DC LOWER EYRE PENINSULA       ,3,0,0,0,0,2019,January,Tuesday,1:00 AM,110,Not Divided,"CURVED, VIEW OBSCURED",Level,Not Applicable,Sealed,Dry,Not Raining,Night,Rear End,2,Driver Rider,1: PDO,No Control,,,1046321.78,1709856.66,1.05E+13
2019-381-27/05/2021,2 Metropolitan,ROSTREVOR,5073,CC CAMPBELLTOWN.              ,3,0,0,0,0,2019,January,Tuesday,11:30 AM,60,Not Divided,Straight road,Level,Not Applicable,Sealed,Dry,Not Raining,Daylight,Rear End,2,Driver Rider,1: PDO,No Control,,,1335448.05,1673172.16,1.34E+13
2019-382-27/05/2021,2 Metropolitan,GLENELG EAST,5045,CITY OF HOLDFAST BAY,3,0,0,0,0,2019,January,Tuesday,12:40 PM,60,Divided Road,Straight road,Level,Not Applicable,Sealed,Dry,Not Raining,Daylight,Hit Parked Vehicle,1,Driver Rider,1: PDO,No Control,,,1321821.17,1665329.06,1.32E+13
2019-383-27/05/2021,2 Metropolitan,TORRENS PARK,5062,CC MITCHAM.                   ,2,1,0,0,1,2019,January,Monday,5:55 PM,60,Not Divided,Straight road,Level,Not Applicable,Sealed,Dry,Not Raining,Daylight,Rear End,2,Driver Rider,2: MI,No Control,,,1329751.28,1664222.97,1.33E+13
2019-384-27/05/2021,2 Metropolitan,WATERLOO CORNER,5110,CITY OF SALISBURY,2,0,0,0,0,2019,January,Tuesday,1:00 PM,70,T-Junction,Straight road,Level,Not Applicable,Sealed,Dry,Not Raining,Daylight,Side Swipe,2,Driver Rider,1: PDO,Roundabout,,,1328258.79,1692163.2,1.33E+13
2019-385-27/05/2021,2 Metropolitan,BRIGHTON,5048,CITY OF HOLDFAST BAY,2,0,0,0,0,2019,January,Tuesday,3:05 PM,60,Cross Road,Straight road,Level,Not Applicable,Sealed,Dry,Not Raining,Daylight,Right Turn,2,Driver Rider,1: PDO,Traffic Signals,,,1321148.27,1660553.89,1.32E+13
2019-386-27/05/2021,1 City,ADELAIDE,5000,CITY OF ADELAIDE,2,0,0,0,0,2019,January,Tuesday,6:19 PM,50,Not Divided,Straight road,Level,Not Applicable,Sealed,Dry,Not Raining,Daylight,Hit Parked Vehicle,2,Driver Rider,1: PDO,No Control,,,1328124.58,1669562.06,1.33E+13
2019-387-27/05/2021,2 Metropolitan,LEAWOOD GARDENS,5150,CC MITCHAM.                   ,2,0,0,0,0,2019,January,Tuesday,4:10 PM,100,Freeway,"CURVED, VIEW OPEN",Slope,Not Applicable,Sealed,Dry,Not Raining,Daylight,Side Swipe,2,Driver Rider,1: PDO,No Control,,,1334549.42,1665892.3,1.33E+13
2019-388-27/05/2021,2 Metropolitan,MITCHELL PARK,5043,CC MARION.                    ,2,1,0,0,1,2019,January,Tuesday,5:50 PM,60,T-Junction,Straight road,Level,Not Applicable,Sealed,Dry,Not Raining,Daylight,Side Swipe,2,Driver Rider,2: MI,No Control,,,1324365.27,1662237.21,1.32E+13
2019-389-27/05/2021,2 Metropolitan,SEMAPHORE,5019,CITY OF PORT ADELAIDE ENFIELD,3,1,0,0,1,2019,January,Tuesday,6:40 PM,50,Not Divided,Straight road,Level,Median Opening (not at I/S),Sealed,Dry,Not Raining,Daylight,Side Swipe,1,Driver Rider,2: MI,No Control,,,1318595.35,1680538.96,1.32E+13
2019-390-27/05/2021,2 Metropolitan,GILBERTON,5081,WALKERVILLE TOWN COUNCIL,2,0,0,0,0,2019,January,Tuesday,4:54 PM,50,Not Divided,Straight road,Level,Not Applicable,Sealed,Dry,Not Raining,Daylight,Side Swipe,1,Driver Rider,1: PDO,No Control,,,1329493.69,1673363.8,1.33E+13
2019-391-27/05/2021,2 Metropolitan,MAGILL,5072,CC CAMPBELLTOWN.              ,2,0,0,0,0,2019,January,Tuesday,7:50 AM,60,T-Junction,Straight road,Level,Not Applicable,Sealed,Dry,Not Raining,Daylight,Rear End,1,Driver Rider,1: PDO,No Control,,,1334936.31,1671834.87,1.33E+13
2019-392-27/05/2021,2 Metropolitan,BIRDWOOD,5234,THE ADELAIDE HILLS COUNCIL,1,1,0,0,1,2019,January,Tuesday,5:12 PM,100,Not Divided,"CURVED, VIEW OPEN",Slope,Not Applicable,Sealed,Dry,Not Raining,Daylight,Roll Over,1,Driver Rider,2: MI,No Control,,,1360673.65,1682108.29,1.36E+13
2019-393-27/05/2021,3 Country,PORT LINCOLN,5606,CC PT.LINCOLN.                ,2,1,0,0,1,2019,January,Tuesday,6:00 PM,50,T-Junction,Straight road,Crest of Hill,Not Applicable,Sealed,Dry,Not Raining,Daylight,Right Angle,2,Driver Rider,2: MI,No Control,,,1077608.99,1697381.66,1.08E+13
2019-394-27/05/2021,2 Metropolitan,FLINDERS PARK,5025,CITY OF CHARLES STURT,2,1,0,0,1,2019,January,Tuesday,5:30 PM,60,Cross Road,Straight road,Level,Not Applicable,Sealed,Dry,Not Raining,Daylight,Right Turn,1,Driver Rider,2: MI,Give Way Sign,,,1324317.23,1673172.77,1.32E+13
2019-395-27/05/2021,2 Metropolitan,HENLEY BEACH SOUTH,5022,CITY OF CHARLES STURT,2,0,0,0,0,2019,January,Tuesday,6:00 PM,50,Not Divided,Straight road,Level,Not Applicable,Sealed,Dry,Not Raining,Daylight,Hit Parked Vehicle,1,Driver Rider,1: PDO,No Control,,,1319610.24,1670613.67,1.32E+13
2019-396-27/05/2021,2 Metropolitan,THORNGATE,5082,CITY OF PROSPECT,3,0,0,0,0,2019,January,Tuesday,5:30 PM,60,Divided Road,Straight road,Level,Not Applicable,Sealed,Dry,Not Raining,Daylight,Rear End,1,Driver Rider,1: PDO,No Control,,,1328588.11,1673921.1,1.33E+13
2019-397-27/05/2021,2 Metropolitan,SEAVIEW DOWNS,5049,CC MARION.                    ,3,0,0,0,0,2019,January,Tuesday,5:10 PM,50,Not Divided,Straight road,Level,Not Applicable,Sealed,Dry,Not Raining,Daylight,Hit Parked Vehicle,1,Driver Rider,1: PDO,No Control,Y,,1322663.36,1659043.21,1.32E+13
2019-398-27/05/2021,3 Country,NARACOORTE,5271,DC NARACOORTE & LUCINDALE.,2,2,0,0,2,2019,January,Tuesday,10:00 PM,110,Not Divided,"CURVED, VIEW OPEN",Level,Not Applicable,Sealed,Dry,Not Raining,Night,Hit Fixed Object,1,Driver Rider,2: MI,No Control,,,1509088.15,1436814.28,1.51E+13
2019-399-27/05/2021,2 Metropolitan,NOARLUNGA DOWNS,5168,CITY OF ONKAPARINGA,3,0,0,0,0,2019,January,Wednesday,7:10 AM,80,Divided Road,Straight road,Level,Not Applicable,Sealed,Dry,Not Raining,Daylight,Side Swipe,1,Driver Rider,1: PDO,No Control,,,1319132.43,1644209.08,1.32E+13
2019-400-27/05/2021,2 Metropolitan,MILE END,5031,CITY OF WEST TORRENS,2,1,0,0,1,2019,January,Wednesday,6:55 AM,60,Divided Road,Straight road,Level,Driveway or Entrance,Sealed,Dry,Not Raining,Daylight,Rear End,1,Driver Rider,2: MI,No Control,,,1325755.04,1670683.83,1.33E+13
2019-401-27/05/2021,2 Metropolitan,FLAGSTAFF HILL,5159,CITY OF ONKAPARINGA,3,1,0,0,1,2019,January,Tuesday,9:30 AM,60,Not Divided,Straight road,Level,Not Applicable,Sealed,Dry,Not Raining,Daylight,Rear End,1,Driver Rider,2: MI,No Control,,,1325854.96,1656869.5,1.33E+13
2019-402-27/05/2021,2 Metropolitan,TAPEROO,5017,CITY OF PORT ADELAIDE ENFIELD,2,0,0,0,0,2019,January,Wednesday,6:45 AM,50,Not Divided,Straight road,Level,Not Applicable,Sealed,Dry,Not Raining,Daylight,Hit Fixed Object,1,Driver Rider,1: PDO,No Control,,,1320278.26,1684626.5,1.32E+13
2019-403-27/05/2021,2 Metropolitan,NOARLUNGA DOWNS,5168,CITY OF ONKAPARINGA,3,0,0,0,0,2019,January,Wednesday,7:30 AM,80,Divided Road,Straight road,Level,Not Applicable,Sealed,Dry,Not Raining,Daylight,Rear End,2,Driver Rider,1: PDO,No Control,,,1318400.87,1643356.89,1.32E+13
2019-404-27/05/2021,2 Metropolitan,SEAFORD,5169,CITY OF ONKAPARINGA,2,1,0,0,1,2019,January,Wednesday,7:40 AM,70,Cross Road,Straight road,Level,Not Applicable,Sealed,Dry,Not Raining,Daylight,Right Turn,1,Driver Rider,2: MI,Traffic Signals,,,1316362.9,1642084.21,1.32E+13
2019-405-27/05/2021,2 Metropolitan,VERDUN,5245,THE ADELAIDE HILLS COUNCIL,3,1,0,1,0,2019,January,Wednesday,7:30 AM,110,Freeway,"CURVED, VIEW OPEN",Slope,Not Applicable,Sealed,Dry,Not Raining,Daylight,Roll Over,9,Other,3: SI,No Control,,,1344758.11,1660730.44,1.34E+13
2019-406-27/05/2021,2 Metropolitan,ROSSLYN PARK,5072,CITY OF BURNSIDE,2,1,0,0,1,2019,January,Wednesday,7:55 AM,60,T-Junction,Straight road,Slope,Not Applicable,Sealed,Dry,Not Raining,Daylight,Right Turn,1,Driver Rider,2: MI,No Control,,,1335356.5,1671160.52,1.34E+13
2019-407-27/05/2021,2 Metropolitan,MANSFIELD PARK,5012,CITY OF PORT ADELAIDE ENFIELD,5,3,0,1,2,2019,January,Wednesday,8:40 AM,60,T-Junction,Straight road,Level,Not Applicable,Sealed,Dry,Not Raining,Daylight,Rear End,1,Driver Rider,3: SI,No Control,,,1324115.22,1679157.85,1.32E+13
2019-408-27/05/2021,2 Metropolitan,HENLEY BEACH,5022,CITY OF CHARLES STURT,2,0,0,0,0,2019,January,Wednesday,8:20 AM,40,Not Divided,Straight road,Level,Not Applicable,Sealed,Dry,Not Raining,Daylight,Side Swipe,2,Driver Rider,1: PDO,No Control,,,1318833.72,1671912.6,1.32E+13
2019-409-27/05/2021,2 Metropolitan,EVANSTON SOUTH,5116,CT GAWLER.                    ,2,1,0,0,1,2019,January,Wednesday,9:22 AM,80,Cross Road,Straight road,Level,Not Applicable,Sealed,Dry,Not Raining,Daylight,Rear End,1,Driver Rider,2: MI,Stop Sign,,Y,1339556.76,1700119.96,1.34E+13
2019-410-27/05/2021,2 Metropolitan,WINGFIELD,5013,CITY OF PORT ADELAIDE ENFIELD,2,0,0,0,0,2019,January,Wednesday,10:50 AM,60,Cross Road,Straight road,Level,Not Applicable,Sealed,Dry,Not Raining,Daylight,Side Swipe,2,Driver Rider,1: PDO,Traffic Signals,,,1323910.63,1679162.4,1.32E+13