REPORT_ID,Stats Area,Suburb,Postcode,LGA Name,Total Units,Total Cas,Total Fats,Total SI,Total MI,Year,Month,Day,Time,Area Speed,Position Type,Horizontal Align,Vertical Align,Other Feat,Road Surface,Moisture Cond,Weather Cond,DayNight,Crash Type,Unit Resp,Entity Code,CSEF Severity,Traffic Ctrls,DUI Involved,Drugs Involved,ACCLOC_X,ACCLOC_Y,UNIQUE_LOC
2019-1065-27/05/2021,2 Metropolitan,VALLEY VIEW,5093,CITY OF TEA TREE GULLY,2,0,0,0,0,2019,February,Tuesday,8:45 AM,60,Cross Road,"CURVED, VIEW OPEN",Slope,Not Applicable,Sealed,Dry,Not Raining,Daylight,Rear End,2,Driver Rider,1: PDO,Traffic Signals,,,1335285.41,1679409.95,1.34E+13
2019-1066-27/05/2021,2 Metropolitan,GEPPS CROSS,5094,CITY OF PORT ADELAIDE ENFIELD,2,0,0,0,0,2019,February,Tuesday,8:40 AM,60,Multiple,Straight road,Level,Not Applicable,Sealed,Dry,Not Raining,Daylight,Rear End,2,Driver Rider,1: PDO,Traffic Signals,,,1328791.33,1679280.13,1.33E+13
2019-1067-27/05/2021,2 Metropolitan,EYRE,5121,CITY OF PLAYFORD.,2,3,0,0,3,2019,February,Tuesday,9:20 AM,60,Cross Road,Straight road,Level,Not Applicable,Sealed,Dry,Not Raining,Daylight,Right Angle,2,Driver Rider,2: MI,Stop Sign,,,1334450.71,1695787.2,1.33E+13
2019-1068-27/05/2021,2 Metropolitan,MAGILL,5072,CC CAMPBELLTOWN.              ,2,2,0,0,2,2019,February,Tuesday,8:12 AM,50,Cross Road,Straight road,Level,Not Applicable,Sealed,Dry,Not Raining,Daylight,Right Angle,1,Driver Rider,2: MI,Give Way Sign,,,1334847.7,1672714.49,1.33E+13
2019-1069-27/05/2021,2 Metropolitan,SEAFORD RISE,5169,CITY OF ONKAPARINGA,2,1,0,0,1,2019,February,Monday,7:00 PM,70,T-Junction,Straight road,Level,Not Applicable,Sealed,Dry,Not Raining,Daylight,Right Angle,2,Driver Rider,2: MI,No Control,,,1316449.21,1639296.46,1.32E+13
2019-1070-27/05/2021,2 Metropolitan,NORTH PLYMPTON,5037,CITY OF WEST TORRENS,2,0,0,0,0,2019,February,Monday,5:00 PM,50,Multiple,Straight road,Level,Not Applicable,Sealed,Dry,Not Raining,Daylight,Side Swipe,1,Driver Rider,1: PDO,Roundabout,,,1325015.56,1668243.76,1.33E+13
2019-1071-27/05/2021,2 Metropolitan,WATERLOO CORNER,5110,CITY OF PLAYFORD.,3,1,0,1,0,2019,February,Tuesday,11:57 AM,110,Freeway,"CURVED, VIEW OPEN",Level,Not Applicable,Sealed,Dry,Not Raining,Daylight,Hit Object on Road,2,Driver Rider,3: SI,No Control,,,1326835.4,1695248.86,1.33E+13
2019-1072-27/05/2021,2 Metropolitan,STURT,5047,CC MARION.                    ,4,0,0,0,0,2019,February,Tuesday,6:10 AM,100,Divided Road,Straight road,Slope,Not Applicable,Sealed,Dry,Not Raining,Night,Other,1,Passenger,1: PDO,No Control,,,1324176.13,1659520.8,1.32E+13
2019-1073-27/05/2021,2 Metropolitan,WINGFIELD,5013,CITY OF PORT ADELAIDE ENFIELD,2,1,0,0,1,2019,February,Monday,5:45 PM,60,Cross Road,Straight road,Level,Not Applicable,Sealed,Dry,Not Raining,Daylight,Rear End,2,Driver Rider,2: MI,Traffic Signals,,,1323910.9,1679152.49,1.32E+13
2019-1074-27/05/2021,2 Metropolitan,BLAIR ATHOL,5084,CITY OF PORT ADELAIDE ENFIELD,2,0,0,0,0,2019,February,Tuesday,2:10 PM,50,Cross Road,Straight road,Level,Not Applicable,Sealed,Dry,Not Raining,Daylight,Hit Fixed Object,1,Driver Rider,1: PDO,Roundabout,,,1328277.01,1678394.53,1.33E+13
2019-1075-27/05/2021,2 Metropolitan,HILLCREST,5086,CITY OF PORT ADELAIDE ENFIELD,1,0,0,0,0,2019,February,Tuesday,2:30 PM,60,T-Junction,Straight road,Level,Not Applicable,Sealed,Dry,Not Raining,Daylight,Other,1,Driver Rider,1: PDO,No Control,,,1332545.3,1677000.39,1.33E+13
2019-1076-27/05/2021,2 Metropolitan,PARK HOLME,5043,CC MARION.                    ,3,0,0,0,0,2019,February,Tuesday,3:52 PM,60,Divided Road,Straight road,Level,Not Applicable,Sealed,Dry,Not Raining,Daylight,Side Swipe,1,Driver Rider,1: PDO,No Control,,,1324304.11,1663980.31,1.32E+13
2019-1077-27/05/2021,2 Metropolitan,NORTHFIELD,5085,CITY OF PORT ADELAIDE ENFIELD,3,1,0,0,1,2019,February,Tuesday,3:40 PM,60,T-Junction,Straight road,Level,Not Applicable,Sealed,Dry,Not Raining,Daylight,Rear End,1,Driver Rider,2: MI,No Control,,,1330602.29,1679668.86,1.33E+13
2019-1078-27/05/2021,2 Metropolitan,PROSPECT,5082,CITY OF PROSPECT,3,1,0,0,1,2019,February,Tuesday,12:30 PM,60,Cross Road,Straight road,Level,Not Applicable,Sealed,Dry,Not Raining,Daylight,Rear End,1,Driver Rider,2: MI,Traffic Signals,,,1327235.97,1676403.16,1.33E+13
2019-1079-27/05/2021,3 Country,BORDERTOWN,5268,DC TATIARA.                   ,3,0,0,0,0,2019,February,Tuesday,3:00 PM,110,Not Divided,"CURVED, VIEW OPEN",Level,Driveway or Entrance,Sealed,Dry,Not Raining,Daylight,Hit Fixed Object,1,Driver Rider,1: PDO,No Control,,,1523962.3,1503431.91,1.52E+13
2019-1080-27/05/2021,2 Metropolitan,DRY CREEK,5094,CITY OF SALISBURY,2,0,0,0,0,2019,February,Tuesday,4:45 PM,90,Divided Road,Straight road,Level,Not Applicable,Sealed,Dry,Not Raining,Daylight,Rear End,2,Driver Rider,1: PDO,No Control,,,1328147.73,1682676.79,1.33E+13
2019-1081-27/05/2021,2 Metropolitan,MANNINGHAM,5086,CITY OF PORT ADELAIDE ENFIELD,4,1,0,0,1,2019,February,Tuesday,5:10 PM,60,Divided Road,Straight road,Level,Not Applicable,Sealed,Dry,Not Raining,Daylight,Rear End,1,Driver Rider,2: MI,No Control,,,1330441.94,1676426.4,1.33E+13
2019-1082-27/05/2021,2 Metropolitan,ALBERTON,5014,CITY OF PORT ADELAIDE ENFIELD,2,0,0,0,0,2019,February,Tuesday,1:00 PM,50,Not Divided,Straight road,Level,Not Applicable,Sealed,Dry,Not Raining,Daylight,Hit Parked Vehicle,2,Driver Rider,1: PDO,No Control,,,1320958.9,1678175.99,1.32E+13
2019-1083-27/05/2021,2 Metropolitan,ROSTREVOR,5073,CC CAMPBELLTOWN.              ,2,0,0,0,0,2019,February,Tuesday,3:15 PM,60,Not Divided,Straight road,Slope,Not Applicable,Sealed,Dry,Not Raining,Daylight,Rear End,1,Driver Rider,1: PDO,No Control,,,1335445.15,1673261.88,1.34E+13
2019-1084-27/05/2021,2 Metropolitan,MUNNO PARA,5115,CITY OF PLAYFORD.,2,0,0,0,0,2019,February,Tuesday,5:11 PM,50,Divided Road,Straight road,Level,Not Applicable,Sealed,Dry,Not Raining,Daylight,Hit Fixed Object,1,Driver Rider,1: PDO,No Control,,,1336700.24,1698823.8,1.34E+13
2019-1085-27/05/2021,3 Country,NURIOOTPA,5355,THE BAROSSA COUNCIL.,2,1,0,0,1,2019,February,Tuesday,4:47 PM,50,Not Divided,"CURVED, VIEW OBSCURED",Level,Not Applicable,Sealed,Dry,Not Raining,Daylight,Head On,2,Driver Rider,2: MI,No Control,,,1365882.04,1719701.73,1.37E+13
2019-1086-27/05/2021,2 Metropolitan,PENNINGTON,5013,CITY OF CHARLES STURT,2,0,0,0,0,2019,February,Tuesday,2:30 PM,60,T-Junction,Straight road,Level,Not Applicable,Sealed,Dry,Not Raining,Daylight,Rear End,2,Driver Rider,1: PDO,No Control,,,1322284.15,1678500.58,1.32E+13
2019-1087-27/05/2021,2 Metropolitan,WINDSOR GARDENS,5087,CITY OF PORT ADELAIDE ENFIELD,2,1,0,0,1,2019,February,Tuesday,5:10 PM,60,Divided Road,Straight road,Level,Not Applicable,Sealed,Dry,Not Raining,Daylight,Hit Fixed Object,9,Other,2: MI,No Control,,,1333281.4,1677635.5,1.33E+13
2019-1088-27/05/2021,3 Country,MOUNT GAMBIER,5290,CC MT.GAMBIER.                ,2,1,0,0,1,2019,February,Tuesday,8:50 AM,50,Cross Road,Straight road,Level,Not Applicable,Sealed,Dry,Not Raining,Daylight,Rear End,2,Driver Rider,2: MI,Traffic Signals,,,1510387.79,1340065.2,1.51E+13
2019-1089-27/05/2021,2 Metropolitan,THORNGATE,5082,CITY OF PROSPECT,2,1,0,0,1,2019,February,Tuesday,4:00 PM,60,Cross Road,Straight road,Level,Not Applicable,Sealed,Dry,Not Raining,Daylight,Right Turn,2,Driver Rider,2: MI,Traffic Signals,,,1328116.31,1673675.73,1.33E+13
2019-1090-27/05/2021,2 Metropolitan,UNDERDALE,5032,CITY OF WEST TORRENS,2,1,0,0,1,2019,February,Tuesday,4:45 PM,60,T-Junction,Straight road,Level,Not Applicable,Sealed,Dry,Not Raining,Daylight,Rear End,2,Driver Rider,2: MI,Traffic Signals,,,1323855.47,1670942.23,1.32E+13
2019-1091-27/05/2021,2 Metropolitan,MEADOWS,5201,DC MT.BARKER.                 ,2,0,0,0,0,2019,February,Tuesday,7:38 AM,80,Not Divided,Straight road,Slope,Not Applicable,Sealed,Dry,Not Raining,Daylight,Rear End,2,Driver Rider,1: PDO,No Control,,,1343153.54,1640860.91,1.34E+13
2019-1092-27/05/2021,2 Metropolitan,LARGS BAY,5016,CITY OF PORT ADELAIDE ENFIELD,2,0,0,0,0,2019,February,Tuesday,7:45 AM,60,Cross Road,Straight road,Level,Not Applicable,Sealed,Dry,Not Raining,Daylight,Rear End,2,Driver Rider,1: PDO,Stop Sign,,,1319732.61,1682101.1,1.32E+13
2019-1093-27/05/2021,2 Metropolitan,OAKLANDS PARK,5046,CC MARION.                    ,2,0,0,0,0,2019,February,Tuesday,5:45 PM,60,T-Junction,Straight road,Level,Driveway or Entrance,Sealed,Dry,Not Raining,Daylight,Right Angle,1,Driver Rider,1: PDO,No Control,,,1323338.53,1660645.82,1.32E+13
2019-1094-27/05/2021,2 Metropolitan,PORT ADELAIDE,5015,CITY OF PORT ADELAIDE ENFIELD,2,0,0,0,0,2019,February,Tuesday,6:20 PM,60,Cross Road,Straight road,Level,Not Applicable,Sealed,Dry,Not Raining,Daylight,Rear End,2,Driver Rider,1: PDO,Traffic Signals,,,1319839.14,1679085.47,1.32E+13
2019-1095-27/05/2021,2 Metropolitan,PENFIELD,5121,CITY OF PLAYFORD.,2,0,0,0,0,2019,February,Tuesday,5:00 PM,80,Not Divided,Straight road,Level,Not Applicable,Sealed,Dry,Not Raining,Daylight,Side Swipe,2,Driver Rider,1: PDO,No Control,,,1332836.33,1696699.18,1.33E+13
2019-1096-27/05/2021,2 Metropolitan,PANORAMA,5041,CC MITCHAM.                   ,2,0,0,0,0,2019,February,Tuesday,5:50 PM,60,Divided Road,Straight road,Slope,Not Applicable,Sealed,Dry,Not Raining,Daylight,Rear End,2,Driver Rider,1: PDO,No Control,,,1327593.48,1663435.42,1.33E+13
2019-1097-27/05/2021,2 Metropolitan,ELIZABETH PARK,5113,CITY OF PLAYFORD.,2,0,0,0,0,2019,February,Tuesday,6:55 PM,60,Cross Road,Straight road,Level,Not Applicable,Sealed,Dry,Not Raining,Daylight,Rear End,1,Driver Rider,1: PDO,Traffic Signals,,,1335937.05,1693272.57,1.34E+13
2019-1098-27/05/2021,2 Metropolitan,PLYMPTON,5038,CITY OF WEST TORRENS,3,1,0,0,1,2019,February,Tuesday,5:48 PM,60,Cross Road,Straight road,Level,Not Applicable,Sealed,Dry,Not Raining,Daylight,Right Turn,1,Driver Rider,2: MI,Give Way Sign,,,1324232.63,1666825.25,1.32E+13
2019-1099-27/05/2021,2 Metropolitan,MODBURY,5092,CITY OF TEA TREE GULLY,2,0,0,0,0,2019,February,Tuesday,6:05 PM,60,T-Junction,Straight road,Slope,Driveway or Entrance,Sealed,Dry,Not Raining,Daylight,Rear End,1,Driver Rider,1: PDO,No Control,,,1336009.24,1680591.41,1.34E+13
2019-1100-27/05/2021,2 Metropolitan,MARDEN,5070,"CC OF NORWOOD,PAYNEHAM & ST PETERS",2,1,0,0,1,2019,February,Tuesday,7:05 PM,60,T-Junction,Straight road,Slope,Not Applicable,Sealed,Dry,Not Raining,Daylight,Right Turn,2,Driver Rider,2: MI,Traffic Signals,,,1332496.75,1673949.58,1.33E+13
2019-1101-27/05/2021,2 Metropolitan,FLINDERS PARK,5025,CITY OF CHARLES STURT,2,1,0,0,1,2019,February,Tuesday,5:40 PM,50,Not Divided,Straight road,Level,Not Applicable,Sealed,Dry,Not Raining,Daylight,Head On,1,Driver Rider,2: MI,No Control,,,1322874.31,1672366.17,1.32E+13
2019-1102-27/05/2021,3 Country,WHYALLA PLAYFORD,5600,CC WHYALLA.                   ,2,0,0,0,0,2019,February,Tuesday,7:45 PM,50,Cross Road,Straight road,Level,Not Applicable,Sealed,Dry,Not Raining,Daylight,Side Swipe,2,Driver Rider,1: PDO,Give Way Sign,,,1239461.35,1883694.33,1.24E+13
2019-1103-27/05/2021,2 Metropolitan,BALHANNAH,5242,THE ADELAIDE HILLS COUNCIL,3,1,0,0,1,2019,February,Tuesday,5:15 PM,50,Rail Crossing,"CURVED, VIEW OPEN",Crest of Hill,Not Applicable,Sealed,Dry,Not Raining,Daylight,Rear End,2,Driver Rider,2: MI,Rail Xing - Boom,,,1349277.13,1662043.41,1.35E+13
2019-1104-27/05/2021,2 Metropolitan,GEPPS CROSS,5094,CITY OF PORT ADELAIDE ENFIELD,2,0,0,0,0,2019,February,Wednesday,5:54 AM,70,Divided Road,Straight road,Level,Not Applicable,Sealed,Wet,Raining,Night,Rear End,2,Driver Rider,1: PDO,No Control,,,1328773.26,1680416,1.33E+13
2019-1105-27/05/2021,2 Metropolitan,NORTON SUMMIT,5136,THE ADELAIDE HILLS COUNCIL,2,1,0,0,1,2019,February,Wednesday,7:45 AM,60,Not Divided,"CURVED, VIEW OBSCURED",Slope,Not Applicable,Sealed,Wet,Not Raining,Daylight,Roll Over,1,Driver Rider,2: MI,No Control,,,1339739.35,1670374.57,1.34E+13
2019-1106-27/05/2021,2 Metropolitan,NETLEY,5037,CITY OF WEST TORRENS,2,0,0,0,0,2019,February,Wednesday,8:03 AM,60,Divided Road,Straight road,Level,Driveway or Entrance,Sealed,Dry,Not Raining,Daylight,Right Turn,2,Driver Rider,1: PDO,No Control,,,1324178.3,1668493.65,1.32E+13
2019-1107-27/05/2021,2 Metropolitan,TORRENSVILLE,5031,CITY OF WEST TORRENS,2,1,0,0,1,2019,February,Wednesday,8:15 AM,50,Cross Road,Straight road,Level,Not Applicable,Sealed,Dry,Not Raining,Daylight,Right Angle,1,Driver Rider,2: MI,Roundabout,,,1325399.66,1671196.45,1.33E+13
2019-1108-27/05/2021,2 Metropolitan,GILLES PLAINS,5086,CITY OF PORT ADELAIDE ENFIELD,2,0,0,0,0,2019,February,Wednesday,7:10 AM,60,T-Junction,Straight road,Level,Not Applicable,Sealed,Dry,Not Raining,Daylight,Right Angle,1,Driver Rider,1: PDO,No Control,,,1334025.98,1678234.34,1.33E+13
2019-1109-27/05/2021,2 Metropolitan,TEA TREE GULLY,5091,CITY OF TEA TREE GULLY,2,2,0,0,2,2019,February,Wednesday,8:39 AM,80,Not Divided,"CURVED, VIEW OBSCURED",Slope,Not Applicable,Sealed,Wet,Not Raining,Daylight,Rear End,2,Driver Rider,2: MI,No Control,,,1342362.03,1681236.32,1.34E+13
2019-1110-27/05/2021,2 Metropolitan,ALDINGA,5173,CITY OF ONKAPARINGA,4,0,0,0,0,2019,February,Wednesday,6:45 AM,90,Divided Road,Straight road,Level,Not Applicable,Sealed,Wet,Not Raining,Daylight,Other,2,Driver Rider,1: PDO,No Control,,,1317106.92,1633616.96,1.32E+13
2019-1111-27/05/2021,2 Metropolitan,WEST CROYDON,5008,CITY OF CHARLES STURT,3,0,0,0,0,2019,February,Wednesday,8:20 AM,60,T-Junction,Straight road,Level,Not Applicable,Sealed,Dry,Not Raining,Daylight,Side Swipe,1,Driver Rider,1: PDO,Stop Sign,,,1325484.64,1675228.23,1.33E+13
2019-1112-27/05/2021,2 Metropolitan,CROYDON PARK,5008,CITY OF PORT ADELAIDE ENFIELD,2,0,0,0,0,2019,January,Thursday,2:40 PM,60,Divided Road,Straight road,Level,Not Applicable,Sealed,Dry,Not Raining,Daylight,Side Swipe,2,Driver Rider,1: PDO,No Control,,,1326069.06,1675492.91,1.33E+13
2019-1113-27/05/2021,2 Metropolitan,PASADENA,5042,CC MITCHAM.                   ,2,0,0,0,0,2019,February,Wednesday,8:00 AM,60,T-Junction,Straight road,Level,Unknown,Sealed,Dry,Not Raining,Daylight,Rear End,2,Driver Rider,1: PDO,Traffic Signals,,,1327582.41,1663360.34,1.33E+13
2019-1114-27/05/2021,2 Metropolitan,NORWOOD,5067,"CC OF NORWOOD,PAYNEHAM & ST PETERS",2,1,0,0,1,2019,February,Tuesday,1:50 PM,50,Not Divided,Straight road,Level,Not Applicable,Sealed,Dry,Not Raining,Daylight,Side Swipe,1,Driver Rider,2: MI,No Control,,,1331042.5,1670634.38,1.33E+13
2019-1115-27/05/2021,2 Metropolitan,PROSPECT,5082,CITY OF PROSPECT,2,0,0,0,0,2019,February,Wednesday,10:45 AM,60,T-Junction,Straight road,Level,Not Applicable,Sealed,Dry,Not Raining,Daylight,Right Angle,1,Driver Rider,1: PDO,No Control,,,1328917.5,1674374.89,1.33E+13
2019-1116-27/05/2021,2 Metropolitan,UNLEY,5061,CITY OF UNLEY,2,1,0,0,1,2019,February,Wednesday,11:45 AM,60,T-Junction,Straight road,Level,Not Applicable,Sealed,Dry,Not Raining,Daylight,Hit Pedestrian,1,Driver Rider,2: MI,Traffic Signals,,,1329087.97,1667907.69,1.33E+13
2019-1117-27/05/2021,2 Metropolitan,PENFIELD GARDENS,5121,CITY OF PLAYFORD.,2,3,0,0,3,2019,February,Wednesday,11:31 AM,80,Cross Road,Straight road,Level,Not Applicable,Sealed,Dry,Not Raining,Daylight,Right Angle,1,Driver Rider,2: MI,Give Way Sign,,,1332115.15,1701128.06,1.33E+13
2019-1118-27/05/2021,2 Metropolitan,CROYDON PARK,5008,CITY OF PORT ADELAIDE ENFIELD,2,0,0,0,0,2019,February,Wednesday,12:20 PM,50,Not Divided,Straight road,Level,Not Applicable,Sealed,Dry,Not Raining,Daylight,Rear End,2,Driver Rider,1: PDO,No Control,,,1325609.69,1676237.97,1.33E+13
2019-1119-27/05/2021,1 City,ADELAIDE,5000,CITY OF ADELAIDE,2,0,0,0,0,2019,February,Wednesday,1:04 AM,50,Divided Road,Straight road,Level,Not Applicable,Sealed,Dry,Not Raining,Night,Side Swipe,2,Driver Rider,1: PDO,No Control,,,1328764.72,1671141.05,1.33E+13
2019-1120-27/05/2021,2 Metropolitan,WINDSOR GARDENS,5087,CITY OF PORT ADELAIDE ENFIELD,2,1,0,0,1,2019,February,Wednesday,1:27 PM,60,T-Junction,Straight road,Level,Not Applicable,Sealed,Dry,Not Raining,Daylight,Right Angle,1,Driver Rider,2: MI,Stop Sign,,,1332736.57,1677153.41,1.33E+13
2019-1121-27/05/2021,3 Country,NULLARBOR,5690,,1,1,0,1,0,2019,February,Tuesday,1:15 AM,110,Not Divided,Straight road,Level,Not Applicable,Sealed,Dry,Not Raining,Night,Roll Over,1,Driver Rider,3: SI,No Control,,,528123,2036478.39,5.28E+12
2019-1122-27/05/2021,2 Metropolitan,WOODVILLE SOUTH,5011,CITY OF CHARLES STURT,2,0,0,0,0,2019,February,Wednesday,2:45 PM,60,Divided Road,Straight road,Level,Not Applicable,Sealed,Dry,Not Raining,Daylight,Hit Parked Vehicle,1,Driver Rider,1: PDO,No Control,,,1322572.22,1675968.34,1.32E+13
2019-1123-27/05/2021,3 Country,HINDMARSH VALLEY,5211,DC VICTOR HARBOR.             ,2,2,0,0,2,2019,February,Sunday,1:45 PM,100,Cross Road,Straight road,Level,Not Applicable,Sealed,Dry,Not Raining,Daylight,Rear End,2,Driver Rider,2: MI,Give Way Sign,,,1328187.6,1608132.03,1.33E+13
2019-1124-27/05/2021,2 Metropolitan,GEPPS CROSS,5094,CITY OF PORT ADELAIDE ENFIELD,3,0,0,0,0,2019,February,Wednesday,3:25 PM,70,Divided Road,Straight road,Level,Not Applicable,Sealed,Dry,Not Raining,Daylight,Rear End,1,Driver Rider,1: PDO,No Control,,,1328744.82,1680813.99,1.33E+13
2019-1125-27/05/2021,3 Country,CLEMENTS GAP,5523,BARUNGA WEST DISTRICT COUNCIL,3,1,1,0,0,2019,February,Wednesday,1:50 PM,110,Other,Straight road,Level,Not Applicable,Unsealed,Dry,Not Raining,Daylight,Hit Pedestrian,1,Driver Rider,4: Fatal,No Control,,,1283260.65,1827714.54,1.28E+13
2019-1126-27/05/2021,2 Metropolitan,MODBURY,5092,CITY OF TEA TREE GULLY,2,0,0,0,0,2019,February,Wednesday,9:30 AM,60,Cross Road,Straight road,Level,Not Applicable,Sealed,Dry,Not Raining,Daylight,Side Swipe,2,Driver Rider,1: PDO,Roundabout,,,1336882.27,1680600.89,1.34E+13
2019-1127-27/05/2021,2 Metropolitan,NEWTON,5074,CC CAMPBELLTOWN.              ,3,0,0,0,0,2019,February,Wednesday,3:00 PM,60,Divided Road,Straight road,Level,Not Applicable,Sealed,Dry,Not Raining,Daylight,Rear End,2,Driver Rider,1: PDO,No Control,,,1335663.45,1674569.96,1.34E+13
2019-1128-27/05/2021,1 City,ADELAIDE,5000,CITY OF ADELAIDE,2,1,0,0,1,2019,February,Tuesday,5:32 PM,50,Not Divided,Straight road,Slope,Not Applicable,Sealed,Dry,Not Raining,Daylight,Rear End,2,Driver Rider,2: MI,No Control,,,1327717.86,1670649.27,1.33E+13
2019-1129-27/05/2021,2 Metropolitan,SALISBURY,5108,CITY OF SALISBURY,2,0,0,0,0,2019,February,Wednesday,3:00 PM,60,T-Junction,Straight road,Level,Not Applicable,Sealed,Dry,Not Raining,Daylight,Side Swipe,2,Driver Rider,1: PDO,Traffic Signals,,,1333049.15,1688472.25,1.33E+13
2019-1130-27/05/2021,2 Metropolitan,MALVERN,5061,CITY OF UNLEY,2,0,0,0,0,2019,February,Wednesday,3:30 PM,40,Not Divided,Straight road,Level,Not Applicable,Sealed,Dry,Not Raining,Daylight,Hit Parked Vehicle,2,Driver Rider,1: PDO,No Control,,,1329418.32,1666996,1.33E+13
2019-1131-27/05/2021,2 Metropolitan,MAWSON LAKES,5095,CITY OF SALISBURY,4,1,0,0,1,2019,February,Wednesday,4:45 PM,80,Divided Road,Straight road,Level,Not Applicable,Sealed,Dry,Not Raining,Daylight,Rear End,1,Driver Rider,2: MI,No Control,,,1328676.89,1683906.79,1.33E+13
2019-1132-27/05/2021,2 Metropolitan,HACKNEY,5069,"CC OF NORWOOD,PAYNEHAM & ST PETERS",2,0,0,0,0,2019,February,Wednesday,4:45 PM,60,Divided Road,Straight road,Level,Not Applicable,Sealed,Dry,Not Raining,Daylight,Rear End,2,Driver Rider,1: PDO,No Control,,,1329762.81,1672134.61,1.33E+13
2019-1133-27/05/2021,2 Metropolitan,MUNNO PARA WEST,5115,CITY OF PLAYFORD.,2,5,0,0,5,2019,February,Wednesday,4:30 PM,60,Not Divided,Straight road,Level,Not Applicable,Sealed,Dry,Not Raining,Daylight,Right Turn,1,Driver Rider,2: MI,No Control,,,1335473.01,1699216.4,1.34E+13
2019-1134-27/05/2021,2 Metropolitan,WEST LAKES,5021,CITY OF CHARLES STURT,2,0,0,0,0,2019,February,Wednesday,5:10 PM,60,T-Junction,Straight road,Level,Not Applicable,Sealed,Dry,Not Raining,Daylight,Right Angle,2,Driver Rider,1: PDO,No Control,,,1318684.08,1676662.29,1.32E+13
2019-1135-27/05/2021,2 Metropolitan,MODBURY,5092,CITY OF TEA TREE GULLY,2,0,0,0,0,2019,February,Wednesday,5:50 PM,60,T-Junction,Straight road,Level,Not Applicable,Sealed,Dry,Not Raining,Daylight,Right Angle,1,Driver Rider,1: PDO,Stop Sign,,,1336900.35,1680030.92,1.34E+13
2019-1136-27/05/2021,1 City,NORTH ADELAIDE,5006,CITY OF ADELAIDE,2,0,0,0,0,2019,February,Wednesday,11:00 AM,50,Not Divided,Straight road,Level,Not Applicable,Sealed,Dry,Not Raining,Daylight,Hit Parked Vehicle,2,Driver Rider,1: PDO,No Control,,,1328898.06,1672800.89,1.33E+13
2019-1137-27/05/2021,2 Metropolitan,GEPPS CROSS,5094,CITY OF PORT ADELAIDE ENFIELD,4,0,0,0,0,2019,February,Wednesday,6:00 PM,60,Divided Road,Straight road,Level,Not Applicable,Sealed,Dry,Not Raining,Daylight,Rear End,1,Driver Rider,1: PDO,No Control,,,1328705.61,1679277.73,1.33E+13
2019-1138-27/05/2021,2 Metropolitan,HOLDEN HILL,5088,CITY OF TEA TREE GULLY,2,0,0,0,0,2019,February,Wednesday,7:15 PM,50,Not Divided,Straight road,Level,Driveway or Entrance,Sealed,Dry,Not Raining,Daylight,Side Swipe,1,Driver Rider,1: PDO,No Control,,,1335796.92,1679000.85,1.34E+13
2019-1139-27/05/2021,2 Metropolitan,NORWOOD,5067,"CC OF NORWOOD,PAYNEHAM & ST PETERS",3,1,0,0,1,2019,February,Wednesday,6:30 PM,60,Divided Road,Straight road,Level,Not Applicable,Sealed,Dry,Not Raining,Daylight,Rear End,1,Driver Rider,2: MI,No Control,,,1330611.67,1671616.27,1.33E+13
2019-1140-27/05/2021,2 Metropolitan,GLENELG NORTH,5045,CITY OF HOLDFAST BAY,2,1,0,0,1,2019,February,Wednesday,3:45 PM,60,T-Junction,Straight road,Level,Not Applicable,Sealed,Dry,Not Raining,Daylight,Hit Pedestrian,2,Pedestrian,2: MI,No Control,,,1321116.84,1665324.61,1.32E+13
2019-1141-27/05/2021,2 Metropolitan,HALLETT COVE,5158,CC MARION.                    ,4,1,0,0,1,2019,February,Wednesday,5:20 PM,50,Not Divided,Straight road,Bottom of Hill,Not Applicable,Sealed,Dry,Not Raining,Daylight,Hit Fixed Object,1,Driver Rider,2: MI,No Control,Y,,1320148.08,1654424.14,1.32E+13
2019-1142-27/05/2021,2 Metropolitan,DAW PARK,5041,CC MITCHAM.                   ,3,1,0,0,1,2019,February,Wednesday,4:30 PM,60,Divided Road,Straight road,Level,Not Applicable,Sealed,Dry,Not Raining,Daylight,Rear End,1,Driver Rider,2: MI,No Control,,,1327567.81,1664488.23,1.33E+13
2019-1143-27/05/2021,2 Metropolitan,HARROGATE,5244,DC MT.BARKER.                 ,2,0,0,0,0,2019,February,Wednesday,8:00 PM,80,Not Divided,"CURVED, VIEW OPEN",Slope,Not Applicable,Unsealed,Dry,Not Raining,Daylight,Hit Fixed Object,1,Driver Rider,1: PDO,No Control,,,1363872.55,1666988.05,1.36E+13
2019-1144-27/05/2021,2 Metropolitan,HENDON,5014,CITY OF CHARLES STURT,2,1,0,0,1,2019,February,Thursday,7:04 AM,60,Divided Road,Straight road,Level,Not Applicable,Sealed,Dry,Not Raining,Daylight,Hit Fixed Object,1,Driver Rider,2: MI,No Control,,,1320896.43,1677418.95,1.32E+13
2019-1145-27/05/2021,2 Metropolitan,NORTHFIELD,5085,CITY OF PORT ADELAIDE ENFIELD,2,1,0,0,1,2019,February,Thursday,7:22 AM,60,Divided Road,Straight road,Level,Not Applicable,Sealed,Dry,Not Raining,Daylight,Hit Fixed Object,1,Driver Rider,2: MI,No Control,,,1330394.81,1678551.87,1.33E+13
2019-1146-27/05/2021,2 Metropolitan,NOARLUNGA CENTRE,5168,CITY OF ONKAPARINGA,2,0,0,0,0,2019,February,Thursday,8:40 AM,60,Divided Road,Straight road,Level,Not Applicable,Sealed,Dry,Not Raining,Daylight,Rear End,2,Driver Rider,1: PDO,No Control,,,1317489.86,1647430.42,1.32E+13