REPORT_ID,Stats Area,Suburb,Postcode,LGA Name,Total Units,Total Cas,Total Fats,Total SI,Total MI,Year,Month,Day,Time,Area Speed,Position Type,Horizontal Align,Vertical Align,Other Feat,Road Surface,Moisture Cond,Weather Cond,DayNight,Crash Type,Unit Resp,Entity Code,CSEF Severity,Traffic Ctrls,DUI Involved,Drugs Involved,ACCLOC_X,ACCLOC_Y,UNIQUE_LOC
2019-1472-27/05/2021,3 Country,HAMPDEN,5374,REGIONAL COUNCIL OF GOYDER,1,0,0,0,0,2019,February,Saturday,5:00 AM,100,Not Divided,"CURVED, VIEW OPEN",Slope,Not Applicable,Sealed,Dry,Not Raining,Night,Roll Over,1,Driver Rider,1: PDO,No Control,,,1372626.46,1756307.3,1.37E+13
2019-1473-27/05/2021,2 Metropolitan,WINGFIELD,5013,CITY OF PORT ADELAIDE ENFIELD,4,2,0,0,2,2019,February,Saturday,11:45 AM,60,Cross Road,Straight road,Level,Not Applicable,Sealed,Dry,Not Raining,Daylight,Rear End,1,Driver Rider,2: MI,Traffic Signals,,,1326390.75,1679153.45,1.33E+13
2019-1474-27/05/2021,2 Metropolitan,GEPPS CROSS,5094,CITY OF PORT ADELAIDE ENFIELD,2,0,0,0,0,2019,February,Saturday,12:10 PM,60,Divided Road,Straight road,Level,Not Applicable,Sealed,Dry,Not Raining,Daylight,Hit Fixed Object,1,Driver Rider,1: PDO,No Control,,,1328988.68,1679269.66,1.33E+13
2019-1475-27/05/2021,2 Metropolitan,LOCKLEYS,5032,CITY OF WEST TORRENS,1,1,0,0,1,2019,February,Saturday,10:28 AM,60,Divided Road,Straight road,Level,Not Applicable,Sealed,Dry,Not Raining,Daylight,Roll Over,1,Driver Rider,2: MI,No Control,,,1321782.91,1669995.13,1.32E+13
2019-1476-27/05/2021,2 Metropolitan,EDWARDSTOWN,5039,CC MARION.                    ,2,1,0,0,1,2019,February,Saturday,11:39 AM,60,T-Junction,Straight road,Level,Driveway or Entrance,Sealed,Dry,Not Raining,Daylight,Right Turn,2,Driver Rider,2: MI,Traffic Signals,,,1325932.87,1664392.69,1.33E+13
2019-1477-27/05/2021,2 Metropolitan,WEST LAKES,5021,CITY OF CHARLES STURT,2,1,0,0,1,2019,February,Saturday,2:09 PM,60,T-Junction,Straight road,Level,Not Applicable,Sealed,Dry,Not Raining,Daylight,Right Turn,1,Driver Rider,2: MI,No Control,,,1318842.54,1676466.2,1.32E+13
2019-1478-27/05/2021,2 Metropolitan,VALLEY VIEW,5093,CITY OF PORT ADELAIDE ENFIELD,2,1,0,0,1,2019,February,Saturday,2:12 PM,60,T-Junction,Straight road,Slope,Not Applicable,Sealed,Dry,Not Raining,Daylight,Right Turn,2,Driver Rider,2: MI,Traffic Signals,,,1334550.17,1679386.94,1.33E+13
2019-1479-27/05/2021,2 Metropolitan,MITCHELL PARK,5043,CC MARION.                    ,2,0,0,0,0,2019,February,Saturday,4:05 PM,60,Divided Road,Straight road,Level,Driveway or Entrance,Sealed,Dry,Not Raining,Daylight,Right Angle,2,Driver Rider,1: PDO,No Control,Y,,1324360.72,1662167.68,1.32E+13
2019-1480-27/05/2021,2 Metropolitan,THORNGATE,5082,CITY OF PROSPECT,2,1,0,0,1,2019,February,Thursday,4:30 PM,60,Cross Road,Straight road,Level,Not Applicable,Sealed,Dry,Not Raining,Daylight,Right Turn,1,Driver Rider,2: MI,Traffic Signals,,,1328127.05,1673664.08,1.33E+13
2019-1481-27/05/2021,2 Metropolitan,LONSDALE,5160,CITY OF ONKAPARINGA,2,0,0,0,0,2019,February,Saturday,6:09 PM,100,Ramp Off,Straight road,Slope,Not Applicable,Sealed,Dry,Not Raining,Daylight,Hit Fixed Object,1,Driver Rider,1: PDO,No Control,,,1319567.84,1650605.28,1.32E+13
2019-1482-27/05/2021,3 Country,POOCHERA,5655,DC STREAKY BAY.               ,2,0,0,0,0,2019,February,Saturday,12:00 PM,110,Not Divided,Straight road,Level,Not Applicable,Sealed,Dry,Not Raining,Daylight,Hit Fixed Object,1,Driver Rider,1: PDO,No Control,,,986579.12,1919836.98,9.87E+12
2019-1483-27/05/2021,3 Country,GOOLWA,5214,ALEXANDRINA COUNCIL,2,1,0,0,1,2019,February,Saturday,7:05 PM,50,Cross Road,Straight road,Level,Not Applicable,Sealed,Dry,Not Raining,Daylight,Right Angle,2,Driver Rider,2: MI,Give Way Sign,,,1342708.33,1606635.12,1.34E+13
2019-1484-27/05/2021,2 Metropolitan,MAGILL,5072,CC CAMPBELLTOWN.              ,2,1,0,0,1,2019,February,Saturday,6:45 PM,50,T-Junction,Straight road,Level,Not Applicable,Sealed,Dry,Not Raining,Daylight,Right Angle,1,Driver Rider,2: MI,No Control,,,1335043.76,1673081.3,1.34E+13
2019-1485-27/05/2021,2 Metropolitan,RICHMOND,5033,CITY OF WEST TORRENS,2,3,0,0,3,2019,February,Saturday,3:40 PM,60,T-Junction,Straight road,Level,Not Applicable,Sealed,Dry,Not Raining,Daylight,Right Angle,1,Driver Rider,2: MI,Traffic Signals,,,1325495.46,1668940.99,1.33E+13
2019-1486-27/05/2021,2 Metropolitan,VALLEY VIEW,5093,CITY OF SALISBURY,3,2,0,0,2,2019,February,Saturday,8:44 PM,50,Not Divided,"CURVED, VIEW OPEN",Slope,Not Applicable,Sealed,Dry,Not Raining,Night,Head On,1,Driver Rider,2: MI,No Control,,,1333892.46,1680112.86,1.33E+13
2019-1487-27/05/2021,3 Country,MOUNT GAMBIER,5290,CC MT.GAMBIER.                ,2,3,0,0,3,2019,February,Saturday,9:00 PM,50,Cross Road,Straight road,Level,Not Applicable,Sealed,Dry,Not Raining,Night,Right Turn,2,Driver Rider,2: MI,Traffic Signals,,,1509991.76,1339982.6,1.51E+13
2019-1488-27/05/2021,3 Country,MOUNT GAMBIER,5290,CC MT.GAMBIER.                ,2,1,0,0,1,2019,February,Saturday,11:15 PM,50,Not Divided,Straight road,Slope,Not Applicable,Sealed,Dry,Not Raining,Night,Hit Pedestrian,1,Pedestrian,2: MI,No Control,,,1510748.53,1340552.11,1.51E+13
2019-1489-27/05/2021,2 Metropolitan,OSBORNE,5017,CITY OF PORT ADELAIDE ENFIELD,1,1,0,1,0,2019,February,Sunday,12:00 AM,50,Divided Road,Straight road,Level,Not Applicable,Sealed,Dry,Not Raining,Night,Roll Over,1,Driver Rider,3: SI,No Control,,,1320829.99,1688020.07,1.32E+13
2019-1490-27/05/2021,2 Metropolitan,PARAFIELD GARDENS,5107,CITY OF SALISBURY,3,0,0,0,0,2019,February,Sunday,6:15 AM,60,Divided Road,Straight road,Level,Not Applicable,Sealed,Dry,Not Raining,Night,Hit Parked Vehicle,1,Driver Rider,1: PDO,No Control,,,1331032.33,1686302.96,1.33E+13
2019-1491-27/05/2021,2 Metropolitan,PENFIELD GARDENS,5121,CITY OF PLAYFORD.,2,0,0,0,0,2019,February,Sunday,9:10 AM,80,Cross Road,Straight road,Level,Not Applicable,Sealed,Dry,Not Raining,Daylight,Right Angle,2,Driver Rider,1: PDO,Stop Sign,,,1333134.46,1700544.36,1.33E+13
2019-1492-27/05/2021,2 Metropolitan,TENNYSON,5022,CITY OF CHARLES STURT,3,2,0,0,2,2019,February,Sunday,9:45 AM,60,Divided Road,"CURVED, VIEW OPEN",Level,Not Applicable,Sealed,Dry,Not Raining,Daylight,Hit Parked Vehicle,2,Driver Rider,2: MI,No Control,,,1318347.03,1675020.31,1.32E+13
2019-1493-27/05/2021,1 City,NORTH ADELAIDE,5006,CITY OF ADELAIDE,2,1,0,0,1,2019,February,Sunday,10:55 AM,50,Cross Road,Straight road,Level,Not Applicable,Sealed,Dry,Not Raining,Daylight,Right Angle,2,Driver Rider,2: MI,Give Way Sign,,,1327742.09,1672924.74,1.33E+13
2019-1494-27/05/2021,2 Metropolitan,CUDLEE CREEK,5232,THE ADELAIDE HILLS COUNCIL,1,1,0,0,1,2019,February,Sunday,10:15 AM,80,Not Divided,"CURVED, VIEW OBSCURED",Level,Not Applicable,Sealed,Dry,Not Raining,Daylight,Roll Over,1,Driver Rider,2: MI,No Control,,,1349055.14,1679883.66,1.35E+13
2019-1495-27/05/2021,2 Metropolitan,MONTACUTE,5134,THE ADELAIDE HILLS COUNCIL,2,0,0,0,0,2019,February,Saturday,10:00 PM,70,Not Divided,"CURVED, VIEW OBSCURED",Slope,Not Applicable,Sealed,Dry,Not Raining,Night,Hit Fixed Object,1,Driver Rider,1: PDO,No Control,,,1340694.93,1677803.36,1.34E+13
2019-1496-27/05/2021,2 Metropolitan,PARALOWIE,5108,CITY OF SALISBURY,2,1,0,0,1,2019,February,Saturday,8:55 PM,60,T-Junction,Straight road,Level,Not Applicable,Sealed,Dry,Not Raining,Night,Right Angle,2,Driver Rider,2: MI,No Control,,,1331764.22,1689548.61,1.33E+13
2019-1497-27/05/2021,3 Country,MOPPA,5355,LIGHT REGIONAL COUNCIL,1,1,0,1,0,2019,February,Sunday,9:50 AM,100,Not Divided,Straight road,Level,Not Applicable,Unsealed,Dry,Not Raining,Daylight,Roll Over,1,Driver Rider,3: SI,No Control,,,1365212.95,1725460.85,1.37E+13
2019-1498-27/05/2021,3 Country,WALLAROO,5556,COPPER COAST DISTRICT COUNCIL,2,0,0,0,0,2019,February,Sunday,1:10 PM,50,Cross Road,Straight road,Level,Not Applicable,Sealed,Dry,Not Raining,Daylight,Right Angle,2,Driver Rider,1: PDO,Stop Sign,,,1242532.44,1783262.74,1.24E+13
2019-1499-27/05/2021,3 Country,MINTARO,5415,CLARE AND GILBERT VALLEYS DISTRICT COUNCIL,1,0,0,0,0,2019,February,Sunday,11:59 AM,100,Not Divided,"CURVED, VIEW OPEN",Slope,Not Applicable,Sealed,Dry,Not Raining,Daylight,Roll Over,1,Driver Rider,1: PDO,No Control,,,1342786.31,1779557.97,1.34E+13
2019-1500-27/05/2021,3 Country,WOOL BAY,5575,YORKE PENINSULA COUNCIL,2,0,0,0,0,2019,February,Saturday,11:14 PM,100,Not Divided,Straight road,Level,Not Applicable,Sealed,Dry,Not Raining,Night,Hit Animal,2,Animal,1: PDO,No Control,,,1248769.05,1669730,1.25E+13
2019-1501-27/05/2021,2 Metropolitan,MORPHETT VALE,5162,CITY OF ONKAPARINGA,2,1,0,0,1,2019,February,Sunday,2:10 PM,80,T-Junction,Straight road,Level,Not Applicable,Sealed,Dry,Not Raining,Daylight,Right Angle,1,Driver Rider,2: MI,No Control,,,1323073.21,1650494.1,1.32E+13
2019-1502-27/05/2021,2 Metropolitan,TAPEROO,5017,CITY OF PORT ADELAIDE ENFIELD,2,0,0,0,0,2019,February,Sunday,12:01 AM,60,Not Divided,Straight road,Level,Not Applicable,Sealed,Dry,Unknown,Night,Hit Fixed Object,1,Driver Rider,1: PDO,No Control,,,1319076,1684755.9,1.32E+13
2019-1503-27/05/2021,2 Metropolitan,BROMPTON,5007,CITY OF CHARLES STURT,2,0,0,0,0,2019,February,Sunday,2:27 PM,40,Not Divided,Straight road,Level,Driveway or Entrance,Sealed,Dry,Not Raining,Daylight,Hit Fixed Object,1,Driver Rider,1: PDO,No Control,,,1326139,1673520.39,1.33E+13
2019-1504-27/05/2021,2 Metropolitan,ELIZABETH PARK,5113,CITY OF PLAYFORD.,6,1,0,0,1,2019,February,Sunday,3:24 PM,60,Divided Road,Straight road,Level,Not Applicable,Sealed,Dry,Not Raining,Daylight,Rear End,2,Driver Rider,2: MI,No Control,,,1336113.84,1693317.57,1.34E+13
2019-1505-27/05/2021,2 Metropolitan,LONSDALE,5160,CITY OF ONKAPARINGA,2,0,0,0,0,2019,February,Sunday,3:19 PM,70,Not Divided,Straight road,Slope,Not Applicable,Sealed,Dry,Not Raining,Daylight,Hit Fixed Object,1,Driver Rider,1: PDO,No Control,,,1318083.77,1649777.8,1.32E+13
2019-1506-27/05/2021,3 Country,EUDUNDA,5374,REGIONAL COUNCIL OF GOYDER,2,1,0,0,1,2019,February,Saturday,11:50 PM,80,Not Divided,"CURVED, VIEW OPEN",Level,Not Applicable,Sealed,Dry,Not Raining,Night,Hit Fixed Object,1,Driver Rider,2: MI,No Control,Y,,1376732.03,1751616.23,1.38E+13
2019-1507-27/05/2021,2 Metropolitan,ELIZABETH SOUTH,5112,CITY OF PLAYFORD.,1,1,0,0,1,2019,February,Saturday,3:20 PM,50,T-Junction,Straight road,Level,Not Applicable,Sealed,Dry,Not Raining,Daylight,Left Road - Out of Control,1,Driver Rider,2: MI,No Control,,Y,1334479.35,1691857.43,1.33E+13
2019-1508-27/05/2021,3 Country,PENONG,5690,,1,0,0,0,0,2019,February,Sunday,12:50 PM,110,Not Divided,Straight road,Level,Not Applicable,Sealed,Dry,Not Raining,Daylight,Roll Over,1,Driver Rider,1: PDO,No Control,,,816435.55,2006487.72,8.16E+12
2019-1509-27/05/2021,2 Metropolitan,WALKERVILLE,5081,WALKERVILLE TOWN COUNCIL,2,0,0,0,0,2019,February,Sunday,4:20 PM,60,Cross Road,"CURVED, VIEW OPEN",Level,Not Applicable,Sealed,Dry,Not Raining,Daylight,Right Turn,1,Driver Rider,1: PDO,Traffic Signals,,,1329483.39,1674233.16,1.33E+13
2019-1510-27/05/2021,2 Metropolitan,TORRENSVILLE,5031,CITY OF WEST TORRENS,2,0,0,0,0,2019,February,Sunday,2:15 AM,60,Cross Road,Straight road,Level,Not Applicable,Sealed,Dry,Not Raining,Night,Right Angle,2,Driver Rider,1: PDO,Traffic Signals,,,1325436.2,1672006.42,1.33E+13
2019-1511-27/05/2021,2 Metropolitan,HALLETT COVE,5158,CC MARION.                    ,2,0,0,0,0,2019,February,Monday,6:00 AM,100,Divided Road,"CURVED, VIEW OPEN",Bottom of Hill,Not Applicable,Sealed,Dry,Not Raining,Night,Hit Fixed Object,1,Driver Rider,1: PDO,No Control,,,1318604.74,1652946.14,1.32E+13
2019-1512-27/05/2021,2 Metropolitan,KURRALTA PARK,5037,CITY OF WEST TORRENS,2,0,0,0,0,2019,February,Friday,3:50 PM,60,Cross Road,Straight road,Level,Not Applicable,Sealed,Dry,Not Raining,Daylight,Right Turn,1,Driver Rider,1: PDO,Traffic Signals,,,1325819.1,1668480.34,1.33E+13
2019-1513-27/05/2021,2 Metropolitan,MILE END,5031,CITY OF WEST TORRENS,2,0,0,0,0,2019,February,Sunday,12:30 PM,50,T-Junction,Straight road,Level,Not Applicable,Sealed,Dry,Not Raining,Daylight,Right Angle,1,Driver Rider,1: PDO,Stop Sign,,,1324933.96,1670968.69,1.32E+13
2019-1514-27/05/2021,3 Country,MOUNT PLEASANT,5235,THE BAROSSA COUNCIL.,2,0,0,0,0,2019,February,Friday,1:00 PM,80,Not Divided,Straight road,Level,Driveway or Entrance,Sealed,Dry,Not Raining,Daylight,Right Angle,1,Driver Rider,1: PDO,No Control,,,1370970.84,1686979.94,1.37E+13
2019-1515-27/05/2021,2 Metropolitan,NORTHFIELD,5085,CITY OF PORT ADELAIDE ENFIELD,2,0,0,0,0,2019,February,Monday,7:10 AM,60,Divided Road,Straight road,Level,Driveway or Entrance,Sealed,Dry,Not Raining,Daylight,Side Swipe,1,Driver Rider,1: PDO,No Control,,,1330970.41,1679278.33,1.33E+13
2019-1516-27/05/2021,2 Metropolitan,SALISBURY,5112,CITY OF PLAYFORD.,1,0,0,0,0,2019,February,Monday,8:10 AM,50,Cross Road,"CURVED, VIEW OPEN",Level,Not Applicable,Sealed,Dry,Not Raining,Daylight,Roll Over,1,Driver Rider,1: PDO,Roundabout,,,1333396.29,1689758.68,1.33E+13
2019-1517-27/05/2021,2 Metropolitan,ELIZABETH GROVE,5112,CITY OF PLAYFORD.,2,1,0,0,1,2019,February,Monday,8:20 AM,80,Divided Road,Straight road,Level,Not Applicable,Sealed,Dry,Not Raining,Daylight,Rear End,2,Driver Rider,2: MI,No Control,,,1336113.93,1691764.53,1.34E+13
2019-1518-27/05/2021,2 Metropolitan,WOODVILLE WEST,5011,CITY OF CHARLES STURT,2,4,0,0,4,2019,February,Monday,8:53 AM,60,Multiple,Straight road,Level,Not Applicable,Sealed,Dry,Not Raining,Daylight,Right Turn,2,Driver Rider,2: MI,Traffic Signals,,,1322354.24,1676151.89,1.32E+13
2019-1519-27/05/2021,2 Metropolitan,PAYNEHAM,5070,"CC OF NORWOOD,PAYNEHAM & ST PETERS",2,0,0,0,0,2019,February,Saturday,6:00 PM,60,Cross Road,Straight road,Level,Unknown,Sealed,Dry,Not Raining,Daylight,Rear End,1,Driver Rider,1: PDO,Traffic Signals,,,1332172.02,1673790.11,1.33E+13
2019-1520-27/05/2021,1 City,ADELAIDE,5000,CITY OF ADELAIDE,2,0,0,0,0,2019,February,Sunday,1:15 PM,50,Cross Road,Straight road,Level,Not Applicable,Sealed,Dry,Not Raining,Daylight,Right Turn,1,Driver Rider,1: PDO,Traffic Signals,,,1329226.46,1671155.57,1.33E+13
2019-1521-27/05/2021,2 Metropolitan,SALISBURY,5108,CITY OF SALISBURY,2,1,0,0,1,2019,February,Friday,3:22 PM,50,Not Divided,Straight road,Level,Not Applicable,Sealed,Dry,Not Raining,Daylight,Hit Parked Vehicle,2,Driver Rider,2: MI,No Control,,,1333421.42,1687947.98,1.33E+13
2019-1522-27/05/2021,2 Metropolitan,NORTHFIELD,5085,CITY OF PORT ADELAIDE ENFIELD,2,0,0,0,0,2019,February,Friday,3:24 PM,60,Not Divided,Straight road,Level,Not Applicable,Sealed,Dry,Not Raining,Daylight,Hit Fixed Object,1,Driver Rider,1: PDO,No Control,,,1330970.41,1679278.33,1.33E+13
2019-1523-27/05/2021,2 Metropolitan,LOWER MITCHAM,5062,CC MITCHAM.                   ,2,0,0,0,0,2019,February,Monday,8:55 AM,60,T-Junction,Straight road,Level,Not Applicable,Sealed,Dry,Not Raining,Daylight,Side Swipe,2,Driver Rider,1: PDO,Traffic Signals,,,1329170.96,1665061.71,1.33E+13
2019-1524-27/05/2021,2 Metropolitan,FERRYDEN PARK,5010,CITY OF PORT ADELAIDE ENFIELD,2,0,0,0,0,2019,February,Saturday,3:30 PM,60,Divided Road,Straight road,Level,Not Applicable,Sealed,Dry,Not Raining,Daylight,Rear End,1,Driver Rider,1: PDO,No Control,,,1324973.07,1676348.97,1.32E+13
2019-1525-27/05/2021,2 Metropolitan,GUMERACHA,5233,THE ADELAIDE HILLS COUNCIL,2,1,0,0,1,2019,February,Monday,6:45 AM,80,Not Divided,Straight road,Level,Not Applicable,Sealed,Dry,Not Raining,Night,Rear End,2,Driver Rider,2: MI,No Control,,,1355473.55,1682059.12,1.36E+13
2019-1526-27/05/2021,1 City,NORTH ADELAIDE,5006,CITY OF ADELAIDE,3,1,0,0,1,2019,February,Sunday,10:00 PM,50,Cross Road,Straight road,Level,Not Applicable,Sealed,Dry,Not Raining,Night,Rear End,1,Driver Rider,2: MI,Traffic Signals,,,1328087.06,1673327.96,1.33E+13
2019-1527-27/05/2021,1 City,NORTH ADELAIDE,5006,CITY OF ADELAIDE,2,1,0,0,1,2019,February,Sunday,1:00 PM,50,T-Junction,Straight road,Level,Not Applicable,Sealed,Dry,Not Raining,Daylight,Hit Pedestrian,1,Pedestrian,2: MI,Give Way Sign,,,1327759.16,1672619.62,1.33E+13
2019-1528-27/05/2021,3 Country,COBDOGLA,5346,THE BERRI BARMERA COUNCIL,3,0,0,0,0,2019,February,Monday,6:30 AM,100,Not Divided,"CURVED, VIEW OBSCURED",Level,Not Applicable,Sealed,Dry,Not Raining,Night,Hit Fixed Object,1,Driver Rider,1: PDO,No Control,,,1498389.37,1737631.78,1.50E+13
2019-1529-27/05/2021,2 Metropolitan,ELIZABETH PARK,5113,CITY OF PLAYFORD.,2,0,0,0,0,2019,February,Monday,11:15 AM,60,Divided Road,Straight road,Level,Not Applicable,Sealed,Dry,Not Raining,Daylight,Hit Pedestrian,2,Pedestrian,1: PDO,No Control,,,1336717.2,1693796.55,1.34E+13
2019-1530-27/05/2021,2 Metropolitan,RICHMOND,5033,CITY OF WEST TORRENS,2,0,0,0,0,2019,February,Monday,9:30 AM,50,Not Divided,Straight road,Level,Not Applicable,Sealed,Dry,Not Raining,Daylight,Side Swipe,2,Driver Rider,1: PDO,No Control,,,1325369.13,1669629.05,1.33E+13
2019-1531-27/05/2021,2 Metropolitan,SELLICKS HILL,5174,CITY OF ONKAPARINGA,2,0,0,0,0,2019,February,Monday,10:30 AM,50,Not Divided,Straight road,Slope,Roadworks,Unsealed,Dry,Not Raining,Daylight,Hit Parked Vehicle,1,Driver Rider,1: PDO,No Control,,,1317228.26,1629976.9,1.32E+13
2019-1532-27/05/2021,3 Country,MELROSE,5483,DC MT.REMARKABLE.             ,2,0,0,0,0,2019,February,Monday,8:15 AM,110,Not Divided,Straight road,Level,Not Applicable,Sealed,Dry,Not Raining,Daylight,Hit Animal,2,Animal,1: PDO,No Control,,,1295501.36,1913791.09,1.30E+13
2019-1533-27/05/2021,2 Metropolitan,SMITHFIELD,5114,CITY OF PLAYFORD.,2,1,0,1,0,2019,February,Monday,12:05 PM,50,T-Junction,"CURVED, VIEW OPEN",Level,Not Applicable,Sealed,Dry,Not Raining,Daylight,Right Angle,2,Driver Rider,3: SI,Give Way Sign,,Y,1337113.85,1697291.26,1.34E+13
2019-1534-27/05/2021,2 Metropolitan,PENFIELD,5121,CITY OF PLAYFORD.,2,0,0,0,0,2019,February,Monday,12:30 PM,80,Multiple,Straight road,Level,Not Applicable,Sealed,Dry,Not Raining,Daylight,Right Angle,2,Driver Rider,1: PDO,Roundabout,,,1331401.54,1697660.52,1.33E+13
2019-1535-27/05/2021,3 Country,PENOLA,5277,WATTLE RANGE COUNCIL,2,0,0,0,0,2019,February,Monday,12:30 PM,110,Not Divided,Straight road,Level,Driveway or Entrance,Sealed,Dry,Not Raining,Daylight,Hit Fixed Object,1,Driver Rider,1: PDO,No Control,,,1516788.17,1380653.95,1.52E+13
2019-1536-27/05/2021,1 City,ADELAIDE,5000,CITY OF ADELAIDE,2,1,0,0,1,2019,February,Monday,1:09 PM,50,Cross Road,Straight road,Level,Not Applicable,Sealed,Dry,Not Raining,Daylight,Right Turn,1,Driver Rider,2: MI,Give Way Sign,,,1329449.79,1669905.58,1.33E+13
2019-1537-27/05/2021,3 Country,WHYALLA NORRIE,5608,CC WHYALLA.                   ,2,0,0,0,0,2019,February,Sunday,12:30 PM,50,T-Junction,Straight road,Level,Not Applicable,Sealed,Dry,Not Raining,Daylight,Hit Pedestrian,2,Driver Rider,1: PDO,No Control,,,1237485.93,1883841.82,1.24E+13
2019-1538-27/05/2021,3 Country,PINNAROO,5304,SOUTHERN MALLEE DISTRICT COUNCIL,2,1,0,0,1,2019,February,Sunday,9:30 PM,100,Not Divided,Straight road,Bottom of Hill,Not Applicable,Sealed,Dry,Not Raining,Night,Hit Fixed Object,1,Driver Rider,2: MI,No Control,,,1526945.6,1608303.72,1.53E+13
2019-1539-27/05/2021,2 Metropolitan,HENLEY BEACH,5022,CITY OF CHARLES STURT,2,1,0,1,0,2019,February,Monday,1:10 PM,40,Not Divided,Straight road,Level,Not Applicable,Sealed,Dry,Not Raining,Daylight,Side Swipe,1,Driver Rider,3: SI,No Control,,,1318891.13,1671618.93,1.32E+13
2019-1540-27/05/2021,2 Metropolitan,PARKSIDE,5063,CITY OF UNLEY,2,0,0,0,0,2019,February,Monday,10:25 AM,60,Divided Road,Straight road,Level,Not Applicable,Sealed,Dry,Not Raining,Daylight,Hit Parked Vehicle,2,Driver Rider,1: PDO,No Control,,,1329458.78,1668974.82,1.33E+13
2019-1541-27/05/2021,2 Metropolitan,TORRENS PARK,5062,CC MITCHAM.                   ,2,1,0,0,1,2019,February,Monday,3:45 PM,60,Not Divided,Straight road,Level,Not Applicable,Sealed,Dry,Not Raining,Daylight,Head On,2,Driver Rider,2: MI,No Control,,,1329167.24,1665189.24,1.33E+13
2019-1542-27/05/2021,1 City,ADELAIDE,5000,CITY OF ADELAIDE,2,1,0,0,1,2019,January,Tuesday,4:30 PM,50,Not Divided,Straight road,Level,Driveway or Entrance,Sealed,Dry,Not Raining,Daylight,Side Swipe,2,Driver Rider,2: MI,No Control,,,1329238.9,1670739.76,1.33E+13
2019-1543-27/05/2021,2 Metropolitan,WESTBOURNE PARK,5041,CC MITCHAM.                   ,3,0,0,0,0,2019,February,Monday,5:05 PM,50,Not Divided,Straight road,Level,Not Applicable,Sealed,Dry,Not Raining,Daylight,Hit Fixed Object,1,Driver Rider,1: PDO,No Control,,,1328083.52,1666054.99,1.33E+13
2019-1544-27/05/2021,2 Metropolitan,GULFVIEW HEIGHTS,5096,CITY OF SALISBURY,2,0,0,0,0,2019,February,Monday,8:00 AM,50,T-Junction,Straight road,Slope,Not Applicable,Sealed,Dry,Not Raining,Daylight,Right Angle,2,Driver Rider,1: PDO,No Control,,,1335321.52,1685863.59,1.34E+13
2019-1545-27/05/2021,2 Metropolitan,SALISBURY PLAIN,5109,CITY OF SALISBURY,2,0,0,0,0,2019,February,Monday,9:00 AM,50,T-Junction,Straight road,Level,Not Applicable,Sealed,Dry,Not Raining,Daylight,Rear End,1,Driver Rider,1: PDO,Give Way Sign,,,1334012.31,1688182.39,1.33E+13
2019-1546-27/05/2021,2 Metropolitan,SALISBURY,5108,CITY OF SALISBURY,2,0,0,0,0,2019,February,Monday,3:50 PM,60,T-Junction,Straight road,Level,Not Applicable,Sealed,Dry,Not Raining,Daylight,Right Angle,2,Driver Rider,1: PDO,Stop Sign,,,1333598.3,1688752.7,1.33E+13
2019-1547-27/05/2021,2 Metropolitan,OAKDEN,5086,CITY OF PORT ADELAIDE ENFIELD,3,1,0,0,1,2019,February,Monday,5:50 PM,70,Divided Road,Straight road,Level,Not Applicable,Sealed,Dry,Not Raining,Daylight,Rear End,1,Driver Rider,2: MI,No Control,,,1333316.1,1679063.45,1.33E+13
2019-1548-27/05/2021,2 Metropolitan,NOARLUNGA CENTRE,5168,CITY OF ONKAPARINGA,2,1,0,0,1,2019,February,Monday,5:30 PM,50,Multiple,Straight road,Level,Driveway or Entrance,Sealed,Dry,Not Raining,Daylight,Right Angle,1,Driver Rider,2: MI,Roundabout,,Y,1318000.68,1647334.49,1.32E+13
2019-1549-27/05/2021,2 Metropolitan,FIRLE,5070,"CC OF NORWOOD,PAYNEHAM & ST PETERS",2,0,0,0,0,2019,February,Monday,6:57 PM,60,T-Junction,Straight road,Level,Not Applicable,Sealed,Dry,Not Raining,Daylight,Hit Fixed Object,1,Driver Rider,1: PDO,Stop Sign,,,1333828.96,1672697.56,1.33E+13
2019-1550-27/05/2021,2 Metropolitan,GLENELG,5045,CITY OF HOLDFAST BAY,2,0,0,0,0,2019,February,Monday,6:30 PM,50,T-Junction,Straight road,Level,Not Applicable,Sealed,Dry,Not Raining,Daylight,Right Angle,1,Driver Rider,1: PDO,No Control,,,1320435.16,1665288.46,1.32E+13
2019-1551-27/05/2021,2 Metropolitan,ENFIELD,5085,CITY OF PORT ADELAIDE ENFIELD,2,0,0,0,0,2019,February,Monday,4:30 PM,60,Divided Road,Straight road,Level,Driveway or Entrance,Sealed,Dry,Not Raining,Daylight,Right Turn,1,Driver Rider,1: PDO,No Control,,,1328817.15,1678767.14,1.33E+13
2019-1552-27/05/2021,2 Metropolitan,MORPHETT VALE,5162,CITY OF ONKAPARINGA,2,0,0,0,0,2019,February,Monday,8:32 PM,60,Divided Road,Straight road,Slope,Not Applicable,Sealed,Dry,Not Raining,Night,Hit Fixed Object,1,Driver Rider,1: PDO,No Control,,,1320765.04,1649726.97,1.32E+13
2019-1553-27/05/2021,2 Metropolitan,MUNNO PARA,5115,CITY OF PLAYFORD.,2,1,0,0,1,2019,February,Monday,8:56 PM,60,T-Junction,Straight road,Level,Not Applicable,Sealed,Dry,Not Raining,Night,Right Angle,1,Driver Rider,2: MI,Give Way Sign,,,1336535.34,1698636.39,1.34E+13