REPORT_ID,Stats Area,Suburb,Postcode,LGA Name,Total Units,Total Cas,Total Fats,Total SI,Total MI,Year,Month,Day,Time,Area Speed,Position Type,Horizontal Align,Vertical Align,Other Feat,Road Surface,Moisture Cond,Weather Cond,DayNight,Crash Type,Unit Resp,Entity Code,CSEF Severity,Traffic Ctrls,DUI Involved,Drugs Involved,ACCLOC_X,ACCLOC_Y,UNIQUE_LOC
2019-1554-27/05/2021,3 Country,SANDERSTON,5237,MID MURRAY DISTRICT COUNCIL,1,1,0,0,1,2019,February,Sunday,1:30 PM,100,Not Divided,"CURVED, VIEW OBSCURED",Slope,Not Applicable,Sealed,Dry,Not Raining,Daylight,Roll Over,1,Driver Rider,2: MI,No Control,,,1383733.4,1687089.74,1.38E+13
2019-1555-27/05/2021,2 Metropolitan,MOUNT GEORGE,5155,THE ADELAIDE HILLS COUNCIL,2,0,0,0,0,2019,February,Monday,11:09 PM,80,Not Divided,"CURVED, VIEW OBSCURED",Crest of Hill,Not Applicable,Sealed,Dry,Not Raining,Night,Hit Fixed Object,1,Driver Rider,1: PDO,No Control,Y,,1343308.96,1663885.12,1.34E+13
2019-1556-27/05/2021,2 Metropolitan,GAWLER,5118,CT GAWLER.                    ,2,0,0,0,0,2019,February,Monday,11:20 PM,50,T-Junction,Straight road,Level,Not Applicable,Sealed,Dry,Not Raining,Night,Hit Fixed Object,1,Driver Rider,1: PDO,Give Way Sign,,,1343352.02,1706953.24,1.34E+13
2019-1557-27/05/2021,3 Country,INMAN VALLEY,5211,DC VICTOR HARBOR.             ,2,0,0,0,0,2019,February,Tuesday,5:20 AM,100,Not Divided,"CURVED, VIEW OPEN",Level,Not Applicable,Sealed,Dry,Not Raining,Night,Hit Animal,2,Animal,1: PDO,No Control,,,1315949.41,1608263.28,1.32E+13
2019-1558-27/05/2021,2 Metropolitan,ROSTREVOR,5073,CC CAMPBELLTOWN.              ,2,1,0,0,1,2019,February,Monday,12:45 PM,50,Not Divided,Straight road,Slope,Not Applicable,Sealed,Dry,Not Raining,Daylight,Hit Parked Vehicle,1,Driver Rider,2: MI,No Control,,Y,1335508.13,1672992.41,1.34E+13
2019-1559-27/05/2021,2 Metropolitan,POORAKA,5095,CITY OF SALISBURY,2,2,0,0,2,2019,February,Tuesday,7:20 AM,70,Divided Road,Straight road,Level,Not Applicable,Sealed,Dry,Not Raining,Daylight,Side Swipe,2,Driver Rider,2: MI,No Control,,,1330360.76,1681819.98,1.33E+13
2019-1560-27/05/2021,2 Metropolitan,NOARLUNGA CENTRE,5168,CITY OF ONKAPARINGA,2,0,0,0,0,2019,February,Tuesday,8:55 AM,60,Divided Road,Straight road,Level,Not Applicable,Sealed,Dry,Not Raining,Daylight,Rear End,1,Driver Rider,1: PDO,No Control,,,1318836.88,1647473.88,1.32E+13
2019-1561-27/05/2021,2 Metropolitan,SEATON,5023,CITY OF CHARLES STURT,2,0,0,0,0,2019,February,Tuesday,8:30 AM,40,Not Divided,Straight road,Level,Not Applicable,Sealed,Dry,Not Raining,Daylight,Hit Parked Vehicle,1,Driver Rider,1: PDO,No Control,,,1321015.73,1673577.75,1.32E+13
2019-1562-27/05/2021,3 Country,FARRELL FLAT,5416,REGIONAL COUNCIL OF GOYDER,2,1,0,0,1,2019,February,Tuesday,7:10 AM,110,Not Divided,Straight road,Level,Not Applicable,Sealed,Dry,Not Raining,Daylight,Hit Fixed Object,1,Driver Rider,2: MI,No Control,,,1351425.6,1793268.41,1.35E+13
2019-1563-27/05/2021,3 Country,PAISLEY,5357,LOXTON WAIKERIE DISTRICT COUNCIL,2,0,0,0,0,2019,February,Tuesday,5:30 AM,110,Not Divided,Straight road,Level,Not Applicable,Sealed,Dry,Not Raining,Night,Hit Animal,2,Animal,1: PDO,No Control,,,1423484.74,1721876.22,1.42E+13
2019-1564-27/05/2021,2 Metropolitan,HENLEY BEACH,5022,CITY OF CHARLES STURT,2,0,0,0,0,2019,February,Saturday,8:30 PM,40,Cross Road,Straight road,Level,Not Applicable,Sealed,Dry,Not Raining,Night,Side Swipe,2,Driver Rider,1: PDO,Give Way Sign,,,1318817.37,1671996.21,1.32E+13
2019-1565-27/05/2021,3 Country,KEYNETON,5353,MID MURRAY DISTRICT COUNCIL,2,0,0,0,0,2019,February,Tuesday,6:30 AM,100,Not Divided,"CURVED, VIEW OPEN",Level,Not Applicable,Sealed,Dry,Not Raining,Night,Hit Animal,2,Animal,1: PDO,No Control,,,1380534.36,1708251.73,1.38E+13
2019-1566-27/05/2021,3 Country,TANUNDA,5352,THE BAROSSA COUNCIL.,3,0,0,0,0,2019,February,Monday,4:00 PM,80,Not Divided,Straight road,Level,Not Applicable,Sealed,Dry,Not Raining,Daylight,Hit Object on Road,1,Driver Rider,1: PDO,No Control,,,1365188.49,1716376.26,1.37E+13
2019-1567-27/05/2021,2 Metropolitan,SALISBURY,5108,CITY OF SALISBURY,2,0,0,0,0,2019,February,Thursday,7:40 AM,60,Divided Road,Straight road,Level,Not Applicable,Sealed,Dry,Not Raining,Daylight,Rear End,2,Driver Rider,1: PDO,No Control,,,1332452.39,1688077.82,1.33E+13
2019-1568-27/05/2021,2 Metropolitan,CLARENCE GARDENS,5039,CC MITCHAM.                   ,2,0,0,0,0,2019,February,Tuesday,9:00 AM,60,Divided Road,Straight road,Level,Not Applicable,Sealed,Dry,Not Raining,Daylight,Rear End,2,Driver Rider,1: PDO,No Control,,,1325916.2,1664981.72,1.33E+13
2019-1569-27/05/2021,2 Metropolitan,TORRENSVILLE,5031,CITY OF WEST TORRENS,2,0,0,0,0,2019,June,Monday,5:20 PM,50,T-Junction,Straight road,Level,Not Applicable,Sealed,Dry,Not Raining,Night,Rear End,1,Driver Rider,1: PDO,No Control,,,1324579.34,1672025.69,1.32E+13
2019-1570-27/05/2021,2 Metropolitan,ELIZABETH SOUTH,5112,CITY OF PLAYFORD.,2,1,0,0,1,2019,February,Tuesday,6:00 AM,60,Cross Road,Straight road,Level,Not Applicable,Sealed,Dry,Not Raining,Night,Right Angle,2,Driver Rider,2: MI,Traffic Signals,,,1334568.88,1691271.22,1.33E+13
2019-1571-27/05/2021,2 Metropolitan,ECHUNGA,5153,DC MT.BARKER.                 ,2,0,0,0,0,2019,February,Tuesday,1:35 PM,100,T-Junction,Straight road,Slope,Not Applicable,Sealed,Dry,Not Raining,Daylight,Rear End,2,Driver Rider,1: PDO,Give Way Sign,,,1345370.65,1648747.3,1.35E+13
2019-1572-27/05/2021,2 Metropolitan,SALISBURY PLAIN,5109,CITY OF SALISBURY,2,0,0,0,0,2019,February,Tuesday,3:06 PM,60,Not Divided,Straight road,Level,Driveway or Entrance,Sealed,Dry,Not Raining,Daylight,Side Swipe,2,Driver Rider,1: PDO,No Control,,,1334837.29,1687531.13,1.33E+13
2019-1573-27/05/2021,2 Metropolitan,MODBURY,5092,CITY OF TEA TREE GULLY,2,0,0,0,0,2019,February,Tuesday,3:40 PM,60,Divided Road,Straight road,Level,Not Applicable,Sealed,Dry,Not Raining,Daylight,Side Swipe,2,Driver Rider,1: PDO,No Control,,,1337182.7,1680636.54,1.34E+13
2019-1574-27/05/2021,2 Metropolitan,GLENELG NORTH,5045,CITY OF WEST TORRENS,3,0,0,0,0,2019,February,Tuesday,3:48 PM,60,Divided Road,"CURVED, VIEW OPEN",Crest of Hill,Not Applicable,Sealed,Dry,Not Raining,Daylight,Hit Fixed Object,1,Driver Rider,1: PDO,No Control,,,1320759.88,1666915.34,1.32E+13
2019-1575-27/05/2021,2 Metropolitan,MILE END SOUTH,5031,CITY OF WEST TORRENS,2,0,0,0,0,2019,February,Tuesday,3:25 PM,60,T-Junction,Straight road,Level,Not Applicable,Sealed,Dry,Not Raining,Daylight,Rear End,2,Driver Rider,1: PDO,No Control,,,1326376.74,1669477.09,1.33E+13
2019-1576-27/05/2021,2 Metropolitan,THEBARTON,5031,CITY OF WEST TORRENS,4,0,0,0,0,2019,February,Tuesday,5:00 PM,60,Divided Road,Straight road,Level,Not Applicable,Sealed,Dry,Not Raining,Daylight,Rear End,1,Driver Rider,1: PDO,No Control,,,1326518.68,1672033.57,1.33E+13
2019-1577-27/05/2021,2 Metropolitan,O'HALLORAN HILL,5158,CC MARION.                    ,2,0,0,0,0,2019,February,Tuesday,4:35 PM,100,Freeway,Straight road,Level,Not Applicable,Sealed,Dry,Not Raining,Daylight,Rear End,2,Driver Rider,1: PDO,No Control,,,1323008.96,1655659.11,1.32E+13
2019-1578-27/05/2021,3 Country,WHYALLA NORRIE,5608,CC WHYALLA.                   ,2,0,0,0,0,2019,February,Tuesday,3:50 PM,60,T-Junction,Straight road,Level,Not Applicable,Sealed,Dry,Not Raining,Daylight,Right Turn,1,Driver Rider,1: PDO,No Control,,,1235731.13,1885127,1.24E+13
2019-1579-27/05/2021,2 Metropolitan,WATERLOO CORNER,5110,CITY OF SALISBURY,2,0,0,0,0,2019,February,Tuesday,4:30 PM,90,Divided Road,Straight road,Level,Not Applicable,Sealed,Dry,Not Raining,Daylight,Side Swipe,2,Driver Rider,1: PDO,No Control,,,1327293.81,1693393.55,1.33E+13
2019-1580-27/05/2021,2 Metropolitan,ELIZABETH VALE,5112,CITY OF PLAYFORD.,3,1,0,0,1,2019,February,Tuesday,5:25 PM,80,Divided Road,Straight road,Level,Not Applicable,Sealed,Dry,Not Raining,Daylight,Rear End,1,Driver Rider,2: MI,No Control,,,1336130.39,1690642.98,1.34E+13
2019-1581-27/05/2021,2 Metropolitan,ASCOT PARK,5043,CC MARION.                    ,3,0,0,0,0,2019,February,Tuesday,5:25 PM,60,Divided Road,Straight road,Level,Not Applicable,Sealed,Dry,Not Raining,Daylight,Rear End,1,Driver Rider,1: PDO,No Control,,,1324327.27,1663483.39,1.32E+13
2019-1582-27/05/2021,2 Metropolitan,ELIZABETH SOUTH,5112,CITY OF PLAYFORD.,2,0,0,0,0,2019,February,Tuesday,6:10 PM,60,T-Junction,Straight road,Level,Not Applicable,Sealed,Dry,Not Raining,Daylight,Hit Object on Road,1,Driver Rider,1: PDO,No Control,,,1334409.43,1690569.36,1.33E+13
2019-1583-27/05/2021,3 Country,INMAN VALLEY,5211,DC YANKALILLA.                ,1,1,0,0,1,2019,February,Tuesday,6:30 PM,100,Not Divided,"CURVED, VIEW OBSCURED",Slope,Not Applicable,Unsealed,Dry,Not Raining,Daylight,Roll Over,1,Driver Rider,2: MI,No Control,,,1314133.85,1613205.77,1.31E+13
2019-1584-27/05/2021,2 Metropolitan,EDWARDSTOWN,5039,CC MARION.                    ,2,0,0,0,0,2019,February,Tuesday,9:40 AM,60,Divided Road,Straight road,Level,Not Applicable,Sealed,Dry,Not Raining,Daylight,Rear End,1,Driver Rider,1: PDO,No Control,,,1325953.41,1663384.59,1.33E+13
2019-1585-27/05/2021,2 Metropolitan,FELIXSTOW,5070,"CC OF NORWOOD,PAYNEHAM & ST PETERS",2,1,0,0,1,2019,February,Tuesday,2:30 PM,60,T-Junction,Straight road,Level,Not Applicable,Sealed,Dry,Not Raining,Daylight,Rear End,2,Driver Rider,2: MI,Stop Sign,,,1333039.08,1674194.29,1.33E+13
2019-1586-27/05/2021,3 Country,MURRAY BRIDGE,5253,RC MURRAY BRIDGE.             ,2,0,0,0,0,2019,February,Tuesday,7:00 PM,50,Not Divided,Straight road,Level,Driveway or Entrance,Sealed,Dry,Not Raining,Daylight,Rear End,2,Driver Rider,1: PDO,No Control,,,1388360.97,1646589.64,1.39E+13
2019-1587-27/05/2021,1 City,ADELAIDE,5000,CITY OF ADELAIDE,2,1,0,0,1,2019,February,Tuesday,7:35 PM,50,Divided Road,Straight road,Level,Not Applicable,Sealed,Dry,Not Raining,Daylight,Hit Fixed Object,1,Driver Rider,2: MI,No Control,,,1327727.45,1670800.03,1.33E+13
2019-1588-27/05/2021,2 Metropolitan,HAWTHORNDENE,5051,CC MITCHAM.                   ,2,0,0,0,0,2019,February,Tuesday,11:56 PM,50,T-Junction,Straight road,Bottom of Hill,Not Applicable,Sealed,Dry,Not Raining,Night,Hit Fixed Object,1,Driver Rider,1: PDO,No Control,,,1330298.98,1660501.63,1.33E+13
2019-1589-27/05/2021,3 Country,MERRITON,5523,PT.PIRIE CITY & DIST. COUNCIL ,1,1,0,1,0,2019,February,Wednesday,12:01 AM,40,Not Divided,"CURVED, VIEW OBSCURED",Slope,Roadworks,Sealed,Dry,Not Raining,Night,Left Road - Out of Control,1,Driver Rider,3: SI,No Control,,,1292505.63,1836846.82,1.29E+13
2019-1590-27/05/2021,2 Metropolitan,PROSPECT,5082,CITY OF PROSPECT,2,2,0,0,2,2019,February,Wednesday,5:20 AM,60,Cross Road,Straight road,Level,Not Applicable,Sealed,Dry,Not Raining,Night,Right Turn,2,Driver Rider,2: MI,Traffic Signals,,,1328862.6,1676432.75,1.33E+13
2019-1591-27/05/2021,3 Country,YOUNGHUSBAND,5238,MID MURRAY DISTRICT COUNCIL,2,0,0,0,0,2019,February,Wednesday,6:30 AM,100,Not Divided,"CURVED, VIEW OPEN",Level,Not Applicable,Sealed,Dry,Not Raining,Night,Hit Fixed Object,1,Driver Rider,1: PDO,No Control,Y,,1400242.49,1673721.71,1.40E+13
2019-1592-27/05/2021,2 Metropolitan,MAWSON LAKES,5095,CITY OF SALISBURY,2,0,0,0,0,2019,February,Wednesday,8:15 AM,60,T-Junction,Straight road,Level,Not Applicable,Sealed,Dry,Not Raining,Daylight,Right Angle,2,Driver Rider,1: PDO,Give Way Sign,,,1329157.81,1684834.48,1.33E+13
2019-1593-27/05/2021,2 Metropolitan,ENFIELD,5085,CITY OF PORT ADELAIDE ENFIELD,2,1,0,0,1,2019,February,Wednesday,8:30 AM,60,T-Junction,Straight road,Level,Not Applicable,Sealed,Dry,Not Raining,Daylight,Right Angle,1,Driver Rider,2: MI,No Control,,,1329344.72,1679278.76,1.33E+13
2019-1594-27/05/2021,2 Metropolitan,REYNELLA EAST,5161,CITY OF ONKAPARINGA,2,0,0,0,0,2019,February,Tuesday,3:10 PM,50,Not Divided,Straight road,Level,Not Applicable,Sealed,Dry,Not Raining,Daylight,Side Swipe,1,Driver Rider,1: PDO,No Control,,,1323757.27,1652514.24,1.32E+13
2019-1595-27/05/2021,2 Metropolitan,MEDINDIE,5081,WALKERVILLE TOWN COUNCIL,2,0,0,0,0,2019,February,Wednesday,8:57 AM,60,T-Junction,Straight road,Slope,Not Applicable,Sealed,Dry,Not Raining,Daylight,Right Angle,2,Driver Rider,1: PDO,No Control,,,1329461.78,1673999.12,1.33E+13
2019-1596-27/05/2021,2 Metropolitan,PARALOWIE,5108,CITY OF SALISBURY,2,1,0,0,1,2019,February,Wednesday,12:10 PM,60,Not Divided,Straight road,Level,Driveway or Entrance,Sealed,Dry,Not Raining,Daylight,Rear End,2,Driver Rider,2: MI,No Control,,,1329794.98,1688483.33,1.33E+13
2019-1597-27/05/2021,2 Metropolitan,TORRENSVILLE,5031,CITY OF WEST TORRENS,2,0,0,0,0,2019,February,Wednesday,10:40 AM,50,Divided Road,Straight road,Level,Not Applicable,Sealed,Dry,Not Raining,Daylight,Hit Pedestrian,1,Pedestrian,1: PDO,No Control,,,1325119.55,1670973.94,1.33E+13
2019-1598-27/05/2021,3 Country,STREAKY BAY,5680,DC STREAKY BAY.               ,2,0,0,0,0,2019,February,Wednesday,8:00 AM,110,Not Divided,"CURVED, VIEW OPEN",Level,Not Applicable,Sealed,Dry,Not Raining,Daylight,Hit Animal,2,Animal,1: PDO,No Control,,,949854.53,1895927.71,9.50E+12
2019-1599-27/05/2021,2 Metropolitan,GLENELG NORTH,5045,CITY OF HOLDFAST BAY,2,1,0,1,0,2019,January,Saturday,12:30 PM,40,T-Junction,Straight road,Level,Driveway or Entrance,Sealed,Dry,Not Raining,Daylight,Side Swipe,2,Driver Rider,3: SI,Give Way Sign,,,1320246.15,1665651.63,1.32E+13
2019-1600-27/05/2021,2 Metropolitan,VIRGINIA,5120,CITY OF PLAYFORD.,2,0,0,0,0,2019,February,Wednesday,12:30 PM,80,Not Divided,Straight road,Level,Driveway or Entrance,Sealed,Dry,Not Raining,Daylight,Right Angle,2,Driver Rider,1: PDO,No Control,,,1327870.07,1699511.65,1.33E+13
2019-1601-27/05/2021,2 Metropolitan,BEAUMONT,5066,CITY OF BURNSIDE,2,1,0,0,1,2019,February,Tuesday,2:00 PM,50,Cross Road,"CURVED, VIEW OPEN",Level,Not Applicable,Sealed,Dry,Not Raining,Daylight,Right Angle,2,Driver Rider,2: MI,Roundabout,,,1333184.09,1667441.29,1.33E+13
2019-1602-27/05/2021,2 Metropolitan,PROSPECT,5082,CITY OF PROSPECT,2,1,0,0,1,2019,February,Tuesday,7:40 AM,60,Not Divided,Straight road,Level,Not Applicable,Sealed,Dry,Not Raining,Daylight,Rear End,2,Driver Rider,2: MI,No Control,,,1327259.9,1675485.1,1.33E+13
2019-1603-27/05/2021,3 Country,KADINA,5554,COPPER COAST DISTRICT COUNCIL,2,1,0,0,1,2019,February,Tuesday,3:30 PM,60,Multiple,Straight road,Level,Not Applicable,Sealed,Dry,Not Raining,Daylight,Right Angle,1,Driver Rider,2: MI,Roundabout,,,1249885.85,1779546.26,1.25E+13
2019-1604-27/05/2021,2 Metropolitan,GREEN FIELDS,5107,CITY OF SALISBURY,2,0,0,0,0,2019,February,Wednesday,2:05 PM,80,T-Junction,Straight road,Level,Not Applicable,Sealed,Dry,Not Raining,Daylight,Rear End,1,Driver Rider,1: PDO,Traffic Signals,,,1328689.4,1685255.52,1.33E+13
2019-1605-27/05/2021,2 Metropolitan,PORT NOARLUNGA,5167,CITY OF ONKAPARINGA,2,0,0,0,0,2019,February,Wednesday,12:31 PM,60,Divided Road,"CURVED, VIEW OPEN",Level,Not Applicable,Sealed,Dry,Not Raining,Daylight,Side Swipe,1,Driver Rider,1: PDO,No Control,,,1316379.46,1646483.28,1.32E+13
2019-1606-27/05/2021,2 Metropolitan,PROSPECT,5082,CITY OF PROSPECT,2,1,0,0,1,2019,February,Wednesday,2:36 PM,60,T-Junction,Straight road,Level,Not Applicable,Sealed,Dry,Not Raining,Daylight,Right Turn,1,Driver Rider,2: MI,No Control,,,1328705.93,1674031.9,1.33E+13
2019-1607-27/05/2021,2 Metropolitan,SALISBURY,5108,CITY OF SALISBURY,2,1,0,0,1,2019,February,Wednesday,3:00 PM,60,T-Junction,Straight road,Level,Not Applicable,Sealed,Dry,Not Raining,Daylight,Right Angle,1,Driver Rider,2: MI,Give Way Sign,,,1332728.57,1688571.7,1.33E+13
2019-1608-27/05/2021,2 Metropolitan,POORAKA,5095,CITY OF SALISBURY,2,0,0,0,0,2019,February,Tuesday,4:00 PM,50,Not Divided,Straight road,Level,Not Applicable,Sealed,Dry,Not Raining,Daylight,Hit Parked Vehicle,2,Driver Rider,1: PDO,No Control,,,1330658.62,1681294.72,1.33E+13
2019-1609-27/05/2021,2 Metropolitan,PAYNEHAM,5070,"CC OF NORWOOD,PAYNEHAM & ST PETERS",2,0,0,0,0,2019,February,Wednesday,3:30 PM,60,Divided Road,Straight road,Level,Not Applicable,Sealed,Dry,Not Raining,Daylight,Side Swipe,2,Driver Rider,1: PDO,No Control,,,1332178.15,1673720.46,1.33E+13
2019-1610-27/05/2021,2 Metropolitan,GEPPS CROSS,5094,CITY OF PORT ADELAIDE ENFIELD,3,0,0,0,0,2019,May,Tuesday,7:30 PM,60,Divided Road,Straight road,Slope,Not Applicable,Sealed,Dry,Not Raining,Night,Hit Fixed Object,1,Driver Rider,1: PDO,No Control,,,1329905.92,1679308.52,1.33E+13
2019-1611-27/05/2021,2 Metropolitan,BLAIR ATHOL,5084,CITY OF PORT ADELAIDE ENFIELD,2,0,0,0,0,2019,February,Wednesday,4:20 PM,50,T-Junction,Straight road,Level,Not Applicable,Sealed,Dry,Not Raining,Daylight,Right Angle,1,Driver Rider,1: PDO,No Control,,,1328032.12,1677878.7,1.33E+13
2019-1612-27/05/2021,2 Metropolitan,PARK HOLME,5043,CC MARION.                    ,2,1,0,0,1,2019,February,Wednesday,5:00 PM,60,Cross Road,Straight road,Level,Not Applicable,Sealed,Dry,Not Raining,Daylight,Rear End,2,Driver Rider,2: MI,Traffic Signals,,,1324312.05,1664025.1,1.32E+13
2019-1613-27/05/2021,2 Metropolitan,FINDON,5023,CITY OF CHARLES STURT,3,2,0,0,2,2019,February,Wednesday,4:49 PM,60,T-Junction,Straight road,Level,Not Applicable,Sealed,Dry,Not Raining,Daylight,Rear End,1,Driver Rider,2: MI,No Control,,,1323806.21,1673160.7,1.32E+13
2019-1614-27/05/2021,2 Metropolitan,COROMANDEL VALLEY,5051,CITY OF ONKAPARINGA,3,1,0,0,1,2019,February,Wednesday,4:58 PM,50,T-Junction,"CURVED, VIEW OPEN",Bottom of Hill,Not Applicable,Sealed,Dry,Not Raining,Daylight,Hit Fixed Object,1,Driver Rider,2: MI,No Control,,,1329350.72,1657133.21,1.33E+13
2019-1615-27/05/2021,2 Metropolitan,MYRTLE BANK,5064,CITY OF UNLEY,4,3,0,0,3,2019,February,Wednesday,5:25 PM,60,T-Junction,Straight road,Level,Not Applicable,Sealed,Dry,Not Raining,Daylight,Rear End,1,Driver Rider,2: MI,No Control,,,1331882.99,1666324.51,1.33E+13
2019-1616-27/05/2021,2 Metropolitan,PARALOWIE,5108,CITY OF SALISBURY,2,1,0,0,1,2019,February,Wednesday,5:50 PM,50,T-Junction,Straight road,Level,Not Applicable,Sealed,Dry,Not Raining,Daylight,Right Turn,1,Driver Rider,2: MI,No Control,Y,,1329227.42,1689264.14,1.33E+13
2019-1617-27/05/2021,2 Metropolitan,MEDINDIE,5081,WALKERVILLE TOWN COUNCIL,2,0,0,0,0,2019,February,Wednesday,5:45 PM,50,T-Junction,Straight road,Level,Not Applicable,Sealed,Dry,Not Raining,Daylight,Right Angle,2,Driver Rider,1: PDO,Give Way Sign,,,1328972.25,1673468.01,1.33E+13
2019-1618-27/05/2021,2 Metropolitan,DARLINGTON,5047,CITY OF ONKAPARINGA,2,1,0,0,1,2019,February,Tuesday,9:00 PM,70,Cross Road,"CURVED, VIEW OPEN",Level,Not Applicable,Sealed,Dry,Not Raining,Night,Side Swipe,2,Driver Rider,2: MI,Traffic Signals,,,1324432.96,1659694.42,1.32E+13
2019-1619-27/05/2021,2 Metropolitan,GAWLER SOUTH,5118,CT GAWLER.                    ,2,0,0,0,0,2019,February,Wednesday,4:15 PM,50,Cross Road,Straight road,Level,Not Applicable,Sealed,Dry,Not Raining,Daylight,Right Angle,1,Driver Rider,1: PDO,Roundabout,,,1342934.62,1705594.27,1.34E+13
2019-1620-27/05/2021,2 Metropolitan,GILBERTON,5081,WALKERVILLE TOWN COUNCIL,2,1,0,1,0,2019,February,Monday,4:55 PM,50,T-Junction,Straight road,Level,Not Applicable,Sealed,Dry,Not Raining,Daylight,Right Angle,1,Driver Rider,3: SI,No Control,,,1329786.61,1673641.88,1.33E+13
2019-1621-27/05/2021,2 Metropolitan,EVANSTON GARDENS,5116,CT GAWLER.                    ,2,0,0,0,0,2019,February,Wednesday,7:30 PM,80,Not Divided,Straight road,Level,Driveway or Entrance,Sealed,Dry,Not Raining,Daylight,Rear End,2,Driver Rider,1: PDO,No Control,,,1339423.06,1703275.18,1.34E+13
2019-1622-27/05/2021,2 Metropolitan,ROSE PARK,5067,CITY OF BURNSIDE,2,0,0,0,0,2019,February,Tuesday,7:05 PM,60,T-Junction,Straight road,Level,Not Applicable,Sealed,Dry,Not Raining,Daylight,Rear End,2,Driver Rider,1: PDO,No Control,,,1330656.15,1670127.6,1.33E+13
2019-1623-27/05/2021,3 Country,MIL-LEL,5291,DISTRICT COUNCIL OF GRANT,1,0,0,0,0,2019,February,Wednesday,7:50 PM,100,Cross Road,Straight road,Level,Not Applicable,Unsealed,Dry,Not Raining,Daylight,Roll Over,1,Driver Rider,1: PDO,No Control,,,1517740.48,1343746.3,1.52E+13
2019-1624-27/05/2021,2 Metropolitan,PARAFIELD GARDENS,5107,CITY OF SALISBURY,2,0,0,0,0,2019,February,Wednesday,2:20 PM,50,T-Junction,Straight road,Level,Not Applicable,Sealed,Dry,Not Raining,Daylight,Hit Fixed Object,1,Driver Rider,1: PDO,No Control,,,1330454.89,1685069.66,1.33E+13
2019-1625-27/05/2021,2 Metropolitan,BROADVIEW,5083,CITY OF PORT ADELAIDE ENFIELD,2,0,0,0,0,2019,February,Tuesday,5:50 PM,60,Divided Road,Straight road,Level,Not Applicable,Sealed,Dry,Not Raining,Daylight,Rear End,2,Driver Rider,1: PDO,No Control,,,1330444.05,1676377.85,1.33E+13
2019-1626-27/05/2021,2 Metropolitan,ALDINGA,5173,CITY OF ONKAPARINGA,3,0,0,0,0,2019,February,Thursday,4:50 AM,90,Divided Road,Straight road,Slope,Not Applicable,Sealed,Dry,Not Raining,Night,Hit Fixed Object,1,Driver Rider,1: PDO,No Control,,,1317070.58,1633560.28,1.32E+13
2019-1627-27/05/2021,2 Metropolitan,GREEN FIELDS,5107,CITY OF SALISBURY,2,2,0,0,2,2019,February,Thursday,6:50 AM,70,T-Junction,Straight road,Level,Not Applicable,Sealed,Dry,Not Raining,Night,Rear End,1,Driver Rider,2: MI,Traffic Signals,,,1328689.4,1685255.52,1.33E+13
2019-1628-27/05/2021,2 Metropolitan,FITZROY,5082,CITY OF PROSPECT,2,1,1,0,0,2019,February,Thursday,2:00 AM,40,Cross Road,Straight road,Level,Not Applicable,Sealed,Dry,Not Raining,Night,Hit Fixed Object,1,Driver Rider,4: Fatal,Roundabout,Y,,1327715.1,1673916.13,1.33E+13
2019-1629-27/05/2021,2 Metropolitan,ENFIELD,5085,CITY OF PORT ADELAIDE ENFIELD,2,1,0,1,0,2019,February,Thursday,8:20 AM,60,T-Junction,Straight road,Slope,Not Applicable,Sealed,Dry,Not Raining,Daylight,Right Turn,2,Driver Rider,3: SI,No Control,,,1329344.72,1679278.76,1.33E+13
2019-1630-27/05/2021,2 Metropolitan,ELIZABETH EAST,5112,CITY OF PLAYFORD.,3,0,0,0,0,2019,February,Thursday,8:50 AM,50,Not Divided,"CURVED, VIEW OPEN",Level,Not Applicable,Sealed,Dry,Not Raining,Daylight,Hit Fixed Object,1,Driver Rider,1: PDO,No Control,,,1336816.62,1692708.22,1.34E+13
2019-1631-27/05/2021,2 Metropolitan,WAYVILLE,5034,CITY OF UNLEY,2,0,0,0,0,2019,February,Thursday,9:20 AM,60,T-Junction,Straight road,Level,Not Applicable,Sealed,Dry,Not Raining,Daylight,Right Angle,1,Driver Rider,1: PDO,No Control,,,1327440.06,1668517.65,1.33E+13
2019-1632-27/05/2021,2 Metropolitan,GREENACRES,5086,CITY OF PORT ADELAIDE ENFIELD,2,1,0,0,1,2019,February,Wednesday,5:15 PM,60,Divided Road,Straight road,Level,Not Applicable,Sealed,Dry,Not Raining,Daylight,Side Swipe,2,Driver Rider,2: MI,No Control,,,1330449.84,1676582.69,1.33E+13
2019-1633-27/05/2021,2 Metropolitan,PENFIELD,5121,CITY OF PLAYFORD.,2,0,0,0,0,2019,February,Thursday,9:00 AM,80,Multiple,"CURVED, VIEW OPEN",Level,Not Applicable,Sealed,Dry,Not Raining,Daylight,Right Angle,1,Driver Rider,1: PDO,Roundabout,,,1331401.54,1697660.52,1.33E+13
2019-1634-27/05/2021,2 Metropolitan,MOUNT BARKER,5251,DC MT.BARKER.                 ,2,1,0,0,1,2019,February,Thursday,10:40 AM,50,Cross Road,"CURVED, VIEW OBSCURED",Level,Not Applicable,Sealed,Dry,Not Raining,Daylight,Right Angle,1,Driver Rider,2: MI,Give Way Sign,,,1351805.3,1654191.41,1.35E+13