REPORT_ID,Stats Area,Suburb,Postcode,LGA Name,Total Units,Total Cas,Total Fats,Total SI,Total MI,Year,Month,Day,Time,Area Speed,Position Type,Horizontal Align,Vertical Align,Other Feat,Road Surface,Moisture Cond,Weather Cond,DayNight,Crash Type,Unit Resp,Entity Code,CSEF Severity,Traffic Ctrls,DUI Involved,Drugs Involved,ACCLOC_X,ACCLOC_Y,UNIQUE_LOC
2019-2126-27/05/2021,1 City,ADELAIDE,5000,CITY OF ADELAIDE,2,1,0,0,1,2019,March,Wednesday,8:10 AM,60,Cross Road,Straight road,Level,Not Applicable,Sealed,Dry,Not Raining,Daylight,Side Swipe,2,Driver Rider,2: MI,Traffic Signals,,,1327373.09,1670811.81,1.33E+13
2019-2127-27/05/2021,3 Country,MOUNT JAGGED,5211,ALEXANDRINA COUNCIL,2,0,0,0,0,2019,March,Tuesday,12:57 PM,100,Not Divided,"CURVED, VIEW OBSCURED",Slope,Not Applicable,Sealed,Dry,Not Raining,Daylight,Hit Fixed Object,1,Driver Rider,1: PDO,No Control,,,1331213.74,1611034.19,1.33E+13
2019-2128-27/05/2021,2 Metropolitan,WALKERVILLE,5081,WALKERVILLE TOWN COUNCIL,2,0,0,0,0,2019,March,Wednesday,8:40 AM,60,T-Junction,Straight road,Level,Not Applicable,Sealed,Dry,Not Raining,Daylight,Side Swipe,2,Driver Rider,1: PDO,Give Way Sign,,,1330230.65,1675002.09,1.33E+13
2019-2129-27/05/2021,2 Metropolitan,OSBORNE,5017,CITY OF PORT ADELAIDE ENFIELD,2,0,0,0,0,2019,March,Saturday,8:45 PM,60,T-Junction,Straight road,Level,Not Applicable,Sealed,Dry,Not Raining,Night,Rear End,2,Driver Rider,1: PDO,No Control,,,1319076.02,1685334.67,1.32E+13
2019-2130-27/05/2021,2 Metropolitan,ECHUNGA,5153,DC MT.BARKER.                 ,2,0,0,0,0,2019,March,Wednesday,7:30 AM,80,Cross Road,Straight road,Level,Not Applicable,Sealed,Dry,Not Raining,Daylight,Rear End,2,Driver Rider,1: PDO,Give Way Sign,,,1345392.92,1649855.14,1.35E+13
2019-2131-27/05/2021,2 Metropolitan,PENFIELD GARDENS,5121,CITY OF PLAYFORD.,2,0,0,0,0,2019,March,Tuesday,5:55 PM,80,T-Junction,"CURVED, VIEW OPEN",Level,Not Applicable,Sealed,Dry,Not Raining,Daylight,Rear End,1,Driver Rider,1: PDO,Roundabout,,,1329231.12,1697471.82,1.33E+13
2019-2132-27/05/2021,2 Metropolitan,BOLIVAR,5110,CITY OF SALISBURY,2,0,0,0,0,2019,March,Wednesday,5:15 AM,90,T-Junction,Straight road,Level,Not Applicable,Sealed,Wet,Raining,Night,Hit Fixed Object,1,Driver Rider,1: PDO,Traffic Signals,,,1328471.89,1688636.97,1.33E+13
2019-2133-27/05/2021,2 Metropolitan,SEAFORD,5169,CITY OF ONKAPARINGA,2,0,0,0,0,2019,March,Wednesday,9:29 AM,50,Not Divided,Straight road,Level,Not Applicable,Sealed,Dry,Not Raining,Daylight,Hit Fixed Object,1,Driver Rider,1: PDO,No Control,,,1316270.73,1642775.31,1.32E+13
2019-2134-27/05/2021,2 Metropolitan,PARADISE,5075,CC CAMPBELLTOWN.              ,3,1,0,0,1,2019,March,Wednesday,8:00 AM,60,Divided Road,Straight road,Level,Not Applicable,Sealed,Dry,Not Raining,Daylight,Rear End,2,Driver Rider,2: MI,No Control,,,1335556.05,1676628.41,1.34E+13
2019-2135-27/05/2021,2 Metropolitan,ST PETERS,5069,"CC OF NORWOOD,PAYNEHAM & ST PETERS",2,0,0,0,0,2019,March,Wednesday,9:15 AM,60,Not Divided,Straight road,Level,Not Applicable,Sealed,Dry,Not Raining,Daylight,Side Swipe,2,Driver Rider,1: PDO,No Control,,,1330854.09,1672738.8,1.33E+13
2019-2136-27/05/2021,3 Country,MCCRACKEN,5211,DC VICTOR HARBOR.             ,2,0,0,0,0,2019,March,Wednesday,9:15 AM,60,Not Divided,Straight road,Level,Driveway or Entrance,Sealed,Dry,Not Raining,Daylight,Rear End,1,Driver Rider,1: PDO,No Control,,,1329769.41,1602984.3,1.33E+13
2019-2137-27/05/2021,2 Metropolitan,MELROSE PARK,5039,CC MITCHAM.                   ,2,1,0,0,1,2019,March,Tuesday,9:30 AM,60,Divided Road,Straight road,Level,Not Applicable,Sealed,Dry,Not Raining,Daylight,Rear End,2,Driver Rider,2: MI,No Control,,,1325929.28,1664161.81,1.33E+13
2019-2138-27/05/2021,3 Country,FINNISS,5255,ALEXANDRINA COUNCIL,2,1,0,0,1,2019,March,Wednesday,9:35 AM,100,Not Divided,"CURVED, VIEW OPEN",Level,Not Applicable,Sealed,Wet,Not Raining,Daylight,Hit Fixed Object,1,Driver Rider,2: MI,No Control,,,1351051.53,1615271.07,1.35E+13
2019-2139-27/05/2021,2 Metropolitan,MELROSE PARK,5039,CC MITCHAM.                   ,2,1,0,0,1,2019,March,Wednesday,10:43 AM,60,T-Junction,Straight road,Level,Not Applicable,Sealed,Dry,Not Raining,Daylight,Hit Pedestrian,2,Pedestrian,2: MI,No Control,,,1325922.18,1664677.97,1.33E+13
2019-2140-27/05/2021,3 Country,WILMINGTON,5485,DC MT.REMARKABLE.             ,3,1,0,0,1,2019,March,Monday,3:00 PM,110,Not Divided,Straight road,Level,Not Applicable,Sealed,Dry,Not Raining,Daylight,Hit Animal,2,Animal,2: MI,No Control,,,1290073.82,1924894.23,1.29E+13
2019-2141-27/05/2021,2 Metropolitan,STIRLING,5152,THE ADELAIDE HILLS COUNCIL,8,0,0,0,0,2019,March,Wednesday,7:30 AM,110,Freeway,Straight road,Level,Not Applicable,Sealed,Dry,Not Raining,Daylight,Side Swipe,1,Driver Rider,1: PDO,No Control,,,1339922.45,1662273.38,1.34E+13
2019-2142-27/05/2021,3 Country,MOUNT GAMBIER,5290,CC MT.GAMBIER.                ,3,0,0,0,0,2019,March,Wednesday,11:30 AM,50,Not Divided,Straight road,Level,Driveway or Entrance,Sealed,Dry,Not Raining,Daylight,Right Angle,2,Driver Rider,1: PDO,No Control,,,1510962.87,1339858.61,1.51E+13
2019-2143-27/05/2021,2 Metropolitan,WAYVILLE,5034,CITY OF UNLEY,2,1,0,0,1,2019,March,Wednesday,11:45 AM,60,Not Divided,Straight road,Level,Driveway or Entrance,Sealed,Dry,Not Raining,Daylight,Rear End,2,Driver Rider,2: MI,No Control,,,1327447.61,1668283.71,1.33E+13
2019-2144-27/05/2021,2 Metropolitan,SALISBURY EAST,5109,CITY OF SALISBURY,2,0,0,0,0,2019,March,Wednesday,11:40 AM,60,T-Junction,Straight road,Level,Not Applicable,Sealed,Dry,Not Raining,Daylight,Right Angle,2,Driver Rider,1: PDO,No Control,,,1335390.03,1686183.63,1.34E+13
2019-2145-27/05/2021,2 Metropolitan,BURTON,5110,CITY OF SALISBURY,2,0,0,0,0,2019,March,Tuesday,10:15 AM,60,Not Divided,Straight road,Level,Not Applicable,Sealed,Wet,Raining,Daylight,Hit Fixed Object,1,Driver Rider,1: PDO,No Control,,,1329587.03,1691273.54,1.33E+13
2019-2146-27/05/2021,2 Metropolitan,MITCHAM,5062,CC MITCHAM.                   ,2,1,0,0,1,2019,March,Wednesday,7:05 AM,60,Not Divided,Straight road,Slope,Not Applicable,Sealed,Dry,Not Raining,Night,Hit Animal,2,Animal,2: MI,No Control,,,1330235.64,1663958.21,1.33E+13
2019-2147-27/05/2021,3 Country,POOCHERA,5655,DC STREAKY BAY.               ,1,1,1,0,0,2019,March,Wednesday,6:45 AM,110,Not Divided,Straight road,Level,Not Applicable,Sealed,Dry,Not Raining,Night,Roll Over,1,Driver Rider,4: Fatal,No Control,,,989398.89,1918501.77,9.89E+12
2019-2148-27/05/2021,2 Metropolitan,WEST BEACH,5024,CITY OF WEST TORRENS,2,2,0,0,2,2019,March,Wednesday,1:51 PM,80,Divided Road,"CURVED, VIEW OPEN",Level,Not Applicable,Sealed,Dry,Not Raining,Daylight,Rear End,2,Driver Rider,2: MI,No Control,,,1320852.4,1667737.76,1.32E+13
2019-2149-27/05/2021,2 Metropolitan,BEDFORD PARK,5042,CC MITCHAM.                   ,2,0,0,0,0,2019,March,Wednesday,1:50 PM,60,T-Junction,Straight road,Level,Not Applicable,Sealed,Dry,Not Raining,Daylight,Side Swipe,2,Driver Rider,1: PDO,Traffic Signals,,,1325724.08,1660705.96,1.33E+13
2019-2150-27/05/2021,2 Metropolitan,MORPHETT VALE,5162,CITY OF ONKAPARINGA,2,0,0,0,0,2019,March,Wednesday,1:50 PM,60,Not Divided,Straight road,Level,Not Applicable,Sealed,Dry,Not Raining,Daylight,Right Angle,1,Driver Rider,1: PDO,No Control,,,1321960.27,1648915.83,1.32E+13
2019-2151-27/05/2021,2 Metropolitan,WELLAND,5007,CITY OF CHARLES STURT,2,0,0,0,0,2019,March,Wednesday,8:15 AM,50,Not Divided,Straight road,Level,Not Applicable,Sealed,Dry,Not Raining,Daylight,Hit Parked Vehicle,2,Driver Rider,1: PDO,No Control,,,1324714.52,1673486.41,1.32E+13
2019-2152-27/05/2021,2 Metropolitan,NORWOOD,5067,"CC OF NORWOOD,PAYNEHAM & ST PETERS",2,0,0,0,0,2019,March,Tuesday,8:30 AM,60,T-Junction,Straight road,Level,Not Applicable,Sealed,Dry,Not Raining,Daylight,Side Swipe,1,Driver Rider,1: PDO,No Control,,,1332035.24,1671756.65,1.33E+13
2019-2153-27/05/2021,2 Metropolitan,PARK HOLME,5043,CC MARION.                    ,2,1,0,0,1,2019,March,Wednesday,7:45 AM,60,Divided Road,Straight road,Level,Not Applicable,Sealed,Dry,Not Raining,Daylight,Rear End,2,Driver Rider,2: MI,No Control,,,1324152.25,1663197.9,1.32E+13
2019-2154-27/05/2021,2 Metropolitan,CHELTENHAM,5014,CITY OF CHARLES STURT,2,1,0,0,1,2019,March,Wednesday,4:29 PM,60,T-Junction,Straight road,Level,Not Applicable,Sealed,Dry,Not Raining,Daylight,Right Turn,2,Driver Rider,2: MI,No Control,,,1321424.72,1676962,1.32E+13
2019-2155-27/05/2021,2 Metropolitan,TENNYSON,5022,CITY OF CHARLES STURT,2,0,0,0,0,2019,March,Wednesday,5:05 PM,60,Cross Road,Straight road,Level,Not Applicable,Sealed,Dry,Not Raining,Daylight,Right Angle,1,Driver Rider,1: PDO,Stop Sign,,,1318466.21,1674457.11,1.32E+13
2019-2156-27/05/2021,2 Metropolitan,TAPEROO,5016,CITY OF PORT ADELAIDE ENFIELD,2,0,0,0,0,2019,March,Wednesday,3:20 PM,60,Cross Road,Straight road,Level,Not Applicable,Sealed,Dry,Not Raining,Daylight,Right Angle,2,Driver Rider,1: PDO,Give Way Sign,,,1319709.77,1683551.32,1.32E+13
2019-2157-27/05/2021,2 Metropolitan,ELIZABETH EAST,5112,CITY OF PLAYFORD.,2,5,0,0,5,2019,March,Wednesday,5:40 PM,60,T-Junction,Straight road,Level,Not Applicable,Sealed,Dry,Not Raining,Daylight,Right Turn,1,Driver Rider,2: MI,No Control,,,1336399.61,1693393.51,1.34E+13
2019-2158-27/05/2021,2 Metropolitan,ENFIELD,5085,CITY OF PORT ADELAIDE ENFIELD,4,0,0,0,0,2019,March,Wednesday,6:10 PM,60,T-Junction,Straight road,Slope,Not Applicable,Sealed,Dry,Not Raining,Daylight,Rear End,1,Driver Rider,1: PDO,No Control,,,1328854.36,1677285.23,1.33E+13
2019-2159-27/05/2021,2 Metropolitan,FELIXSTOW,5070,"CC OF NORWOOD,PAYNEHAM & ST PETERS",2,0,0,0,0,2019,March,Wednesday,6:40 PM,60,Divided Road,"CURVED, VIEW OPEN",Level,Driveway or Entrance,Sealed,Dry,Not Raining,Daylight,Side Swipe,2,Driver Rider,1: PDO,No Control,,,1333797.1,1674550.96,1.33E+13
2019-2160-27/05/2021,2 Metropolitan,PARADISE,5075,CC CAMPBELLTOWN.              ,3,0,0,0,0,2019,March,Wednesday,6:30 PM,60,Divided Road,"CURVED, VIEW OPEN",Slope,Not Applicable,Sealed,Dry,Not Raining,Daylight,Rear End,1,Driver Rider,1: PDO,No Control,,,1334404.55,1677043.35,1.33E+13
2019-2161-27/05/2021,3 Country,SELLICKS HILL,5174,DC YANKALILLA.                ,3,0,0,0,0,2019,March,Tuesday,8:35 PM,100,Not Divided,"CURVED, VIEW OPEN",Slope,Not Applicable,Sealed,Wet,Raining,Night,Hit Fixed Object,1,Driver Rider,1: PDO,No Control,Y,,1313876.28,1622279.05,1.31E+13
2019-2162-27/05/2021,2 Metropolitan,PAYNEHAM,5070,"CC OF NORWOOD,PAYNEHAM & ST PETERS",3,0,0,0,0,2019,March,Wednesday,2:00 PM,60,Cross Road,Straight road,Level,Not Applicable,Sealed,Dry,Not Raining,Daylight,Rear End,1,Driver Rider,1: PDO,Traffic Signals,,,1332176.1,1673782.43,1.33E+13
2019-2163-27/05/2021,2 Metropolitan,MALVERN,5061,CITY OF UNLEY,2,1,0,0,1,2019,March,Wednesday,5:30 PM,60,T-Junction,Straight road,Level,Not Applicable,Unsealed,Dry,Not Raining,Daylight,Right Turn,1,Driver Rider,2: MI,No Control,,,1329130.02,1666564,1.33E+13
2019-2164-27/05/2021,2 Metropolitan,BRIGHTON,5048,CITY OF HOLDFAST BAY,2,0,0,0,0,2019,March,Wednesday,10:14 AM,50,Not Divided,Straight road,Level,Not Applicable,Sealed,Dry,Not Raining,Daylight,Hit Fixed Object,1,Driver Rider,1: PDO,No Control,,,1320887.69,1661061.34,1.32E+13
2019-2165-27/05/2021,2 Metropolitan,GEPPS CROSS,5094,CITY OF PORT ADELAIDE ENFIELD,2,0,0,0,0,2019,March,Wednesday,11:20 PM,70,T-Junction,Straight road,Level,Not Applicable,Sealed,Dry,Not Raining,Night,Right Turn,2,Driver Rider,1: PDO,Traffic Signals,,,1329540.02,1680415.9,1.33E+13
2019-2166-27/05/2021,2 Metropolitan,TATACHILLA,5171,CITY OF ONKAPARINGA,2,1,0,1,0,2019,March,Thursday,5:25 AM,90,Not Divided,Straight road,Level,Not Applicable,Sealed,Dry,Not Raining,Night,Head On,1,Driver Rider,3: SI,No Control,Y,,1317688.5,1636779.33,1.32E+13
2019-2167-27/05/2021,1 City,ADELAIDE,5000,CITY OF ADELAIDE,2,0,0,0,0,2019,March,Saturday,11:00 PM,50,Not Divided,Straight road,Level,Not Applicable,Sealed,Dry,Not Raining,Night,Hit Pedestrian,2,Pedestrian,1: PDO,No Control,,,1328525.77,1671115.82,1.33E+13
2019-2168-27/05/2021,2 Metropolitan,PORT NOARLUNGA,5167,CITY OF ONKAPARINGA,2,0,0,0,0,2019,March,Thursday,7:47 AM,50,Not Divided,Straight road,Level,Not Applicable,Sealed,Dry,Not Raining,Daylight,Hit Parked Vehicle,1,Driver Rider,1: PDO,No Control,,,1315816.8,1646263.8,1.32E+13
2019-2169-27/05/2021,2 Metropolitan,FELIXSTOW,5070,"CC OF NORWOOD,PAYNEHAM & ST PETERS",3,0,0,0,0,2019,March,Thursday,8:10 AM,60,T-Junction,Straight road,Level,Not Applicable,Sealed,Dry,Not Raining,Daylight,Right Angle,1,Driver Rider,1: PDO,No Control,,,1332333.32,1674280.97,1.33E+13
2019-2170-27/05/2021,3 Country,PORT ARTHUR,5552,YORKE PENINSULA COUNCIL,1,1,0,0,1,2019,March,Wednesday,4:20 PM,80,T-Junction,"CURVED, VIEW OPEN",Slope,Not Applicable,Sealed,Dry,Not Raining,Daylight,Roll Over,1,Driver Rider,2: MI,Traffic Signals,,,1287930.19,1761652.36,1.29E+13
2019-2171-27/05/2021,1 City,ADELAIDE,5000,CITY OF ADELAIDE,2,0,0,0,0,2019,March,Wednesday,6:10 PM,40,Not Divided,Straight road,Level,Not Applicable,Sealed,Dry,Not Raining,Daylight,Side Swipe,1,Driver Rider,1: PDO,No Control,,,1329195.76,1670912.63,1.33E+13
2019-2172-27/05/2021,1 City,NORTH ADELAIDE,5006,CITY OF ADELAIDE,2,1,0,0,1,2019,March,Thursday,8:45 AM,50,Cross Road,Straight road,Slope,Not Applicable,Sealed,Dry,Not Raining,Daylight,Right Turn,2,Driver Rider,2: MI,Traffic Signals,,,1328673.37,1672674.13,1.33E+13
2019-2173-27/05/2021,2 Metropolitan,HILLCREST,5086,CITY OF PORT ADELAIDE ENFIELD,2,0,0,0,0,2019,March,Thursday,8:53 AM,50,Not Divided,"CURVED, VIEW OPEN",Level,Driveway or Entrance,Sealed,Dry,Not Raining,Daylight,Side Swipe,1,Driver Rider,1: PDO,No Control,,,1332841.49,1677468.51,1.33E+13
2019-2174-27/05/2021,2 Metropolitan,SOUTH PLYMPTON,5038,CC MARION.                    ,2,1,0,0,1,2019,March,Thursday,9:19 AM,60,T-Junction,Straight road,Level,Not Applicable,Sealed,Dry,Not Raining,Daylight,Right Turn,1,Driver Rider,2: MI,No Control,,,1324450.53,1666112.3,1.32E+13
2019-2175-27/05/2021,2 Metropolitan,GILLES PLAINS,5086,CITY OF TEA TREE GULLY,2,0,0,0,0,2019,March,Wednesday,9:35 PM,50,T-Junction,Straight road,Level,Not Applicable,Sealed,Dry,Not Raining,Night,Hit Fixed Object,1,Driver Rider,1: PDO,No Control,,,1334791.04,1678720.18,1.33E+13
2019-2176-27/05/2021,2 Metropolitan,WATERLOO CORNER,5110,CITY OF PLAYFORD.,2,0,0,0,0,2019,March,Thursday,10:00 AM,90,Divided Road,Straight road,Level,Not Applicable,Sealed,Dry,Not Raining,Daylight,Side Swipe,2,Driver Rider,1: PDO,No Control,,,1327156.76,1693960.32,1.33E+13
2019-2177-27/05/2021,2 Metropolitan,TORRENSVILLE,5031,CITY OF WEST TORRENS,2,0,0,0,0,2019,March,Thursday,9:55 AM,50,Not Divided,Straight road,Level,Not Applicable,Sealed,Dry,Not Raining,Daylight,Hit Fixed Object,1,Driver Rider,1: PDO,No Control,,,1325181.23,1671134.22,1.33E+13
2019-2178-27/05/2021,2 Metropolitan,GLENELG EAST,5045,CITY OF HOLDFAST BAY,2,1,0,0,1,2019,March,Wednesday,4:20 PM,60,Cross Road,Straight road,Level,Not Applicable,Sealed,Dry,Not Raining,Daylight,Rear End,2,Driver Rider,2: MI,Traffic Signals,,,1322637.42,1665387.9,1.32E+13
2019-2179-27/05/2021,2 Metropolitan,CHELTENHAM,5014,CITY OF CHARLES STURT,1,1,0,1,0,2019,March,Thursday,12:01 PM,40,Not Divided,Straight road,Level,Driveway or Entrance,Sealed,Dry,Not Raining,Daylight,Roll Over,1,Driver Rider,3: SI,No Control,,,1321565.79,1677614.19,1.32E+13
2019-2180-27/05/2021,3 Country,WAITPINGA,5211,DC VICTOR HARBOR.             ,2,1,0,0,1,2019,March,Thursday,11:00 AM,80,Cross Road,Straight road,Bottom of Hill,Not Applicable,Sealed,Dry,Not Raining,Daylight,Right Angle,2,Driver Rider,2: MI,Give Way Sign,,,1325143.58,1599423.38,1.33E+13
2019-2181-27/05/2021,2 Metropolitan,PROSPECT,5082,CITY OF PROSPECT,2,1,1,0,0,2019,March,Thursday,9:10 AM,60,Divided Road,Straight road,Slope,Not Applicable,Sealed,Dry,Not Raining,Daylight,Hit Pedestrian,2,Pedestrian,4: Fatal,No Control,,,1328864.3,1676822.29,1.33E+13
2019-2182-27/05/2021,2 Metropolitan,KILKENNY,5009,CITY OF CHARLES STURT,2,0,0,0,0,2019,March,Thursday,12:45 PM,60,T-Junction,"CURVED, VIEW OPEN",Level,Not Applicable,Sealed,Dry,Not Raining,Daylight,Right Angle,2,Driver Rider,1: PDO,Give Way Sign,,,1324798.82,1676344.57,1.32E+13
2019-2183-27/05/2021,2 Metropolitan,NORTHFIELD,5085,CITY OF PORT ADELAIDE ENFIELD,2,1,0,0,1,2019,March,Thursday,12:58 PM,60,Divided Road,Straight road,Level,Not Applicable,Sealed,Dry,Not Raining,Daylight,Hit Pedestrian,2,Pedestrian,2: MI,No Control,,,1330450.56,1679300.04,1.33E+13
2019-2184-27/05/2021,2 Metropolitan,SALISBURY NORTH,5108,CITY OF SALISBURY,2,1,0,0,1,2019,March,Wednesday,3:10 PM,60,T-Junction,Straight road,Level,Not Applicable,Sealed,Dry,Not Raining,Daylight,Rear End,2,Driver Rider,2: MI,No Control,,,1332365.72,1690548.48,1.33E+13
2019-2185-27/05/2021,2 Metropolitan,SOUTH PLYMPTON,5038,CC MARION.                    ,3,1,0,1,0,2019,March,Thursday,12:32 PM,60,Cross Road,Straight road,Level,Not Applicable,Sealed,Dry,Not Raining,Daylight,Right Angle,1,Driver Rider,3: SI,Traffic Signals,,Y,1324291.75,1664735.62,1.32E+13
2019-2186-27/05/2021,2 Metropolitan,SOUTH PLYMPTON,5038,CC MARION.                    ,2,1,0,0,1,2019,March,Thursday,1:23 PM,60,Cross Road,"CURVED, VIEW OPEN",Slope,Not Applicable,Sealed,Dry,Not Raining,Daylight,Rear End,2,Driver Rider,2: MI,Traffic Signals,,,1324291.75,1664735.62,1.32E+13
2019-2187-27/05/2021,3 Country,PORT NEILL,5604,DC TUMBY BAY.                 ,2,1,0,0,1,2019,March,Wednesday,5:30 PM,110,Not Divided,Straight road,Slope,Not Applicable,Sealed,Dry,Not Raining,Daylight,Hit Fixed Object,1,Driver Rider,2: MI,No Control,,,1129581.6,1775919.84,1.13E+13
2019-2188-27/05/2021,2 Metropolitan,GLENELG,5045,CITY OF HOLDFAST BAY,2,0,0,0,0,2019,March,Thursday,2:15 PM,50,Not Divided,Straight road,Level,Driveway or Entrance,Sealed,Dry,Not Raining,Daylight,Right Angle,1,Driver Rider,1: PDO,No Control,,,1320534.01,1665010.01,1.32E+13
2019-2189-27/05/2021,2 Metropolitan,GILLES PLAINS,5086,CITY OF PORT ADELAIDE ENFIELD,2,0,0,0,0,2019,March,Thursday,1:00 PM,60,T-Junction,Straight road,Level,Unknown,Sealed,Dry,Not Raining,Daylight,Side Swipe,1,Driver Rider,1: PDO,No Control,,,1334382.61,1678376.16,1.33E+13
2019-2190-27/05/2021,2 Metropolitan,BEULAH PARK,5067,"CC OF NORWOOD,PAYNEHAM & ST PETERS",2,0,0,0,0,2019,March,Thursday,12:40 PM,60,Divided Road,Straight road,Level,Not Applicable,Sealed,Dry,Not Raining,Daylight,Side Swipe,2,Driver Rider,1: PDO,No Control,,,1332249.29,1671289.84,1.33E+13
2019-2191-27/05/2021,3 Country,LOWER LIGHT,5501,DC MALLALA.                   ,2,2,0,0,2,2019,March,Thursday,2:25 PM,110,Divided Road,Straight road,Slope,"Bridge, Culvert, Causeway",Sealed,Dry,Not Raining,Daylight,Hit Fixed Object,1,Driver Rider,2: MI,No Control,,,1316625.32,1712938.12,1.32E+13
2019-2192-27/05/2021,2 Metropolitan,PORT ADELAIDE,5015,CITY OF PORT ADELAIDE ENFIELD,3,1,0,0,1,2019,March,Thursday,3:00 PM,50,Divided Road,Straight road,Level,Not Applicable,Sealed,Dry,Not Raining,Daylight,Rear End,1,Driver Rider,2: MI,No Control,,,1320431.58,1679395.53,1.32E+13
2019-2193-27/05/2021,2 Metropolitan,MARDEN,5070,"CC OF NORWOOD,PAYNEHAM & ST PETERS",2,0,0,0,0,2019,March,Thursday,1:12 PM,60,Divided Road,Straight road,Level,Driveway or Entrance,Sealed,Dry,Not Raining,Daylight,Rear End,2,Driver Rider,1: PDO,No Control,,,1331820.39,1674166.79,1.33E+13
2019-2194-27/05/2021,2 Metropolitan,GLENELG NORTH,5045,CITY OF HOLDFAST BAY,2,0,0,0,0,2019,March,Thursday,3:40 PM,60,Divided Road,Straight road,Level,Not Applicable,Sealed,Dry,Not Raining,Daylight,Side Swipe,1,Driver Rider,1: PDO,No Control,,,1321872.11,1665330.56,1.32E+13
2019-2195-27/05/2021,2 Metropolitan,MAWSON LAKES,5095,CITY OF SALISBURY,3,0,0,0,0,2019,March,Thursday,4:00 PM,70,Divided Road,Straight road,Level,Not Applicable,Sealed,Dry,Not Raining,Daylight,Rear End,1,Driver Rider,1: PDO,No Control,,,1329292.2,1684107.43,1.33E+13
2019-2196-27/05/2021,2 Metropolitan,MOUNT BARKER,5251,DC MT.BARKER.                 ,4,0,0,0,0,2019,March,Thursday,3:45 PM,60,Divided Road,Straight road,Level,Not Applicable,Sealed,Dry,Not Raining,Daylight,Rear End,1,Driver Rider,1: PDO,No Control,,,1351210.5,1654448.56,1.35E+13
2019-2197-27/05/2021,2 Metropolitan,ROYSTON PARK,5070,"CC OF NORWOOD,PAYNEHAM & ST PETERS",2,2,0,0,2,2019,March,Tuesday,4:00 PM,60,Divided Road,Straight road,Level,Not Applicable,Sealed,Dry,Not Raining,Daylight,Rear End,2,Driver Rider,2: MI,No Control,,,1332025.95,1673617.85,1.33E+13
2019-2198-27/05/2021,2 Metropolitan,PARAFIELD GARDENS,5107,CITY OF SALISBURY,2,1,0,0,1,2019,March,Thursday,4:54 PM,60,Divided Road,Straight road,Level,Not Applicable,Sealed,Dry,Not Raining,Daylight,Rear End,1,Driver Rider,2: MI,No Control,,,1330714.68,1685884.26,1.33E+13
2019-2199-27/05/2021,2 Metropolitan,DUDLEY PARK,5008,CITY OF PORT ADELAIDE ENFIELD,2,1,0,1,0,2019,March,Thursday,5:20 PM,50,Not Divided,Straight road,Level,Not Applicable,Sealed,Dry,Not Raining,Daylight,Hit Parked Vehicle,2,Driver Rider,3: SI,No Control,,,1326998.29,1675572.22,1.33E+13
2019-2200-27/05/2021,2 Metropolitan,STURT,5047,CC MARION.                    ,2,0,0,0,0,2019,March,Thursday,5:30 PM,60,T-Junction,Straight road,Level,Not Applicable,Sealed,Dry,Not Raining,Daylight,Rear End,2,Driver Rider,1: PDO,No Control,,,1323837.15,1660658.2,1.32E+13
2019-2201-27/05/2021,2 Metropolitan,BOLIVAR,5110,CITY OF SALISBURY,4,0,0,0,0,2019,March,Thursday,3:45 PM,90,Divided Road,Straight road,Level,Not Applicable,Sealed,Dry,Not Raining,Daylight,Rear End,1,Driver Rider,1: PDO,No Control,,,1328538.34,1688192.78,1.33E+13
2019-2202-27/05/2021,2 Metropolitan,SEMAPHORE,5019,CITY OF PORT ADELAIDE ENFIELD,2,0,0,0,0,2019,March,Thursday,6:00 PM,60,T-Junction,Straight road,Level,Not Applicable,Sealed,Dry,Not Raining,Daylight,Side Swipe,2,Driver Rider,1: PDO,No Control,,,1318189.05,1680535.75,1.32E+13
2019-2203-27/05/2021,2 Metropolitan,EDWARDSTOWN,5039,CC MARION.                    ,3,0,0,0,0,2019,March,Thursday,6:20 PM,50,T-Junction,Straight road,Level,Not Applicable,Sealed,Dry,Not Raining,Daylight,Hit Fixed Object,1,Driver Rider,1: PDO,No Control,,,1325471.58,1663777.5,1.33E+13
2019-2204-27/05/2021,2 Metropolitan,ALLENBY GARDENS,5009,CITY OF CHARLES STURT,2,1,0,0,1,2019,March,Thursday,8:30 AM,60,Divided Road,Straight road,Level,Not Applicable,Sealed,Dry,Not Raining,Daylight,Rear End,2,Driver Rider,2: MI,No Control,,,1324235.44,1673175.51,1.32E+13
2019-2205-27/05/2021,3 Country,TRURO,5356,MID MURRAY DISTRICT COUNCIL,2,2,1,0,1,2019,March,Thursday,5:44 PM,110,Not Divided,Straight road,Level,Not Applicable,Sealed,Dry,Not Raining,Daylight,Head On,1,Driver Rider,4: Fatal,No Control,,,1385302.26,1726912.69,1.39E+13
2019-2206-27/05/2021,2 Metropolitan,NORWOOD,5067,"CC OF NORWOOD,PAYNEHAM & ST PETERS",2,0,0,0,0,2019,March,Tuesday,11:05 AM,50,Divided Road,Straight road,Level,Not Applicable,Sealed,Dry,Not Raining,Daylight,Hit Parked Vehicle,2,Driver Rider,1: PDO,No Control,,,1332111.02,1671084.47,1.33E+13
2019-2207-27/05/2021,2 Metropolitan,HAPPY VALLEY,5159,CITY OF ONKAPARINGA,2,0,0,0,0,2019,March,Thursday,4:00 PM,50,T-Junction,Straight road,Level,Not Applicable,Sealed,Dry,Not Raining,Daylight,Right Angle,2,Driver Rider,1: PDO,Roundabout,,,1324045.15,1653740.89,1.32E+13