REPORT_ID,Stats Area,Suburb,Postcode,LGA Name,Total Units,Total Cas,Total Fats,Total SI,Total MI,Year,Month,Day,Time,Area Speed,Position Type,Horizontal Align,Vertical Align,Other Feat,Road Surface,Moisture Cond,Weather Cond,DayNight,Crash Type,Unit Resp,Entity Code,CSEF Severity,Traffic Ctrls,DUI Involved,Drugs Involved,ACCLOC_X,ACCLOC_Y,UNIQUE_LOC
2019-2208-27/05/2021,2 Metropolitan,MUNNO PARA,5115,CITY OF PLAYFORD.,2,1,0,0,1,2019,March,Thursday,4:50 PM,60,T-Junction,Straight road,Level,Not Applicable,Sealed,Dry,Not Raining,Daylight,Rear End,2,Driver Rider,2: MI,Give Way Sign,,,1336515.35,1698629.88,1.34E+13
2019-2209-27/05/2021,2 Metropolitan,GULFVIEW HEIGHTS,5096,CITY OF SALISBURY,3,0,0,0,0,2019,March,Wednesday,3:30 PM,60,Divided Road,Straight road,Level,Not Applicable,Sealed,Dry,Not Raining,Daylight,Rear End,1,Driver Rider,1: PDO,No Control,,,1334480.49,1684272.96,1.33E+13
2019-2210-27/05/2021,2 Metropolitan,WAYVILLE,5034,CITY OF UNLEY,6,0,0,0,0,2019,March,Thursday,9:05 PM,50,Not Divided,Straight road,Level,Not Applicable,Sealed,Dry,Not Raining,Night,Hit Fixed Object,1,Driver Rider,1: PDO,No Control,,,1328100.15,1668493.22,1.33E+13
2019-2211-27/05/2021,2 Metropolitan,HAMPSTEAD GARDENS,5086,CITY OF PORT ADELAIDE ENFIELD,2,0,0,0,0,2019,March,Thursday,11:30 PM,60,Divided Road,Straight road,Level,Not Applicable,Sealed,Dry,Not Raining,Night,Rear End,2,Driver Rider,1: PDO,No Control,,,1331992.23,1676523.59,1.33E+13
2019-2212-27/05/2021,2 Metropolitan,FINDON,5023,CITY OF CHARLES STURT,2,0,0,0,0,2019,March,Thursday,10:50 PM,50,T-Junction,Straight road,Level,Not Applicable,Sealed,Dry,Not Raining,Night,Hit Fixed Object,1,Driver Rider,1: PDO,No Control,,,1322135.96,1673222.07,1.32E+13
2019-2213-27/05/2021,2 Metropolitan,INGLE FARM,5098,CITY OF SALISBURY,2,0,0,0,0,2019,March,Thursday,11:54 PM,60,Cross Road,Straight road,Level,Not Applicable,Sealed,Dry,Not Raining,Night,Rear End,1,Driver Rider,1: PDO,Traffic Signals,,,1332120.96,1681780.41,1.33E+13
2019-2214-27/05/2021,2 Metropolitan,WALKERVILLE,5081,WALKERVILLE TOWN COUNCIL,2,1,0,0,1,2019,March,Friday,3:10 AM,50,T-Junction,Straight road,Level,Not Applicable,Sealed,Dry,Not Raining,Night,Hit Fixed Object,1,Driver Rider,2: MI,No Control,,,1330654.04,1674514.46,1.33E+13
2019-2215-27/05/2021,1 City,ADELAIDE,5000,CITY OF ADELAIDE,2,0,0,0,0,2019,March,Thursday,4:05 PM,50,Divided Road,Straight road,Level,Not Applicable,Sealed,Dry,Not Raining,Daylight,Side Swipe,2,Driver Rider,1: PDO,No Control,,,1329044.15,1670016.29,1.33E+13
2019-2216-27/05/2021,2 Metropolitan,SALISBURY,5108,CITY OF SALISBURY,2,0,0,0,0,2019,March,Friday,5:00 AM,50,Not Divided,Straight road,Level,Not Applicable,Sealed,Dry,Not Raining,Night,Hit Fixed Object,1,Driver Rider,1: PDO,No Control,,,1333179.92,1689712.28,1.33E+13
2019-2217-27/05/2021,2 Metropolitan,FIRLE,5070,CC CAMPBELLTOWN.              ,2,0,0,0,0,2019,February,Thursday,5:00 PM,60,Divided Road,Straight road,Level,Driveway or Entrance,Sealed,Dry,Not Raining,Daylight,Rear End,2,Driver Rider,1: PDO,No Control,,,1333832.36,1672977.15,1.33E+13
2019-2218-27/05/2021,2 Metropolitan,SEAFORD,5169,CITY OF ONKAPARINGA,2,0,0,0,0,2019,March,Thursday,8:00 PM,60,T-Junction,Straight road,Level,Not Applicable,Sealed,Dry,Not Raining,Night,Right Angle,2,Driver Rider,1: PDO,No Control,,,1315862.48,1642857.33,1.32E+13
2019-2219-27/05/2021,2 Metropolitan,GAWLER,5118,CT GAWLER.                    ,2,1,0,0,1,2019,March,Friday,9:30 AM,25,Cross Road,Straight road,Level,Roadworks,Sealed,Dry,Not Raining,Daylight,Rear End,2,Driver Rider,2: MI,Traffic Signals,,,1343262.87,1705915.87,1.34E+13
2019-2220-27/05/2021,2 Metropolitan,HENLEY BEACH SOUTH,5022,CITY OF CHARLES STURT,2,0,0,0,0,2019,March,Thursday,10:00 PM,50,Cross Road,"CURVED, VIEW OPEN",Level,Not Applicable,Sealed,Dry,Not Raining,Night,Right Angle,2,Driver Rider,1: PDO,Give Way Sign,,,1319125.61,1670999.07,1.32E+13
2019-2221-27/05/2021,2 Metropolitan,ST GEORGES,5064,CITY OF BURNSIDE,2,0,0,0,0,2019,March,Friday,8:45 AM,60,T-Junction,Straight road,Level,Not Applicable,Sealed,Dry,Not Raining,Daylight,Right Turn,2,Driver Rider,1: PDO,No Control,,,1332359.76,1667640.87,1.33E+13
2019-2222-27/05/2021,2 Metropolitan,ATHELSTONE,5076,CC CAMPBELLTOWN.              ,2,1,0,0,1,2019,March,Thursday,5:00 PM,60,T-Junction,Straight road,Level,Not Applicable,Sealed,Dry,Not Raining,Daylight,Hit Parked Vehicle,1,Driver Rider,2: MI,No Control,,,1337788.96,1676318.4,1.34E+13
2019-2223-27/05/2021,3 Country,MOUNT GAMBIER,5290,CC MT.GAMBIER.                ,2,2,0,0,2,2019,March,Friday,11:35 AM,50,Not Divided,Straight road,Level,Not Applicable,Sealed,Dry,Not Raining,Daylight,Side Swipe,1,Driver Rider,2: MI,No Control,,,1510733.08,1339904.5,1.51E+13
2019-2224-27/05/2021,1 City,ADELAIDE,5000,CITY OF ADELAIDE,2,1,0,0,1,2019,March,Tuesday,5:20 PM,50,Divided Road,Straight road,Level,Not Applicable,Sealed,Dry,Not Raining,Daylight,Side Swipe,2,Passenger,2: MI,No Control,,,1328507.75,1669662,1.33E+13
2019-2225-27/05/2021,2 Metropolitan,WATERLOO CORNER,5110,CITY OF SALISBURY,2,1,0,0,1,2019,March,Friday,8:30 AM,70,T-Junction,Straight road,Level,Not Applicable,Sealed,Dry,Not Raining,Daylight,Side Swipe,2,Driver Rider,2: MI,Roundabout,,,1328258.79,1692163.2,1.33E+13
2019-2226-27/05/2021,1 City,ADELAIDE,5000,CITY OF ADELAIDE,1,1,0,1,0,2019,February,Wednesday,8:30 PM,50,T-Junction,Straight road,Level,Not Applicable,Sealed,Dry,Not Raining,Night,Roll Over,9,Other,3: SI,No Control,,,1329294.75,1669667.24,1.33E+13
2019-2227-27/05/2021,3 Country,NARACOORTE,5271,DC NARACOORTE & LUCINDALE.,2,0,0,0,0,2019,March,Friday,1:05 PM,50,T-Junction,Straight road,Level,Not Applicable,Sealed,Dry,Not Raining,Daylight,Rear End,1,Driver Rider,1: PDO,No Control,,,1511935.93,1437305.28,1.51E+13
2019-2228-27/05/2021,2 Metropolitan,SOUTH PLYMPTON,5038,CC MARION.                    ,3,1,0,0,1,2019,March,Friday,1:20 PM,60,Cross Road,Straight road,Level,Not Applicable,Sealed,Dry,Not Raining,Daylight,Right Turn,1,Driver Rider,2: MI,Give Way Sign,,,1324256.1,1665509.09,1.32E+13
2019-2229-27/05/2021,2 Metropolitan,ATHOL PARK,5012,CITY OF CHARLES STURT,2,0,0,0,0,2019,March,Friday,12:30 PM,50,T-Junction,Straight road,Level,Not Applicable,Sealed,Dry,Not Raining,Daylight,Right Angle,2,Driver Rider,1: PDO,Give Way Sign,,,1323736.48,1678286.25,1.32E+13
2019-2230-27/05/2021,2 Metropolitan,WARRADALE,5046,CC MARION.                    ,2,0,0,0,0,2019,March,Friday,6:30 AM,60,Divided Road,Straight road,Level,Driveway or Entrance,Sealed,Dry,Not Raining,Night,Right Angle,1,Driver Rider,1: PDO,No Control,,,1321956.52,1663026.1,1.32E+13
2019-2231-27/05/2021,2 Metropolitan,KLEMZIG,5087,CITY OF PORT ADELAIDE ENFIELD,2,0,0,0,0,2019,March,Thursday,10:30 PM,50,Not Divided,Straight road,Level,Driveway or Entrance,Sealed,Dry,Not Raining,Night,Rear End,2,Driver Rider,1: PDO,No Control,,,1332550.31,1676697.78,1.33E+13
2019-2232-27/05/2021,2 Metropolitan,KURRALTA PARK,5037,CITY OF WEST TORRENS,2,0,0,0,0,2019,March,Friday,3:54 PM,60,Divided Road,Straight road,Level,Not Applicable,Sealed,Dry,Not Raining,Daylight,Side Swipe,2,Driver Rider,1: PDO,No Control,,,1325812.27,1668078.57,1.33E+13
2019-2233-27/05/2021,2 Metropolitan,PARAFIELD GARDENS,5107,CITY OF SALISBURY,2,4,0,0,4,2019,March,Friday,3:29 PM,50,Not Divided,Straight road,Level,Driveway or Entrance,Sealed,Dry,Not Raining,Daylight,Rear End,2,Driver Rider,2: MI,No Control,,,1329643.88,1686690.6,1.33E+13
2019-2234-27/05/2021,2 Metropolitan,SURREY DOWNS,5126,CITY OF TEA TREE GULLY,2,1,0,0,1,2019,March,Friday,3:15 PM,60,Divided Road,Straight road,Slope,Not Applicable,Sealed,Dry,Not Raining,Daylight,Hit Pedestrian,2,Pedestrian,2: MI,No Control,,,1338327.11,1683576.57,1.34E+13
2019-2235-27/05/2021,2 Metropolitan,VALLEY VIEW,5093,CITY OF TEA TREE GULLY,3,0,0,0,0,2019,March,Friday,3:55 PM,60,Divided Road,Straight road,Level,Median Opening (not at I/S),Sealed,Dry,Not Raining,Daylight,Rear End,1,Driver Rider,1: PDO,No Control,,,1335130.68,1679393.85,1.34E+13
2019-2236-27/05/2021,2 Metropolitan,CUMBERLAND PARK,5041,CC MITCHAM.                   ,3,0,0,0,0,2019,March,Friday,3:50 PM,60,Divided Road,Straight road,Level,Not Applicable,Sealed,Dry,Not Raining,Daylight,Hit Fixed Object,1,Driver Rider,1: PDO,No Control,,,1327357.56,1666195.12,1.33E+13
2019-2237-27/05/2021,2 Metropolitan,NEW PORT,5015,CITY OF PORT ADELAIDE ENFIELD,2,1,0,0,1,2019,March,Friday,4:20 PM,60,T-Junction,Straight road,Level,Not Applicable,Sealed,Dry,Not Raining,Daylight,Side Swipe,2,Driver Rider,2: MI,Traffic Signals,,,1319183.09,1679153.2,1.32E+13
2019-2238-27/05/2021,2 Metropolitan,ELIZABETH EAST,5112,CITY OF PLAYFORD.,2,0,0,0,0,2019,March,Friday,4:20 PM,60,Not Divided,Straight road,Level,Unknown,Sealed,Dry,Not Raining,Daylight,Rear End,2,Driver Rider,1: PDO,No Control,,,1336847.41,1692941,1.34E+13
2019-2239-27/05/2021,2 Metropolitan,WESTBOURNE PARK,5041,CC MITCHAM.                   ,2,0,0,0,0,2019,March,Friday,4:45 PM,60,Cross Road,Straight road,Level,Not Applicable,Sealed,Dry,Not Raining,Daylight,Right Turn,1,Driver Rider,1: PDO,Traffic Signals,,,1327546.38,1664994.52,1.33E+13
2019-2240-27/05/2021,2 Metropolitan,SEMAPHORE,5019,CITY OF PORT ADELAIDE ENFIELD,1,0,0,0,0,2019,March,Friday,3:15 PM,60,Cross Road,Straight road,Level,Not Applicable,Sealed,Dry,Not Raining,Daylight,Roll Over,1,Driver Rider,1: PDO,Traffic Signals,,,1318224.89,1680633.45,1.32E+13
2019-2241-27/05/2021,2 Metropolitan,WEST CROYDON,5008,CITY OF CHARLES STURT,2,1,0,0,1,2019,March,Friday,5:05 PM,60,Divided Road,Straight road,Level,Driveway or Entrance,Sealed,Dry,Not Raining,Daylight,Side Swipe,1,Driver Rider,2: MI,No Control,,,1324530.22,1674348.58,1.32E+13
2019-2242-27/05/2021,2 Metropolitan,INGLE FARM,5098,CITY OF SALISBURY,2,1,0,0,1,2019,March,Friday,6:26 PM,50,Not Divided,"CURVED, VIEW OPEN",Slope,Not Applicable,Sealed,Dry,Not Raining,Daylight,Hit Fixed Object,1,Driver Rider,2: MI,No Control,Y,Y,1332384.77,1681256.54,1.33E+13
2019-2243-27/05/2021,2 Metropolitan,EDWARDSTOWN,5039,CC MARION.                    ,2,0,0,0,0,2019,March,Friday,1:00 PM,50,Not Divided,Straight road,Level,Not Applicable,Sealed,Dry,Not Raining,Daylight,Hit Parked Vehicle,2,Driver Rider,1: PDO,No Control,,,1325453.68,1663519.34,1.33E+13
2019-2244-27/05/2021,2 Metropolitan,PAYNEHAM,5070,"CC OF NORWOOD,PAYNEHAM & ST PETERS",2,0,0,0,0,2019,March,Thursday,6:40 PM,60,Cross Road,Straight road,Level,Not Applicable,Sealed,Dry,Not Raining,Daylight,Side Swipe,2,Driver Rider,1: PDO,Traffic Signals,,,1332172.02,1673790.11,1.33E+13
2019-2245-27/05/2021,2 Metropolitan,MEADOWS,5201,DC MT.BARKER.                 ,3,0,0,0,0,2019,March,Friday,5:20 PM,100,Not Divided,Straight road,Level,Not Applicable,Sealed,Dry,Not Raining,Daylight,Rear End,1,Driver Rider,1: PDO,No Control,,,1341816.29,1643017.92,1.34E+13
2019-2246-27/05/2021,2 Metropolitan,SUMMERTOWN,5141,THE ADELAIDE HILLS COUNCIL,2,3,0,0,3,2019,March,Friday,5:20 PM,80,Not Divided,"CURVED, VIEW OPEN",Level,Not Applicable,Sealed,Dry,Not Raining,Daylight,Head On,2,Driver Rider,2: MI,No Control,,Y,1340466.1,1665356.4,1.34E+13
2019-2247-27/05/2021,2 Metropolitan,KESWICK,5035,CITY OF WEST TORRENS,2,1,0,0,1,2019,March,Friday,8:15 PM,60,Cross Road,Straight road,Level,Not Applicable,Sealed,Dry,Not Raining,Night,Right Turn,2,Driver Rider,2: MI,Traffic Signals,,,1325805.32,1668947.85,1.33E+13
2019-2248-27/05/2021,2 Metropolitan,FELIXSTOW,5070,"CC OF NORWOOD,PAYNEHAM & ST PETERS",2,0,0,0,0,2019,March,Friday,9:25 PM,50,Not Divided,"CURVED, VIEW OPEN",Level,Not Applicable,Sealed,Dry,Not Raining,Night,Hit Fixed Object,1,Driver Rider,1: PDO,No Control,,,1332848.55,1675012.48,1.33E+13
2019-2249-27/05/2021,3 Country,RENMARK,5341,DC RENMARK PARINGA            ,2,0,0,0,0,2019,March,Friday,9:40 PM,50,Cross Road,Straight road,Slope,Not Applicable,Sealed,Dry,Not Raining,Night,Right Angle,2,Driver Rider,1: PDO,Give Way Sign,,,1528696.04,1746046.23,1.53E+13
2019-2250-27/05/2021,3 Country,WILLUNGA HILL,5172,ALEXANDRINA COUNCIL,2,6,0,0,6,2019,March,Friday,5:59 PM,100,T-Junction,Straight road,Slope,Not Applicable,Sealed,Dry,Not Raining,Daylight,Head On,1,Driver Rider,2: MI,No Control,,,1325600.26,1629019.48,1.33E+13
2019-2251-27/05/2021,3 Country,WHITWARTA,5461,WAKEFIELD REGIONAL COUNCIL,1,0,0,0,0,2019,March,Friday,8:40 PM,100,T-Junction,Straight road,Slope,Not Applicable,Sealed,Dry,Not Raining,Night,Roll Over,1,Driver Rider,1: PDO,Give Way Sign,,,1305712.06,1767085.68,1.31E+13
2019-2252-27/05/2021,3 Country,LUCINDALE,5272,DC NARACOORTE & LUCINDALE.,3,0,0,0,0,2019,March,Friday,8:45 PM,100,Not Divided,Straight road,Level,Not Applicable,Sealed,Dry,Not Raining,Night,Hit Animal,2,Animal,1: PDO,No Control,,,1478433.1,1440106.19,1.48E+13
2019-2253-27/05/2021,2 Metropolitan,KANGARILLA,5157,CITY OF ONKAPARINGA,2,4,0,3,1,2019,March,Friday,9:40 PM,80,Not Divided,"CURVED, VIEW OBSCURED",Slope,Not Applicable,Sealed,Dry,Not Raining,Night,Head On,1,Driver Rider,3: SI,No Control,,Y,1335258.28,1644340.8,1.34E+13
2019-2254-27/05/2021,1 City,ADELAIDE,5000,CITY OF ADELAIDE,2,0,0,0,0,2019,March,Saturday,3:35 AM,60,Cross Road,Straight road,Level,Not Applicable,Sealed,Dry,Not Raining,Night,Hit Pedestrian,2,Pedestrian,1: PDO,Traffic Signals,,,1327395.61,1669542.05,1.33E+13
2019-2255-27/05/2021,2 Metropolitan,WEST CROYDON,5008,CITY OF CHARLES STURT,3,0,0,0,0,2019,March,Saturday,4:30 AM,60,Pedestrian Crossing,Straight road,Level,Not Applicable,Sealed,Dry,Not Raining,Night,Hit Fixed Object,1,Driver Rider,1: PDO,Traffic Signals,,,1324191.66,1674639.79,1.32E+13
2019-2256-27/05/2021,2 Metropolitan,EDINBURGH,5111,CITY OF SALISBURY,2,1,0,1,0,2019,March,Saturday,3:22 AM,60,Not Divided,Straight road,Level,Not Applicable,Sealed,Dry,Not Raining,Night,Rear End,1,Driver Rider,3: SI,No Control,Y,,1331970.51,1691626.29,1.33E+13
2019-2257-27/05/2021,2 Metropolitan,HAWTHORNDENE,5051,CC MITCHAM.                   ,2,0,0,0,0,2019,March,Saturday,4:40 AM,50,Not Divided,Straight road,Slope,Not Applicable,Sealed,Dry,Not Raining,Night,Hit Fixed Object,1,Driver Rider,1: PDO,No Control,Y,,1331303.26,1659524.16,1.33E+13
2019-2258-27/05/2021,2 Metropolitan,ROSSLYN PARK,5072,CITY OF BURNSIDE,2,0,0,0,0,2019,March,Friday,10:25 AM,60,T-Junction,Straight road,Level,Not Applicable,Sealed,Dry,Not Raining,Daylight,Right Turn,2,Driver Rider,1: PDO,No Control,,,1335018.92,1670576.99,1.34E+13
2019-2259-27/05/2021,2 Metropolitan,PROSPECT,5082,CITY OF PROSPECT,2,0,0,0,0,2019,March,Saturday,8:45 AM,60,Cross Road,Straight road,Level,Not Applicable,Sealed,Dry,Not Raining,Daylight,Right Turn,1,Driver Rider,1: PDO,Traffic Signals,,,1328862.4,1676436.07,1.33E+13
2019-2260-27/05/2021,2 Metropolitan,NORWOOD,5067,"CC OF NORWOOD,PAYNEHAM & ST PETERS",2,0,0,0,0,2019,March,Saturday,8:26 AM,60,Cross Road,Straight road,Level,Not Applicable,Sealed,Dry,Not Raining,Daylight,Right Angle,1,Driver Rider,1: PDO,Roundabout,,,1330623.32,1670361.88,1.33E+13
2019-2261-27/05/2021,2 Metropolitan,GLENGOWRIE,5044,CC MARION.                    ,2,0,0,0,0,2019,March,Saturday,8:15 AM,60,Not Divided,Straight road,Level,Driveway or Entrance,Sealed,Dry,Not Raining,Daylight,Right Angle,2,Driver Rider,1: PDO,No Control,,,1322642.56,1665153.52,1.32E+13
2019-2262-27/05/2021,2 Metropolitan,KESWICK,5035,CITY OF WEST TORRENS,2,0,0,0,0,2019,March,Saturday,8:55 AM,60,Divided Road,Straight road,Level,Not Applicable,Sealed,Dry,Not Raining,Daylight,Rear End,1,Driver Rider,1: PDO,No Control,,,1325818.04,1668517.27,1.33E+13
2019-2263-27/05/2021,2 Metropolitan,TORRENSVILLE,5031,CITY OF WEST TORRENS,2,0,0,0,0,2019,March,Friday,10:30 AM,60,Divided Road,Straight road,Level,Not Applicable,Sealed,Dry,Not Raining,Daylight,Side Swipe,1,Driver Rider,1: PDO,No Control,,,1325483.24,1671891.12,1.33E+13
2019-2264-27/05/2021,2 Metropolitan,TWO WELLS,5501,DC MALLALA.                   ,2,0,0,0,0,2019,March,Saturday,7:30 AM,80,Rail Crossing,Straight road,Level,Not Applicable,Sealed,Dry,Not Raining,Daylight,Hit Fixed Object,1,Driver Rider,1: PDO,Rail Xing - Boom,,,1323589.02,1705352.55,1.32E+13
2019-2265-27/05/2021,2 Metropolitan,HAWTHORNDENE,5051,CC MITCHAM.                   ,3,0,0,0,0,2019,March,Saturday,2:00 AM,50,Not Divided,"CURVED, VIEW OBSCURED",Crest of Hill,Not Applicable,Sealed,Dry,Not Raining,Night,Hit Fixed Object,1,Driver Rider,1: PDO,No Control,,,1330445.48,1659811.41,1.33E+13
2019-2266-27/05/2021,2 Metropolitan,HUNTFIELD HEIGHTS,5163,CITY OF ONKAPARINGA,2,1,0,0,1,2019,March,Friday,4:10 PM,60,Cross Road,Straight road,Bottom of Hill,Not Applicable,Sealed,Dry,Not Raining,Daylight,Rear End,2,Driver Rider,2: MI,Traffic Signals,,,1320882.43,1646368.02,1.32E+13
2019-2267-27/05/2021,2 Metropolitan,NOARLUNGA DOWNS,5168,CITY OF ONKAPARINGA,2,1,0,0,1,2019,March,Friday,4:56 PM,100,Freeway,Straight road,Level,Not Applicable,Sealed,Dry,Not Raining,Daylight,Rear End,1,Driver Rider,2: MI,No Control,,,1319200.83,1644871.75,1.32E+13
2019-2268-27/05/2021,2 Metropolitan,SMITHFIELD,5114,CITY OF PLAYFORD.,2,1,0,0,1,2019,March,Saturday,11:50 AM,80,Cross Road,Straight road,Level,Not Applicable,Sealed,Dry,Not Raining,Daylight,Rear End,2,Driver Rider,2: MI,Traffic Signals,,,1337639.53,1696642.01,1.34E+13
2019-2269-27/05/2021,2 Metropolitan,WOODVILLE WEST,5011,CITY OF CHARLES STURT,2,0,0,0,0,2019,March,Saturday,11:15 AM,40,Cross Road,Straight road,Level,Not Applicable,Sealed,Dry,Not Raining,Daylight,Right Angle,2,Driver Rider,1: PDO,Give Way Sign,,,1322238.29,1675973.76,1.32E+13
2019-2270-27/05/2021,2 Metropolitan,PLYMPTON,5038,CITY OF WEST TORRENS,2,0,0,0,0,2019,March,Saturday,12:33 PM,60,T-Junction,Straight road,Level,Not Applicable,Sealed,Dry,Not Raining,Daylight,Right Angle,1,Driver Rider,1: PDO,Traffic Signals,,,1324215.94,1667044.83,1.32E+13
2019-2271-27/05/2021,2 Metropolitan,ANGLE VALE,5117,CITY OF PLAYFORD.,2,0,0,0,0,2019,March,Saturday,1:21 PM,110,Freeway,"CURVED, VIEW OPEN",Level,Not Applicable,Sealed,Dry,Not Raining,Daylight,Hit Fixed Object,1,Driver Rider,1: PDO,No Control,,,1336374.73,1703878.99,1.34E+13
2019-2272-27/05/2021,2 Metropolitan,WELLAND,5007,CITY OF CHARLES STURT,2,0,0,0,0,2019,March,Saturday,1:00 PM,60,Cross Road,Straight road,Level,Not Applicable,Sealed,Dry,Not Raining,Daylight,Right Angle,2,Driver Rider,1: PDO,Give Way Sign,,,1324861.57,1673197.21,1.32E+13
2019-2273-27/05/2021,2 Metropolitan,MORPHETT VALE,5162,CITY OF ONKAPARINGA,2,0,0,0,0,2019,March,Saturday,2:00 PM,50,Divided Road,Straight road,Level,Driveway or Entrance,Sealed,Dry,Not Raining,Daylight,Right Angle,2,Driver Rider,1: PDO,No Control,,,1320744.1,1650895.44,1.32E+13
2019-2274-27/05/2021,2 Metropolitan,MUNNO PARA,5115,CITY OF PLAYFORD.,2,1,0,1,0,2019,March,Saturday,3:09 PM,50,Divided Road,Straight road,Level,Not Applicable,Sealed,Dry,Not Raining,Daylight,Hit Fixed Object,1,Driver Rider,3: SI,No Control,,Y,1337237.12,1698356.84,1.34E+13
2019-2275-27/05/2021,1 City,ADELAIDE,5000,CITY OF ADELAIDE,3,0,0,0,0,2019,March,Saturday,3:41 PM,50,Divided Road,Straight road,Level,Not Applicable,Sealed,Dry,Not Raining,Daylight,Rear End,1,Driver Rider,1: PDO,No Control,,,1328198.55,1670339.95,1.33E+13
2019-2276-27/05/2021,2 Metropolitan,KENT TOWN,5067,"CC OF NORWOOD,PAYNEHAM & ST PETERS",2,1,0,0,1,2019,March,Saturday,12:50 PM,60,T-Junction,Straight road,Level,Not Applicable,Sealed,Dry,Not Raining,Daylight,Right Angle,1,Driver Rider,2: MI,No Control,,,1329928.03,1671115.02,1.33E+13
2019-2277-27/05/2021,2 Metropolitan,CHANDLERS HILL,5159,CITY OF ONKAPARINGA,3,0,0,0,0,2019,March,Friday,4:20 PM,80,Not Divided,"CURVED, VIEW OPEN",Slope,Not Applicable,Sealed,Dry,Not Raining,Daylight,Hit Fixed Object,1,Driver Rider,1: PDO,No Control,,,1327845.71,1650647.22,1.33E+13
2019-2278-27/05/2021,2 Metropolitan,WOODVILLE NORTH,5012,CITY OF CHARLES STURT,2,0,0,0,0,2019,March,Saturday,4:39 PM,50,T-Junction,Straight road,Level,Unknown,Sealed,Dry,Not Raining,Daylight,Right Angle,2,Driver Rider,1: PDO,No Control,,,1323883.75,1676906.95,1.32E+13
2019-2279-27/05/2021,2 Metropolitan,MAYLANDS,5069,"CC OF NORWOOD,PAYNEHAM & ST PETERS",2,1,0,0,1,2019,March,Friday,4:15 PM,60,Cross Road,Straight road,Level,Not Applicable,Sealed,Dry,Not Raining,Daylight,Right Angle,2,Driver Rider,2: MI,Stop Sign,,,1332231.32,1672046.15,1.33E+13
2019-2280-27/05/2021,2 Metropolitan,ROYAL PARK,5014,CITY OF CHARLES STURT,3,0,0,0,0,2019,March,Saturday,7:15 PM,60,Cross Road,Straight road,Slope,Not Applicable,Sealed,Dry,Not Raining,Daylight,Right Angle,1,Driver Rider,1: PDO,Traffic Signals,,,1320686.56,1677665.91,1.32E+13
2019-2281-27/05/2021,2 Metropolitan,MORPHETTVILLE,5043,CC MARION.                    ,3,0,0,0,0,2019,March,Saturday,8:05 PM,50,Not Divided,Straight road,Level,Not Applicable,Sealed,Dry,Not Raining,Night,Hit Parked Vehicle,1,Driver Rider,1: PDO,No Control,,,1322861.23,1664097.7,1.32E+13
2019-2282-27/05/2021,2 Metropolitan,BROWN HILL CREEK,5062,CC MITCHAM.                   ,1,1,0,1,0,2019,March,Saturday,5:33 PM,60,Not Divided,"CURVED, VIEW OBSCURED",Slope,Not Applicable,Sealed,Dry,Not Raining,Daylight,Roll Over,1,Driver Rider,3: SI,No Control,,,1333181.82,1663403.2,1.33E+13
2019-2283-27/05/2021,2 Metropolitan,MCLAREN VALE,5171,CITY OF ONKAPARINGA,2,0,0,0,0,2019,March,Saturday,8:59 PM,50,Not Divided,Straight road,Slope,Not Applicable,Sealed,Dry,Not Raining,Night,Hit Parked Vehicle,1,Driver Rider,1: PDO,No Control,,,1322451.43,1638410.99,1.32E+13
2019-2284-27/05/2021,2 Metropolitan,ALDINGA,5173,CITY OF ONKAPARINGA,2,1,0,0,1,2019,March,Saturday,9:35 PM,90,Not Divided,Straight road,Level,Not Applicable,Sealed,Dry,Not Raining,Night,Hit Fixed Object,1,Driver Rider,2: MI,No Control,,,1317728.7,1635436.04,1.32E+13
2019-2285-27/05/2021,2 Metropolitan,ALDINGA,5173,CITY OF ONKAPARINGA,2,0,0,0,0,2019,March,Saturday,10:00 PM,60,T-Junction,Straight road,Level,Not Applicable,Sealed,Dry,Not Raining,Night,Hit Fixed Object,1,Driver Rider,1: PDO,Roundabout,Y,,1316812.99,1633134.17,1.32E+13
2019-2286-27/05/2021,2 Metropolitan,HALLETT COVE,5158,CC MARION.                    ,2,1,0,0,1,2019,March,Saturday,10:45 PM,50,Cross Road,Straight road,Level,Not Applicable,Sealed,Dry,Not Raining,Night,Right Turn,2,Driver Rider,2: MI,Traffic Signals,,,1320161.88,1654139.75,1.32E+13
2019-2287-27/05/2021,2 Metropolitan,RICHMOND,5033,CITY OF WEST TORRENS,2,1,0,0,1,2019,March,Saturday,10:20 PM,60,Cross Road,Straight road,Level,Not Applicable,Sealed,Dry,Not Raining,Night,Right Angle,2,Driver Rider,2: MI,Traffic Signals,,,1324996.68,1668923.98,1.33E+13
2019-2288-27/05/2021,3 Country,KAROONDA,5307,DC KAROONDA EAST MURRAY.      ,1,1,0,0,1,2019,March,Saturday,9:30 PM,80,T-Junction,"CURVED, VIEW OPEN",Slope,Not Applicable,Sealed,Dry,Not Raining,Night,Roll Over,1,Driver Rider,2: MI,Give Way Sign,Y,,1446506.85,1647455.36,1.45E+13
2019-2289-27/05/2021,2 Metropolitan,ALDINGA,5173,CITY OF ONKAPARINGA,2,0,0,0,0,2019,March,Saturday,11:45 PM,90,Not Divided,Straight road,Level,Not Applicable,Sealed,Dry,Not Raining,Night,Rear End,1,Driver Rider,1: PDO,No Control,,,1317733.11,1635287.21,1.32E+13