REPORT_ID,Stats Area,Suburb,Postcode,LGA Name,Total Units,Total Cas,Total Fats,Total SI,Total MI,Year,Month,Day,Time,Area Speed,Position Type,Horizontal Align,Vertical Align,Other Feat,Road Surface,Moisture Cond,Weather Cond,DayNight,Crash Type,Unit Resp,Entity Code,CSEF Severity,Traffic Ctrls,DUI Involved,Drugs Involved,ACCLOC_X,ACCLOC_Y,UNIQUE_LOC
2019-2373-27/05/2021,2 Metropolitan,SALISBURY,5108,CITY OF SALISBURY,3,0,0,0,0,2019,March,Tuesday,6:15 PM,60,T-Junction,Straight road,Slope,Not Applicable,Sealed,Dry,Not Raining,Daylight,Hit Fixed Object,1,Driver Rider,1: PDO,Stop Sign,,,1333598.3,1688752.7,1.33E+13
2019-2374-27/05/2021,2 Metropolitan,ROSEWATER,5013,CITY OF PORT ADELAIDE ENFIELD,2,1,0,0,1,2019,March,Tuesday,6:00 PM,50,Cross Road,Straight road,Level,Not Applicable,Sealed,Dry,Not Raining,Daylight,Right Angle,1,Driver Rider,2: MI,Stop Sign,,,1322010.15,1678884.87,1.32E+13
2019-2375-27/05/2021,2 Metropolitan,STIRLING,5152,THE ADELAIDE HILLS COUNCIL,2,0,0,0,0,2019,March,Monday,3:35 PM,90,Interchange,Straight road,Slope,Not Applicable,Sealed,Dry,Not Raining,Daylight,Rear End,2,Driver Rider,1: PDO,No Control,,,1338487.55,1662065.57,1.34E+13
2019-2376-27/05/2021,2 Metropolitan,GEPPS CROSS,5094,CITY OF PORT ADELAIDE ENFIELD,2,0,0,0,0,2019,March,Tuesday,6:45 PM,60,Cross Road,Straight road,Level,Not Applicable,Sealed,Dry,Not Raining,Daylight,Right Turn,2,Driver Rider,1: PDO,Traffic Signals,,,1327996.81,1679245.21,1.33E+13
2019-2377-27/05/2021,2 Metropolitan,MILE END,5031,CITY OF WEST TORRENS,2,2,0,0,2,2019,March,Tuesday,6:30 PM,60,T-Junction,Straight road,Level,Not Applicable,Sealed,Dry,Not Raining,Daylight,Right Angle,2,Driver Rider,2: MI,Traffic Signals,,,1326279.99,1670246.25,1.33E+13
2019-2378-27/05/2021,2 Metropolitan,CLOVELLY PARK,5042,CC MARION.                    ,2,1,0,0,1,2019,March,Tuesday,6:25 PM,50,Cross Road,Straight road,Level,Not Applicable,Sealed,Dry,Not Raining,Daylight,Right Angle,2,Driver Rider,2: MI,Give Way Sign,,,1325259.2,1662938.59,1.33E+13
2019-2379-27/05/2021,3 Country,TARLEE,5411,CLARE AND GILBERT VALLEYS DISTRICT COUNCIL,3,1,0,0,1,2019,March,Tuesday,5:46 PM,100,Cross Road,Straight road,Level,Not Applicable,Sealed,Dry,Not Raining,Daylight,Right Angle,2,Driver Rider,2: MI,Give Way Sign,,,1345816.67,1743046.06,1.35E+13
2019-2380-27/05/2021,2 Metropolitan,PASADENA,5042,CC MITCHAM.                   ,2,1,0,0,1,2019,March,Tuesday,5:30 PM,60,Divided Road,Straight road,Level,Not Applicable,Sealed,Dry,Not Raining,Daylight,Rear End,2,Driver Rider,2: MI,No Control,,,1327362.22,1662276.87,1.33E+13
2019-2381-27/05/2021,2 Metropolitan,SOUTH PLYMPTON,5038,CC MARION.                    ,2,0,0,0,0,2019,March,Monday,4:47 PM,60,Cross Road,Straight road,Level,Not Applicable,Sealed,Dry,Not Raining,Daylight,Right Turn,1,Driver Rider,1: PDO,Traffic Signals,,,1324247.23,1666113.9,1.32E+13
2019-2382-27/05/2021,2 Metropolitan,ABERFOYLE PARK,5159,CITY OF ONKAPARINGA,2,0,0,0,0,2019,March,Monday,6:32 PM,50,T-Junction,Straight road,Level,Not Applicable,Sealed,Dry,Not Raining,Daylight,Right Angle,2,Driver Rider,1: PDO,No Control,,,1327115.1,1654033.97,1.33E+13
2019-2383-27/05/2021,2 Metropolitan,O'HALLORAN HILL,5158,CITY OF ONKAPARINGA,2,2,0,0,2,2019,March,Monday,7:48 PM,80,T-Junction,Straight road,Level,Not Applicable,Sealed,Dry,Not Raining,Night,Right Angle,2,Driver Rider,2: MI,No Control,,,1323883.94,1655220.56,1.32E+13
2019-2384-27/05/2021,2 Metropolitan,CHANDLERS HILL,5159,CITY OF ONKAPARINGA,2,2,0,0,2,2019,March,Tuesday,5:40 PM,60,Not Divided,"CURVED, VIEW OPEN",Crest of Hill,Not Applicable,Sealed,Dry,Not Raining,Daylight,Head On,1,Driver Rider,2: MI,No Control,,Y,1329544.38,1653501.49,1.33E+13
2019-2385-27/05/2021,2 Metropolitan,MUNNO PARA WEST,5115,CITY OF PLAYFORD.,2,0,0,0,0,2019,March,Tuesday,8:55 PM,50,Not Divided,Straight road,Level,Not Applicable,Sealed,Dry,Not Raining,Night,Hit Parked Vehicle,1,Driver Rider,1: PDO,No Control,,,1336159.51,1699258.51,1.34E+13
2019-2386-27/05/2021,3 Country,BORDERTOWN,5268,DC TATIARA.                   ,2,0,0,0,0,2019,March,Tuesday,8:29 PM,50,Cross Road,Straight road,Level,Not Applicable,Sealed,Dry,Not Raining,Night,Hit Fixed Object,1,Driver Rider,1: PDO,Give Way Sign,,,1517698.27,1508923.06,1.52E+13
2019-2387-27/05/2021,2 Metropolitan,BELAIR,5052,CC MITCHAM.                   ,2,0,0,0,0,2019,March,Tuesday,10:10 PM,60,Not Divided,"CURVED, VIEW OBSCURED",Slope,Not Applicable,Sealed,Dry,Not Raining,Night,Hit Fixed Object,1,Driver Rider,1: PDO,No Control,,,1330906.38,1662906.42,1.33E+13
2019-2388-27/05/2021,2 Metropolitan,MCLAREN VALE,5171,CITY OF ONKAPARINGA,2,1,1,0,0,2019,March,Tuesday,9:38 PM,80,Not Divided,Straight road,Slope,Not Applicable,Sealed,Dry,Not Raining,Night,Head On,1,Driver Rider,4: Fatal,No Control,Y,,1319049.06,1641059.46,1.32E+13
2019-2389-27/05/2021,3 Country,STEWART RANGE,5271,DC NARACOORTE & LUCINDALE.,2,3,2,1,0,2019,March,Tuesday,12:45 PM,110,Not Divided,"CURVED, VIEW OPEN",Level,Not Applicable,Sealed,Dry,Not Raining,Daylight,Head On,1,Driver Rider,4: Fatal,No Control,,,1489973.97,1432209.24,1.49E+13
2019-2390-27/05/2021,2 Metropolitan,EASTWOOD,5063,CITY OF BURNSIDE,2,0,0,0,0,2019,March,Wednesday,7:30 AM,60,Not Divided,Straight road,Level,Not Applicable,Sealed,Dry,Not Raining,Daylight,Side Swipe,2,Driver Rider,1: PDO,No Control,,,1330682.42,1668925.18,1.33E+13
2019-2391-27/05/2021,2 Metropolitan,WOODSIDE,5244,THE ADELAIDE HILLS COUNCIL,2,0,0,0,0,2019,March,Tuesday,2:45 PM,10,One Way,Straight road,Level,Not Applicable,Sealed,Dry,Not Raining,Daylight,Hit Parked Vehicle,2,Driver Rider,1: PDO,No Control,,,1353527.78,1666947.62,1.35E+13
2019-2392-27/05/2021,2 Metropolitan,NORTHFIELD,5085,CITY OF PORT ADELAIDE ENFIELD,3,0,0,0,0,2019,March,Wednesday,7:50 AM,60,Divided Road,Straight road,Level,Not Applicable,Sealed,Dry,Not Raining,Daylight,Rear End,1,Driver Rider,1: PDO,No Control,,,1330484.83,1679298.48,1.33E+13
2019-2393-27/05/2021,2 Metropolitan,PENNINGTON,5013,CITY OF PORT ADELAIDE ENFIELD,2,0,0,0,0,2019,March,Wednesday,9:00 AM,60,T-Junction,Straight road,Level,Not Applicable,Sealed,Dry,Not Raining,Daylight,Right Angle,2,Driver Rider,1: PDO,No Control,,,1322728.25,1679125.51,1.32E+13
2019-2394-27/05/2021,2 Metropolitan,PORT NOARLUNGA,5167,CITY OF ONKAPARINGA,3,0,0,0,0,2019,March,Wednesday,8:30 AM,50,Not Divided,Straight road,Slope,Not Applicable,Sealed,Dry,Not Raining,Daylight,Rear End,1,Driver Rider,1: PDO,No Control,,,1316302.79,1646578.84,1.32E+13
2019-2395-27/05/2021,1 City,ADELAIDE,5000,CITY OF ADELAIDE,2,0,0,0,0,2019,March,Tuesday,5:40 PM,50,Divided Road,Straight road,Level,Not Applicable,Sealed,Dry,Not Raining,Daylight,Right Angle,2,Driver Rider,1: PDO,No Control,,,1329611.8,1669459.58,1.33E+13
2019-2396-27/05/2021,2 Metropolitan,PARADISE,5075,CC CAMPBELLTOWN.              ,5,2,0,0,2,2019,March,Tuesday,11:55 AM,60,Divided Road,Straight road,Level,Not Applicable,Sealed,Dry,Not Raining,Daylight,Rear End,1,Driver Rider,2: MI,No Control,,,1334909.14,1675913.31,1.33E+13
2019-2397-27/05/2021,2 Metropolitan,NOARLUNGA CENTRE,5168,CITY OF ONKAPARINGA,2,0,0,0,0,2019,March,Wednesday,8:40 AM,60,Divided Road,Straight road,Level,Not Applicable,Sealed,Dry,Not Raining,Daylight,Hit Fixed Object,1,Driver Rider,1: PDO,No Control,,,1317442.22,1647428.29,1.32E+13
2019-2398-27/05/2021,2 Metropolitan,MOUNT BARKER,5251,DC MT.BARKER.                 ,2,1,0,0,1,2019,March,Wednesday,10:40 AM,50,Cross Road,Straight road,Level,Not Applicable,Sealed,Dry,Not Raining,Daylight,Right Angle,2,Driver Rider,2: MI,Give Way Sign,,,1351746.6,1654296.95,1.35E+13
2019-2399-27/05/2021,2 Metropolitan,ELIZABETH SOUTH,5112,CITY OF PLAYFORD.,2,0,0,0,0,2019,March,Tuesday,6:40 PM,60,T-Junction,Straight road,Level,Not Applicable,Sealed,Dry,Not Raining,Daylight,Right Angle,2,Driver Rider,1: PDO,No Control,,,1335215.14,1692411.87,1.34E+13
2019-2400-27/05/2021,2 Metropolitan,ELIZABETH PARK,5113,CITY OF PLAYFORD.,2,0,0,0,0,2019,March,Wednesday,10:23 AM,60,T-Junction,Straight road,Level,Not Applicable,Sealed,Dry,Not Raining,Daylight,Right Angle,1,Driver Rider,1: PDO,No Control,,,1336669.27,1693673.1,1.34E+13
2019-2401-27/05/2021,2 Metropolitan,MAWSON LAKES,5095,CITY OF SALISBURY,3,0,0,0,0,2019,March,Wednesday,10:30 AM,50,Cross Road,Straight road,Level,Not Applicable,Sealed,Dry,Not Raining,Daylight,Hit Fixed Object,1,Driver Rider,1: PDO,Give Way Sign,,,1330475.76,1683532.38,1.33E+13
2019-2402-27/05/2021,2 Metropolitan,SALISBURY EAST,5109,CITY OF SALISBURY,2,1,0,0,1,2019,March,Wednesday,10:14 AM,60,Cross Road,Straight road,Level,Not Applicable,Sealed,Dry,Not Raining,Daylight,Rear End,2,Driver Rider,2: MI,Traffic Signals,,,1334186.16,1684648.09,1.33E+13
2019-2403-27/05/2021,3 Country,TARLEE,5411,CLARE AND GILBERT VALLEYS DISTRICT COUNCIL,2,0,0,0,0,2019,March,Tuesday,9:30 AM,60,Not Divided,Straight road,Level,Driveway or Entrance,Sealed,Dry,Not Raining,Daylight,Right Angle,2,Driver Rider,1: PDO,No Control,,,1346474.64,1742506.67,1.35E+13
2019-2404-27/05/2021,3 Country,WILLALOOKA,5267,DC TATIARA.                   ,2,1,0,0,1,2019,March,Wednesday,10:30 AM,110,Not Divided,Straight road,Level,Not Applicable,Sealed,Dry,Not Raining,Daylight,Hit Fixed Object,1,Driver Rider,2: MI,No Control,,Y,1480595,1510960.69,1.48E+13
2019-2405-27/05/2021,2 Metropolitan,MCLAREN VALE,5171,CITY OF ONKAPARINGA,2,4,0,0,4,2019,March,Wednesday,10:08 AM,50,Cross Road,Straight road,Level,Not Applicable,Sealed,Dry,Not Raining,Daylight,Right Angle,2,Driver Rider,2: MI,Give Way Sign,,,1322296.89,1638305.98,1.32E+13
2019-2406-27/05/2021,1 City,ADELAIDE,5000,CITY OF ADELAIDE,2,2,0,0,2,2019,March,Wednesday,8:23 AM,50,Divided Road,Straight road,Level,Not Applicable,Sealed,Dry,Not Raining,Daylight,Rear End,2,Driver Rider,2: MI,No Control,,,1327793.52,1670327.81,1.33E+13
2019-2407-27/05/2021,1 City,NORTH ADELAIDE,5006,CITY OF ADELAIDE,2,0,0,0,0,2019,March,Wednesday,11:45 AM,50,Cross Road,Straight road,Level,Not Applicable,Sealed,Dry,Not Raining,Daylight,Right Angle,2,Driver Rider,1: PDO,Give Way Sign,,,1328150.15,1673023.7,1.33E+13
2019-2408-27/05/2021,2 Metropolitan,SALISBURY HEIGHTS,5109,CITY OF SALISBURY,2,0,0,0,0,2019,March,Wednesday,5:45 AM,80,Divided Road,Straight road,Level,Not Applicable,Sealed,Dry,Not Raining,Night,Rear End,1,Driver Rider,1: PDO,No Control,,,1335581.96,1688291.82,1.34E+13
2019-2409-27/05/2021,3 Country,VICTOR HARBOR,5211,DC VICTOR HARBOR.             ,3,1,0,1,0,2019,March,Wednesday,11:49 AM,50,Not Divided,Straight road,Level,Driveway or Entrance,Sealed,Dry,Not Raining,Daylight,Right Angle,1,Driver Rider,3: SI,No Control,,,1328182.84,1600889.61,1.33E+13
2019-2410-27/05/2021,2 Metropolitan,SEMAPHORE,5019,CITY OF PORT ADELAIDE ENFIELD,2,0,0,0,0,2019,March,Wednesday,1:15 PM,50,Not Divided,Straight road,Level,Not Applicable,Sealed,Dry,Not Raining,Daylight,Side Swipe,2,Driver Rider,1: PDO,No Control,,,1318408.4,1680233.48,1.32E+13
2019-2411-27/05/2021,2 Metropolitan,MUNNO PARA,5115,CITY OF PLAYFORD.,2,0,0,0,0,2019,March,Wednesday,1:40 PM,50,Cross Road,Straight road,Level,Not Applicable,Sealed,Dry,Not Raining,Daylight,Right Turn,1,Driver Rider,1: PDO,Traffic Signals,,,1336828.02,1698757.52,1.34E+13
2019-2412-27/05/2021,3 Country,MONARTO,5254,RC MURRAY BRIDGE.             ,2,0,0,0,0,2019,March,Friday,3:00 PM,100,Not Divided,Straight road,Level,Not Applicable,Sealed,Dry,Not Raining,Daylight,Side Swipe,1,Driver Rider,1: PDO,No Control,,,1376185.27,1650169.61,1.38E+13
2019-2413-27/05/2021,2 Metropolitan,UNLEY,5061,CITY OF UNLEY,2,0,0,0,0,2019,March,Wednesday,2:30 AM,50,Not Divided,Straight road,Level,Not Applicable,Sealed,Dry,Not Raining,Night,Side Swipe,2,Driver Rider,1: PDO,No Control,,,1328907.52,1668211.7,1.33E+13
2019-2414-27/05/2021,2 Metropolitan,KINGSWOOD,5062,CC MITCHAM.                   ,2,2,0,0,2,2019,March,Wednesday,4:30 PM,50,Cross Road,Straight road,Level,Not Applicable,Sealed,Dry,Not Raining,Daylight,Right Angle,2,Driver Rider,2: MI,Traffic Signals,,,1329756.51,1666260.79,1.33E+13
2019-2415-27/05/2021,2 Metropolitan,WOODVILLE,5011,CITY OF CHARLES STURT,2,0,0,0,0,2019,March,Wednesday,9:50 AM,25,Divided Road,Straight road,Level,Roadworks,Sealed,Dry,Not Raining,Daylight,Rear End,2,Driver Rider,1: PDO,No Control,,,1323865.29,1676504.96,1.32E+13
2019-2416-27/05/2021,2 Metropolitan,ROSEWATER,5013,CITY OF PORT ADELAIDE ENFIELD,1,1,0,0,1,2019,March,Wednesday,4:40 PM,50,T-Junction,Straight road,Level,Not Applicable,Sealed,Dry,Not Raining,Daylight,Roll Over,1,Driver Rider,2: MI,No Control,,,1321284.92,1678952.86,1.32E+13
2019-2417-27/05/2021,2 Metropolitan,PARAFIELD GARDENS,5107,CITY OF SALISBURY,2,1,0,0,1,2019,March,Wednesday,5:20 PM,60,T-Junction,Straight road,Level,Not Applicable,Sealed,Dry,Not Raining,Daylight,Right Turn,2,Driver Rider,2: MI,No Control,,,1330537.2,1685677.36,1.33E+13
2019-2418-27/05/2021,2 Metropolitan,FULHAM,5024,CITY OF WEST TORRENS,2,0,0,0,0,2019,March,Wednesday,5:15 PM,60,Divided Road,Straight road,Level,Not Applicable,Sealed,Dry,Not Raining,Daylight,Rear End,1,Driver Rider,1: PDO,No Control,,,1320975.04,1670548.39,1.32E+13
2019-2419-27/05/2021,2 Metropolitan,CLARENDON,5157,CITY OF ONKAPARINGA,1,1,0,0,1,2019,March,Tuesday,9:00 PM,80,T-Junction,"CURVED, VIEW OBSCURED",Level,Not Applicable,Sealed,Dry,Not Raining,Night,Roll Over,1,Driver Rider,2: MI,No Control,,,1331642.61,1648534.78,1.33E+13
2019-2420-27/05/2021,2 Metropolitan,FINDON,5023,CITY OF CHARLES STURT,2,0,0,0,0,2019,March,Wednesday,5:10 PM,60,T-Junction,Straight road,Level,Not Applicable,Sealed,Dry,Not Raining,Daylight,Right Angle,2,Driver Rider,1: PDO,Give Way Sign,,,1323302.78,1673151.51,1.32E+13
2019-2421-27/05/2021,2 Metropolitan,MARION,5043,CC MARION.                    ,2,2,0,0,2,2019,March,Wednesday,6:40 PM,60,T-Junction,Straight road,Level,Not Applicable,Sealed,Dry,Not Raining,Daylight,Right Angle,1,Driver Rider,2: MI,No Control,,,1324388.08,1661091.08,1.32E+13
2019-2422-27/05/2021,3 Country,NAPPERBY,5540,PT.PIRIE CITY & DIST. COUNCIL ,1,0,0,0,0,2019,March,Wednesday,7:45 PM,100,Cross Road,"CURVED, VIEW OPEN",Level,Not Applicable,Sealed,Dry,Not Raining,Night,Roll Over,1,Driver Rider,1: PDO,Stop Sign,,,1285474.81,1866762.6,1.29E+13
2019-2423-27/05/2021,3 Country,RENMARK WEST,5341,DC RENMARK PARINGA            ,2,0,0,0,0,2019,March,Wednesday,5:45 PM,100,T-Junction,Straight road,Level,Not Applicable,Sealed,Dry,Not Raining,Daylight,Right Angle,2,Driver Rider,1: PDO,No Control,,,1524777.02,1750948.94,1.52E+13
2019-2424-27/05/2021,2 Metropolitan,WATERLOO CORNER,5110,CITY OF PLAYFORD.,2,0,0,0,0,2019,March,Wednesday,10:01 PM,60,Divided Road,Straight road,Crest of Hill,Roadworks,Sealed,Dry,Not Raining,Night,Rear End,2,Driver Rider,1: PDO,No Control,,,1326814.09,1695245.16,1.33E+13
2019-2425-27/05/2021,2 Metropolitan,BELAIR,5052,CC MITCHAM.                   ,2,0,0,0,0,2019,March,Wednesday,10:13 PM,60,Not Divided,"CURVED, VIEW OPEN",Slope,Not Applicable,Sealed,Dry,Not Raining,Night,Hit Fixed Object,1,Driver Rider,1: PDO,No Control,,,1330482.76,1662931.67,1.33E+13
2019-2426-27/05/2021,1 City,NORTH ADELAIDE,5006,CITY OF ADELAIDE,2,0,0,0,0,2019,March,Wednesday,11:48 PM,60,Not Divided,"CURVED, VIEW OPEN",Level,Not Applicable,Sealed,Dry,Not Raining,Night,Hit Fixed Object,9,Other,1: PDO,No Control,,,1326996.09,1672966.98,1.33E+13
2019-2427-27/05/2021,2 Metropolitan,MARDEN,5070,"CC OF NORWOOD,PAYNEHAM & ST PETERS",3,2,0,0,2,2019,March,Wednesday,6:30 AM,60,Divided Road,"CURVED, VIEW OPEN",Level,Not Applicable,Sealed,Dry,Not Raining,Night,Hit Fixed Object,9,Other,2: MI,No Control,,,1332342.4,1674243.83,1.33E+13
2019-2428-27/05/2021,2 Metropolitan,NOARLUNGA DOWNS,5168,CITY OF ONKAPARINGA,2,1,0,0,1,2019,March,Thursday,5:55 AM,60,Cross Road,Straight road,Level,Not Applicable,Sealed,Dry,Not Raining,Night,Right Angle,1,Driver Rider,2: MI,Traffic Signals,,Y,1318544.62,1646725.5,1.32E+13
2019-2429-27/05/2021,2 Metropolitan,BIRDWOOD,5234,THE ADELAIDE HILLS COUNCIL,3,1,0,0,1,2019,February,Thursday,6:30 PM,100,Not Divided,"CURVED, VIEW OPEN",Slope,Not Applicable,Sealed,Dry,Not Raining,Daylight,Hit Fixed Object,1,Driver Rider,2: MI,No Control,,,1360665.01,1682085.66,1.36E+13
2019-2430-27/05/2021,1 City,ADELAIDE,5000,CITY OF ADELAIDE,2,0,0,0,0,2019,March,Thursday,7:53 AM,60,T-Junction,Straight road,Level,Not Applicable,Sealed,Dry,Not Raining,Daylight,Right Angle,2,Driver Rider,1: PDO,No Control,,,1329884.53,1670392.01,1.33E+13
2019-2431-27/05/2021,2 Metropolitan,KURRALTA PARK,5037,CITY OF WEST TORRENS,4,0,0,0,0,2019,March,Thursday,8:05 AM,60,Divided Road,Straight road,Level,Not Applicable,Sealed,Dry,Not Raining,Daylight,Rear End,1,Driver Rider,1: PDO,No Control,,,1325809.53,1668452.02,1.33E+13
2019-2432-27/05/2021,2 Metropolitan,TOTNESS,5250,DC MT.BARKER.                 ,2,0,0,0,0,2019,March,Wednesday,5:30 PM,60,Not Divided,"CURVED, VIEW OBSCURED",Slope,Not Applicable,Sealed,Dry,Not Raining,Daylight,Head On,1,Driver Rider,1: PDO,No Control,,,1350620.62,1655727.11,1.35E+13
2019-2433-27/05/2021,2 Metropolitan,WYNN VALE,5127,CITY OF TEA TREE GULLY,2,1,0,0,1,2019,March,Thursday,8:50 AM,70,Divided Road,Straight road,Level,Not Applicable,Sealed,Dry,Not Raining,Daylight,Rear End,2,Driver Rider,2: MI,No Control,,,1335914.68,1683316.19,1.34E+13
2019-2434-27/05/2021,2 Metropolitan,OTTOWAY,5013,CITY OF PORT ADELAIDE ENFIELD,2,1,0,0,1,2019,March,Thursday,8:56 AM,60,Cross Road,Straight road,Level,Not Applicable,Sealed,Dry,Not Raining,Daylight,Right Angle,2,Driver Rider,2: MI,Give Way Sign,,,1322902.28,1679362.03,1.32E+13
2019-2435-27/05/2021,3 Country,BERRI,5343,THE BERRI BARMERA COUNCIL,2,0,0,0,0,2019,March,Wednesday,12:00 PM,60,Not Divided,Straight road,Level,Not Applicable,Sealed,Dry,Not Raining,Daylight,Side Swipe,1,Driver Rider,1: PDO,No Control,,,1515995.24,1736429.61,1.52E+13
2019-2436-27/05/2021,2 Metropolitan,HAHNDORF,5245,DC MT.BARKER.                 ,2,1,0,0,1,2019,March,Thursday,9:20 AM,50,T-Junction,Straight road,Level,Not Applicable,Sealed,Dry,Not Raining,Daylight,Right Angle,2,Driver Rider,2: MI,No Control,,,1347932.18,1658403.12,1.35E+13
2019-2437-27/05/2021,2 Metropolitan,WESTBOURNE PARK,5041,CC MITCHAM.                   ,2,1,0,0,1,2019,March,Wednesday,7:00 PM,60,Not Divided,Straight road,Level,Driveway or Entrance,Unsealed,Dry,Not Raining,Daylight,Rear End,1,Driver Rider,2: MI,No Control,,,1327537.07,1665196.18,1.33E+13
2019-2438-27/05/2021,2 Metropolitan,MODBURY,5092,CITY OF TEA TREE GULLY,2,1,0,0,1,2019,March,Thursday,9:20 AM,60,Divided Road,Straight road,Level,Not Applicable,Sealed,Dry,Not Raining,Daylight,Rear End,2,Driver Rider,2: MI,No Control,,,1336874.38,1680870.48,1.34E+13
2019-2439-27/05/2021,3 Country,PORT PIRIE SOUTH,5540,PT.PIRIE CITY & DIST. COUNCIL ,2,1,0,1,0,2019,March,Thursday,8:56 AM,50,Cross Road,Straight road,Level,Not Applicable,Sealed,Dry,Not Raining,Daylight,Right Turn,1,Driver Rider,3: SI,Give Way Sign,,,1280024.85,1863481.62,1.28E+13
2019-2440-27/05/2021,3 Country,KADINA,5554,COPPER COAST DISTRICT COUNCIL,2,0,0,0,0,2019,March,Thursday,11:00 AM,50,One Way,Straight road,Level,Not Applicable,Sealed,Dry,Not Raining,Daylight,Side Swipe,2,Driver Rider,1: PDO,No Control,,,1250356.16,1779542.17,1.25E+13
2019-2441-27/05/2021,2 Metropolitan,MUNNO PARA,5115,CITY OF PLAYFORD.,2,0,0,0,0,2019,March,Thursday,11:38 AM,50,Divided Road,Straight road,Level,Median Opening (not at I/S),Sealed,Dry,Not Raining,Daylight,Hit Fixed Object,1,Driver Rider,1: PDO,No Control,,,1336902.36,1698951.27,1.34E+13
2019-2442-27/05/2021,2 Metropolitan,FINDON,5023,CITY OF CHARLES STURT,2,0,0,0,0,2019,March,Thursday,8:30 AM,60,T-Junction,Straight road,Level,Not Applicable,Sealed,Dry,Not Raining,Daylight,Right Turn,2,Driver Rider,1: PDO,No Control,,,1323495.78,1673157.11,1.32E+13
2019-2443-27/05/2021,2 Metropolitan,ALDINGA,5173,CITY OF ONKAPARINGA,2,0,0,0,0,2019,March,Thursday,10:30 AM,70,T-Junction,Straight road,Level,Not Applicable,Sealed,Dry,Not Raining,Daylight,Right Angle,1,Driver Rider,1: PDO,Stop Sign,,,1316061.41,1631986.32,1.32E+13
2019-2444-27/05/2021,2 Metropolitan,STEPNEY,5069,"CC OF NORWOOD,PAYNEHAM & ST PETERS",3,0,0,0,0,2019,March,Thursday,12:30 PM,60,Multiple,Straight road,Level,Not Applicable,Unsealed,Dry,Not Raining,Daylight,Rear End,1,Driver Rider,1: PDO,Traffic Signals,,,1330600.73,1671714.93,1.33E+13
2019-2445-27/05/2021,2 Metropolitan,ALBERTON,5014,CITY OF PORT ADELAIDE ENFIELD,2,0,0,0,0,2019,March,Thursday,1:15 PM,50,Not Divided,Straight road,Level,Not Applicable,Sealed,Dry,Not Raining,Daylight,Hit Parked Vehicle,1,Driver Rider,1: PDO,No Control,,,1321431.08,1678152.91,1.32E+13
2019-2446-27/05/2021,2 Metropolitan,KINGSWOOD,5062,CC MITCHAM.                   ,2,1,0,0,1,2019,March,Wednesday,2:15 PM,50,T-Junction,Straight road,Level,Not Applicable,Sealed,Dry,Not Raining,Daylight,Right Angle,2,Driver Rider,2: MI,No Control,,,1329577.2,1665454.83,1.33E+13
2019-2447-27/05/2021,2 Metropolitan,NORWOOD,5067,"CC OF NORWOOD,PAYNEHAM & ST PETERS",2,1,0,0,1,2019,March,Thursday,1:20 PM,60,Cross Road,"CURVED, VIEW OPEN",Level,Road hump or Slow point,Sealed,Dry,Not Raining,Daylight,Right Angle,1,Driver Rider,2: MI,Roundabout,,,1330623.32,1670361.88,1.33E+13
2019-2448-27/05/2021,3 Country,KEYNETON,5353,MID MURRAY DISTRICT COUNCIL,2,1,0,1,0,2019,March,Monday,2:00 PM,100,Not Divided,"CURVED, VIEW OBSCURED",Crest of Hill,Not Applicable,Sealed,Dry,Not Raining,Daylight,Hit Fixed Object,1,Driver Rider,3: SI,No Control,,,1384796.9,1709104.8,1.38E+13
2019-2449-27/05/2021,2 Metropolitan,EDWARDSTOWN,5039,CC MARION.                    ,2,0,0,0,0,2019,March,Thursday,3:50 PM,50,Not Divided,Straight road,Level,Not Applicable,Sealed,Dry,Not Raining,Daylight,Hit Fixed Object,1,Driver Rider,1: PDO,No Control,,,1325119.93,1664008.78,1.33E+13
2019-2450-27/05/2021,2 Metropolitan,SOMERTON PARK,5044,CITY OF HOLDFAST BAY,5,0,0,0,0,2019,March,Thursday,3:40 PM,60,Divided Road,Straight road,Level,Not Applicable,Sealed,Dry,Not Raining,Daylight,Rear End,1,Driver Rider,1: PDO,No Control,,,1321074.4,1663082.22,1.32E+13
2019-2451-27/05/2021,2 Metropolitan,MAWSON LAKES,5095,CITY OF SALISBURY,2,0,0,0,0,2019,March,Thursday,4:05 PM,70,Divided Road,Straight road,Slope,"Bridge, Culvert, Causeway",Sealed,Dry,Not Raining,Daylight,Rear End,2,Driver Rider,1: PDO,No Control,,,1330051.05,1684207.1,1.33E+13
2019-2452-27/05/2021,2 Metropolitan,PARADISE,5075,CC CAMPBELLTOWN.              ,3,0,0,0,0,2019,March,Thursday,4:35 PM,60,T-Junction,Straight road,Level,Not Applicable,Sealed,Dry,Not Raining,Daylight,Rear End,1,Driver Rider,1: PDO,No Control,,,1334882.29,1676391.67,1.33E+13
2019-2453-27/05/2021,2 Metropolitan,POORAKA,5095,CITY OF SALISBURY,3,0,0,0,0,2019,March,Thursday,4:30 PM,70,Divided Road,Straight road,Level,Not Applicable,Sealed,Dry,Not Raining,Daylight,Rear End,1,Driver Rider,1: PDO,No Control,,,1330438.13,1681828.03,1.33E+13
2019-2454-27/05/2021,2 Metropolitan,FULHAM GARDENS,5024,CITY OF CHARLES STURT,2,1,0,0,1,2019,March,Thursday,4:04 PM,60,T-Junction,"CURVED, VIEW OPEN",Level,Not Applicable,Sealed,Dry,Not Raining,Daylight,Right Angle,2,Driver Rider,2: MI,No Control,,,1320586.01,1672002.62,1.32E+13