REPORT_ID,Stats Area,Suburb,Postcode,LGA Name,Total Units,Total Cas,Total Fats,Total SI,Total MI,Year,Month,Day,Time,Area Speed,Position Type,Horizontal Align,Vertical Align,Other Feat,Road Surface,Moisture Cond,Weather Cond,DayNight,Crash Type,Unit Resp,Entity Code,CSEF Severity,Traffic Ctrls,DUI Involved,Drugs Involved,ACCLOC_X,ACCLOC_Y,UNIQUE_LOC
2019-2867-27/05/2021,2 Metropolitan,BOWDEN,5007,CITY OF CHARLES STURT,2,0,0,0,0,2019,March,Monday,8:00 AM,60,Pedestrian Crossing,Straight road,Level,Not Applicable,Sealed,Wet,Raining,Daylight,Rear End,2,Driver Rider,1: PDO,Traffic Signals,,,1326716.22,1672892.67,1.33E+13
2019-2868-27/05/2021,2 Metropolitan,PARAFIELD GARDENS,5107,CITY OF SALISBURY,2,0,0,0,0,2019,March,Monday,4:40 PM,60,Divided Road,Straight road,Level,Not Applicable,Sealed,Dry,Not Raining,Daylight,Rear End,2,Driver Rider,1: PDO,No Control,,,1330884.57,1686116.43,1.33E+13
2019-2869-27/05/2021,2 Metropolitan,PLYMPTON,5038,CITY OF WEST TORRENS,2,1,0,0,1,2019,March,Monday,4:57 PM,60,Not Divided,Straight road,Level,Not Applicable,Sealed,Dry,Not Raining,Daylight,Rear End,1,Driver Rider,2: MI,No Control,,,1324241.81,1666389.45,1.32E+13
2019-2870-27/05/2021,2 Metropolitan,INGLE FARM,5098,CITY OF SALISBURY,2,0,0,0,0,2019,March,Monday,5:10 PM,60,T-Junction,Straight road,Crest of Hill,Not Applicable,Sealed,Dry,Not Raining,Daylight,Rear End,2,Driver Rider,1: PDO,No Control,,,1334489.3,1681505.84,1.33E+13
2019-2871-27/05/2021,2 Metropolitan,MODBURY NORTH,5092,CITY OF TEA TREE GULLY,2,0,0,0,0,2019,March,Monday,3:30 PM,80,Cross Road,Straight road,Level,Not Applicable,Sealed,Dry,Not Raining,Daylight,Rear End,2,Driver Rider,1: PDO,Traffic Signals,,,1336165.68,1681195.41,1.34E+13
2019-2872-27/05/2021,2 Metropolitan,THEBARTON,5031,CITY OF WEST TORRENS,1,1,0,1,0,2019,March,Monday,5:35 PM,50,T-Junction,Straight road,Level,Not Applicable,Sealed,Dry,Not Raining,Daylight,Other,1,Passenger,3: SI,Traffic Signals,,,1325677.85,1671370.65,1.33E+13
2019-2873-27/05/2021,2 Metropolitan,WYNN VALE,5127,CITY OF TEA TREE GULLY,2,0,0,0,0,2019,March,Monday,5:35 PM,60,T-Junction,Straight road,Crest of Hill,Not Applicable,Sealed,Dry,Not Raining,Daylight,Rear End,1,Driver Rider,1: PDO,No Control,,,1338725.72,1684408.3,1.34E+13
2019-2874-27/05/2021,2 Metropolitan,SOUTH PLYMPTON,5038,CC MARION.                    ,2,0,0,0,0,2019,March,Monday,5:43 PM,60,Cross Road,Straight road,Level,Not Applicable,Sealed,Dry,Not Raining,Daylight,Right Angle,1,Driver Rider,1: PDO,Traffic Signals,,,1324247.23,1666113.9,1.32E+13
2019-2875-27/05/2021,2 Metropolitan,WINDSOR GARDENS,5087,CITY OF PORT ADELAIDE ENFIELD,2,0,0,0,0,2019,March,Monday,5:55 PM,60,Divided Road,Straight road,Level,Driveway or Entrance,Sealed,Dry,Not Raining,Daylight,Rear End,2,Driver Rider,1: PDO,No Control,,,1332664.74,1677103.32,1.33E+13
2019-2876-27/05/2021,2 Metropolitan,ST MARYS,5042,CC MITCHAM.                   ,3,3,0,1,2,2019,March,Monday,4:20 PM,50,Cross Road,Straight road,Level,Not Applicable,Sealed,Dry,Not Raining,Daylight,Right Angle,2,Driver Rider,3: SI,Give Way Sign,,,1326316.33,1662165.61,1.33E+13
2019-2877-27/05/2021,3 Country,PORT ELLIOT,5212,ALEXANDRINA COUNCIL,3,3,0,0,3,2019,March,Monday,5:00 PM,100,Not Divided,"CURVED, VIEW OPEN",Slope,Not Applicable,Sealed,Dry,Not Raining,Daylight,Head On,1,Driver Rider,2: MI,No Control,,,1332170.97,1609606.21,1.33E+13
2019-2878-27/05/2021,3 Country,PORT PIRIE,5540,PT.PIRIE CITY & DIST. COUNCIL ,2,0,0,0,0,2019,March,Monday,8:13 PM,50,Cross Road,Straight road,Level,Not Applicable,Sealed,Dry,Not Raining,Night,Right Angle,2,Driver Rider,1: PDO,Roundabout,,,1280097.15,1865446.01,1.28E+13
2019-2879-27/05/2021,2 Metropolitan,EVANSTON SOUTH,5116,CT GAWLER.                    ,2,2,0,0,2,2019,March,Monday,4:06 PM,40,Cross Road,Straight road,Level,Roadworks,Sealed,Dry,Not Raining,Daylight,Rear End,2,Driver Rider,2: MI,Stop Sign,,,1339562.64,1700114.53,1.34E+13
2019-2880-27/05/2021,2 Metropolitan,MYLOR,5153,THE ADELAIDE HILLS COUNCIL,3,0,0,0,0,2019,March,Monday,2:10 PM,80,Not Divided,"CURVED, VIEW OBSCURED",Slope,Not Applicable,Sealed,Wet,Not Raining,Daylight,Hit Fixed Object,1,Driver Rider,1: PDO,No Control,,,1341518.72,1657800.56,1.34E+13
2019-2881-27/05/2021,2 Metropolitan,ASHTON,5137,THE ADELAIDE HILLS COUNCIL,2,1,0,0,1,2019,March,Monday,6:35 PM,80,Not Divided,"CURVED, VIEW OPEN",Slope,Not Applicable,Sealed,Dry,Not Raining,Daylight,Roll Over,1,Driver Rider,2: MI,No Control,,,1340044.63,1668308.92,1.34E+13
2019-2882-27/05/2021,2 Metropolitan,ALDGATE,5154,THE ADELAIDE HILLS COUNCIL,2,0,0,0,0,2019,March,Monday,4:10 PM,50,Not Divided,Straight road,Slope,Not Applicable,Sealed,Dry,Not Raining,Daylight,Hit Fixed Object,1,Driver Rider,1: PDO,No Control,,,1340178.6,1660121.73,1.34E+13
2019-2883-27/05/2021,3 Country,TARLEE,5411,CLARE AND GILBERT VALLEYS DISTRICT COUNCIL,1,0,0,0,0,2019,March,Monday,6:40 PM,100,Not Divided,"CURVED, VIEW OBSCURED",Bottom of Hill,Not Applicable,Sealed,Wet,Raining,Daylight,Roll Over,1,Driver Rider,1: PDO,No Control,,,1350492.49,1741039.35,1.35E+13
2019-2884-27/05/2021,2 Metropolitan,DRY CREEK,5094,CITY OF SALISBURY,2,0,0,0,0,2019,March,Tuesday,3:55 AM,90,Divided Road,Straight road,Level,Not Applicable,Sealed,Dry,Not Raining,Night,Side Swipe,2,Driver Rider,1: PDO,No Control,,,1328021.33,1682528.87,1.33E+13
2019-2885-27/05/2021,2 Metropolitan,DAVOREN PARK,5113,CITY OF PLAYFORD.,2,1,0,0,1,2019,March,Tuesday,5:05 AM,60,Not Divided,Straight road,Level,Not Applicable,Sealed,Dry,Not Raining,Night,Hit Fixed Object,1,Driver Rider,2: MI,No Control,,,1336560.66,1697153.03,1.34E+13
2019-2886-27/05/2021,2 Metropolitan,WELLAND,5007,CITY OF CHARLES STURT,4,0,0,0,0,2019,March,Tuesday,5:50 AM,60,Divided Road,Straight road,Level,Not Applicable,Sealed,Dry,Not Raining,Night,Hit Fixed Object,1,Driver Rider,1: PDO,No Control,,,1324927.97,1673193.93,1.32E+13
2019-2887-27/05/2021,2 Metropolitan,SALISBURY PLAIN,5109,CITY OF SALISBURY,2,1,0,0,1,2019,March,Tuesday,7:30 AM,60,Not Divided,Straight road,Level,Driveway or Entrance,Sealed,Dry,Not Raining,Daylight,Right Angle,1,Driver Rider,2: MI,No Control,,,1334867.29,1688570.58,1.33E+13
2019-2888-27/05/2021,3 Country,TUNGKILLO,5236,MID MURRAY DISTRICT COUNCIL,2,0,0,0,0,2019,March,Monday,1:00 PM,25,Not Divided,Straight road,Level,Roadworks,Sealed,Dry,Not Raining,Daylight,Rear End,1,Driver Rider,1: PDO,No Control,,,1370338.45,1682305.89,1.37E+13
2019-2889-27/05/2021,2 Metropolitan,KUDLA,5115,CT GAWLER.                    ,2,0,0,0,0,2019,March,Monday,9:52 AM,80,Not Divided,Straight road,Level,Not Applicable,Sealed,Dry,Not Raining,Daylight,Hit Object on Road,1,Driver Rider,1: PDO,No Control,,,1337929.58,1701547.72,1.34E+13
2019-2890-27/05/2021,2 Metropolitan,GLEN OSMOND,5064,CITY OF BURNSIDE,3,1,0,0,1,2019,March,Tuesday,8:45 AM,50,Not Divided,Straight road,Slope,Not Applicable,Sealed,Dry,Not Raining,Daylight,Hit Fixed Object,1,Driver Rider,2: MI,No Control,,,1332712.14,1666510.8,1.33E+13
2019-2891-27/05/2021,2 Metropolitan,BROOKLYN PARK,5032,CITY OF WEST TORRENS,2,1,0,0,1,2019,March,Monday,12:30 PM,60,T-Junction,Straight road,Level,Not Applicable,Sealed,Dry,Not Raining,Daylight,Right Angle,2,Driver Rider,2: MI,No Control,,,1323692.78,1670927.95,1.32E+13
2019-2892-27/05/2021,1 City,ADELAIDE,5000,CITY OF ADELAIDE,2,0,0,0,0,2019,March,Tuesday,8:20 AM,50,T-Junction,Straight road,Level,Unknown,Sealed,Dry,Not Raining,Daylight,Right Angle,2,Driver Rider,1: PDO,No Control,,,1328620.97,1669577.17,1.33E+13
2019-2893-27/05/2021,2 Metropolitan,VALLEY VIEW,5093,CITY OF TEA TREE GULLY,2,2,0,0,2,2019,March,Tuesday,9:36 AM,60,Cross Road,Straight road,Slope,Not Applicable,Sealed,Dry,Not Raining,Daylight,Right Angle,1,Driver Rider,2: MI,Roundabout,,,1335704.92,1680585.16,1.34E+13
2019-2894-27/05/2021,2 Metropolitan,BEDFORD PARK,5042,CC MITCHAM.                   ,3,1,0,0,1,2019,March,Tuesday,7:30 AM,70,T-Junction,Straight road,Level,Not Applicable,Sealed,Dry,Not Raining,Daylight,Rear End,2,Driver Rider,2: MI,Traffic Signals,,,1325133.01,1660421,1.33E+13
2019-2895-27/05/2021,2 Metropolitan,WOODVILLE NORTH,5012,CITY OF CHARLES STURT,2,0,0,0,0,2019,March,Tuesday,10:00 AM,60,T-Junction,"CURVED, VIEW OPEN",Level,Not Applicable,Sealed,Dry,Not Raining,Daylight,Right Angle,1,Driver Rider,1: PDO,Traffic Signals,,,1323971.81,1676431.87,1.32E+13
2019-2896-27/05/2021,2 Metropolitan,WARRADALE,5046,CC MARION.                    ,2,0,0,0,0,2019,March,Tuesday,8:30 AM,50,Divided Road,Straight road,Level,Not Applicable,Sealed,Dry,Not Raining,Daylight,Hit Parked Vehicle,1,Driver Rider,1: PDO,No Control,,,1322640.72,1661177.57,1.32E+13
2019-2897-27/05/2021,2 Metropolitan,CHAIN OF PONDS,5231,THE ADELAIDE HILLS COUNCIL,2,0,0,0,0,2019,March,Tuesday,8:00 AM,80,T-Junction,"CURVED, VIEW OBSCURED",Slope,Not Applicable,Sealed,Dry,Not Raining,Daylight,Right Angle,2,Driver Rider,1: PDO,Stop Sign,,,1351890.59,1681231.91,1.35E+13
2019-2898-27/05/2021,2 Metropolitan,RICHMOND,5033,CITY OF WEST TORRENS,2,0,0,0,0,2019,March,Monday,6:15 PM,60,Multiple,"CURVED, VIEW OPEN",Level,Not Applicable,Sealed,Dry,Not Raining,Daylight,Side Swipe,2,Driver Rider,1: PDO,Traffic Signals,,,1325784.87,1669462.42,1.33E+13
2019-2899-27/05/2021,2 Metropolitan,EDWARDSTOWN,5039,CC MARION.                    ,2,0,0,0,0,2019,March,Tuesday,8:24 AM,50,Cross Road,Straight road,Level,Not Applicable,Sealed,Dry,Not Raining,Daylight,Right Angle,2,Driver Rider,1: PDO,Roundabout,,,1325096.66,1664766.8,1.33E+13
2019-2900-27/05/2021,2 Metropolitan,RICHMOND,5033,CITY OF WEST TORRENS,2,1,0,0,1,2019,March,Tuesday,7:40 AM,60,Divided Road,Straight road,Level,Not Applicable,Sealed,Dry,Not Raining,Daylight,Rear End,2,Driver Rider,2: MI,No Control,,,1325786.93,1669551.65,1.33E+13
2019-2901-27/05/2021,2 Metropolitan,HAHNDORF,5245,DC MT.BARKER.                 ,2,0,0,0,0,2019,March,Tuesday,11:30 AM,60,Not Divided,Straight road,Level,Roadworks,Sealed,Dry,Not Raining,Daylight,Hit Parked Vehicle,1,Driver Rider,1: PDO,No Control,,,1346862.99,1659253.65,1.35E+13
2019-2902-27/05/2021,2 Metropolitan,MODBURY,5092,CITY OF TEA TREE GULLY,3,1,0,0,1,2019,March,Tuesday,12:30 PM,60,Pedestrian Crossing,Straight road,Level,Not Applicable,Sealed,Dry,Not Raining,Daylight,Rear End,1,Driver Rider,2: MI,Traffic Signals,,,1337070.69,1680633.02,1.34E+13
2019-2903-27/05/2021,2 Metropolitan,RENOWN PARK,5008,CITY OF CHARLES STURT,2,1,0,0,1,2019,March,Saturday,11:00 AM,60,T-Junction,Straight road,Level,Not Applicable,Sealed,Dry,Not Raining,Daylight,Rear End,2,Driver Rider,2: MI,No Control,,,1326748.83,1674237.99,1.33E+13
2019-2904-27/05/2021,2 Metropolitan,PARK HOLME,5043,CC MARION.                    ,4,1,0,0,1,2019,March,Tuesday,3:02 PM,60,Divided Road,Straight road,Level,Not Applicable,Sealed,Dry,Not Raining,Daylight,Rear End,2,Driver Rider,2: MI,No Control,,,1324304.68,1663959.96,1.32E+13
2019-2905-27/05/2021,2 Metropolitan,WINGFIELD,5013,CITY OF PORT ADELAIDE ENFIELD,2,0,0,0,0,2019,March,Tuesday,3:10 PM,60,Cross Road,Straight road,Level,Not Applicable,Sealed,Dry,Not Raining,Daylight,Rear End,1,Driver Rider,1: PDO,Traffic Signals,,,1326388.52,1679169.53,1.33E+13
2019-2906-27/05/2021,2 Metropolitan,ST PETERS,5069,"CC OF NORWOOD,PAYNEHAM & ST PETERS",2,0,0,0,0,2019,March,Tuesday,3:25 PM,60,T-Junction,Straight road,Level,Not Applicable,Sealed,Dry,Not Raining,Daylight,Right Turn,1,Driver Rider,1: PDO,No Control,,,1331000.86,1672251.3,1.33E+13
2019-2907-27/05/2021,2 Metropolitan,PARALOWIE,5108,CITY OF SALISBURY,2,0,0,0,0,2019,March,Tuesday,3:35 PM,60,Divided Road,"CURVED, VIEW OPEN",Level,Not Applicable,Sealed,Dry,Not Raining,Daylight,Hit Fixed Object,1,Driver Rider,1: PDO,No Control,,,1328650.59,1688917.98,1.33E+13
2019-2908-27/05/2021,2 Metropolitan,GLENELG EAST,5045,CITY OF HOLDFAST BAY,2,1,0,0,1,2019,March,Tuesday,4:25 PM,60,Divided Road,Straight road,Level,Not Applicable,Sealed,Dry,Not Raining,Daylight,Rear End,2,Driver Rider,2: MI,No Control,,,1321010.73,1665278.76,1.32E+13
2019-2909-27/05/2021,2 Metropolitan,TORRENSVILLE,5031,CITY OF WEST TORRENS,3,0,0,0,0,2019,March,Tuesday,2:00 PM,50,Not Divided,Straight road,Level,Not Applicable,Sealed,Dry,Not Raining,Daylight,Rear End,2,Driver Rider,1: PDO,No Control,,,1324782.07,1672031.08,1.32E+13
2019-2910-27/05/2021,2 Metropolitan,SMITHFIELD,5114,CITY OF PLAYFORD.,2,0,0,0,0,2019,March,Tuesday,4:30 PM,80,Divided Road,Straight road,Level,Not Applicable,Sealed,Dry,Not Raining,Daylight,Side Swipe,2,Driver Rider,1: PDO,No Control,,,1338160.18,1697623.13,1.34E+13
2019-2911-27/05/2021,2 Metropolitan,DUDLEY PARK,5008,CITY OF PORT ADELAIDE ENFIELD,2,1,0,1,0,2019,March,Tuesday,5:53 PM,60,T-Junction,Straight road,Level,Not Applicable,Sealed,Dry,Not Raining,Daylight,Right Turn,2,Driver Rider,3: SI,No Control,,,1326630.18,1676379.58,1.33E+13
2019-2912-27/05/2021,3 Country,YAMBA,5340,DC RENMARK PARINGA            ,3,2,0,2,0,2019,March,Tuesday,10:20 AM,110,Not Divided,Straight road,Level,Not Applicable,Sealed,Dry,Not Raining,Daylight,Head On,2,Driver Rider,3: SI,No Control,,,1541999,1734270.94,1.54E+13
2019-2913-27/05/2021,2 Metropolitan,ROYAL PARK,5014,CITY OF CHARLES STURT,2,0,0,0,0,2019,March,Tuesday,3:00 PM,60,Cross Road,Straight road,Level,Not Applicable,Sealed,Dry,Not Raining,Daylight,Right Angle,2,Driver Rider,1: PDO,Traffic Signals,,,1320686.56,1677665.91,1.32E+13
2019-2914-27/05/2021,2 Metropolitan,GILLES PLAINS,5086,CITY OF PORT ADELAIDE ENFIELD,2,0,0,0,0,2019,March,Tuesday,6:00 PM,50,Not Divided,Straight road,Level,Driveway or Entrance,Sealed,Dry,Not Raining,Daylight,Right Angle,2,Driver Rider,1: PDO,No Control,,,1333742.67,1678372.11,1.33E+13
2019-2915-27/05/2021,2 Metropolitan,BEDFORD PARK,5042,CC MITCHAM.                   ,1,0,0,0,0,2019,March,Tuesday,4:00 PM,70,T-Junction,Straight road,Level,Not Applicable,Sealed,Dry,Not Raining,Daylight,Other,1,Driver Rider,1: PDO,Traffic Signals,,,1325149.68,1660407.47,1.33E+13
2019-2916-27/05/2021,2 Metropolitan,MODBURY,5092,CITY OF TEA TREE GULLY,2,1,0,0,1,2019,March,Tuesday,6:30 PM,60,Cross Road,Straight road,Level,Not Applicable,Sealed,Dry,Not Raining,Daylight,Right Turn,2,Driver Rider,2: MI,Traffic Signals,,,1336876.15,1680848.77,1.34E+13
2019-2917-27/05/2021,1 City,ADELAIDE,5000,CITY OF ADELAIDE,2,1,0,0,1,2019,March,Tuesday,6:16 PM,50,Cross Road,Straight road,Level,Not Applicable,Sealed,Dry,Not Raining,Daylight,Right Turn,1,Driver Rider,2: MI,Traffic Signals,,,1329593.2,1669909.56,1.33E+13
2019-2918-27/05/2021,1 City,ADELAIDE,5000,CITY OF ADELAIDE,2,2,0,0,2,2019,March,Tuesday,6:09 PM,60,Divided Road,Straight road,Crest of Hill,Not Applicable,Sealed,Dry,Not Raining,Daylight,Rear End,2,Driver Rider,2: MI,No Control,,,1326888.94,1671333.51,1.33E+13
2019-2919-27/05/2021,1 City,ADELAIDE,5000,CITY OF ADELAIDE,4,0,0,0,0,2019,March,Tuesday,5:20 PM,50,T-Junction,Straight road,Level,Not Applicable,Sealed,Dry,Not Raining,Daylight,Rear End,2,Driver Rider,1: PDO,Traffic Signals,,,1329586.53,1670547.57,1.33E+13
2019-2920-27/05/2021,3 Country,BARMERA,5345,THE BERRI BARMERA COUNCIL,2,3,1,2,0,2019,March,Tuesday,7:25 PM,90,T-Junction,Straight road,Level,Not Applicable,Sealed,Dry,Not Raining,Night,Right Angle,1,Driver Rider,4: Fatal,Give Way Sign,,,1503843.09,1736748.42,1.50E+13
2019-2921-27/05/2021,2 Metropolitan,KURRALTA PARK,5037,CITY OF WEST TORRENS,2,0,0,0,0,2019,March,Tuesday,4:20 PM,50,Cross Road,Straight road,Level,Not Applicable,Sealed,Dry,Not Raining,Daylight,Right Turn,1,Driver Rider,1: PDO,Give Way Sign,,,1325215.74,1668454.62,1.33E+13
2019-2922-27/05/2021,3 Country,NANGWARRY,5277,WATTLE RANGE COUNCIL,1,1,0,0,1,2019,March,Tuesday,6:30 PM,100,Not Divided,Straight road,Level,Not Applicable,Unsealed,Dry,Not Raining,Daylight,Roll Over,1,Driver Rider,2: MI,No Control,,,1518307.44,1367197.69,1.52E+13
2019-2923-27/05/2021,2 Metropolitan,EVANSTON PARK,5116,CT GAWLER.                    ,2,1,0,0,1,2019,March,Tuesday,10:36 PM,50,Not Divided,"CURVED, VIEW OPEN",Level,Not Applicable,Sealed,Dry,Not Raining,Night,Roll Over,1,Driver Rider,2: MI,No Control,,,1342575.67,1703376.04,1.34E+13
2019-2924-27/05/2021,3 Country,MUNDULLA,5270,DC TATIARA.                   ,2,1,0,1,0,2019,March,Tuesday,10:06 PM,110,Not Divided,"CURVED, VIEW OPEN",Level,Not Applicable,Sealed,Dry,Not Raining,Night,Hit Fixed Object,1,Driver Rider,3: SI,No Control,Y,,1505707.46,1503426.68,1.51E+13
2019-2925-27/05/2021,2 Metropolitan,SEATON,5023,CITY OF CHARLES STURT,2,1,0,0,1,2019,March,Wednesday,12:40 AM,60,Not Divided,Straight road,Level,Not Applicable,Sealed,Dry,Not Raining,Night,Side Swipe,2,Driver Rider,2: MI,No Control,,,1319930.56,1674135.03,1.32E+13
2019-2926-27/05/2021,2 Metropolitan,MCLAREN VALE,5171,CITY OF ONKAPARINGA,2,0,0,0,0,2019,March,Wednesday,1:30 AM,80,Not Divided,"CURVED, VIEW OPEN",Slope,Not Applicable,Sealed,Dry,Not Raining,Night,Hit Fixed Object,1,Driver Rider,1: PDO,No Control,,,1323676.87,1638381.61,1.32E+13
2019-2927-27/05/2021,2 Metropolitan,TATACHILLA,5171,CITY OF ONKAPARINGA,2,0,0,0,0,2019,March,Wednesday,7:50 AM,80,Cross Road,Straight road,Level,Not Applicable,Sealed,Dry,Not Raining,Daylight,Right Angle,1,Driver Rider,1: PDO,Give Way Sign,,,1319969.49,1638237.45,1.32E+13
2019-2928-27/05/2021,2 Metropolitan,MODBURY NORTH,5092,CITY OF TEA TREE GULLY,3,0,0,0,0,2019,March,Wednesday,8:24 AM,80,Cross Road,Straight road,Slope,Not Applicable,Sealed,Dry,Not Raining,Daylight,Rear End,1,Driver Rider,1: PDO,Traffic Signals,,,1336165.68,1681195.41,1.34E+13
2019-2929-27/05/2021,2 Metropolitan,EVANSTON SOUTH,5116,CT GAWLER.                    ,2,1,0,0,1,2019,March,Wednesday,6:50 AM,90,Divided Road,Straight road,Level,Not Applicable,Sealed,Dry,Not Raining,Night,Rear End,2,Driver Rider,2: MI,No Control,,,1339953.27,1700637.06,1.34E+13
2019-2930-27/05/2021,2 Metropolitan,DERNANCOURT,5075,CITY OF TEA TREE GULLY,3,0,0,0,0,2019,March,Wednesday,8:59 AM,50,Not Divided,Straight road,Slope,Not Applicable,Sealed,Dry,Not Raining,Daylight,Side Swipe,1,Driver Rider,1: PDO,No Control,,,1335227.66,1677560.66,1.34E+13
2019-2931-27/05/2021,2 Metropolitan,COLLEGE PARK,5069,"CC OF NORWOOD,PAYNEHAM & ST PETERS",3,1,1,0,0,2019,March,Wednesday,8:28 AM,60,Not Divided,Straight road,Level,Not Applicable,Sealed,Dry,Not Raining,Daylight,Side Swipe,2,Driver Rider,4: Fatal,No Control,,,1330499.56,1671656.62,1.33E+13
2019-2932-27/05/2021,3 Country,SHEA-OAK LOG,5371,LIGHT REGIONAL COUNCIL,2,2,0,2,0,2019,March,Wednesday,7:47 AM,90,Cross Road,"CURVED, VIEW OPEN",Slope,Not Applicable,Sealed,Dry,Not Raining,Daylight,Right Angle,2,Driver Rider,3: SI,Give Way Sign,,,1355015.02,1714288.06,1.36E+13
2019-2933-27/05/2021,2 Metropolitan,PAYNEHAM,5070,"CC OF NORWOOD,PAYNEHAM & ST PETERS",2,1,0,0,1,2019,March,Tuesday,6:30 PM,50,Cross Road,Straight road,Level,Not Applicable,Sealed,Dry,Not Raining,Daylight,Right Angle,1,Driver Rider,2: MI,Give Way Sign,,,1332455.62,1673715.49,1.33E+13
2019-2934-27/05/2021,2 Metropolitan,MANNINGHAM,5086,CITY OF PORT ADELAIDE ENFIELD,2,1,0,0,1,2019,March,Tuesday,8:30 PM,60,Divided Road,Straight road,Level,Driveway or Entrance,Sealed,Dry,Not Raining,Night,Right Angle,1,Driver Rider,2: MI,No Control,,,1330587.34,1676574.47,1.33E+13
2019-2935-27/05/2021,2 Metropolitan,DRY CREEK,5094,CITY OF PORT ADELAIDE ENFIELD,2,0,0,0,0,2019,March,Wednesday,10:30 AM,70,T-Junction,Straight road,Level,Not Applicable,Sealed,Dry,Not Raining,Daylight,Right Angle,2,Driver Rider,1: PDO,No Control,,,1327751.83,1679804.64,1.33E+13
2019-2936-27/05/2021,2 Metropolitan,FLINDERS PARK,5025,CITY OF CHARLES STURT,2,0,0,0,0,2019,March,Wednesday,8:00 AM,60,Divided Road,Straight road,Level,Not Applicable,Sealed,Dry,Not Raining,Daylight,Rear End,1,Driver Rider,1: PDO,No Control,,,1323153.5,1673141.81,1.32E+13
2019-2937-27/05/2021,2 Metropolitan,HUNTFIELD HEIGHTS,5163,CITY OF ONKAPARINGA,2,1,0,0,1,2019,March,Friday,2:20 PM,80,T-Junction,Straight road,Level,Not Applicable,Sealed,Dry,Not Raining,Daylight,Rear End,2,Driver Rider,2: MI,No Control,,,1319766.65,1644646.85,1.32E+13
2019-2938-27/05/2021,2 Metropolitan,BOLIVAR,5110,CITY OF SALISBURY,2,1,0,0,1,2019,March,Tuesday,5:35 PM,90,Divided Road,Straight road,Level,Not Applicable,Sealed,Dry,Not Raining,Daylight,Rear End,2,Driver Rider,2: MI,No Control,,,1328540.05,1688161.9,1.33E+13
2019-2939-27/05/2021,2 Metropolitan,WINGFIELD,5013,CITY OF PORT ADELAIDE ENFIELD,2,1,0,0,1,2019,March,Wednesday,7:00 AM,60,Cross Road,Straight road,Level,Not Applicable,Sealed,Dry,Not Raining,Night,Right Angle,2,Driver Rider,2: MI,Traffic Signals,,,1325515.62,1680217.62,1.33E+13
2019-2940-27/05/2021,2 Metropolitan,MITCHAM,5062,CC MITCHAM.                   ,2,0,0,0,0,2019,March,Tuesday,6:55 PM,60,Not Divided,"CURVED, VIEW OBSCURED",Slope,Not Applicable,Sealed,Dry,Not Raining,Daylight,Side Swipe,2,Driver Rider,1: PDO,No Control,,,1330554.94,1663711.42,1.33E+13
2019-2941-27/05/2021,2 Metropolitan,MITCHELL PARK,5043,CC MARION.                    ,5,1,0,0,1,2019,March,Wednesday,8:55 AM,60,Divided Road,Straight road,Level,Not Applicable,Sealed,Dry,Not Raining,Daylight,Rear End,1,Driver Rider,2: MI,No Control,,,1324370.98,1661845.02,1.32E+13
2019-2942-27/05/2021,2 Metropolitan,ALDINGA BEACH,5173,CITY OF ONKAPARINGA,2,0,0,0,0,2019,March,Wednesday,2:15 PM,50,T-Junction,"CURVED, VIEW OPEN",Level,Not Applicable,Sealed,Dry,Not Raining,Daylight,Right Angle,2,Driver Rider,1: PDO,No Control,,,1315227.61,1632974.47,1.32E+13
2019-2943-27/05/2021,2 Metropolitan,MOUNT BARKER,5251,DC MT.BARKER.                 ,2,1,0,0,1,2019,March,Wednesday,3:15 PM,50,Cross Road,Straight road,Level,Not Applicable,Sealed,Dry,Not Raining,Daylight,Right Turn,2,Driver Rider,2: MI,Stop Sign,,,1351500.5,1654541.66,1.35E+13
2019-2944-27/05/2021,2 Metropolitan,ASHFORD,5035,CITY OF WEST TORRENS,2,1,0,0,1,2019,June,Tuesday,2:15 PM,50,Cross Road,Straight road,Level,Not Applicable,Sealed,Dry,Not Raining,Daylight,Right Angle,2,Driver Rider,2: MI,Stop Sign,,,1326037.53,1668209.21,1.33E+13
2019-2945-27/05/2021,2 Metropolitan,BIRKENHEAD,5015,CITY OF PORT ADELAIDE ENFIELD,2,0,0,0,0,2019,March,Wednesday,3:10 PM,50,T-Junction,Straight road,Level,Not Applicable,Sealed,Dry,Not Raining,Daylight,Right Angle,1,Driver Rider,1: PDO,Stop Sign,,,1319147.29,1680412.9,1.32E+13
2019-2946-27/05/2021,2 Metropolitan,WINGFIELD,5013,CITY OF PORT ADELAIDE ENFIELD,2,0,0,0,0,2019,March,Wednesday,2:55 PM,60,Cross Road,Straight road,Level,Not Applicable,Sealed,Dry,Not Raining,Daylight,Hit Fixed Object,1,Driver Rider,1: PDO,Traffic Signals,,,1323910.63,1679162.4,1.32E+13
2019-2947-27/05/2021,2 Metropolitan,MEDINDIE,5081,WALKERVILLE TOWN COUNCIL,3,0,0,0,0,2019,March,Wednesday,10:20 AM,60,Divided Road,Straight road,Level,Not Applicable,Sealed,Dry,Not Raining,Daylight,Rear End,1,Driver Rider,1: PDO,No Control,,,1329025.35,1673448.03,1.33E+13
2019-2948-27/05/2021,2 Metropolitan,MEDIINDIE,5081,WALKERVILLE TOWN COUNCIL,2,0,0,0,0,2019,March,Wednesday,7:50 AM,60,Divided Road,Straight road,Level,Not Applicable,Sealed,Dry,Not Raining,Daylight,Side Swipe,2,Driver Rider,1: PDO,No Control,,,1328838.81,1674143.66,1.33E+13