REPORT_ID,Stats Area,Suburb,Postcode,LGA Name,Total Units,Total Cas,Total Fats,Total SI,Total MI,Year,Month,Day,Time,Area Speed,Position Type,Horizontal Align,Vertical Align,Other Feat,Road Surface,Moisture Cond,Weather Cond,DayNight,Crash Type,Unit Resp,Entity Code,CSEF Severity,Traffic Ctrls,DUI Involved,Drugs Involved,ACCLOC_X,ACCLOC_Y,UNIQUE_LOC
2019-3114-27/05/2021,1 City,ADELAIDE,5000,CITY OF ADELAIDE,2,0,0,0,0,2019,April,Monday,8:55 AM,60,Divided Road,Straight road,Level,Not Applicable,Sealed,Dry,Not Raining,Daylight,Rear End,1,Driver Rider,1: PDO,No Control,,,1326998.66,1671297.42,1.33E+13
2019-3115-27/05/2021,2 Metropolitan,MORPHETT VALE,5162,CITY OF ONKAPARINGA,2,0,0,0,0,2019,April,Monday,8:45 AM,60,Cross Road,Straight road,Level,Not Applicable,Sealed,Dry,Not Raining,Daylight,Right Turn,1,Driver Rider,1: PDO,Traffic Signals,,,1320740.53,1651017.75,1.32E+13
2019-3116-27/05/2021,2 Metropolitan,WINGFIELD,5013,CITY OF PORT ADELAIDE ENFIELD,2,0,0,0,0,2019,April,Monday,9:00 AM,60,Cross Road,Straight road,Level,Not Applicable,Sealed,Dry,Not Raining,Daylight,Rear End,1,Driver Rider,1: PDO,Traffic Signals,,,1323910.9,1679152.49,1.32E+13
2019-3117-27/05/2021,1 City,ADELAIDE,5000,CITY OF ADELAIDE,2,0,0,0,0,2019,April,Monday,7:15 AM,50,One Way,Straight road,Level,Not Applicable,Sealed,Dry,Not Raining,Night,Hit Fixed Object,1,Driver Rider,1: PDO,No Control,,,1328191.29,1669655.01,1.33E+13
2019-3118-27/05/2021,2 Metropolitan,ENFIELD,5085,CITY OF PROSPECT,2,0,0,0,0,2019,April,Monday,8:50 AM,60,Divided Road,Straight road,Level,Not Applicable,Sealed,Dry,Not Raining,Daylight,Side Swipe,1,Driver Rider,1: PDO,No Control,,,1328871.27,1676489.55,1.33E+13
2019-3119-27/05/2021,2 Metropolitan,WESTBOURNE PARK,5041,CC MITCHAM.                   ,2,0,0,0,0,2019,April,Monday,8:48 AM,60,Not Divided,Straight road,Level,Driveway or Entrance,Sealed,Dry,Not Raining,Daylight,Side Swipe,1,Driver Rider,1: PDO,No Control,,,1327519.9,1665763.14,1.33E+13
2019-3120-27/05/2021,3 Country,WHYALLA BARSON,5601,CC WHYALLA.                   ,2,0,0,0,0,2019,April,Monday,6:00 AM,80,Not Divided,"CURVED, VIEW OPEN",Level,Not Applicable,Sealed,Dry,Not Raining,Night,Hit Animal,2,Animal,1: PDO,No Control,,,1238493.82,1885333.84,1.24E+13
2019-3121-27/05/2021,2 Metropolitan,HENLEY BEACH,5022,CITY OF CHARLES STURT,2,1,0,0,1,2019,March,Sunday,7:20 PM,60,Divided Road,Straight road,Level,Driveway or Entrance,Sealed,Dry,Not Raining,Night,Right Angle,2,Driver Rider,2: MI,No Control,,,1319898.14,1673052.09,1.32E+13
2019-3122-27/05/2021,2 Metropolitan,ELIZABETH,5112,CITY OF PLAYFORD.,2,0,0,0,0,2019,April,Monday,1:51 PM,60,T-Junction,Straight road,Level,Not Applicable,Sealed,Dry,Not Raining,Daylight,Right Angle,1,Driver Rider,1: PDO,Give Way Sign,,,1335808.03,1693779.92,1.34E+13
2019-3123-27/05/2021,2 Metropolitan,MOUNT BARKER,5251,DC MT.BARKER.                 ,2,0,0,0,0,2019,April,Monday,1:16 PM,60,T-Junction,Straight road,Level,Not Applicable,Sealed,Dry,Not Raining,Daylight,Rear End,1,Driver Rider,1: PDO,No Control,,,1351140.64,1654571.45,1.35E+13
2019-3124-27/05/2021,2 Metropolitan,POORAKA,5095,CITY OF SALISBURY,2,0,0,0,0,2019,March,Sunday,9:30 PM,70,Cross Road,Straight road,Level,Not Applicable,Sealed,Dry,Not Raining,Night,Hit Fixed Object,1,Driver Rider,1: PDO,Traffic Signals,,,1330465.1,1681818.42,1.33E+13
2019-3125-27/05/2021,2 Metropolitan,EDINBURGH NORTH,5113,CITY OF PLAYFORD.,2,1,0,0,1,2019,April,Monday,2:45 PM,60,Cross Road,"CURVED, VIEW OPEN",Level,Not Applicable,Sealed,Dry,Not Raining,Daylight,Side Swipe,1,Driver Rider,2: MI,Roundabout,,,1335277.93,1695343.49,1.34E+13
2019-3126-27/05/2021,2 Metropolitan,PROSPECT,5082,CITY OF PROSPECT,2,0,0,0,0,2019,April,Monday,2:32 PM,60,Cross Road,Straight road,Crest of Hill,Not Applicable,Sealed,Dry,Not Raining,Daylight,Right Turn,2,Driver Rider,1: PDO,Traffic Signals,,,1328059.62,1676423.15,1.33E+13
2019-3127-27/05/2021,2 Metropolitan,LINDEN PARK,5065,CITY OF BURNSIDE,2,0,0,0,0,2019,April,Monday,1:30 PM,60,Divided Road,Straight road,Level,Driveway or Entrance,Sealed,Dry,Not Raining,Daylight,Right Angle,2,Driver Rider,1: PDO,No Control,,,1332325.25,1668834.02,1.33E+13
2019-3128-27/05/2021,2 Metropolitan,PARAFIELD GARDENS,5107,CITY OF SALISBURY,2,0,0,0,0,2019,April,Monday,2:20 PM,50,T-Junction,Straight road,Level,Not Applicable,Sealed,Dry,Not Raining,Daylight,Right Turn,2,Driver Rider,1: PDO,No Control,,Y,1330942.68,1685981.53,1.33E+13
2019-3129-27/05/2021,2 Metropolitan,DAVOREN PARK,5113,CITY OF PLAYFORD.,2,1,0,1,0,2019,April,Monday,3:13 PM,60,Divided Road,Straight road,Level,Not Applicable,Sealed,Dry,Not Raining,Daylight,Hit Pedestrian,2,Pedestrian,3: SI,No Control,,,1335403.51,1695815.1,1.34E+13
2019-3130-27/05/2021,2 Metropolitan,BRIGHTON,5048,CITY OF HOLDFAST BAY,2,1,0,0,1,2019,April,Monday,3:30 PM,60,Divided Road,Straight road,Level,Not Applicable,Sealed,Dry,Not Raining,Daylight,Rear End,2,Driver Rider,2: MI,No Control,,,1321139.58,1660842.46,1.32E+13
2019-3131-27/05/2021,2 Metropolitan,CAMDEN PARK,5038,CITY OF WEST TORRENS,3,1,0,0,1,2019,April,Monday,4:16 PM,60,T-Junction,Straight road,Level,Not Applicable,Sealed,Dry,Not Raining,Daylight,Hit Fixed Object,1,Driver Rider,2: MI,Roundabout,,,1322615.66,1666104.64,1.32E+13
2019-3132-27/05/2021,2 Metropolitan,MODBURY,5092,CITY OF TEA TREE GULLY,2,0,0,0,0,2019,April,Monday,4:33 PM,60,Cross Road,Straight road,Slope,Not Applicable,Sealed,Dry,Not Raining,Daylight,Right Turn,1,Driver Rider,1: PDO,Traffic Signals,,,1336876.15,1680848.77,1.34E+13
2019-3133-27/05/2021,2 Metropolitan,POORAKA,5095,CITY OF SALISBURY,2,0,0,0,0,2019,April,Monday,4:10 PM,80,T-Junction,Straight road,Level,Not Applicable,Sealed,Dry,Not Raining,Daylight,Right Angle,2,Driver Rider,1: PDO,Stop Sign,,,1331536.65,1683142.51,1.33E+13
2019-3134-27/05/2021,2 Metropolitan,ALDINGA,5173,CITY OF ONKAPARINGA,2,1,0,0,1,2019,April,Monday,4:41 PM,70,T-Junction,Straight road,Level,Not Applicable,Sealed,Dry,Not Raining,Daylight,Right Angle,2,Driver Rider,2: MI,Stop Sign,,,1316061.41,1631986.32,1.32E+13
2019-3135-27/05/2021,2 Metropolitan,MAWSON LAKES,5095,CITY OF SALISBURY,3,0,0,0,0,2019,April,Monday,4:20 PM,80,Divided Road,Straight road,Level,Not Applicable,Sealed,Dry,Not Raining,Daylight,Rear End,1,Driver Rider,1: PDO,No Control,,,1331572.01,1683220.06,1.33E+13
2019-3136-27/05/2021,2 Metropolitan,CHERRY GARDENS,5157,CITY OF ONKAPARINGA,2,0,0,0,0,2019,April,Monday,4:30 AM,70,Not Divided,Straight road,Level,Not Applicable,Sealed,Dry,Not Raining,Night,Hit Fixed Object,1,Driver Rider,1: PDO,No Control,,,1331804.57,1654755.68,1.33E+13
2019-3137-27/05/2021,2 Metropolitan,MORPHETT VALE,5162,CITY OF ONKAPARINGA,2,0,0,0,0,2019,April,Monday,4:00 PM,60,Divided Road,Straight road,Level,Not Applicable,Sealed,Dry,Not Raining,Daylight,Rear End,1,Driver Rider,1: PDO,No Control,,,1320839.75,1647667.62,1.32E+13
2019-3138-27/05/2021,2 Metropolitan,PARAFIELD,5106,CITY OF SALISBURY,2,0,0,0,0,2019,April,Monday,4:45 PM,70,Divided Road,Straight road,Slope,Not Applicable,Sealed,Dry,Not Raining,Daylight,Side Swipe,2,Driver Rider,1: PDO,No Control,,,1331666.86,1683575.21,1.33E+13
2019-3139-27/05/2021,2 Metropolitan,MELROSE PARK,5039,CC MITCHAM.                   ,2,0,0,0,0,2019,April,Monday,8:30 AM,60,Divided Road,Straight road,Level,Driveway or Entrance,Sealed,Dry,Not Raining,Daylight,Hit Fixed Object,1,Driver Rider,1: PDO,No Control,,,1325951.55,1663766.27,1.33E+13
2019-3140-27/05/2021,2 Metropolitan,PLYMPTON,5038,CITY OF WEST TORRENS,2,0,0,0,0,2019,April,Monday,6:32 PM,60,Cross Road,Straight road,Level,Not Applicable,Sealed,Dry,Not Raining,Daylight,Rear End,1,Driver Rider,1: PDO,Give Way Sign,,,1323904.44,1667036.32,1.32E+13
2019-3141-27/05/2021,2 Metropolitan,FINDON,5023,CITY OF CHARLES STURT,2,1,0,0,1,2019,April,Monday,6:20 PM,60,Not Divided,Straight road,Level,Driveway or Entrance,Sealed,Dry,Not Raining,Daylight,Right Turn,1,Driver Rider,2: MI,No Control,,,1322418.07,1673184.07,1.32E+13
2019-3142-27/05/2021,1 City,NORTH ADELAIDE,5006,CITY OF ADELAIDE,2,1,0,0,1,2019,April,Monday,5:25 PM,50,Pedestrian Crossing,Straight road,Level,Not Applicable,Sealed,Dry,Not Raining,Daylight,Rear End,2,Driver Rider,2: MI,No Control,,,1328236.57,1671592.55,1.33E+13
2019-3143-27/05/2021,2 Metropolitan,EDINBURGH NORTH,5113,CITY OF PLAYFORD.,2,0,0,0,0,2019,April,Monday,2:45 PM,60,Y-Junction,"CURVED, VIEW OPEN",Level,Not Applicable,Sealed,Dry,Not Raining,Daylight,Right Angle,2,Driver Rider,1: PDO,Roundabout,,,1334921.32,1694319.84,1.33E+13
2019-3144-27/05/2021,2 Metropolitan,MEDINDIE,5081,WALKERVILLE TOWN COUNCIL,2,0,0,0,0,2019,April,Monday,7:45 AM,50,Not Divided,Straight road,Level,Not Applicable,Sealed,Dry,Not Raining,Daylight,Hit Parked Vehicle,2,Driver Rider,1: PDO,No Control,,,1329196.33,1673795.95,1.33E+13
2019-3145-27/05/2021,2 Metropolitan,BURTON,5110,CITY OF SALISBURY,2,0,0,0,0,2019,April,Monday,4:30 PM,70,T-Junction,Straight road,Level,Not Applicable,Sealed,Dry,Not Raining,Daylight,Right Angle,2,Driver Rider,1: PDO,No Control,,,1329003.74,1691736.43,1.33E+13
2019-3146-27/05/2021,2 Metropolitan,OVINGHAM,5082,CITY OF CHARLES STURT,2,1,0,0,1,2019,April,Monday,10:06 PM,60,Cross Road,Straight road,Level,Not Applicable,Sealed,Dry,Not Raining,Night,Rear End,1,Driver Rider,2: MI,Traffic Signals,,,1327131.58,1673269.49,1.33E+13
2019-3147-27/05/2021,3 Country,MOUNT CRAWFORD,5351,THE BAROSSA COUNCIL.,2,1,0,1,0,2019,April,Monday,8:45 PM,100,Not Divided,"CURVED, VIEW OBSCURED",Slope,Not Applicable,Sealed,Dry,Not Raining,Night,Hit Fixed Object,1,Driver Rider,3: SI,No Control,Y,,1367888.12,1695020.31,1.37E+13
2019-3148-27/05/2021,3 Country,VICTOR HARBOR,5211,DC VICTOR HARBOR.             ,1,0,0,0,0,2019,April,Monday,11:30 PM,100,Not Divided,"CURVED, VIEW OPEN",Slope,Not Applicable,Sealed,Dry,Not Raining,Night,Left Road - Out of Control,1,Driver Rider,1: PDO,No Control,,,1327431.73,1603449.08,1.33E+13
2019-3149-27/05/2021,3 Country,MCCRACKEN,5211,DC VICTOR HARBOR.             ,2,0,0,0,0,2019,April,Monday,2:30 PM,60,Not Divided,Straight road,Level,Driveway or Entrance,Sealed,Dry,Not Raining,Daylight,Right Angle,2,Driver Rider,1: PDO,No Control,,,1329757.21,1603060.89,1.33E+13
2019-3150-27/05/2021,2 Metropolitan,MORPHETT VALE,5162,CITY OF ONKAPARINGA,3,1,0,0,1,2019,April,Monday,12:35 PM,60,Not Divided,Straight road,Level,Driveway or Entrance,Sealed,Dry,Not Raining,Daylight,Right Angle,2,Driver Rider,2: MI,No Control,,,1321033.09,1648701.09,1.32E+13
2019-3151-27/05/2021,2 Metropolitan,WILLASTON,5118,CT GAWLER.                    ,2,0,0,0,0,2019,April,Tuesday,8:10 AM,50,Not Divided,Straight road,Level,Not Applicable,Sealed,Dry,Not Raining,Daylight,Hit Parked Vehicle,2,Driver Rider,1: PDO,No Control,,,1342297.92,1707559.65,1.34E+13
2019-3152-27/05/2021,2 Metropolitan,DAW PARK,5041,CC MITCHAM.                   ,2,0,0,0,0,2019,April,Tuesday,7:50 AM,60,Divided Road,Straight road,Level,Not Applicable,Sealed,Dry,Not Raining,Daylight,Side Swipe,1,Driver Rider,1: PDO,No Control,,,1327567.86,1663983.54,1.33E+13
2019-3153-27/05/2021,2 Metropolitan,VALLEY VIEW,5093,CITY OF TEA TREE GULLY,2,0,0,0,0,2019,March,Sunday,7:35 PM,60,Divided Road,Straight road,Level,Not Applicable,Sealed,Dry,Not Raining,Night,Hit Fixed Object,1,Driver Rider,1: PDO,No Control,,,1335743.41,1679957.87,1.34E+13
2019-3154-27/05/2021,2 Metropolitan,MCLAREN VALE,5171,CITY OF ONKAPARINGA,2,1,0,0,1,2019,March,Friday,3:30 PM,50,T-Junction,"CURVED, VIEW OPEN",Level,Not Applicable,Sealed,Dry,Not Raining,Daylight,Rear End,2,Driver Rider,2: MI,No Control,,,1321108.97,1639431.47,1.32E+13
2019-3155-27/05/2021,2 Metropolitan,MODBURY,5092,CITY OF TEA TREE GULLY,3,1,0,0,1,2019,April,Monday,5:45 PM,60,Divided Road,Straight road,Level,Driveway or Entrance,Sealed,Dry,Not Raining,Daylight,Rear End,1,Driver Rider,2: MI,No Control,,,1337081.63,1680620.89,1.34E+13
2019-3156-27/05/2021,2 Metropolitan,MORPHETT VALE,5162,CITY OF ONKAPARINGA,3,5,0,0,5,2019,April,Tuesday,8:40 AM,60,Divided Road,Straight road,Level,Not Applicable,Sealed,Dry,Not Raining,Daylight,Rear End,1,Driver Rider,2: MI,No Control,,,1320764.66,1649741.82,1.32E+13
2019-3157-27/05/2021,2 Metropolitan,ALDINGA BEACH,5173,CITY OF ONKAPARINGA,2,0,0,0,0,2019,March,Sunday,12:05 PM,50,Not Divided,Straight road,Level,Driveway or Entrance,Sealed,Dry,Not Raining,Daylight,Rear End,2,Driver Rider,1: PDO,No Control,,,1314306.32,1632124.93,1.31E+13
2019-3158-27/05/2021,2 Metropolitan,BEDFORD PARK,5042,CC MARION.                    ,2,1,0,0,1,2019,April,Tuesday,8:10 AM,50,Not Divided,Straight road,Level,Not Applicable,Sealed,Dry,Not Raining,Daylight,Rear End,2,Driver Rider,2: MI,No Control,,,1325091.92,1660541.96,1.33E+13
2019-3159-27/05/2021,2 Metropolitan,SALISBURY EAST,5109,CITY OF SALISBURY,2,0,0,0,0,2019,April,Tuesday,10:15 AM,60,Not Divided,Straight road,Level,Not Applicable,Sealed,Dry,Not Raining,Daylight,Hit Parked Vehicle,1,Driver Rider,1: PDO,No Control,,,1334892.22,1687057.21,1.33E+13
2019-3160-27/05/2021,1 City,ADELAIDE,5000,CITY OF ADELAIDE,2,0,0,0,0,2019,April,Tuesday,8:10 AM,60,Not Divided,Straight road,Level,Not Applicable,Sealed,Dry,Not Raining,Daylight,Side Swipe,1,Driver Rider,1: PDO,No Control,,,1329056.93,1669083.57,1.33E+13
2019-3161-27/05/2021,1 City,ADELAIDE,5000,CITY OF ADELAIDE,2,1,0,0,1,2019,March,Saturday,1:45 PM,50,T-Junction,Straight road,Level,Not Applicable,Sealed,Dry,Not Raining,Daylight,Right Angle,1,Driver Rider,2: MI,No Control,,,1328409.22,1671129.95,1.33E+13
2019-3162-27/05/2021,2 Metropolitan,PARAFIELD GARDENS,5107,CITY OF SALISBURY,3,1,0,0,1,2019,April,Tuesday,12:15 PM,50,Cross Road,Straight road,Level,Not Applicable,Sealed,Dry,Not Raining,Daylight,Hit Fixed Object,1,Driver Rider,2: MI,Roundabout,,,1331393.34,1686328.88,1.33E+13
2019-3163-27/05/2021,2 Metropolitan,FULLARTON,5063,CITY OF UNLEY,2,0,0,0,0,2019,April,Tuesday,8:47 AM,50,Not Divided,Straight road,Level,Not Applicable,Sealed,Wet,Raining,Daylight,Rear End,2,Driver Rider,1: PDO,No Control,,,1331162.75,1667494.87,1.33E+13
2019-3164-27/05/2021,2 Metropolitan,EVANDALE,5069,"CC OF NORWOOD,PAYNEHAM & ST PETERS",2,1,0,0,1,2019,April,Tuesday,8:55 AM,60,T-Junction,Straight road,Level,Not Applicable,Sealed,Dry,Not Raining,Daylight,Hit Pedestrian,2,Driver Rider,2: MI,Stop Sign,,,1331437.59,1672830.84,1.33E+13
2019-3165-27/05/2021,2 Metropolitan,GEPPS CROSS,5094,CITY OF PORT ADELAIDE ENFIELD,2,0,0,0,0,2019,March,Friday,10:34 AM,70,Divided Road,Straight road,Level,Not Applicable,Sealed,Dry,Not Raining,Daylight,Hit Parked Vehicle,2,Driver Rider,1: PDO,No Control,,,1328791.41,1679826.19,1.33E+13
2019-3166-27/05/2021,2 Metropolitan,KIDMAN PARK,5025,CITY OF CHARLES STURT,2,0,0,0,0,2019,April,Tuesday,3:00 PM,60,Not Divided,Straight road,Level,Driveway or Entrance,Sealed,Dry,Not Raining,Daylight,Right Angle,1,Driver Rider,1: PDO,No Control,,,1322512.12,1672429.66,1.32E+13
2019-3167-27/05/2021,2 Metropolitan,SALISBURY,5108,CITY OF SALISBURY,2,0,0,0,0,2019,April,Tuesday,12:15 PM,50,T-Junction,Straight road,Level,Not Applicable,Sealed,Dry,Not Raining,Daylight,Rear End,2,Driver Rider,1: PDO,Roundabout,,,1333052.62,1688695.31,1.33E+13
2019-3168-27/05/2021,2 Metropolitan,KLEMZIG,5087,CITY OF PORT ADELAIDE ENFIELD,2,0,0,0,0,2019,April,Tuesday,2:30 PM,60,Divided Road,Straight road,Slope,Not Applicable,Unsealed,Dry,Not Raining,Daylight,Rear End,1,Driver Rider,1: PDO,No Control,,,1331733.01,1676287.77,1.33E+13
2019-3169-27/05/2021,2 Metropolitan,WILLUNGA SOUTH,5172,CITY OF ONKAPARINGA,2,0,0,0,0,2019,April,Tuesday,2:30 PM,100,Not Divided,Straight road,Slope,Not Applicable,Sealed,Dry,Not Raining,Daylight,Hit Fixed Object,1,Driver Rider,1: PDO,No Control,,,1324816.92,1630600.35,1.32E+13
2019-3170-27/05/2021,2 Metropolitan,BRAHMA LODGE,5109,CITY OF SALISBURY,2,3,0,0,3,2019,April,Tuesday,4:10 PM,50,Not Divided,Straight road,Level,Driveway or Entrance,Sealed,Dry,Not Raining,Daylight,Right Angle,2,Driver Rider,2: MI,No Control,,,1333775.65,1687875.24,1.33E+13
2019-3171-27/05/2021,2 Metropolitan,GEPPS CROSS,5085,CITY OF PORT ADELAIDE ENFIELD,2,0,0,0,0,2019,April,Tuesday,3:35 PM,60,Cross Road,Straight road,Level,Not Applicable,Sealed,Dry,Not Raining,Daylight,Rear End,2,Driver Rider,1: PDO,Traffic Signals,,,1330377.17,1679315.41,1.33E+13
2019-3172-27/05/2021,2 Metropolitan,WINGFIELD,5013,CITY OF PORT ADELAIDE ENFIELD,2,0,0,0,0,2019,April,Tuesday,5:05 PM,50,Cross Road,Straight road,Level,Not Applicable,Sealed,Dry,Not Raining,Daylight,Right Angle,1,Driver Rider,1: PDO,Traffic Signals,,,1323879.63,1680181.05,1.32E+13
2019-3173-27/05/2021,2 Metropolitan,NORTH HAVEN,5018,CITY OF PORT ADELAIDE ENFIELD,2,0,0,0,0,2019,April,Tuesday,4:40 PM,50,Not Divided,Straight road,Level,Not Applicable,Sealed,Dry,Not Raining,Daylight,Hit Parked Vehicle,2,Driver Rider,1: PDO,No Control,,,1319854.02,1685991.13,1.32E+13
2019-3174-27/05/2021,2 Metropolitan,PORT ADELAIDE,5015,CITY OF PORT ADELAIDE ENFIELD,2,0,0,0,0,2019,April,Tuesday,5:30 AM,60,T-Junction,Straight road,Level,Not Applicable,Sealed,Dry,Not Raining,Night,Right Angle,1,Driver Rider,1: PDO,No Control,,,1320334.82,1679081,1.32E+13
2019-3175-27/05/2021,3 Country,PORT ELLIOT,5212,ALEXANDRINA COUNCIL,3,1,1,0,0,2019,April,Tuesday,9:23 PM,60,Not Divided,Straight road,Level,Not Applicable,Sealed,Dry,Not Raining,Night,Hit Fixed Object,1,Driver Rider,4: Fatal,No Control,,Y,1333973.75,1604677.73,1.33E+13
2019-3176-27/05/2021,2 Metropolitan,HINDMARSH,5007,CITY OF CHARLES STURT,2,0,0,0,0,2019,April,Tuesday,3:30 PM,60,Cross Road,Straight road,Level,Not Applicable,Sealed,Dry,Not Raining,Daylight,Right Angle,2,Driver Rider,1: PDO,Traffic Signals,,,1325539.86,1673426,1.33E+13
2019-3177-27/05/2021,2 Metropolitan,SOUTH PLYMPTON,5038,CC MARION.                    ,2,0,0,0,0,2019,April,Tuesday,11:28 PM,50,Not Divided,Straight road,Level,Not Applicable,Sealed,Dry,Not Raining,Night,Hit Parked Vehicle,1,Driver Rider,1: PDO,No Control,,,1324697.03,1665409.76,1.32E+13
2019-3178-27/05/2021,2 Metropolitan,ABERFOYLE PARK,5159,CITY OF ONKAPARINGA,2,0,0,0,0,2019,April,Wednesday,12:45 AM,50,T-Junction,"CURVED, VIEW OBSCURED",Slope,Not Applicable,Sealed,Dry,Not Raining,Night,Hit Fixed Object,1,Driver Rider,1: PDO,No Control,Y,,1327383.38,1654365.67,1.33E+13
2019-3179-27/05/2021,2 Metropolitan,WATERLOO CORNER,5110,CITY OF PLAYFORD.,3,2,0,1,1,2019,April,Tuesday,11:56 PM,100,Cross Road,Straight road,Level,Not Applicable,Sealed,Dry,Not Raining,Night,Right Angle,1,Driver Rider,3: SI,Give Way Sign,,Y,1325650.43,1695308.81,1.33E+13
2019-3180-27/05/2021,2 Metropolitan,OVINGHAM,5082,CITY OF PROSPECT,2,0,0,0,0,2019,April,Tuesday,12:29 AM,60,Divided Road,Straight road,Slope,Not Applicable,Sealed,Dry,Not Raining,Night,Hit Fixed Object,1,Driver Rider,1: PDO,No Control,Y,,1327329.2,1673808.95,1.33E+13
2019-3181-27/05/2021,2 Metropolitan,SPRINGFIELD,5062,CC MITCHAM.                   ,3,0,0,0,0,2019,April,Wednesday,8:09 AM,60,T-Junction,Straight road,Level,Not Applicable,Sealed,Dry,Not Raining,Daylight,Rear End,1,Driver Rider,1: PDO,Stop Sign,,,1330797.85,1665196.8,1.33E+13
2019-3182-27/05/2021,2 Metropolitan,RIDGEHAVEN,5097,CITY OF TEA TREE GULLY,2,0,0,0,0,2019,April,Wednesday,8:17 AM,60,Not Divided,Straight road,Level,Driveway or Entrance,Sealed,Dry,Not Raining,Daylight,Right Angle,1,Driver Rider,1: PDO,No Control,,,1337893.2,1682454.63,1.34E+13
2019-3183-27/05/2021,2 Metropolitan,ST MORRIS,5068,"CC OF NORWOOD,PAYNEHAM & ST PETERS",2,0,0,0,0,2019,April,Wednesday,8:30 AM,50,Not Divided,Straight road,Level,Not Applicable,Sealed,Dry,Not Raining,Daylight,Hit Parked Vehicle,1,Driver Rider,1: PDO,No Control,,,1333447.83,1672074.31,1.33E+13
2019-3184-27/05/2021,2 Metropolitan,ANDREWS FARM,5114,CITY OF PLAYFORD.,2,0,0,0,0,2019,April,Wednesday,8:05 AM,50,T-Junction,Straight road,Level,Not Applicable,Sealed,Dry,Not Raining,Daylight,Right Angle,1,Driver Rider,1: PDO,No Control,,,1334678.68,1697795.21,1.33E+13
2019-3185-27/05/2021,2 Metropolitan,KLEMZIG,5087,CITY OF PORT ADELAIDE ENFIELD,2,1,0,0,1,2019,April,Wednesday,6:55 AM,60,Cross Road,"CURVED, VIEW OPEN",Level,Not Applicable,Sealed,Dry,Not Raining,Night,Right Turn,1,Driver Rider,2: MI,Traffic Signals,,Y,1332072.8,1676595.28,1.33E+13
2019-3186-27/05/2021,2 Metropolitan,INGLE FARM,5098,CITY OF SALISBURY,2,1,0,0,1,2019,April,Wednesday,9:15 AM,70,T-Junction,Straight road,Level,Not Applicable,Sealed,Dry,Not Raining,Daylight,Right Angle,2,Driver Rider,2: MI,Traffic Signals,,,1332670.28,1681584.24,1.33E+13
2019-3187-27/05/2021,2 Metropolitan,CRAFERS WEST,5152,THE ADELAIDE HILLS COUNCIL,2,0,0,0,0,2019,April,Tuesday,4:15 PM,90,Freeway,"CURVED, VIEW OPEN",Slope,Not Applicable,Sealed,Dry,Not Raining,Daylight,Side Swipe,2,Driver Rider,1: PDO,No Control,,,1336122.81,1663901.08,1.34E+13
2019-3188-27/05/2021,3 Country,WATTLE RANGE,5280,WATTLE RANGE COUNCIL,2,2,0,2,0,2019,April,Wednesday,9:00 AM,110,Cross Road,Straight road,Level,Not Applicable,Sealed,Dry,Not Raining,Daylight,Right Angle,2,Driver Rider,3: SI,Give Way Sign,,,1497162.41,1381409.96,1.50E+13
2019-3189-27/05/2021,3 Country,COONALPYN,5265,COORONG DISTRICT COUNCIL,3,0,0,0,0,2019,April,Tuesday,11:00 PM,110,Not Divided,Straight road,Level,Not Applicable,Unsealed,Dry,Not Raining,Night,Hit Animal,2,Animal,1: PDO,No Control,,,1449898.32,1585578.5,1.45E+13
2019-3190-27/05/2021,2 Metropolitan,MODBURY,5092,CITY OF TEA TREE GULLY,2,1,0,0,1,2019,April,Wednesday,8:08 AM,60,Not Divided,Straight road,Slope,Driveway or Entrance,Sealed,Dry,Not Raining,Daylight,Right Angle,1,Driver Rider,2: MI,No Control,,,1335694.6,1680893.26,1.34E+13
2019-3191-27/05/2021,1 City,ADELAIDE,5000,CITY OF ADELAIDE,2,1,0,0,1,2019,March,Thursday,5:55 PM,60,T-Junction,Straight road,Level,Not Applicable,Sealed,Dry,Not Raining,Daylight,Right Angle,2,Driver Rider,2: MI,Traffic Signals,,,1327359.49,1670486.3,1.33E+13
2019-3192-27/05/2021,1 City,ADELAIDE,5000,CITY OF ADELAIDE,2,0,0,0,0,2019,April,Wednesday,9:10 AM,50,Cross Road,Straight road,Level,Not Applicable,Sealed,Dry,Not Raining,Daylight,Right Turn,2,Driver Rider,1: PDO,Give Way Sign,,,1327395.92,1670003.03,1.33E+13
2019-3193-27/05/2021,2 Metropolitan,BLACKWOOD,5051,CC MITCHAM.                   ,2,0,0,0,0,2019,April,Tuesday,4:00 PM,50,Multiple,Straight road,Slope,Not Applicable,Sealed,Dry,Not Raining,Daylight,Right Angle,2,Driver Rider,1: PDO,Roundabout,,,1329678.48,1660052.36,1.33E+13
2019-3194-27/05/2021,2 Metropolitan,URRBRAE,5064,CC MITCHAM.                   ,2,1,0,0,1,2019,April,Tuesday,7:53 AM,80,Freeway,Straight road,Level,Not Applicable,Sealed,Dry,Not Raining,Daylight,Rear End,1,Driver Rider,2: MI,No Control,,,1332858.04,1665807.2,1.33E+13
2019-3195-27/05/2021,2 Metropolitan,VIRGINIA,5120,CITY OF PLAYFORD.,5,0,0,0,0,2019,April,Wednesday,11:30 AM,80,Not Divided,Straight road,Level,Driveway or Entrance,Sealed,Dry,Not Raining,Daylight,Right Angle,2,Driver Rider,1: PDO,No Control,,,1328959.22,1698891.11,1.33E+13
2019-3196-27/05/2021,2 Metropolitan,EDEN HILLS,5050,CC MITCHAM.                   ,2,0,0,0,0,2019,April,Wednesday,11:15 AM,60,Not Divided,Straight road,Slope,Driveway or Entrance,Sealed,Dry,Not Raining,Daylight,Hit Fixed Object,1,Driver Rider,1: PDO,No Control,,,1326347.79,1660384.12,1.33E+13