REPORT_ID,Stats Area,Suburb,Postcode,LGA Name,Total Units,Total Cas,Total Fats,Total SI,Total MI,Year,Month,Day,Time,Area Speed,Position Type,Horizontal Align,Vertical Align,Other Feat,Road Surface,Moisture Cond,Weather Cond,DayNight,Crash Type,Unit Resp,Entity Code,CSEF Severity,Traffic Ctrls,DUI Involved,Drugs Involved,ACCLOC_X,ACCLOC_Y,UNIQUE_LOC
2019-3197-27/05/2021,2 Metropolitan,WALKERVILLE,5081,WALKERVILLE TOWN COUNCIL,3,0,0,0,0,2019,April,Wednesday,8:30 AM,60,Divided Road,Straight road,Level,Not Applicable,Sealed,Dry,Not Raining,Daylight,Hit Object on Road,1,Driver Rider,1: PDO,No Control,,,1330112.84,1674887.39,1.33E+13
2019-3198-27/05/2021,2 Metropolitan,NOARLUNGA DOWNS,5168,CITY OF ONKAPARINGA,3,0,0,0,0,2019,April,Wednesday,12:50 PM,60,Cross Road,Straight road,Level,Not Applicable,Sealed,Dry,Not Raining,Daylight,Rear End,2,Driver Rider,1: PDO,Roundabout,,,1317380.31,1646945.77,1.32E+13
2019-3199-27/05/2021,2 Metropolitan,MODBURY,5092,CITY OF TEA TREE GULLY,2,1,0,0,1,2019,April,Tuesday,8:37 PM,60,Cross Road,Straight road,Slope,Not Applicable,Sealed,Dry,Not Raining,Night,Right Turn,2,Driver Rider,2: MI,Traffic Signals,,,1336189.32,1680597.27,1.34E+13
2019-3200-27/05/2021,2 Metropolitan,NAIRNE,5252,DC MT.BARKER.                 ,3,0,0,0,0,2019,April,Tuesday,5:30 PM,80,Not Divided,Straight road,Level,Not Applicable,Sealed,Dry,Not Raining,Daylight,Rear End,1,Driver Rider,1: PDO,No Control,,,1358377.01,1656807.54,1.36E+13
2019-3201-27/05/2021,2 Metropolitan,OTTOWAY,5013,CITY OF PORT ADELAIDE ENFIELD,2,0,0,0,0,2019,April,Wednesday,11:30 AM,60,Cross Road,Straight road,Level,Not Applicable,Sealed,Dry,Not Raining,Daylight,Right Angle,2,Driver Rider,1: PDO,Give Way Sign,,,1322633.27,1679784.34,1.32E+13
2019-3202-27/05/2021,2 Metropolitan,GAWLER SOUTH,5118,CT GAWLER.                    ,2,1,0,0,1,2019,April,Wednesday,2:30 PM,50,Cross Road,Straight road,Level,Not Applicable,Sealed,Dry,Not Raining,Daylight,Right Angle,1,Driver Rider,2: MI,Give Way Sign,,,1342851.02,1705710.49,1.34E+13
2019-3203-27/05/2021,2 Metropolitan,MOUNT BARKER,5251,DC MT.BARKER.                 ,3,2,0,1,1,2019,April,Tuesday,3:35 PM,60,Cross Road,Straight road,Level,Not Applicable,Sealed,Dry,Not Raining,Daylight,Rear End,1,Driver Rider,3: SI,Give Way Sign,,Y,1351092.71,1654671.46,1.35E+13
2019-3204-27/05/2021,2 Metropolitan,NAIRNE,5252,DC MT.BARKER.                 ,2,0,0,0,0,2019,April,Wednesday,2:00 PM,100,Not Divided,Straight road,Level,Not Applicable,Sealed,Dry,Not Raining,Daylight,Hit Fixed Object,1,Driver Rider,1: PDO,No Control,,,1354269.22,1658405.5,1.35E+13
2019-3205-27/05/2021,2 Metropolitan,ROYAL PARK,5014,CITY OF CHARLES STURT,2,0,0,0,0,2019,April,Wednesday,2:18 PM,60,Divided Road,Straight road,Level,Not Applicable,Sealed,Dry,Not Raining,Daylight,Right Turn,2,Driver Rider,1: PDO,No Control,,,1320691.43,1676596.6,1.32E+13
2019-3206-27/05/2021,2 Metropolitan,EASTWOOD,5063,CITY OF BURNSIDE,2,0,0,0,0,2019,April,Wednesday,1:00 PM,60,Divided Road,Straight road,Level,Not Applicable,Sealed,Dry,Not Raining,Daylight,Rear End,1,Driver Rider,1: PDO,No Control,,,1329950.27,1668986.89,1.33E+13
2019-3207-27/05/2021,2 Metropolitan,GOLDEN GROVE,5125,CITY OF TEA TREE GULLY,2,0,0,0,0,2019,April,Wednesday,3:05 PM,60,T-Junction,Straight road,Slope,Not Applicable,Sealed,Dry,Not Raining,Daylight,Right Angle,1,Driver Rider,1: PDO,No Control,,,1339692.13,1685785.8,1.34E+13
2019-3208-27/05/2021,2 Metropolitan,CUMBERLAND PARK,5041,CC MITCHAM.                   ,2,1,0,0,1,2019,April,Tuesday,4:30 PM,60,T-Junction,Straight road,Level,Not Applicable,Sealed,Dry,Not Raining,Daylight,Right Angle,1,Driver Rider,2: MI,No Control,,,1327514.82,1665944.74,1.33E+13
2019-3209-27/05/2021,2 Metropolitan,ST MARYS,5042,CC MITCHAM.                   ,2,1,0,0,1,2019,April,Wednesday,2:50 PM,60,Cross Road,Straight road,Level,Not Applicable,Sealed,Dry,Not Raining,Daylight,Hit Pedestrian,1,Pedestrian,2: MI,Traffic Signals,,,1325965.37,1663322.86,1.33E+13
2019-3210-27/05/2021,2 Metropolitan,GLANDORE,5037,CITY OF WEST TORRENS,2,1,0,0,1,2019,April,Wednesday,4:16 PM,50,Not Divided,Straight road,Level,Driveway or Entrance,Sealed,Dry,Not Raining,Daylight,Right Angle,2,Driver Rider,2: MI,No Control,,,1325028.55,1666994.1,1.33E+13
2019-3211-27/05/2021,2 Metropolitan,WYNN VALE,5127,CITY OF TEA TREE GULLY,2,1,0,0,1,2019,April,Wednesday,3:30 PM,60,Divided Road,Straight road,Level,Roadworks,Sealed,Dry,Not Raining,Daylight,Rear End,2,Driver Rider,2: MI,No Control,,,1338151.63,1683641.61,1.34E+13
2019-3212-27/05/2021,2 Metropolitan,MODBURY HEIGHTS,5092,CITY OF TEA TREE GULLY,4,0,0,0,0,2019,April,Wednesday,4:51 PM,80,Divided Road,Straight road,Slope,Not Applicable,Sealed,Dry,Not Raining,Daylight,Rear End,1,Driver Rider,1: PDO,No Control,,,1335957.59,1682378.28,1.34E+13
2019-3213-27/05/2021,2 Metropolitan,MOUNT BARKER,5251,DC MT.BARKER.                 ,2,1,0,0,1,2019,April,Wednesday,3:25 PM,60,T-Junction,Straight road,Level,Not Applicable,Sealed,Dry,Not Raining,Daylight,Rear End,2,Driver Rider,2: MI,No Control,,,1351046.53,1654767.75,1.35E+13
2019-3214-27/05/2021,2 Metropolitan,ERINDALE,5066,CITY OF BURNSIDE,2,0,0,0,0,2019,April,Wednesday,5:27 PM,50,Cross Road,Straight road,Slope,Not Applicable,Sealed,Dry,Not Raining,Daylight,Right Angle,1,Driver Rider,1: PDO,Give Way Sign,,,1334328.6,1670196.77,1.33E+13
2019-3215-27/05/2021,2 Metropolitan,HILLBANK,5112,CITY OF PLAYFORD.,2,2,0,0,2,2019,April,Wednesday,5:34 PM,80,T-Junction,"CURVED, VIEW OPEN",Slope,Not Applicable,Sealed,Dry,Not Raining,Daylight,Rear End,1,Driver Rider,2: MI,Traffic Signals,,,1336393.2,1689664.92,1.34E+13
2019-3216-27/05/2021,2 Metropolitan,POORAKA,5095,CITY OF SALISBURY,2,1,0,0,1,2019,April,Wednesday,5:05 PM,70,Divided Road,Straight road,Level,Not Applicable,Sealed,Dry,Not Raining,Daylight,Hit Fixed Object,1,Driver Rider,2: MI,No Control,,,1330598.63,1681987.22,1.33E+13
2019-3217-27/05/2021,2 Metropolitan,INGLE FARM,5098,CITY OF SALISBURY,3,1,0,0,1,2019,April,Wednesday,4:30 PM,60,Divided Road,Straight road,Level,Not Applicable,Sealed,Dry,Not Raining,Daylight,Rear End,1,Driver Rider,2: MI,No Control,,,1332533.61,1682305.36,1.33E+13
2019-3218-27/05/2021,2 Metropolitan,WINGFIELD,5013,CITY OF PORT ADELAIDE ENFIELD,2,0,0,0,0,2019,April,Monday,1:30 PM,60,Divided Road,Straight road,Level,Not Applicable,Sealed,Dry,Not Raining,Daylight,Side Swipe,2,Driver Rider,1: PDO,No Control,,,1324275.01,1679161.95,1.32E+13
2019-3219-27/05/2021,2 Metropolitan,EDWARDSTOWN,5039,CC MARION.                    ,2,0,0,0,0,2019,April,Wednesday,5:30 PM,50,Not Divided,Straight road,Level,Not Applicable,Sealed,Dry,Not Raining,Daylight,Right Angle,1,Driver Rider,1: PDO,No Control,,,1325515.51,1664776.22,1.33E+13
2019-3220-27/05/2021,1 City,ADELAIDE,5000,CITY OF ADELAIDE,2,0,0,0,0,2019,March,Friday,12:00 PM,50,Not Divided,Straight road,Slope,Not Applicable,Sealed,Dry,Not Raining,Daylight,Hit Fixed Object,1,Driver Rider,1: PDO,No Control,,,1329057.52,1671680.23,1.33E+13
2019-3221-27/05/2021,2 Metropolitan,GLENELG EAST,5045,CITY OF HOLDFAST BAY,2,0,0,0,0,2019,April,Wednesday,7:20 PM,60,Multiple,Straight road,Level,Not Applicable,Sealed,Dry,Not Raining,Night,Rear End,2,Driver Rider,1: PDO,Traffic Signals,,,1321021.92,1664900.43,1.32E+13
2019-3222-27/05/2021,2 Metropolitan,PARKSIDE,5063,CITY OF UNLEY,2,0,0,0,0,2019,April,Wednesday,7:38 PM,60,Cross Road,Straight road,Level,Not Applicable,Sealed,Dry,Not Raining,Night,Right Turn,1,Driver Rider,1: PDO,Traffic Signals,,,1329603.75,1668978.88,1.33E+13
2019-3223-27/05/2021,2 Metropolitan,HENLEY BEACH,5022,CITY OF CHARLES STURT,2,1,0,0,1,2019,April,Wednesday,6:30 PM,50,Cross Road,Straight road,Level,Not Applicable,Sealed,Dry,Not Raining,Daylight,Side Swipe,2,Driver Rider,2: MI,Give Way Sign,,,1318817.37,1671996.21,1.32E+13
2019-3224-27/05/2021,2 Metropolitan,HOLDEN HILL,5088,CITY OF PORT ADELAIDE ENFIELD,2,1,0,0,1,2019,April,Wednesday,3:30 PM,60,Divided Road,Straight road,Level,Not Applicable,Sealed,Dry,Not Raining,Daylight,Side Swipe,2,Driver Rider,2: MI,No Control,,,1333883.64,1678029.73,1.33E+13
2019-3225-27/05/2021,2 Metropolitan,WINGFIELD,5013,CITY OF PORT ADELAIDE ENFIELD,2,0,0,0,0,2019,April,Wednesday,6:45 AM,60,Not Divided,Straight road,Level,Not Applicable,Sealed,Dry,Not Raining,Night,Rear End,1,Driver Rider,1: PDO,No Control,,,1325517.9,1680174.16,1.33E+13
2019-3226-27/05/2021,2 Metropolitan,INGLE FARM,5098,CITY OF SALISBURY,2,0,0,0,0,2019,April,Wednesday,5:40 PM,70,T-Junction,Straight road,Level,Not Applicable,Sealed,Dry,Not Raining,Daylight,Right Turn,1,Driver Rider,1: PDO,Traffic Signals,,,1332666.48,1681574.09,1.33E+13
2019-3227-27/05/2021,2 Metropolitan,ROYAL PARK,5014,CITY OF CHARLES STURT,2,1,0,0,1,2019,April,Thursday,7:36 AM,60,Cross Road,Straight road,Level,Not Applicable,Sealed,Dry,Not Raining,Daylight,Hit Pedestrian,1,Driver Rider,2: MI,Give Way Sign,,,1320254.31,1677974.11,1.32E+13
2019-3228-27/05/2021,2 Metropolitan,HOLDEN HILL,5088,CITY OF TEA TREE GULLY,3,0,0,0,0,2019,April,Wednesday,6:35 AM,60,Divided Road,"CURVED, VIEW OBSCURED",Crest of Hill,Not Applicable,Sealed,Dry,Not Raining,Night,Hit Fixed Object,1,Driver Rider,1: PDO,No Control,,,1335216.36,1679269.54,1.34E+13
2019-3229-27/05/2021,2 Metropolitan,MILLSWOOD,5034,CITY OF UNLEY,2,0,0,0,0,2019,April,Thursday,8:30 AM,50,Not Divided,Straight road,Level,Not Applicable,Sealed,Dry,Not Raining,Daylight,Head On,1,Driver Rider,1: PDO,No Control,,,1327472.41,1667433.59,1.33E+13
2019-3230-27/05/2021,2 Metropolitan,NORTON SUMMIT,5136,THE ADELAIDE HILLS COUNCIL,1,1,0,1,0,2019,March,Sunday,11:50 AM,60,Not Divided,"CURVED, VIEW OBSCURED",Bottom of Hill,Not Applicable,Sealed,Wet,Raining,Daylight,Roll Over,1,Driver Rider,3: SI,No Control,,,1339701.12,1670384.76,1.34E+13
2019-3231-27/05/2021,1 City,ADELAIDE,5000,CITY OF ADELAIDE,2,1,0,1,0,2019,April,Thursday,9:00 AM,50,Divided Road,"CURVED, VIEW OPEN",Level,Not Applicable,Sealed,Dry,Not Raining,Daylight,Side Swipe,1,Driver Rider,3: SI,No Control,,,1328435.07,1670257.12,1.33E+13
2019-3232-27/05/2021,2 Metropolitan,ATHOL PARK,5012,CITY OF CHARLES STURT,2,1,0,0,1,2019,April,Thursday,11:00 AM,60,Divided Road,Straight road,Level,Not Applicable,Sealed,Dry,Not Raining,Daylight,Rear End,2,Driver Rider,2: MI,No Control,,,1323301.57,1679147.79,1.32E+13
2019-3233-27/05/2021,2 Metropolitan,SHEIDOW PARK,5158,CC MARION.                    ,2,0,0,0,0,2019,April,Thursday,7:04 AM,50,Not Divided,Straight road,Level,Not Applicable,Sealed,Dry,Not Raining,Night,Hit Parked Vehicle,2,Driver Rider,1: PDO,No Control,,,1321244.76,1654315.19,1.32E+13
2019-3234-27/05/2021,2 Metropolitan,SEAFORD,5169,CITY OF ONKAPARINGA,3,2,0,1,1,2019,April,Thursday,11:25 AM,70,Cross Road,Straight road,Level,Not Applicable,Sealed,Dry,Not Raining,Daylight,Right Angle,1,Driver Rider,3: SI,Traffic Signals,,,1316371.66,1642084.36,1.32E+13
2019-3235-27/05/2021,2 Metropolitan,GREENACRES,5086,CITY OF PORT ADELAIDE ENFIELD,2,0,0,0,0,2019,April,Thursday,12:20 PM,60,Divided Road,Straight road,Level,Not Applicable,Sealed,Dry,Not Raining,Daylight,Rear End,1,Driver Rider,1: PDO,No Control,,,1330439.36,1676837.53,1.33E+13
2019-3236-27/05/2021,2 Metropolitan,WOODCROFT,5162,CITY OF ONKAPARINGA,2,0,0,0,0,2019,April,Thursday,12:05 PM,50,T-Junction,Straight road,Level,Not Applicable,Sealed,Dry,Not Raining,Daylight,Side Swipe,1,Driver Rider,1: PDO,Roundabout,,,1323990.54,1652270.41,1.32E+13
2019-3237-27/05/2021,2 Metropolitan,GLENELG EAST,5045,CITY OF HOLDFAST BAY,2,1,0,0,1,2019,April,Thursday,12:30 PM,50,Not Divided,Straight road,Level,Not Applicable,Sealed,Dry,Not Raining,Daylight,Hit Parked Vehicle,1,Driver Rider,2: MI,No Control,,,1321447.63,1664375.76,1.32E+13
2019-3238-27/05/2021,2 Metropolitan,PROSPECT,5082,CITY OF PROSPECT,2,0,0,0,0,2019,April,Thursday,11:00 AM,60,Cross Road,Straight road,Level,Not Applicable,Sealed,Dry,Not Raining,Daylight,Right Turn,1,Driver Rider,1: PDO,Traffic Signals,,,1327235.97,1676403.16,1.33E+13
2019-3239-27/05/2021,2 Metropolitan,SOMERTON PARK,5044,CITY OF HOLDFAST BAY,2,1,0,0,1,2019,April,Thursday,12:50 PM,50,T-Junction,Straight road,Level,Not Applicable,Sealed,Dry,Not Raining,Daylight,Right Angle,2,Driver Rider,2: MI,Give Way Sign,,,1320670.73,1663040.92,1.32E+13
2019-3240-27/05/2021,2 Metropolitan,WINGFIELD,5013,CITY OF PORT ADELAIDE ENFIELD,2,1,0,0,1,2019,April,Thursday,1:20 PM,60,T-Junction,Straight road,Level,Not Applicable,Sealed,Dry,Not Raining,Daylight,Rear End,1,Driver Rider,2: MI,Give Way Sign,,,1325951.92,1679196.02,1.33E+13
2019-3241-27/05/2021,3 Country,COBDOGLA,5346,THE BERRI BARMERA COUNCIL,2,0,0,0,0,2019,April,Wednesday,1:50 PM,90,Not Divided,Straight road,Level,Not Applicable,Sealed,Dry,Not Raining,Daylight,Side Swipe,2,Driver Rider,1: PDO,No Control,,,1498007.02,1738934.01,1.50E+13
2019-3242-27/05/2021,2 Metropolitan,SALISBURY EAST,5109,CITY OF SALISBURY,2,0,0,0,0,2019,April,Thursday,2:00 PM,80,Divided Road,"CURVED, VIEW OBSCURED",Slope,Not Applicable,Sealed,Dry,Not Raining,Daylight,Side Swipe,2,Driver Rider,1: PDO,No Control,,,1336545.02,1686486.95,1.34E+13
2019-3243-27/05/2021,2 Metropolitan,GILLMAN,5013,CITY OF PORT ADELAIDE ENFIELD,1,0,0,0,0,2019,April,Thursday,1:15 PM,60,Cross Road,Straight road,Level,Not Applicable,Sealed,Dry,Not Raining,Daylight,Other,1,Driver Rider,1: PDO,Traffic Signals,,,1322189.88,1680347.79,1.32E+13
2019-3244-27/05/2021,2 Metropolitan,REGENCY PARK,5010,CITY OF PORT ADELAIDE ENFIELD,2,0,0,0,0,2019,April,Thursday,3:00 PM,60,Cross Road,Straight road,Level,Not Applicable,Sealed,Dry,Not Raining,Daylight,Side Swipe,2,Driver Rider,1: PDO,Traffic Signals,,,1326053.02,1676376.71,1.33E+13
2019-3245-27/05/2021,2 Metropolitan,BASKET RANGE,5138,THE ADELAIDE HILLS COUNCIL,2,1,0,1,0,2019,April,Thursday,12:50 PM,80,Not Divided,"CURVED, VIEW OBSCURED",Slope,Not Applicable,Sealed,Dry,Not Raining,Daylight,Head On,1,Driver Rider,3: SI,No Control,,,1344965.59,1668397.05,1.34E+13
2019-3246-27/05/2021,2 Metropolitan,MAWSON LAKES,5095,CITY OF SALISBURY,2,2,0,0,2,2019,April,Thursday,3:45 PM,70,Divided Road,Straight road,Level,Not Applicable,Sealed,Dry,Not Raining,Daylight,Rear End,2,Driver Rider,2: MI,No Control,,,1329771.11,1684340.7,1.33E+13
2019-3247-27/05/2021,2 Metropolitan,ELIZABETH PARK,5113,CITY OF PLAYFORD.,2,1,0,0,1,2019,April,Thursday,4:12 PM,80,Cross Road,Straight road,Level,Not Applicable,Sealed,Dry,Not Raining,Daylight,Hit Pedestrian,2,Pedestrian,2: MI,Traffic Signals,Y,,1335939.12,1693257.92,1.34E+13
2019-3248-27/05/2021,2 Metropolitan,ELIZABETH GROVE,5112,CITY OF PLAYFORD.,2,1,0,0,1,2019,April,Thursday,2:37 PM,80,Divided Road,Straight road,Level,Not Applicable,Sealed,Dry,Not Raining,Daylight,Hit Fixed Object,1,Driver Rider,2: MI,No Control,,,1336115.52,1691645.12,1.34E+13
2019-3249-27/05/2021,3 Country,MOUNT GAMBIER,5290,CC MT.GAMBIER.                ,2,0,0,0,0,2019,April,Thursday,4:45 PM,60,T-Junction,Straight road,Level,Not Applicable,Sealed,Dry,Not Raining,Daylight,Right Angle,1,Driver Rider,1: PDO,Give Way Sign,,,1511703.64,1339414.03,1.51E+13
2019-3250-27/05/2021,2 Metropolitan,MARION,5043,CC MARION.                    ,2,0,0,0,0,2019,April,Thursday,4:45 PM,50,Not Divided,Straight road,Level,Not Applicable,Sealed,Dry,Not Raining,Daylight,Hit Parked Vehicle,1,Driver Rider,1: PDO,No Control,,,1323877.43,1661573.87,1.32E+13
2019-3251-27/05/2021,1 City,ADELAIDE,5000,CITY OF ADELAIDE,2,0,0,0,0,2019,April,Thursday,5:00 PM,50,Not Divided,Straight road,Level,Not Applicable,Sealed,Dry,Not Raining,Daylight,Side Swipe,2,Driver Rider,1: PDO,No Control,,,1328092.75,1669712.46,1.33E+13
2019-3252-27/05/2021,2 Metropolitan,MOUNT BARKER,5251,DC MT.BARKER.                 ,2,0,0,0,0,2019,April,Thursday,5:30 PM,60,Cross Road,Straight road,Level,Not Applicable,Sealed,Dry,Not Raining,Daylight,Right Angle,1,Driver Rider,1: PDO,Roundabout,,,1351901.57,1653063.6,1.35E+13
2019-3253-27/05/2021,2 Metropolitan,PARAFIELD GARDENS,5107,CITY OF SALISBURY,2,0,0,0,0,2019,April,Thursday,5:00 PM,60,Divided Road,Straight road,Level,Not Applicable,Sealed,Dry,Not Raining,Daylight,Hit Pedestrian,2,Pedestrian,1: PDO,No Control,,,1330659.08,1685831.54,1.33E+13
2019-3254-27/05/2021,2 Metropolitan,POORAKA,5095,CITY OF SALISBURY,2,0,0,0,0,2019,April,Thursday,5:19 PM,70,T-Junction,Straight road,Level,Not Applicable,Sealed,Dry,Not Raining,Daylight,Right Turn,1,Driver Rider,1: PDO,No Control,,,1330901.74,1681830.98,1.33E+13
2019-3255-27/05/2021,2 Metropolitan,WEST CROYDON,5008,CITY OF CHARLES STURT,2,0,0,0,0,2019,April,Thursday,5:50 PM,50,Cross Road,Straight road,Level,Not Applicable,Sealed,Dry,Not Raining,Daylight,Right Angle,1,Driver Rider,1: PDO,Give Way Sign,,,1324444.89,1675167.62,1.32E+13
2019-3256-27/05/2021,2 Metropolitan,MAWSON LAKES,5095,CITY OF SALISBURY,2,0,0,0,0,2019,April,Thursday,7:18 PM,80,Divided Road,Straight road,Level,Not Applicable,Sealed,Dry,Not Raining,Night,Side Swipe,2,Driver Rider,1: PDO,No Control,,,1328704.58,1683017.74,1.33E+13
2019-3257-27/05/2021,1 City,NORTH ADELAIDE,5006,CITY OF ADELAIDE,2,0,0,0,0,2019,April,Thursday,8:30 PM,60,Cross Road,"CURVED, VIEW OBSCURED",Level,Not Applicable,Sealed,Dry,Not Raining,Night,Hit Pedestrian,2,Pedestrian,1: PDO,Traffic Signals,,,1327899.7,1671597.52,1.33E+13
2019-3258-27/05/2021,3 Country,WELLINGTON,5259,RC MURRAY BRIDGE.             ,2,0,0,0,0,2019,April,Thursday,8:45 PM,80,Not Divided,Straight road,Slope,Not Applicable,Sealed,Dry,Not Raining,Night,Hit Animal,2,Animal,1: PDO,No Control,,,1397510.38,1622964.94,1.40E+13
2019-3259-27/05/2021,3 Country,PORT AUGUSTA,5700,CC PT.AUGUSTA.                ,2,2,0,0,2,2019,April,Thursday,9:35 PM,50,Cross Road,Straight road,Bottom of Hill,Not Applicable,Sealed,Dry,Not Raining,Night,Right Angle,1,Driver Rider,2: MI,Give Way Sign,,,1259219.01,1942479.84,1.26E+13
2019-3260-27/05/2021,3 Country,MURRAY BRIDGE,5253,RC MURRAY BRIDGE.             ,2,1,0,0,1,2019,April,Friday,1:45 AM,110,Freeway,Straight road,Level,Not Applicable,Sealed,Dry,Not Raining,Night,Hit Fixed Object,1,Driver Rider,2: MI,No Control,,,1389989.47,1643443.73,1.39E+13
2019-3261-27/05/2021,2 Metropolitan,ROYSTON PARK,5070,"CC OF NORWOOD,PAYNEHAM & ST PETERS",2,0,0,0,0,2019,April,Friday,2:10 AM,60,Cross Road,Straight road,Level,Not Applicable,Sealed,Dry,Not Raining,Night,Hit Fixed Object,1,Driver Rider,1: PDO,Stop Sign,,,1331903.53,1673452.04,1.33E+13
2019-3262-27/05/2021,2 Metropolitan,TORRENSVILLE,5031,CITY OF WEST TORRENS,2,0,0,0,0,2019,April,Friday,4:30 AM,60,Divided Road,Straight road,Level,Not Applicable,Sealed,Dry,Not Raining,Night,Hit Fixed Object,1,Driver Rider,1: PDO,No Control,,,1325326.34,1672248.43,1.33E+13
2019-3263-27/05/2021,2 Metropolitan,LARGS BAY,5016,CITY OF PORT ADELAIDE ENFIELD,2,0,0,0,0,2019,April,Friday,4:20 AM,60,Divided Road,"CURVED, VIEW OPEN",Level,Not Applicable,Sealed,Dry,Not Raining,Night,Hit Pedestrian,2,Pedestrian,1: PDO,No Control,,,1319729.98,1682388.87,1.32E+13
2019-3264-27/05/2021,2 Metropolitan,NORTH PLYMPTON,5037,CITY OF WEST TORRENS,3,0,0,0,0,2019,April,Friday,6:50 AM,60,Cross Road,Straight road,Level,Not Applicable,Sealed,Dry,Not Raining,Night,Right Angle,2,Driver Rider,1: PDO,Stop Sign,,,1324217.15,1667394.67,1.32E+13
2019-3265-27/05/2021,2 Metropolitan,MARION,5043,CC MARION.                    ,3,0,0,0,0,2019,April,Friday,7:00 AM,60,T-Junction,Straight road,Level,Not Applicable,Sealed,Dry,Not Raining,Night,Right Turn,2,Driver Rider,1: PDO,No Control,,,1324360.63,1662037.64,1.32E+13
2019-3266-27/05/2021,2 Metropolitan,ENFIELD,5085,CITY OF PORT ADELAIDE ENFIELD,2,0,0,0,0,2019,April,Thursday,6:00 PM,60,T-Junction,Straight road,Level,Not Applicable,Sealed,Dry,Not Raining,Daylight,Right Turn,2,Driver Rider,1: PDO,Stop Sign,,,1328859.45,1677079.43,1.33E+13
2019-3267-27/05/2021,2 Metropolitan,BLACKWOOD,5051,CC MITCHAM.                   ,2,0,0,0,0,2019,April,Thursday,4:00 PM,50,Not Divided,Straight road,Level,Not Applicable,Sealed,Dry,Not Raining,Daylight,Rear End,2,Driver Rider,1: PDO,No Control,,,1329507.57,1660041.24,1.33E+13
2019-3268-27/05/2021,2 Metropolitan,HOPE VALLEY,5090,CITY OF TEA TREE GULLY,2,0,0,0,0,2019,April,Friday,6:40 AM,60,T-Junction,Straight road,Level,Not Applicable,Unsealed,Dry,Not Raining,Night,Right Angle,2,Driver Rider,1: PDO,No Control,,,1336259.03,1679443.22,1.34E+13
2019-3269-27/05/2021,2 Metropolitan,NOARLUNGA DOWNS,5168,CITY OF ONKAPARINGA,3,2,0,1,1,2019,April,Thursday,1:35 PM,80,T-Junction,Straight road,Level,Not Applicable,Sealed,Dry,Not Raining,Daylight,Rear End,1,Driver Rider,3: SI,Traffic Signals,,,1319267.72,1644317.67,1.32E+13
2019-3270-27/05/2021,2 Metropolitan,ADELAIDE AIRPORT,5950,CITY OF WEST TORRENS,2,1,0,0,1,2019,April,Friday,7:45 AM,50,Divided Road,Straight road,Level,Driveway or Entrance,Sealed,Dry,Not Raining,Daylight,Hit Pedestrian,1,Driver Rider,2: MI,No Control,,,1323031.53,1669899.15,1.32E+13
2019-3271-27/05/2021,2 Metropolitan,MILE END,5031,CITY OF WEST TORRENS,3,4,0,0,4,2019,April,Friday,9:40 AM,60,T-Junction,Straight road,Level,Not Applicable,Sealed,Dry,Not Raining,Daylight,Rear End,1,Driver Rider,2: MI,No Control,,,1326418.42,1670992.64,1.33E+13
2019-3272-27/05/2021,2 Metropolitan,EDWARDSTOWN,5039,CC MARION.                    ,3,0,0,0,0,2019,April,Friday,8:15 AM,50,Not Divided,Straight road,Level,Not Applicable,Sealed,Dry,Not Raining,Daylight,Hit Parked Vehicle,1,Driver Rider,1: PDO,No Control,,,1325410.32,1665405.33,1.33E+13
2019-3273-27/05/2021,3 Country,YOUNGHUSBAND,5238,MID MURRAY DISTRICT COUNCIL,2,1,1,0,0,2019,April,Friday,8:14 AM,110,Not Divided,Straight road,Crest of Hill,Not Applicable,Sealed,Dry,Not Raining,Daylight,Side Swipe,1,Driver Rider,4: Fatal,No Control,,,1412324.75,1669865,1.41E+13
2019-3274-27/05/2021,2 Metropolitan,SALISBURY DOWNS,5108,CITY OF SALISBURY,3,0,0,0,0,2019,April,Friday,10:51 AM,60,T-Junction,Straight road,Level,Not Applicable,Sealed,Dry,Not Raining,Daylight,Right Angle,1,Driver Rider,1: PDO,No Control,,,1332105.28,1687658.25,1.33E+13
2019-3275-27/05/2021,2 Metropolitan,KILKENNY,5009,CITY OF CHARLES STURT,2,0,0,0,0,2019,April,Friday,7:30 AM,50,Cross Road,Straight road,Level,Not Applicable,Sealed,Dry,Not Raining,Daylight,Right Angle,1,Driver Rider,1: PDO,Give Way Sign,,,1324224.6,1675379.85,1.32E+13
2019-3276-27/05/2021,1 City,ADELAIDE,5000,CITY OF ADELAIDE,2,0,0,0,0,2019,April,Friday,9:45 AM,50,Cross Road,Straight road,Level,Not Applicable,Sealed,Dry,Not Raining,Daylight,Right Angle,1,Driver Rider,1: PDO,Traffic Signals,,,1329224.36,1671166.59,1.33E+13
2019-3277-27/05/2021,2 Metropolitan,KENTON VALLEY,5233,THE ADELAIDE HILLS COUNCIL,2,2,0,0,2,2019,April,Thursday,2:30 PM,100,T-Junction,Straight road,Level,Not Applicable,Sealed,Dry,Not Raining,Daylight,Rear End,2,Driver Rider,2: MI,Give Way Sign,,,1355615.56,1677639.94,1.36E+13
2019-3278-27/05/2021,2 Metropolitan,YATTALUNGA,5114,CITY OF PLAYFORD.,1,0,0,0,0,2019,April,Thursday,10:30 AM,80,Not Divided,Straight road,Level,Not Applicable,Sealed,Dry,Not Raining,Daylight,Roll Over,1,Driver Rider,1: PDO,No Control,,,1344768.21,1696096.55,1.34E+13