REPORT_ID,Stats Area,Suburb,Postcode,LGA Name,Total Units,Total Cas,Total Fats,Total SI,Total MI,Year,Month,Day,Time,Area Speed,Position Type,Horizontal Align,Vertical Align,Other Feat,Road Surface,Moisture Cond,Weather Cond,DayNight,Crash Type,Unit Resp,Entity Code,CSEF Severity,Traffic Ctrls,DUI Involved,Drugs Involved,ACCLOC_X,ACCLOC_Y,UNIQUE_LOC
2019-3361-27/05/2021,2 Metropolitan,ELIZABETH NORTH,5113,CITY OF PLAYFORD.,2,0,0,0,0,2019,April,Monday,8:20 AM,60,Cross Road,Straight road,Level,Not Applicable,Sealed,Dry,Not Raining,Daylight,Right Angle,2,Driver Rider,1: PDO,Give Way Sign,,,1335889.86,1694972.42,1.34E+13
2019-3362-27/05/2021,2 Metropolitan,SALISBURY,5108,CITY OF SALISBURY,2,2,0,0,2,2019,April,Sunday,7:21 PM,60,Cross Road,Straight road,Level,Not Applicable,Sealed,Dry,Not Raining,Night,Rear End,2,Driver Rider,2: MI,Traffic Signals,,,1332782.42,1688511.32,1.33E+13
2019-3363-27/05/2021,2 Metropolitan,DAW PARK,5041,CC MITCHAM.                   ,2,0,0,0,0,2019,April,Monday,1:50 PM,60,Cross Road,Straight road,Level,Not Applicable,Sealed,Dry,Not Raining,Daylight,Right Angle,1,Driver Rider,1: PDO,Stop Sign,,,1327551.9,1664534.85,1.33E+13
2019-3364-27/05/2021,2 Metropolitan,POORAKA,5095,CITY OF SALISBURY,4,0,0,0,0,2019,April,Monday,9:24 AM,70,Cross Road,Straight road,Level,Not Applicable,Sealed,Dry,Not Raining,Daylight,Hit Fixed Object,1,Driver Rider,1: PDO,Traffic Signals,,,1330475.28,1681830.96,1.33E+13
2019-3365-27/05/2021,2 Metropolitan,MCLAREN FLAT,5171,CITY OF ONKAPARINGA,1,0,0,0,0,2019,April,Sunday,2:00 PM,80,Not Divided,"CURVED, VIEW OBSCURED",Slope,Not Applicable,Sealed,Dry,Not Raining,Daylight,Other,1,Driver Rider,1: PDO,No Control,,,1330599.32,1640526.61,1.33E+13
2019-3366-27/05/2021,2 Metropolitan,MILE END,5031,CITY OF WEST TORRENS,2,0,0,0,0,2019,April,Sunday,3:30 PM,50,Not Divided,Straight road,Level,Not Applicable,Sealed,Dry,Not Raining,Daylight,Hit Fixed Object,1,Driver Rider,1: PDO,No Control,,,1325950.47,1670385.7,1.33E+13
2019-3367-27/05/2021,2 Metropolitan,KESWICK,5035,CITY OF WEST TORRENS,2,1,0,0,1,2019,January,Friday,3:22 PM,60,T-Junction,Straight road,Level,Not Applicable,Sealed,Dry,Not Raining,Daylight,Rear End,2,Driver Rider,2: MI,No Control,,,1326559.92,1668496.69,1.33E+13
2019-3368-27/05/2021,2 Metropolitan,GAWLER,5118,CT GAWLER.                    ,2,0,0,0,0,2019,April,Monday,12:30 PM,50,Not Divided,Straight road,Level,Not Applicable,Sealed,Dry,Not Raining,Daylight,Hit Parked Vehicle,1,Driver Rider,1: PDO,No Control,,,1343259.6,1706314.01,1.34E+13
2019-3369-27/05/2021,2 Metropolitan,KENT TOWN,5067,"CC OF NORWOOD,PAYNEHAM & ST PETERS",2,1,0,0,1,2019,April,Monday,7:55 AM,60,T-Junction,Straight road,Level,Not Applicable,Sealed,Dry,Not Raining,Daylight,Right Angle,1,Driver Rider,2: MI,Roundabout,,,1330555.43,1670400.29,1.33E+13
2019-3370-27/05/2021,2 Metropolitan,PAYNEHAM SOUTH,5070,"CC OF NORWOOD,PAYNEHAM & ST PETERS",2,0,0,0,0,2019,April,Monday,12:00 PM,50,Not Divided,Straight road,Level,Not Applicable,Sealed,Dry,Not Raining,Daylight,Hit Parked Vehicle,2,Driver Rider,1: PDO,No Control,,,1332470.81,1673134.79,1.33E+13
2019-3371-27/05/2021,2 Metropolitan,NOARLUNGA CENTRE,5168,CITY OF ONKAPARINGA,2,0,0,0,0,2019,April,Monday,3:40 PM,60,Cross Road,Straight road,Slope,Not Applicable,Sealed,Dry,Not Raining,Daylight,Right Turn,2,Driver Rider,1: PDO,Traffic Signals,,,1317352.6,1647424.58,1.32E+13
2019-3372-27/05/2021,2 Metropolitan,SALISBURY PLAIN,5109,CITY OF SALISBURY,2,1,0,0,1,2019,April,Monday,4:30 PM,50,Cross Road,Straight road,Level,Not Applicable,Sealed,Dry,Not Raining,Daylight,Right Angle,2,Driver Rider,2: MI,No Control,,,1333872.89,1688003.87,1.33E+13
2019-3373-27/05/2021,3 Country,RENMARK,5341,DC RENMARK PARINGA            ,2,1,0,0,1,2019,April,Monday,4:24 PM,50,Cross Road,Straight road,Level,Not Applicable,Sealed,Dry,Not Raining,Daylight,Right Angle,2,Driver Rider,2: MI,Give Way Sign,,,1528407.34,1745384.46,1.53E+13
2019-3374-27/05/2021,2 Metropolitan,KUDLA,5115,CT GAWLER.                    ,2,2,0,0,2,2019,April,Monday,4:00 PM,80,T-Junction,Straight road,Level,Not Applicable,Sealed,Dry,Not Raining,Daylight,Right Angle,2,Driver Rider,2: MI,Stop Sign,,,1338661.3,1700789.09,1.34E+13
2019-3375-27/05/2021,2 Metropolitan,GLANDORE,5037,CC MARION.                    ,2,0,0,0,0,2019,April,Monday,2:25 PM,60,Divided Road,Straight road,Level,Not Applicable,Sealed,Dry,Not Raining,Daylight,Rear End,2,Driver Rider,1: PDO,No Control,,,1325849.09,1667072.81,1.33E+13
2019-3376-27/05/2021,2 Metropolitan,GLENGOWRIE,5044,CC MARION.                    ,2,0,0,0,0,2019,April,Monday,7:10 AM,60,Not Divided,Straight road,Level,Not Applicable,Sealed,Dry,Not Raining,Daylight,Side Swipe,2,Driver Rider,1: PDO,No Control,,,1322674.85,1664028.68,1.32E+13
2019-3377-27/05/2021,2 Metropolitan,WELLAND,5007,CITY OF CHARLES STURT,2,0,0,0,0,2019,April,Monday,6:10 PM,60,Divided Road,Straight road,Level,Not Applicable,Sealed,Dry,Not Raining,Night,Hit Fixed Object,1,Driver Rider,1: PDO,No Control,,,1324825.27,1673196.28,1.32E+13
2019-3378-27/05/2021,1 City,ADELAIDE,5000,CITY OF ADELAIDE,2,0,0,0,0,2019,April,Thursday,12:45 PM,60,Not Divided,Straight road,Level,Not Applicable,Sealed,Dry,Not Raining,Daylight,Side Swipe,1,Driver Rider,1: PDO,No Control,,,1327411.93,1669472.94,1.33E+13
2019-3379-27/05/2021,1 City,NORTH ADELAIDE,5006,CITY OF ADELAIDE,2,1,0,0,1,2019,April,Monday,9:00 AM,50,Not Divided,Straight road,Level,Driveway or Entrance,Sealed,Dry,Not Raining,Daylight,Right Turn,1,Driver Rider,2: MI,No Control,,,1329017.92,1672586.25,1.33E+13
2019-3380-27/05/2021,1 City,ADELAIDE,5000,CITY OF ADELAIDE,2,1,0,0,1,2019,April,Monday,5:41 PM,50,Cross Road,Straight road,Level,Not Applicable,Sealed,Dry,Not Raining,Daylight,Rear End,2,Driver Rider,2: MI,Stop Sign,,,1327744.71,1670650.01,1.33E+13
2019-3381-27/05/2021,2 Metropolitan,NAILSWORTH,5083,CITY OF PROSPECT,2,0,0,0,0,2019,April,Monday,7:00 PM,40,Not Divided,Straight road,Level,Not Applicable,Sealed,Dry,Not Raining,Night,Hit Parked Vehicle,2,Driver Rider,1: PDO,No Control,,,1329183.45,1675089.75,1.33E+13
2019-3382-27/05/2021,2 Metropolitan,MAWSON LAKES,5095,CITY OF SALISBURY,2,0,0,0,0,2019,April,Monday,11:25 PM,50,Not Divided,Straight road,Level,Not Applicable,Sealed,Dry,Not Raining,Night,Hit Parked Vehicle,2,Driver Rider,1: PDO,No Control,,,1329922.27,1682196.3,1.33E+13
2019-3383-27/05/2021,2 Metropolitan,PARKSIDE,5063,CITY OF UNLEY,2,0,0,0,0,2019,April,Tuesday,4:13 AM,60,Cross Road,Straight road,Level,Not Applicable,Sealed,Wet,Not Raining,Night,Rear End,2,Driver Rider,1: PDO,Traffic Signals,,,1329057.07,1668963.89,1.33E+13
2019-3384-27/05/2021,3 Country,MERRITON,5523,PT.PIRIE CITY & DIST. COUNCIL ,2,1,0,0,1,2019,April,Tuesday,1:55 AM,110,Not Divided,"CURVED, VIEW OPEN",Level,Roadworks,Sealed,Wet,Raining,Night,Hit Fixed Object,1,Driver Rider,2: MI,No Control,,,1292625.02,1837368.37,1.29E+13
2019-3385-27/05/2021,2 Metropolitan,GOODWOOD,5034,CITY OF UNLEY,2,1,0,0,1,2019,April,Tuesday,7:45 AM,50,T-Junction,Straight road,Level,Not Applicable,Sealed,Dry,Not Raining,Daylight,Rear End,2,Driver Rider,2: MI,No Control,,,1328135.16,1667891.93,1.33E+13
2019-3386-27/05/2021,2 Metropolitan,KILBURN,5084,CITY OF PORT ADELAIDE ENFIELD,2,1,0,1,0,2019,April,Tuesday,7:40 AM,50,Cross Road,Straight road,Level,Not Applicable,Sealed,Dry,Not Raining,Daylight,Right Angle,1,Driver Rider,3: SI,Give Way Sign,,,1328042.75,1677181.68,1.33E+13
2019-3387-27/05/2021,2 Metropolitan,ALDINGA BEACH,5173,CITY OF ONKAPARINGA,2,0,0,0,0,2019,April,Tuesday,7:15 AM,50,Not Divided,Straight road,Level,Not Applicable,Sealed,Dry,Not Raining,Daylight,Hit Fixed Object,1,Driver Rider,1: PDO,No Control,,,1314699.98,1631964.82,1.31E+13
2019-3388-27/05/2021,3 Country,ANGASTON,5353,THE BAROSSA COUNCIL.,2,0,0,0,0,2019,April,Monday,3:30 PM,50,T-Junction,Straight road,Level,Not Applicable,Sealed,Dry,Not Raining,Daylight,Right Angle,2,Driver Rider,1: PDO,No Control,,,1370983.06,1715469.3,1.37E+13
2019-3389-27/05/2021,2 Metropolitan,ENFIELD,5085,CITY OF PORT ADELAIDE ENFIELD,2,0,0,0,0,2019,April,Tuesday,8:45 AM,60,Divided Road,Straight road,Level,Not Applicable,Sealed,Dry,Not Raining,Daylight,Rear End,2,Driver Rider,1: PDO,No Control,,,1328853.69,1676864.91,1.33E+13
2019-3390-27/05/2021,2 Metropolitan,PARA HILLS,5096,CITY OF SALISBURY,2,0,0,0,0,2019,April,Monday,6:05 PM,60,T-Junction,Straight road,Crest of Hill,Not Applicable,Sealed,Dry,Not Raining,Night,Right Angle,1,Driver Rider,1: PDO,Stop Sign,,,1334428.9,1683032.96,1.33E+13
2019-3391-27/05/2021,2 Metropolitan,OAKDEN,5086,CITY OF PORT ADELAIDE ENFIELD,2,1,0,0,1,2019,April,Tuesday,7:30 AM,70,T-Junction,Straight road,Level,Not Applicable,Sealed,Dry,Not Raining,Daylight,Rear End,1,Driver Rider,2: MI,Traffic Signals,,,1332015.63,1679296.5,1.33E+13
2019-3392-27/05/2021,3 Country,CARPENTER ROCKS,5291,DISTRICT COUNCIL OF GRANT,3,0,0,0,0,2019,April,Saturday,10:30 PM,110,Not Divided,Straight road,Level,Not Applicable,Sealed,Dry,Not Raining,Night,Hit Animal,2,Animal,1: PDO,No Control,,,1478111.23,1333400,1.48E+13
2019-3393-27/05/2021,2 Metropolitan,POORAKA,5095,CITY OF SALISBURY,5,0,0,0,0,2019,April,Tuesday,8:30 AM,70,Divided Road,Straight road,Level,Not Applicable,Sealed,Dry,Not Raining,Daylight,Rear End,1,Driver Rider,1: PDO,No Control,,,1330568.38,1681820.56,1.33E+13
2019-3394-27/05/2021,2 Metropolitan,SEAFORD MEADOWS,5169,CITY OF ONKAPARINGA,2,0,0,0,0,2019,April,Tuesday,9:30 AM,60,Divided Road,Straight road,Level,Not Applicable,Sealed,Dry,Not Raining,Daylight,Side Swipe,2,Driver Rider,1: PDO,No Control,,,1318267.58,1643111.45,1.32E+13
2019-3395-27/05/2021,2 Metropolitan,EASTWOOD,5063,CITY OF BURNSIDE,3,1,0,0,1,2019,April,Tuesday,9:00 AM,60,Divided Road,Straight road,Level,Driveway or Entrance,Sealed,Dry,Not Raining,Daylight,Right Angle,1,Driver Rider,2: MI,No Control,,,1330511.62,1668999.07,1.33E+13
2019-3396-27/05/2021,1 City,ADELAIDE,5000,CITY OF ADELAIDE,2,0,0,0,0,2019,April,Tuesday,10:00 AM,50,Cross Road,Straight road,Level,Not Applicable,Sealed,Dry,Not Raining,Daylight,Side Swipe,2,Driver Rider,1: PDO,Traffic Signals,,,1328494.31,1669574.15,1.33E+13
2019-3397-27/05/2021,1 City,ADELAIDE,5000,CITY OF ADELAIDE,2,0,0,0,0,2019,April,Monday,12:00 PM,25,Not Divided,Straight road,Level,Roadworks,Sealed,Dry,Not Raining,Daylight,Hit Parked Vehicle,2,Driver Rider,1: PDO,No Control,,,1328684.49,1670750.26,1.33E+13
2019-3398-27/05/2021,2 Metropolitan,MANNINGHAM,5086,CITY OF PORT ADELAIDE ENFIELD,2,1,0,0,1,2019,April,Tuesday,9:20 AM,60,Cross Road,Straight road,Level,Not Applicable,Sealed,Dry,Not Raining,Daylight,Rear End,2,Driver Rider,2: MI,Traffic Signals,,,1330452.56,1676521.37,1.33E+13
2019-3399-27/05/2021,2 Metropolitan,BROOKLYN PARK,5032,CITY OF WEST TORRENS,2,0,0,0,0,2019,April,Tuesday,9:40 AM,60,Divided Road,Straight road,Level,Roadworks,Sealed,Dry,Not Raining,Daylight,Side Swipe,1,Driver Rider,1: PDO,No Control,,,1324117.02,1670723.19,1.32E+13
2019-3400-27/05/2021,2 Metropolitan,SALISBURY EAST,5109,CITY OF SALISBURY,1,0,0,0,0,2019,April,Sunday,4:35 PM,50,Not Divided,Straight road,Slope,Not Applicable,Unsealed,Dry,Not Raining,Daylight,Other,1,Driver Rider,1: PDO,No Control,,,1334209.12,1686116.87,1.33E+13
2019-3401-27/05/2021,3 Country,WILLAMULKA,5554,COPPER COAST DISTRICT COUNCIL,1,0,0,0,0,2019,April,Tuesday,11:55 AM,100,Not Divided,Straight road,Level,Not Applicable,Sealed,Dry,Not Raining,Daylight,Roll Over,1,Driver Rider,1: PDO,No Control,,,1257251.72,1783602.53,1.26E+13
2019-3402-27/05/2021,2 Metropolitan,ONE TREE HILL,5114,CITY OF PLAYFORD.,1,1,0,0,1,2019,April,Sunday,9:00 PM,80,Not Divided,"CURVED, VIEW OBSCURED",Slope,Not Applicable,Sealed,Dry,Not Raining,Night,Roll Over,1,Driver Rider,2: MI,No Control,,,1340788.77,1695357.87,1.34E+13
2019-3403-27/05/2021,2 Metropolitan,GILBERTON,5081,WALKERVILLE TOWN COUNCIL,2,0,0,0,0,2019,April,Tuesday,9:45 AM,60,Divided Road,Straight road,Level,Not Applicable,Sealed,Dry,Not Raining,Daylight,Hit Parked Vehicle,2,Driver Rider,1: PDO,No Control,,,1329430,1673344.4,1.33E+13
2019-3404-27/05/2021,1 City,ADELAIDE,5000,CITY OF ADELAIDE,2,0,0,0,0,2019,April,Tuesday,1:30 PM,50,Cross Road,Straight road,Level,Not Applicable,Sealed,Dry,Not Raining,Daylight,Side Swipe,1,Driver Rider,1: PDO,Traffic Signals,,,1329244.29,1670538.33,1.33E+13
2019-3405-27/05/2021,2 Metropolitan,MORPHETT VALE,5162,CITY OF ONKAPARINGA,2,0,0,0,0,2019,April,Tuesday,11:30 AM,60,Divided Road,Straight road,Level,Not Applicable,Sealed,Dry,Not Raining,Daylight,Hit Fixed Object,1,Driver Rider,1: PDO,No Control,,,1320811.02,1648637.59,1.32E+13
2019-3406-27/05/2021,2 Metropolitan,NETHERBY,5062,CC MITCHAM.                   ,2,1,0,0,1,2019,April,Tuesday,1:45 PM,60,Not Divided,Straight road,Slope,Not Applicable,Sealed,Dry,Not Raining,Daylight,Hit Parked Vehicle,1,Driver Rider,2: MI,No Control,,,1330603.8,1666287.58,1.33E+13
2019-3407-27/05/2021,1 City,ADELAIDE,5000,CITY OF ADELAIDE,2,1,0,0,1,2019,April,Monday,9:50 AM,60,Divided Road,Straight road,Level,Not Applicable,Sealed,Dry,Not Raining,Daylight,Side Swipe,2,Driver Rider,2: MI,No Control,,,1327190.06,1671206.43,1.33E+13
2019-3408-27/05/2021,2 Metropolitan,MODBURY,5092,CITY OF TEA TREE GULLY,2,1,0,0,1,2019,April,Friday,6:25 PM,60,Divided Road,Straight road,Level,Not Applicable,Sealed,Dry,Not Raining,Daylight,Rear End,2,Driver Rider,2: MI,No Control,,,1335959.54,1680183.98,1.34E+13
2019-3409-27/05/2021,2 Metropolitan,BIRKENHEAD,5015,CITY OF PORT ADELAIDE ENFIELD,2,0,0,0,0,2019,April,Tuesday,2:35 PM,60,T-Junction,Straight road,Bottom of Hill,Not Applicable,Sealed,Dry,Not Raining,Daylight,Side Swipe,2,Driver Rider,1: PDO,Traffic Signals,,,1319959.07,1680684.57,1.32E+13
2019-3410-27/05/2021,3 Country,KADINA,5554,COPPER COAST DISTRICT COUNCIL,2,0,0,0,0,2019,April,Tuesday,3:00 PM,25,Not Divided,Straight road,Level,Not Applicable,Sealed,Dry,Not Raining,Daylight,Hit Parked Vehicle,1,Driver Rider,1: PDO,No Control,,,1250254.66,1780291.64,1.25E+13
2019-3411-27/05/2021,2 Metropolitan,NOARLUNGA DOWNS,5168,CITY OF ONKAPARINGA,2,3,0,0,3,2019,April,Tuesday,3:17 PM,60,Divided Road,Straight road,Level,Not Applicable,Sealed,Dry,Not Raining,Daylight,Hit Parked Vehicle,1,Driver Rider,2: MI,No Control,,Y,1318361.47,1646728.98,1.32E+13
2019-3412-27/05/2021,2 Metropolitan,KENT TOWN,5067,"CC OF NORWOOD,PAYNEHAM & ST PETERS",2,0,0,0,0,2019,April,Tuesday,1:30 PM,60,T-Junction,"CURVED, VIEW OBSCURED",Level,Not Applicable,Sealed,Dry,Not Raining,Daylight,Right Angle,1,Driver Rider,1: PDO,Roundabout,,,1330555.43,1670400.29,1.33E+13
2019-3413-27/05/2021,3 Country,MONBULLA,5277,WATTLE RANGE COUNCIL,1,1,0,0,1,2019,April,Tuesday,3:30 PM,110,Not Divided,"CURVED, VIEW OPEN",Level,Not Applicable,Sealed,Dry,Not Raining,Daylight,Roll Over,1,Driver Rider,2: MI,No Control,,,1506139.58,1382226.92,1.51E+13
2019-3414-27/05/2021,2 Metropolitan,VIRGINIA,5120,CITY OF PLAYFORD.,2,1,0,0,1,2019,April,Tuesday,4:45 PM,50,Not Divided,Straight road,Level,Driveway or Entrance,Sealed,Dry,Not Raining,Daylight,Hit Pedestrian,1,Driver Rider,2: MI,No Control,,,1325849.37,1699456.01,1.33E+13
2019-3415-27/05/2021,2 Metropolitan,MUNNO PARA WEST,5115,CITY OF PLAYFORD.,2,1,0,0,1,2019,April,Tuesday,4:50 PM,60,Not Divided,Straight road,Level,Not Applicable,Sealed,Dry,Not Raining,Daylight,Rear End,1,Driver Rider,2: MI,No Control,,,1336070.96,1698885.12,1.34E+13
2019-3416-27/05/2021,2 Metropolitan,BASKET RANGE,5138,THE ADELAIDE HILLS COUNCIL,1,0,0,0,0,2019,April,Sunday,8:00 AM,80,Not Divided,Straight road,Level,Not Applicable,Sealed,Dry,Not Raining,Daylight,Roll Over,1,Driver Rider,1: PDO,No Control,,,1343990.85,1669128.93,1.34E+13
2019-3417-27/05/2021,2 Metropolitan,PARKSIDE,5063,CITY OF UNLEY,2,0,0,0,0,2019,April,Tuesday,4:58 PM,60,Cross Road,Straight road,Level,Not Applicable,Sealed,Dry,Not Raining,Daylight,Side Swipe,2,Driver Rider,1: PDO,Stop Sign,,,1329069.58,1668563.26,1.33E+13
2019-3418-27/05/2021,2 Metropolitan,UNDERDALE,5032,CITY OF WEST TORRENS,2,0,0,0,0,2019,April,Tuesday,6:27 PM,60,T-Junction,Straight road,Level,Not Applicable,Sealed,Dry,Not Raining,Night,Right Turn,1,Driver Rider,1: PDO,Traffic Signals,,,1323829.19,1671602.14,1.32E+13
2019-3419-27/05/2021,3 Country,RENMARK,5341,DC RENMARK PARINGA            ,2,0,0,0,0,2019,April,Tuesday,7:35 PM,50,Cross Road,Straight road,Level,Not Applicable,Sealed,Dry,Not Raining,Night,Right Angle,1,Driver Rider,1: PDO,Give Way Sign,,,1528649.95,1745272.27,1.53E+13
2019-3420-27/05/2021,2 Metropolitan,GAWLER EAST,5118,CT GAWLER.                    ,2,0,0,0,0,2019,April,Tuesday,3:20 PM,50,Cross Road,Straight road,Level,Not Applicable,Sealed,Dry,Not Raining,Daylight,Right Angle,2,Driver Rider,1: PDO,Roundabout,,,1343429.59,1706242.46,1.34E+13
2019-3421-27/05/2021,2 Metropolitan,HOPE VALLEY,5090,CITY OF TEA TREE GULLY,2,0,0,0,0,2019,April,Tuesday,8:13 PM,60,T-Junction,Straight road,Level,Not Applicable,Sealed,Dry,Not Raining,Night,Rear End,1,Driver Rider,1: PDO,No Control,,,1336909.66,1679763.2,1.34E+13
2019-3422-27/05/2021,2 Metropolitan,NORWOOD,5067,"CC OF NORWOOD,PAYNEHAM & ST PETERS",2,0,0,0,0,2019,April,Monday,6:10 PM,50,Cross Road,Straight road,Level,Not Applicable,Sealed,Dry,Not Raining,Night,Rear End,2,Driver Rider,1: PDO,Stop Sign,,,1331654.48,1671063.43,1.33E+13
2019-3423-27/05/2021,2 Metropolitan,KURRALTA PARK,5037,CITY OF WEST TORRENS,2,0,0,0,0,2019,April,Tuesday,6:55 PM,50,Not Divided,Straight road,Level,Not Applicable,Sealed,Dry,Not Raining,Night,Hit Parked Vehicle,1,Driver Rider,1: PDO,No Control,,,1325421.82,1667627.17,1.33E+13
2019-3424-27/05/2021,2 Metropolitan,MAGILL,5072,CC CAMPBELLTOWN.              ,2,0,0,0,0,2019,April,Tuesday,5:50 PM,50,Not Divided,Straight road,Level,Not Applicable,Sealed,Dry,Not Raining,Daylight,Other,9,Other,1: PDO,No Control,,,1334952.56,1672468.04,1.33E+13
2019-3425-27/05/2021,2 Metropolitan,MARION,5043,CC MARION.                    ,3,0,0,0,0,2019,April,Tuesday,4:45 PM,60,Divided Road,Straight road,Level,Not Applicable,Sealed,Dry,Not Raining,Daylight,Rear End,1,Driver Rider,1: PDO,No Control,,,1324372.74,1661786.55,1.32E+13
2019-3426-27/05/2021,2 Metropolitan,CAREY GULLY,5144,THE ADELAIDE HILLS COUNCIL,2,0,0,0,0,2019,April,Tuesday,5:35 PM,80,Not Divided,"CURVED, VIEW OBSCURED",Level,Not Applicable,Sealed,Dry,Not Raining,Daylight,Hit Fixed Object,1,Driver Rider,1: PDO,No Control,,,1342510.2,1666081.03,1.34E+13
2019-3427-27/05/2021,2 Metropolitan,HENLEY BEACH,5022,CITY OF CHARLES STURT,2,1,0,1,0,2019,April,Tuesday,10:00 PM,50,Not Divided,Straight road,Level,Not Applicable,Sealed,Dry,Not Raining,Night,Hit Fixed Object,1,Driver Rider,3: SI,No Control,,,1318738.21,1672856.1,1.32E+13
2019-3428-27/05/2021,2 Metropolitan,EVANSTON SOUTH,5116,CT GAWLER.                    ,2,2,0,2,0,2019,April,Tuesday,9:00 PM,90,Divided Road,Straight road,Level,Not Applicable,Sealed,Dry,Not Raining,Night,Head On,1,Driver Rider,3: SI,No Control,,,1340736.89,1701685.78,1.34E+13
2019-3429-27/05/2021,2 Metropolitan,LOCKLEYS,5032,CITY OF WEST TORRENS,2,0,0,0,0,2019,April,Wednesday,12:02 AM,50,T-Junction,Straight road,Level,Not Applicable,Sealed,Dry,Not Raining,Night,Hit Fixed Object,1,Driver Rider,1: PDO,No Control,,,1323419.78,1671322.3,1.32E+13
2019-3430-27/05/2021,2 Metropolitan,DAWESLEY,5252,DC MT.BARKER.                 ,1,0,0,0,0,2019,April,Tuesday,11:10 PM,80,Not Divided,"CURVED, VIEW OPEN",Level,Not Applicable,Sealed,Dry,Not Raining,Night,Roll Over,1,Driver Rider,1: PDO,No Control,,,1359901.25,1656920.14,1.36E+13
2019-3431-27/05/2021,2 Metropolitan,ALDINGA,5173,CITY OF ONKAPARINGA,1,1,0,1,0,2019,April,Wednesday,1:45 AM,90,Not Divided,"CURVED, VIEW OPEN",Level,Not Applicable,Sealed,Dry,Not Raining,Night,Roll Over,1,Driver Rider,3: SI,No Control,Y,,1315631.08,1631305.03,1.32E+13
2019-3432-27/05/2021,2 Metropolitan,GREEN FIELDS,5107,CITY OF SALISBURY,2,0,0,0,0,2019,April,Wednesday,5:25 AM,60,T-Junction,Straight road,Level,Not Applicable,Sealed,Dry,Not Raining,Night,Hit Fixed Object,1,Driver Rider,1: PDO,No Control,,,1329423.69,1685171.78,1.33E+13
2019-3433-27/05/2021,2 Metropolitan,HAHNDORF,5245,DC MT.BARKER.                 ,2,2,0,0,2,2019,April,Wednesday,7:35 AM,40,T-Junction,Straight road,Level,Not Applicable,Sealed,Dry,Not Raining,Daylight,Right Angle,2,Driver Rider,2: MI,Stop Sign,,,1347213.95,1658592.75,1.35E+13
2019-3434-27/05/2021,2 Metropolitan,SOUTH PLYMPTON,5038,CC MARION.                    ,2,1,0,0,1,2019,April,Wednesday,6:30 AM,60,Cross Road,Straight road,Level,Not Applicable,Sealed,Dry,Not Raining,Night,Right Turn,2,Driver Rider,2: MI,Traffic Signals,,,1324237.52,1666113.47,1.32E+13
2019-3435-27/05/2021,2 Metropolitan,GEPPS CROSS,5094,CITY OF PORT ADELAIDE ENFIELD,2,0,0,0,0,2019,April,Tuesday,6:00 PM,60,Divided Road,Straight road,Level,Not Applicable,Sealed,Dry,Not Raining,Night,Rear End,2,Driver Rider,1: PDO,No Control,,,1328553.89,1679270.19,1.33E+13
2019-3436-27/05/2021,2 Metropolitan,GREENWITH,5125,CITY OF TEA TREE GULLY,2,0,0,0,0,2019,April,Wednesday,8:50 AM,50,Not Divided,Straight road,Level,Not Applicable,Sealed,Dry,Not Raining,Daylight,Hit Parked Vehicle,1,Driver Rider,1: PDO,No Control,,,1340236.42,1687163.7,1.34E+13
2019-3437-27/05/2021,2 Metropolitan,SEAFORD,5169,CITY OF ONKAPARINGA,2,1,0,0,1,2019,January,Sunday,5:05 PM,70,Not Divided,Straight road,Level,Driveway or Entrance,Sealed,Dry,Not Raining,Daylight,Right Angle,2,Driver Rider,2: MI,No Control,,,1316358.4,1642212.31,1.32E+13
2019-3438-27/05/2021,2 Metropolitan,STIRLING,5152,THE ADELAIDE HILLS COUNCIL,2,0,0,0,0,2019,April,Tuesday,3:15 AM,80,Not Divided,Straight road,Slope,Not Applicable,Sealed,Dry,Not Raining,Night,Head On,2,Driver Rider,1: PDO,No Control,,,1338427.21,1661499.8,1.34E+13
2019-3439-27/05/2021,2 Metropolitan,HUNTFIELD HEIGHTS,5163,CITY OF ONKAPARINGA,2,0,0,0,0,2019,April,Wednesday,8:30 AM,50,Not Divided,"CURVED, VIEW OPEN",Level,Not Applicable,Sealed,Dry,Not Raining,Daylight,Hit Pedestrian,2,Pedestrian,1: PDO,No Control,,,1319963.77,1645652.5,1.32E+13
2019-3440-27/05/2021,2 Metropolitan,MORPHETT VALE,5162,CITY OF ONKAPARINGA,3,5,0,0,5,2019,April,Wednesday,8:10 AM,60,Divided Road,Straight road,Level,Not Applicable,Sealed,Dry,Not Raining,Daylight,Rear End,1,Driver Rider,2: MI,No Control,,,1320785.66,1649018.4,1.32E+13
2019-3441-27/05/2021,3 Country,WHYALLA STUART,5608,CC WHYALLA.                   ,2,0,0,0,0,2019,April,Wednesday,8:30 AM,60,Cross Road,Straight road,Level,Not Applicable,Sealed,Dry,Not Raining,Daylight,Right Angle,2,Driver Rider,1: PDO,Roundabout,,,1234163.26,1883222.65,1.23E+13
2019-3442-27/05/2021,2 Metropolitan,SALISBURY,5108,CITY OF SALISBURY,2,2,0,0,2,2019,April,Wednesday,8:55 AM,60,T-Junction,Straight road,Level,Not Applicable,Sealed,Dry,Not Raining,Daylight,Right Angle,2,Driver Rider,2: MI,No Control,,,1333449.7,1689383.07,1.33E+13
2019-3443-27/05/2021,2 Metropolitan,POORAKA,5095,CITY OF SALISBURY,2,1,0,0,1,2019,April,Monday,2:15 PM,70,Not Divided,Straight road,Level,Not Applicable,Sealed,Dry,Not Raining,Daylight,Rear End,1,Driver Rider,2: MI,No Control,,,1332090.75,1683278.43,1.33E+13