REPORT_ID,Stats Area,Suburb,Postcode,LGA Name,Total Units,Total Cas,Total Fats,Total SI,Total MI,Year,Month,Day,Time,Area Speed,Position Type,Horizontal Align,Vertical Align,Other Feat,Road Surface,Moisture Cond,Weather Cond,DayNight,Crash Type,Unit Resp,Entity Code,CSEF Severity,Traffic Ctrls,DUI Involved,Drugs Involved,ACCLOC_X,ACCLOC_Y,UNIQUE_LOC
2019-3609-27/05/2021,1 City,ADELAIDE,5000,CITY OF ADELAIDE,2,0,0,0,0,2019,April,Saturday,7:30 PM,50,Not Divided,Straight road,Level,Not Applicable,Unsealed,Dry,Not Raining,Night,Side Swipe,2,Driver Rider,1: PDO,No Control,,,1329634.62,1670702.2,1.33E+13
2019-3610-27/05/2021,2 Metropolitan,BOWDEN,5007,CITY OF CHARLES STURT,2,0,0,0,0,2019,April,Sunday,12:00 AM,40,Not Divided,Straight road,Level,Not Applicable,Sealed,Dry,Not Raining,Night,Hit Parked Vehicle,2,Driver Rider,1: PDO,No Control,,,1326500.78,1673214.02,1.33E+13
2019-3611-27/05/2021,2 Metropolitan,WINDSOR GARDENS,5087,CITY OF PORT ADELAIDE ENFIELD,4,3,0,0,3,2019,April,Sunday,12:04 PM,60,Divided Road,Straight road,Level,Not Applicable,Sealed,Dry,Not Raining,Daylight,Rear End,1,Driver Rider,2: MI,No Control,,,1333147.56,1677508.21,1.33E+13
2019-3612-27/05/2021,3 Country,WILD DOG VALLEY,5271,DC NARACOORTE & LUCINDALE.,2,0,0,0,0,2019,April,Sunday,11:55 AM,100,Cross Road,Straight road,Level,Not Applicable,Sealed,Dry,Not Raining,Daylight,Rear End,2,Driver Rider,1: PDO,Give Way Sign,,,1516851.93,1445528.69,1.52E+13
2019-3613-27/05/2021,2 Metropolitan,PARADISE,5075,CC CAMPBELLTOWN.              ,2,0,0,0,0,2019,April,Sunday,12:52 PM,60,Divided Road,Straight road,Level,Driveway or Entrance,Sealed,Dry,Not Raining,Daylight,Right Angle,1,Driver Rider,1: PDO,No Control,,,1335498.69,1675919.65,1.34E+13
2019-3614-27/05/2021,2 Metropolitan,BLAIR ATHOL,5084,CITY OF PORT ADELAIDE ENFIELD,2,0,0,0,0,2019,April,Sunday,1:45 PM,50,Not Divided,Straight road,Level,Not Applicable,Sealed,Dry,Not Raining,Daylight,Rear End,1,Driver Rider,1: PDO,No Control,,,1328008.37,1678849.09,1.33E+13
2019-3615-27/05/2021,2 Metropolitan,ABERFOYLE PARK,5159,CITY OF ONKAPARINGA,2,1,0,0,1,2019,April,Sunday,1:30 PM,50,Not Divided,Straight road,Level,Not Applicable,Sealed,Dry,Not Raining,Daylight,Hit Fixed Object,1,Driver Rider,2: MI,No Control,,,1326924.97,1653964.84,1.33E+13
2019-3616-27/05/2021,2 Metropolitan,GEPPS CROSS,5094,CITY OF PORT ADELAIDE ENFIELD,2,0,0,0,0,2019,April,Sunday,1:00 PM,60,Multiple,"CURVED, VIEW OPEN",Level,Not Applicable,Sealed,Dry,Not Raining,Daylight,Side Swipe,1,Driver Rider,1: PDO,Traffic Signals,,,1328802.51,1679265.44,1.33E+13
2019-3617-27/05/2021,2 Metropolitan,NORWOOD,5067,"CC OF NORWOOD,PAYNEHAM & ST PETERS",2,0,0,0,0,2019,April,Sunday,2:45 PM,50,Cross Road,Straight road,Level,Not Applicable,Sealed,Dry,Not Raining,Daylight,Right Turn,2,Driver Rider,1: PDO,Traffic Signals,,,1331854.55,1671066.92,1.33E+13
2019-3618-27/05/2021,2 Metropolitan,WALKERVILLE,5081,WALKERVILLE TOWN COUNCIL,2,0,0,0,0,2019,April,Saturday,2:55 PM,60,Cross Road,"CURVED, VIEW OPEN",Slope,Not Applicable,Sealed,Dry,Not Raining,Daylight,Side Swipe,2,Driver Rider,1: PDO,Traffic Signals,,,1329483.39,1674233.16,1.33E+13
2019-3619-27/05/2021,3 Country,ARCKARINGA,5723,,1,0,0,0,0,2019,April,Saturday,3:52 PM,100,Not Divided,Straight road,Slope,Not Applicable,Unsealed,Dry,Not Raining,Daylight,Left Road - Out of Control,1,Driver Rider,1: PDO,No Control,,,1010763.89,2448894.55,1.01E+13
2019-3620-27/05/2021,2 Metropolitan,LEABROOK,5068,CITY OF BURNSIDE,4,1,0,0,1,2019,April,Sunday,4:00 PM,60,Cross Road,Straight road,Level,Not Applicable,Sealed,Dry,Not Raining,Daylight,Side Swipe,1,Driver Rider,2: MI,Traffic Signals,,,1333899.19,1670462.72,1.33E+13
2019-3621-27/05/2021,2 Metropolitan,MITCHELL PARK,5043,CC MARION.                    ,2,2,0,0,2,2019,April,Saturday,6:00 PM,60,Divided Road,Straight road,Level,Not Applicable,Sealed,Dry,Not Raining,Night,Rear End,1,Driver Rider,2: MI,No Control,,,1324406.71,1660774.01,1.32E+13
2019-3622-27/05/2021,2 Metropolitan,ADELAIDE,5000,CITY OF UNLEY,2,0,0,0,0,2019,April,Saturday,3:20 PM,60,Pedestrian Crossing,Straight road,Level,Not Applicable,Sealed,Dry,Not Raining,Daylight,Rear End,1,Driver Rider,1: PDO,Traffic Signals,,,1327205.69,1668928.49,1.33E+13
2019-3623-27/05/2021,1 City,ADELAIDE,5000,CITY OF ADELAIDE,4,0,0,0,0,2019,April,Saturday,5:05 PM,50,Not Divided,Straight road,Level,Not Applicable,Sealed,Dry,Not Raining,Daylight,Hit Parked Vehicle,1,Driver Rider,1: PDO,No Control,,,1327481.98,1670642.67,1.33E+13
2019-3624-27/05/2021,2 Metropolitan,NORTHFIELD,5085,CITY OF PORT ADELAIDE ENFIELD,3,0,0,0,0,2019,April,Sunday,5:51 PM,60,Cross Road,Straight road,Level,Not Applicable,Sealed,Dry,Not Raining,Daylight,Rear End,1,Driver Rider,1: PDO,Traffic Signals,,,1330372.74,1679303.24,1.33E+13
2019-3625-27/05/2021,2 Metropolitan,PARAFIELD,5106,CITY OF SALISBURY,2,2,0,0,2,2019,April,Sunday,6:25 PM,80,Cross Road,Straight road,Level,Not Applicable,Sealed,Dry,Not Raining,Night,Rear End,1,Driver Rider,2: MI,Traffic Signals,,,1332537.93,1684407.94,1.33E+13
2019-3626-27/05/2021,2 Metropolitan,CRAIGMORE,5114,CITY OF PLAYFORD.,1,1,0,0,1,2019,April,Sunday,6:30 PM,60,T-Junction,Straight road,Level,Not Applicable,Sealed,Dry,Not Raining,Night,Roll Over,1,Driver Rider,2: MI,Roundabout,,,1339723.67,1696814.35,1.34E+13
2019-3627-27/05/2021,2 Metropolitan,CAMPBELLTOWN,5074,CC CAMPBELLTOWN.              ,2,0,0,0,0,2019,April,Sunday,7:16 PM,60,T-Junction,Straight road,Level,Not Applicable,Sealed,Dry,Not Raining,Night,Right Angle,2,Driver Rider,1: PDO,No Control,,,1334135.21,1675147.35,1.33E+13
2019-3628-27/05/2021,1 City,ADELAIDE,5000,CITY OF ADELAIDE,2,1,0,0,1,2019,April,Sunday,7:20 PM,50,Cross Road,Straight road,Level,Not Applicable,Sealed,Dry,Not Raining,Night,Right Angle,1,Driver Rider,2: MI,Traffic Signals,,,1329029.5,1670532.59,1.33E+13
2019-3629-27/05/2021,3 Country,MURTHO,5340,DC RENMARK PARINGA            ,2,0,0,0,0,2019,April,Sunday,7:00 PM,100,Not Divided,Straight road,Level,Not Applicable,Sealed,Dry,Not Raining,Night,Hit Animal,2,Animal,1: PDO,No Control,,,1535488.76,1755181.59,1.54E+13
2019-3630-27/05/2021,3 Country,KEYNETON,5353,MID MURRAY DISTRICT COUNCIL,2,0,0,0,0,2019,April,Friday,7:20 PM,100,Not Divided,"CURVED, VIEW OPEN",Slope,Not Applicable,Sealed,Dry,Not Raining,Night,Hit Fixed Object,1,Driver Rider,1: PDO,No Control,,,1382324.11,1708936.36,1.38E+13
2019-3631-27/05/2021,2 Metropolitan,BRADBURY,5153,THE ADELAIDE HILLS COUNCIL,2,1,0,0,1,2019,April,Sunday,12:50 PM,80,Not Divided,"CURVED, VIEW OPEN",Slope,Not Applicable,Sealed,Dry,Not Raining,Daylight,Hit Fixed Object,1,Driver Rider,2: MI,No Control,Y,,1339437.17,1656186.66,1.34E+13
2019-3632-27/05/2021,2 Metropolitan,GLENELG EAST,5045,CITY OF HOLDFAST BAY,2,0,0,0,0,2019,April,Sunday,10:25 AM,60,Cross Road,Straight road,Level,Not Applicable,Sealed,Dry,Not Raining,Daylight,Rear End,2,Driver Rider,1: PDO,Traffic Signals,,,1322637.42,1665387.9,1.32E+13
2019-3633-27/05/2021,2 Metropolitan,HEWETT,5118,LIGHT REGIONAL COUNCIL,2,0,0,0,0,2019,April,Monday,7:15 AM,80,T-Junction,Straight road,Level,Not Applicable,Sealed,Dry,Not Raining,Daylight,Right Turn,1,Driver Rider,1: PDO,Give Way Sign,,,1343223.02,1709324.57,1.34E+13
2019-3634-27/05/2021,2 Metropolitan,WEST HINDMARSH,5007,CITY OF CHARLES STURT,2,1,0,0,1,2019,April,Monday,7:30 AM,60,Cross Road,Straight road,Level,Not Applicable,Sealed,Dry,Not Raining,Daylight,Rear End,1,Driver Rider,2: MI,Give Way Sign,,,1324994.09,1673199.93,1.32E+13
2019-3635-27/05/2021,2 Metropolitan,MILE END,5031,CITY OF WEST TORRENS,2,0,0,0,0,2019,April,Sunday,12:30 PM,60,Divided Road,Straight road,Level,Not Applicable,Sealed,Dry,Not Raining,Daylight,Side Swipe,1,Driver Rider,1: PDO,No Control,,,1325764.3,1670373.87,1.33E+13
2019-3636-27/05/2021,2 Metropolitan,BROOKLYN PARK,5032,CITY OF WEST TORRENS,2,2,0,0,2,2019,April,Monday,9:20 AM,60,T-Junction,Straight road,Level,Not Applicable,Sealed,Dry,Not Raining,Daylight,Right Turn,2,Driver Rider,2: MI,Traffic Signals,,,1324123.03,1670938.82,1.32E+13
2019-3637-27/05/2021,3 Country,MANNUM,5238,MID MURRAY DISTRICT COUNCIL,2,0,0,0,0,2019,April,Sunday,3:00 AM,100,Not Divided,"CURVED, VIEW OPEN",Level,Not Applicable,Sealed,Dry,Not Raining,Night,Hit Object on Road,1,Driver Rider,1: PDO,No Control,,,1386431.3,1667803.24,1.39E+13
2019-3638-27/05/2021,2 Metropolitan,SOUTH PLYMPTON,5038,CC MARION.                    ,2,0,0,0,0,2019,April,Monday,7:10 AM,50,Not Divided,Straight road,Level,Driveway or Entrance,Sealed,Dry,Not Raining,Daylight,Right Angle,1,Driver Rider,1: PDO,No Control,,,1324301.89,1665498.43,1.32E+13
2019-3639-27/05/2021,1 City,ADELAIDE,5000,CITY OF ADELAIDE,2,0,0,0,0,2019,April,Monday,11:00 AM,60,T-Junction,Straight road,Level,Not Applicable,Sealed,Dry,Not Raining,Daylight,Rear End,2,Driver Rider,1: PDO,Traffic Signals,,,1327369.06,1670949.09,1.33E+13
2019-3640-27/05/2021,2 Metropolitan,CAVAN,5094,CITY OF SALISBURY,2,0,0,0,0,2019,April,Monday,10:30 AM,70,Divided Road,Straight road,Level,Driveway or Entrance,Sealed,Dry,Not Raining,Daylight,Rear End,1,Driver Rider,1: PDO,No Control,,,1328739.48,1680967.58,1.33E+13
2019-3641-27/05/2021,3 Country,HYNAM,5262,DC NARACOORTE & LUCINDALE.,2,0,0,0,0,2019,April,Monday,10:00 AM,100,Not Divided,"CURVED, VIEW OBSCURED",Level,Not Applicable,Unsealed,Dry,Not Raining,Daylight,Head On,2,Driver Rider,1: PDO,No Control,,,1527200.18,1432532.56,1.53E+13
2019-3642-27/05/2021,2 Metropolitan,PARKSIDE,5063,CITY OF UNLEY,2,0,0,0,0,2019,April,Monday,11:31 AM,60,Cross Road,Straight road,Level,Not Applicable,Sealed,Dry,Not Raining,Daylight,Right Turn,1,Driver Rider,1: PDO,Traffic Signals,,,1330707.08,1668319.59,1.33E+13
2019-3643-27/05/2021,2 Metropolitan,GLENELG EAST,5045,CITY OF HOLDFAST BAY,2,0,0,0,0,2019,April,Monday,11:30 AM,60,Divided Road,Straight road,Level,Not Applicable,Sealed,Dry,Not Raining,Daylight,Side Swipe,2,Driver Rider,1: PDO,No Control,,,1321006.8,1665226.84,1.32E+13
2019-3644-27/05/2021,2 Metropolitan,MAWSON LAKES,5095,CITY OF SALISBURY,2,0,0,0,0,2019,April,Monday,11:07 AM,50,Not Divided,Straight road,Level,Not Applicable,Sealed,Dry,Not Raining,Daylight,Hit Parked Vehicle,1,Driver Rider,1: PDO,No Control,,,1330473.62,1683488.94,1.33E+13
2019-3645-27/05/2021,2 Metropolitan,PARKSIDE,5063,CITY OF UNLEY,2,0,0,0,0,2019,April,Monday,10:00 AM,60,Cross Road,Straight road,Level,Not Applicable,Sealed,Dry,Not Raining,Daylight,Right Angle,1,Driver Rider,1: PDO,Traffic Signals,,,1330707.08,1668319.59,1.33E+13
2019-3646-27/05/2021,2 Metropolitan,KLEMZIG,5087,CITY OF PORT ADELAIDE ENFIELD,2,0,0,0,0,2019,April,Monday,10:30 AM,60,T-Junction,Straight road,Level,Not Applicable,Sealed,Dry,Not Raining,Daylight,Right Angle,2,Driver Rider,1: PDO,Stop Sign,,,1332006.77,1675391.78,1.33E+13
2019-3647-27/05/2021,2 Metropolitan,WELLAND,5007,CITY OF CHARLES STURT,2,0,0,0,0,2019,April,Monday,12:07 PM,60,Cross Road,Straight road,Level,Not Applicable,Sealed,Dry,Not Raining,Daylight,Rear End,2,Driver Rider,1: PDO,Stop Sign,,,1324722.47,1673184.53,1.32E+13
2019-3648-27/05/2021,2 Metropolitan,ELIZABETH,5112,CITY OF PLAYFORD.,2,0,0,0,0,2019,April,Monday,12:57 PM,60,T-Junction,Straight road,Level,Not Applicable,Sealed,Dry,Not Raining,Daylight,Right Turn,1,Driver Rider,1: PDO,No Control,,,1335633.75,1693121.48,1.34E+13
2019-3649-27/05/2021,2 Metropolitan,PORT ADELAIDE,5015,CITY OF PORT ADELAIDE ENFIELD,2,0,0,0,0,2019,April,Sunday,4:30 PM,60,Divided Road,Straight road,Level,Not Applicable,Sealed,Dry,Not Raining,Daylight,Side Swipe,2,Driver Rider,1: PDO,No Control,,,1319837.14,1679027.74,1.32E+13
2019-3650-27/05/2021,2 Metropolitan,WEST BEACH,5024,CITY OF WEST TORRENS,2,0,0,0,0,2019,April,Monday,11:35 AM,60,Divided Road,Straight road,Level,Not Applicable,Sealed,Dry,Not Raining,Daylight,Rear End,2,Driver Rider,1: PDO,No Control,,,1320923.76,1669948,1.32E+13
2019-3651-27/05/2021,2 Metropolitan,KENSINGTON GARDENS,5068,CITY OF BURNSIDE,2,0,0,0,0,2019,April,Sunday,6:49 PM,60,Not Divided,Straight road,Level,Not Applicable,Sealed,Dry,Not Raining,Night,Hit Parked Vehicle,1,Driver Rider,1: PDO,No Control,,,1334381.16,1670474.6,1.33E+13
2019-3652-27/05/2021,2 Metropolitan,ANDREWS FARM,5114,CITY OF PLAYFORD.,1,1,0,0,1,2019,April,Sunday,7:05 PM,50,Not Divided,Straight road,Level,Not Applicable,Sealed,Dry,Not Raining,Night,Roll Over,1,Driver Rider,2: MI,No Control,,,1334553.48,1698151.63,1.33E+13
2019-3653-27/05/2021,3 Country,MOUNT GAMBIER,5290,CC MT.GAMBIER.                ,2,1,0,0,1,2019,April,Monday,9:30 AM,50,Cross Road,Straight road,Level,Not Applicable,Sealed,Dry,Not Raining,Daylight,Right Angle,1,Driver Rider,2: MI,Roundabout,,,1510345.94,1340747.66,1.51E+13
2019-3654-27/05/2021,2 Metropolitan,EDWARDSTOWN,5039,CC MARION.                    ,2,1,0,0,1,2019,April,Monday,1:11 PM,50,Not Divided,Straight road,Level,Not Applicable,Sealed,Dry,Not Raining,Daylight,Hit Pedestrian,2,Pedestrian,2: MI,No Control,,,1325474.09,1663695.56,1.33E+13
2019-3655-27/05/2021,2 Metropolitan,KIDMAN PARK,5025,CITY OF CHARLES STURT,2,2,0,0,2,2019,April,Monday,1:15 PM,60,Not Divided,Straight road,Level,Driveway or Entrance,Sealed,Dry,Not Raining,Daylight,Right Angle,1,Driver Rider,2: MI,No Control,,,1322239.15,1673120.03,1.32E+13
2019-3656-27/05/2021,1 City,NORTH ADELAIDE,5006,CITY OF ADELAIDE,2,1,0,0,1,2019,April,Tuesday,4:15 PM,60,Divided Road,"CURVED, VIEW OPEN",Level,Not Applicable,Sealed,Dry,Not Raining,Daylight,Rear End,2,Driver Rider,2: MI,No Control,,,1329425.24,1673194.51,1.33E+13
2019-3657-27/05/2021,3 Country,KAPUNDA,5373,LIGHT REGIONAL COUNCIL,2,0,0,0,0,2019,April,Friday,5:00 PM,50,Not Divided,Straight road,Level,Not Applicable,Sealed,Dry,Not Raining,Daylight,Hit Parked Vehicle,2,Driver Rider,1: PDO,No Control,,,1359471.99,1734520.16,1.36E+13
2019-3658-27/05/2021,2 Metropolitan,DRY CREEK,5094,CITY OF PORT ADELAIDE ENFIELD,2,0,0,0,0,2019,April,Monday,2:45 PM,60,Not Divided,"CURVED, VIEW OPEN",Level,Driveway or Entrance,Sealed,Dry,Not Raining,Daylight,Side Swipe,2,Driver Rider,1: PDO,No Control,,,1327164.82,1679612.62,1.33E+13
2019-3659-27/05/2021,2 Metropolitan,OAKLANDS PARK,5046,CC MARION.                    ,2,0,0,0,0,2019,April,Sunday,12:45 PM,50,Not Divided,Straight road,Level,Not Applicable,Sealed,Dry,Not Raining,Daylight,Rear End,2,Driver Rider,1: PDO,No Control,,,1322897.67,1661621.78,1.32E+13
2019-3660-27/05/2021,2 Metropolitan,HILLBANK,5112,CITY OF PLAYFORD.,2,1,0,1,0,2019,April,Wednesday,3:50 PM,60,T-Junction,Straight road,Bottom of Hill,Not Applicable,Sealed,Dry,Not Raining,Daylight,Rear End,2,Driver Rider,3: SI,Traffic Signals,,,1336393.2,1689664.92,1.34E+13
2019-3661-27/05/2021,2 Metropolitan,NAILSWORTH,5083,CITY OF PROSPECT,2,0,0,0,0,2019,April,Monday,3:45 PM,60,T-Junction,Straight road,Level,Not Applicable,Sealed,Dry,Not Raining,Daylight,Right Angle,1,Driver Rider,1: PDO,No Control,,,1328895.28,1675626.01,1.33E+13
2019-3662-27/05/2021,2 Metropolitan,MITCHELL PARK,5043,CC MARION.                    ,2,1,0,0,1,2019,April,Monday,4:30 PM,60,Divided Road,Straight road,Level,Driveway or Entrance,Sealed,Dry,Not Raining,Daylight,Hit Pedestrian,1,Driver Rider,2: MI,No Control,,,1324367.56,1661952.76,1.32E+13
2019-3663-27/05/2021,2 Metropolitan,PARA HILLS WEST,5096,CITY OF SALISBURY,2,0,0,0,0,2019,April,Monday,5:05 PM,50,T-Junction,Straight road,Level,Not Applicable,Sealed,Dry,Not Raining,Daylight,Hit Fixed Object,1,Driver Rider,1: PDO,No Control,,,1333321.92,1683790.25,1.33E+13
2019-3664-27/05/2021,2 Metropolitan,FELIXSTOW,5070,"CC OF NORWOOD,PAYNEHAM & ST PETERS",2,0,0,0,0,2019,April,Monday,5:25 PM,60,Divided Road,Straight road,Slope,Not Applicable,Sealed,Dry,Not Raining,Daylight,Rear End,2,Driver Rider,1: PDO,No Control,,,1333282.21,1674302.2,1.33E+13
2019-3665-27/05/2021,1 City,ADELAIDE,5000,CITY OF ADELAIDE,2,0,0,0,0,2019,April,Monday,5:15 PM,50,Cross Road,Straight road,Level,Not Applicable,Sealed,Dry,Not Raining,Daylight,Rear End,2,Driver Rider,1: PDO,Traffic Signals,,,1328466.7,1671134.19,1.33E+13
2019-3666-27/05/2021,2 Metropolitan,CLEARVIEW,5085,CITY OF PORT ADELAIDE ENFIELD,2,0,0,0,0,2019,April,Monday,3:30 PM,60,T-Junction,Straight road,Level,Not Applicable,Sealed,Dry,Not Raining,Daylight,Hit Fixed Object,1,Driver Rider,1: PDO,No Control,,,1330420.81,1677218.63,1.33E+13
2019-3667-27/05/2021,2 Metropolitan,PARAFIELD GARDENS,5107,CITY OF SALISBURY,2,0,0,0,0,2019,April,Monday,4:15 PM,60,T-Junction,Straight road,Level,Not Applicable,Sealed,Dry,Not Raining,Daylight,Right Angle,1,Driver Rider,1: PDO,Traffic Signals,,,1330688.17,1685868.15,1.33E+13
2019-3668-27/05/2021,1 City,ADELAIDE,5000,CITY OF ADELAIDE,2,0,0,0,0,2019,April,Monday,5:20 PM,50,Cross Road,Straight road,Level,Not Applicable,Sealed,Dry,Not Raining,Daylight,Right Angle,1,Driver Rider,1: PDO,Give Way Sign,,,1327637.7,1669854.22,1.33E+13
2019-3669-27/05/2021,2 Metropolitan,ASHTON,5137,THE ADELAIDE HILLS COUNCIL,2,0,0,0,0,2019,April,Monday,4:30 PM,80,Not Divided,"CURVED, VIEW OBSCURED",Slope,Not Applicable,Sealed,Dry,Not Raining,Daylight,Hit Fixed Object,1,Driver Rider,1: PDO,No Control,,,1339981.58,1668199.53,1.34E+13
2019-3670-27/05/2021,2 Metropolitan,MODBURY,5092,CITY OF TEA TREE GULLY,3,0,0,0,0,2019,April,Monday,7:45 PM,60,Cross Road,Straight road,Level,Not Applicable,Sealed,Dry,Not Raining,Night,Right Turn,2,Driver Rider,1: PDO,Traffic Signals,,,1336176.33,1680596.93,1.34E+13
2019-3671-27/05/2021,2 Metropolitan,ST MARYS,5042,CC MITCHAM.                   ,1,0,0,0,0,2019,April,Monday,7:45 PM,70,Divided Road,Straight road,Level,Not Applicable,Sealed,Dry,Not Raining,Night,Other,1,Driver Rider,1: PDO,No Control,,,1326449.22,1661300.14,1.33E+13
2019-3672-27/05/2021,2 Metropolitan,BURTON,5110,CITY OF SALISBURY,2,0,0,0,0,2019,April,Tuesday,6:10 AM,70,T-Junction,Straight road,Level,Not Applicable,Sealed,Dry,Not Raining,Night,Right Angle,1,Driver Rider,1: PDO,No Control,,,1329088.33,1691670.27,1.33E+13
2019-3673-27/05/2021,2 Metropolitan,GEPPS CROSS,5094,CITY OF PORT ADELAIDE ENFIELD,2,0,0,0,0,2019,April,Monday,12:00 PM,70,Divided Road,Straight road,Level,Not Applicable,Sealed,Dry,Not Raining,Daylight,Hit Fixed Object,1,Driver Rider,1: PDO,No Control,,,1329466.18,1680263.58,1.33E+13
2019-3674-27/05/2021,2 Metropolitan,PARKSIDE,5063,CITY OF UNLEY,2,0,0,0,0,2019,April,Tuesday,8:22 AM,60,Cross Road,Straight road,Level,Not Applicable,Sealed,Dry,Not Raining,Daylight,Right Turn,1,Driver Rider,1: PDO,Traffic Signals,,,1330707.08,1668319.59,1.33E+13
2019-3675-27/05/2021,2 Metropolitan,KENT TOWN,5067,"CC OF NORWOOD,PAYNEHAM & ST PETERS",2,1,0,0,1,2019,April,Tuesday,8:32 AM,60,T-Junction,Straight road,Level,Not Applicable,Sealed,Dry,Not Raining,Daylight,Rear End,2,Driver Rider,2: MI,Stop Sign,,,1330256.63,1671517.07,1.33E+13
2019-3676-27/05/2021,2 Metropolitan,REDWOOD PARK,5097,CITY OF TEA TREE GULLY,2,0,0,0,0,2019,April,Monday,12:10 PM,70,Divided Road,Straight road,Level,Not Applicable,Sealed,Dry,Not Raining,Daylight,Rear End,2,Driver Rider,1: PDO,No Control,,,1337875.25,1683340.47,1.34E+13
2019-3677-27/05/2021,2 Metropolitan,BEDFORD PARK,5042,CC MITCHAM.                   ,2,0,0,0,0,2019,April,Monday,12:15 PM,50,T-Junction,"CURVED, VIEW OPEN",Slope,Not Applicable,Sealed,Dry,Not Raining,Daylight,Hit Parked Vehicle,2,Driver Rider,1: PDO,No Control,,,1325143.68,1659966.71,1.33E+13
2019-3678-27/05/2021,2 Metropolitan,EDWARDSTOWN,5039,CC MARION.                    ,2,0,0,0,0,2019,April,Friday,10:30 AM,60,T-Junction,Straight road,Level,Not Applicable,Sealed,Dry,Not Raining,Daylight,Right Turn,2,Driver Rider,1: PDO,Traffic Signals,,,1325923.86,1664392.42,1.33E+13
2019-3679-27/05/2021,2 Metropolitan,NOVAR GARDENS,5040,CITY OF WEST TORRENS,2,1,0,0,1,2019,April,Tuesday,9:33 AM,60,Not Divided,Straight road,Level,Driveway or Entrance,Sealed,Dry,Not Raining,Daylight,Rear End,1,Driver Rider,2: MI,No Control,,,1322486.22,1667287.13,1.32E+13
2019-3680-27/05/2021,2 Metropolitan,ROYSTON PARK,5070,"CC OF NORWOOD,PAYNEHAM & ST PETERS",2,0,0,0,0,2019,April,Tuesday,10:24 AM,60,Cross Road,Straight road,Level,Not Applicable,Sealed,Dry,Not Raining,Daylight,Right Turn,1,Driver Rider,1: PDO,Stop Sign,,,1331903.53,1673452.04,1.33E+13
2019-3681-27/05/2021,2 Metropolitan,UNDERDALE,5032,CITY OF WEST TORRENS,2,0,0,0,0,2019,April,Tuesday,5:40 AM,60,T-Junction,Straight road,Level,Not Applicable,Sealed,Dry,Not Raining,Night,Right Angle,2,Driver Rider,1: PDO,Traffic Signals,,,1323855.47,1670942.23,1.32E+13
2019-3682-27/05/2021,2 Metropolitan,HIGHBURY,5089,CITY OF TEA TREE GULLY,2,1,0,0,1,2019,April,Tuesday,9:41 AM,60,Cross Road,Straight road,Slope,Not Applicable,Sealed,Dry,Not Raining,Daylight,Hit Pedestrian,2,Pedestrian,2: MI,Give Way Sign,,,1338102.3,1678869.48,1.34E+13
2019-3683-27/05/2021,2 Metropolitan,HILLCREST,5086,CITY OF PORT ADELAIDE ENFIELD,3,0,0,0,0,2019,April,Tuesday,11:00 AM,60,T-Junction,Straight road,Level,Not Applicable,Sealed,Dry,Not Raining,Daylight,Rear End,1,Driver Rider,1: PDO,No Control,,,1332953.27,1677340.58,1.33E+13
2019-3684-27/05/2021,3 Country,GOOLWA,5214,ALEXANDRINA COUNCIL,2,1,0,0,1,2019,April,Tuesday,10:30 AM,50,T-Junction,Straight road,Level,Not Applicable,Sealed,Dry,Not Raining,Daylight,Right Angle,2,Driver Rider,2: MI,No Control,,,1342382.77,1606255.15,1.34E+13
2019-3685-27/05/2021,2 Metropolitan,KESWICK TERMINAL,5035,CITY OF WEST TORRENS,2,0,0,0,0,2019,April,Tuesday,7:45 AM,60,Cross Road,Straight road,Level,Not Applicable,Sealed,Dry,Not Raining,Daylight,Right Turn,1,Driver Rider,1: PDO,Traffic Signals,,,1326431.95,1668966.24,1.33E+13
2019-3686-27/05/2021,3 Country,MURRAY BRIDGE,5253,RC MURRAY BRIDGE.             ,2,0,0,0,0,2019,April,Tuesday,11:20 AM,60,Not Divided,Straight road,Level,Driveway or Entrance,Sealed,Dry,Not Raining,Daylight,Rear End,2,Driver Rider,1: PDO,No Control,,,1387192.78,1646076.8,1.39E+13
2019-3687-27/05/2021,2 Metropolitan,OAKLANDS PARK,5046,CC MARION.                    ,2,0,0,0,0,2019,April,Tuesday,11:23 AM,60,T-Junction,Straight road,Level,Not Applicable,Sealed,Dry,Not Raining,Daylight,Right Angle,2,Driver Rider,1: PDO,No Control,,,1323030.35,1661184.46,1.32E+13
2019-3688-27/05/2021,2 Metropolitan,HORSNELL GULLY,5141,THE ADELAIDE HILLS COUNCIL,2,1,0,1,0,2019,April,Tuesday,10:59 AM,60,Not Divided,"CURVED, VIEW OBSCURED",Slope,Not Applicable,Sealed,Dry,Not Raining,Daylight,Head On,2,Driver Rider,3: SI,No Control,,,1339327.89,1670189.37,1.34E+13
2019-3689-27/05/2021,2 Metropolitan,MOUNT BARKER,5251,DC MT.BARKER.                 ,2,0,0,0,0,2019,April,Monday,12:45 PM,60,T-Junction,Straight road,Level,Not Applicable,Sealed,Dry,Not Raining,Daylight,Rear End,2,Driver Rider,1: PDO,No Control,,,1351649.68,1653303.36,1.35E+13
2019-3690-27/05/2021,2 Metropolitan,MARION,5043,CC MARION.                    ,2,0,0,0,0,2019,April,Tuesday,12:02 PM,60,Divided Road,Straight road,Level,Not Applicable,Sealed,Dry,Not Raining,Daylight,Rear End,1,Driver Rider,1: PDO,No Control,,,1324380.79,1661529.16,1.32E+13
2019-3691-27/05/2021,2 Metropolitan,O'HALLORAN HILL,5158,CITY OF ONKAPARINGA,2,1,0,1,0,2019,April,Tuesday,10:09 AM,80,Divided Road,Straight road,Level,Not Applicable,Sealed,Dry,Not Raining,Daylight,Roll Over,1,Driver Rider,3: SI,No Control,,Y,1323857.12,1655129.62,1.32E+13