REPORT_ID,Stats Area,Suburb,Postcode,LGA Name,Total Units,Total Cas,Total Fats,Total SI,Total MI,Year,Month,Day,Time,Area Speed,Position Type,Horizontal Align,Vertical Align,Other Feat,Road Surface,Moisture Cond,Weather Cond,DayNight,Crash Type,Unit Resp,Entity Code,CSEF Severity,Traffic Ctrls,DUI Involved,Drugs Involved,ACCLOC_X,ACCLOC_Y,UNIQUE_LOC
2019-3692-27/05/2021,2 Metropolitan,TORRENS PARK,5062,CC MITCHAM.                   ,2,0,0,0,0,2019,April,Tuesday,11:45 AM,60,Not Divided,Straight road,Level,Not Applicable,Sealed,Dry,Not Raining,Daylight,Side Swipe,2,Driver Rider,1: PDO,No Control,,,1329167.27,1665188.34,1.33E+13
2019-3693-27/05/2021,2 Metropolitan,GLYNDE,5070,"CC OF NORWOOD,PAYNEHAM & ST PETERS",2,0,0,0,0,2019,April,Tuesday,1:15 PM,60,T-Junction,Straight road,Level,Not Applicable,Sealed,Dry,Not Raining,Daylight,Right Turn,1,Driver Rider,1: PDO,No Control,,,1333797.42,1673960.44,1.33E+13
2019-3694-27/05/2021,3 Country,KEITH,5267,DC TATIARA.                   ,3,0,0,0,0,2019,April,Saturday,2:00 PM,110,Not Divided,Straight road,Level,Not Applicable,Sealed,Dry,Not Raining,Daylight,Other,2,Driver Rider,1: PDO,No Control,,,1483216.12,1532717.7,1.48E+13
2019-3695-27/05/2021,1 City,ADELAIDE,5000,CITY OF ADELAIDE,2,0,0,0,0,2019,April,Tuesday,10:30 AM,50,One Way,Straight road,Level,Not Applicable,Sealed,Dry,Not Raining,Daylight,Hit Parked Vehicle,2,Driver Rider,1: PDO,No Control,,,1328217.19,1671069.53,1.33E+13
2019-3696-27/05/2021,3 Country,WHYALLA BARSON,5601,CC WHYALLA.                   ,3,0,0,0,0,2019,April,Tuesday,12:30 PM,110,Not Divided,Straight road,Level,Not Applicable,Sealed,Dry,Not Raining,Daylight,Other,2,Driver Rider,1: PDO,No Control,,,1240313.6,1886763.79,1.24E+13
2019-3697-27/05/2021,2 Metropolitan,MOUNT BARKER,5251,DC MT.BARKER.                 ,2,1,0,0,1,2019,April,Tuesday,9:18 AM,50,Not Divided,Straight road,Level,Driveway or Entrance,Sealed,Dry,Not Raining,Daylight,Rear End,2,Driver Rider,2: MI,No Control,,,1352544.5,1653252.84,1.35E+13
2019-3698-27/05/2021,2 Metropolitan,PARAFIELD,5106,CITY OF SALISBURY,2,0,0,0,0,2019,April,Tuesday,11:00 AM,40,Not Divided,Straight road,Level,Driveway or Entrance,Sealed,Dry,Not Raining,Daylight,Right Angle,1,Driver Rider,1: PDO,No Control,,,1332977.55,1685417.66,1.33E+13
2019-3699-27/05/2021,2 Metropolitan,ELIZABETH,5112,CITY OF PLAYFORD.,2,2,0,0,2,2019,April,Tuesday,1:21 PM,60,T-Junction,Straight road,Level,Not Applicable,Sealed,Dry,Not Raining,Daylight,Right Turn,1,Driver Rider,2: MI,No Control,,,1335633.75,1693121.48,1.34E+13
2019-3700-27/05/2021,2 Metropolitan,EDWARDSTOWN,5039,CC MARION.                    ,3,3,0,0,3,2019,April,Tuesday,2:30 PM,60,T-Junction,Straight road,Level,Not Applicable,Sealed,Dry,Not Raining,Daylight,Rear End,1,Driver Rider,2: MI,Traffic Signals,,,1325923.86,1664392.42,1.33E+13
2019-3701-27/05/2021,2 Metropolitan,NORTHFIELD,5085,CITY OF PORT ADELAIDE ENFIELD,2,0,0,0,0,2019,April,Tuesday,2:55 PM,60,Divided Road,Straight road,Slope,Not Applicable,Sealed,Dry,Not Raining,Daylight,Rear End,1,Driver Rider,1: PDO,No Control,,,1330393.7,1678579.3,1.33E+13
2019-3702-27/05/2021,1 City,ADELAIDE,5000,CITY OF ADELAIDE,2,1,0,0,1,2019,April,Wednesday,12:30 PM,25,Divided Road,Straight road,Level,Roadworks,Sealed,Dry,Not Raining,Daylight,Hit Pedestrian,1,Pedestrian,2: MI,No Control,,,1327982.38,1670656.93,1.33E+13
2019-3703-27/05/2021,2 Metropolitan,OLD REYNELLA,5161,CITY OF ONKAPARINGA,2,0,0,0,0,2019,April,Tuesday,1:50 PM,50,T-Junction,Straight road,Level,Not Applicable,Sealed,Dry,Not Raining,Daylight,Right Angle,1,Driver Rider,1: PDO,No Control,,,1322223.74,1651650.48,1.32E+13
2019-3704-27/05/2021,3 Country,SNOWTOWN,5520,WAKEFIELD REGIONAL COUNCIL,2,0,0,0,0,2019,April,Tuesday,1:00 PM,110,Not Divided,Straight road,Level,Not Applicable,Sealed,Dry,Not Raining,Daylight,Rear End,2,Driver Rider,1: PDO,No Control,,,1296933.02,1799498.97,1.30E+13
2019-3705-27/05/2021,1 City,ADELAIDE,5000,CITY OF ADELAIDE,2,0,0,0,0,2019,April,Monday,8:15 AM,60,T-Junction,Straight road,Level,Not Applicable,Sealed,Dry,Not Raining,Daylight,Right Turn,2,Driver Rider,1: PDO,Traffic Signals,,,1327400.68,1669848.2,1.33E+13
2019-3706-27/05/2021,2 Metropolitan,FELIXSTOW,5070,"CC OF NORWOOD,PAYNEHAM & ST PETERS",2,0,0,0,0,2019,April,Tuesday,3:30 PM,60,T-Junction,"CURVED, VIEW OPEN",Level,Not Applicable,Sealed,Dry,Not Raining,Daylight,Right Turn,2,Driver Rider,1: PDO,No Control,,,1333825.04,1674598.89,1.33E+13
2019-3707-27/05/2021,3 Country,MURRAY BRIDGE,5253,RC MURRAY BRIDGE.             ,2,0,0,0,0,2019,April,Tuesday,3:30 PM,50,Not Divided,Straight road,Level,Driveway or Entrance,Sealed,Dry,Not Raining,Daylight,Right Angle,1,Driver Rider,1: PDO,No Control,,,1389023.18,1645025.23,1.39E+13
2019-3708-27/05/2021,2 Metropolitan,PARADISE,5075,CC CAMPBELLTOWN.              ,3,0,0,0,0,2019,April,Tuesday,4:30 PM,60,T-Junction,Straight road,Level,Not Applicable,Sealed,Dry,Not Raining,Daylight,Rear End,1,Driver Rider,1: PDO,Traffic Signals,,,1334585.83,1675907.51,1.33E+13
2019-3709-27/05/2021,2 Metropolitan,GILLMAN,5013,CITY OF PORT ADELAIDE ENFIELD,2,0,0,0,0,2019,April,Tuesday,4:35 PM,60,Freeway,Straight road,Level,Not Applicable,Sealed,Dry,Not Raining,Daylight,Side Swipe,2,Driver Rider,1: PDO,No Control,,,1322069.61,1680747.82,1.32E+13
2019-3710-27/05/2021,2 Metropolitan,CRAFERS,5152,THE ADELAIDE HILLS COUNCIL,2,4,0,0,4,2019,April,Tuesday,3:35 PM,100,Interchange,Straight road,Slope,Not Applicable,Sealed,Dry,Not Raining,Daylight,Rear End,2,Driver Rider,2: MI,No Control,,,1338083.44,1662299.48,1.34E+13
2019-3711-27/05/2021,2 Metropolitan,KENT TOWN,5067,"CC OF NORWOOD,PAYNEHAM & ST PETERS",2,0,0,0,0,2019,April,Tuesday,4:50 PM,60,T-Junction,Straight road,Level,Not Applicable,Sealed,Dry,Not Raining,Daylight,Rear End,1,Driver Rider,1: PDO,No Control,,,1329905.18,1671177.84,1.33E+13
2019-3712-27/05/2021,2 Metropolitan,YATALA VALE,5126,CITY OF TEA TREE GULLY,1,1,0,1,0,2019,April,Tuesday,7:46 PM,60,Not Divided,"CURVED, VIEW OPEN",Slope,Driveway or Entrance,Sealed,Dry,Not Raining,Night,Left Road - Out of Control,1,Driver Rider,3: SI,No Control,,,1340706.03,1684828.67,1.34E+13
2019-3713-27/05/2021,2 Metropolitan,CRAIGBURN FARM,5051,CC MITCHAM.                   ,2,0,0,0,0,2019,April,Tuesday,9:00 PM,50,Not Divided,Straight road,Level,Not Applicable,Sealed,Dry,Not Raining,Night,Hit Fixed Object,1,Driver Rider,1: PDO,No Control,,,1329859.71,1658170.44,1.33E+13
2019-3714-27/05/2021,2 Metropolitan,ELIZABETH VALE,5112,CITY OF SALISBURY,1,1,0,1,0,2019,April,Tuesday,9:30 PM,50,T-Junction,Straight road,Level,Not Applicable,Sealed,Dry,Not Raining,Night,Roll Over,1,Driver Rider,3: SI,No Control,,Y,1334069.39,1689209.53,1.33E+13
2019-3715-27/05/2021,3 Country,DUCK PONDS,5607,DC LOWER EYRE PENINSULA       ,1,1,0,0,1,2019,April,Tuesday,11:15 PM,100,Not Divided,"CURVED, VIEW OPEN",Level,Not Applicable,Unsealed,Wet,Raining,Night,Roll Over,1,Driver Rider,2: MI,No Control,,,1073747.09,1697565.16,1.07E+13
2019-3716-27/05/2021,2 Metropolitan,CROYDON PARK,5008,CITY OF PORT ADELAIDE ENFIELD,2,0,0,0,0,2019,April,Wednesday,5:49 AM,50,T-Junction,"CURVED, VIEW OBSCURED",Level,Not Applicable,Sealed,Wet,Raining,Night,Hit Fixed Object,1,Driver Rider,1: PDO,No Control,,,1326383.96,1675792.16,1.33E+13
2019-3717-27/05/2021,2 Metropolitan,ST MARYS,5042,CC MITCHAM.                   ,2,0,0,0,0,2019,April,Wednesday,6:02 AM,60,Cross Road,Straight road,Level,Not Applicable,Sealed,Dry,Not Raining,Night,Right Turn,1,Driver Rider,1: PDO,Traffic Signals,,,1325965.37,1663322.86,1.33E+13
2019-3718-27/05/2021,2 Metropolitan,BELAIR,5052,CC MITCHAM.                   ,2,0,0,0,0,2019,April,Wednesday,7:35 AM,60,T-Junction,"CURVED, VIEW OPEN",Level,Not Applicable,Sealed,Dry,Not Raining,Daylight,Right Turn,1,Driver Rider,1: PDO,Give Way Sign,,,1330259.1,1662596.93,1.33E+13
2019-3719-27/05/2021,3 Country,PORT PIRIE WEST,5540,PT.PIRIE CITY & DIST. COUNCIL ,2,0,0,0,0,2019,April,Wednesday,7:08 AM,50,Not Divided,Straight road,Level,Not Applicable,Sealed,Dry,Not Raining,Daylight,Hit Fixed Object,1,Driver Rider,1: PDO,No Control,,,1278976.2,1865881.39,1.28E+13
2019-3720-27/05/2021,2 Metropolitan,BLACKWOOD,5051,CC MITCHAM.                   ,2,0,0,0,0,2019,April,Wednesday,7:45 AM,50,Multiple,Straight road,Level,Not Applicable,Sealed,Dry,Not Raining,Daylight,Right Angle,2,Driver Rider,1: PDO,Roundabout,,,1329678.48,1660052.36,1.33E+13
2019-3721-27/05/2021,2 Metropolitan,MARRYATVILLE,5068,"CC OF NORWOOD,PAYNEHAM & ST PETERS",2,1,0,0,1,2019,April,Tuesday,12:30 PM,60,Not Divided,Straight road,Level,Not Applicable,Sealed,Dry,Not Raining,Daylight,Rear End,1,Driver Rider,2: MI,No Control,,,1332437.21,1670420.31,1.33E+13
2019-3722-27/05/2021,3 Country,LOWER LIGHT,5501,DC MALLALA.                   ,2,2,0,0,2,2019,April,Tuesday,12:26 PM,110,Cross Road,Straight road,Level,Not Applicable,Sealed,Dry,Not Raining,Daylight,Right Angle,2,Driver Rider,2: MI,Give Way Sign,,,1314855.02,1715026.65,1.31E+13
2019-3723-27/05/2021,2 Metropolitan,KENSINGTON,5068,"CC OF NORWOOD,PAYNEHAM & ST PETERS",2,0,0,0,0,2019,April,Tuesday,6:40 PM,60,Divided Road,Straight road,Level,Not Applicable,Sealed,Dry,Not Raining,Night,Side Swipe,1,Driver Rider,1: PDO,No Control,,,1332266.46,1670508.04,1.33E+13
2019-3724-27/05/2021,2 Metropolitan,DIREK,5110,CITY OF SALISBURY,1,1,0,1,0,2019,April,Wednesday,7:57 AM,80,Not Divided,Straight road,Level,Not Applicable,Sealed,Dry,Not Raining,Daylight,Roll Over,1,Driver Rider,3: SI,No Control,,,1330277.48,1692803.71,1.33E+13
2019-3725-27/05/2021,2 Metropolitan,PORT ADELAIDE,5015,CITY OF PORT ADELAIDE ENFIELD,2,0,0,0,0,2019,April,Tuesday,4:30 PM,60,Cross Road,Straight road,Level,Not Applicable,Sealed,Dry,Not Raining,Daylight,Rear End,2,Driver Rider,1: PDO,Traffic Signals,,,1321034.94,1680308.84,1.32E+13
2019-3726-27/05/2021,2 Metropolitan,TORRENSVILLE,5031,CITY OF WEST TORRENS,2,0,0,0,0,2019,April,Wednesday,8:34 AM,50,Not Divided,Straight road,Level,Roadworks,Sealed,Dry,Not Raining,Daylight,Rear End,2,Driver Rider,1: PDO,No Control,,,1324782.07,1672031.08,1.32E+13
2019-3727-27/05/2021,2 Metropolitan,GLENELG,5045,CITY OF HOLDFAST BAY,2,0,0,0,0,2019,April,Wednesday,9:30 AM,40,Not Divided,Straight road,Level,Not Applicable,Sealed,Dry,Not Raining,Daylight,Hit Fixed Object,1,Driver Rider,1: PDO,No Control,,,1320349.01,1664881.07,1.32E+13
2019-3728-27/05/2021,2 Metropolitan,ST CLAIR,5011,CITY OF CHARLES STURT,2,1,0,1,0,2019,April,Wednesday,9:30 AM,60,T-Junction,Straight road,Level,Not Applicable,Sealed,Dry,Not Raining,Daylight,Right Turn,2,Driver Rider,3: SI,No Control,,Y,1322800.93,1677345.13,1.32E+13
2019-3729-27/05/2021,1 City,ADELAIDE,5000,CITY OF ADELAIDE,2,0,0,0,0,2019,April,Tuesday,4:35 PM,50,Divided Road,Straight road,Level,Not Applicable,Sealed,Dry,Not Raining,Daylight,Hit Parked Vehicle,2,Driver Rider,1: PDO,No Control,,,1328963.27,1670530.71,1.33E+13
2019-3730-27/05/2021,2 Metropolitan,NORWOOD,5067,"CC OF NORWOOD,PAYNEHAM & ST PETERS",2,0,0,0,0,2019,April,Tuesday,2:15 PM,60,Divided Road,Straight road,Level,Not Applicable,Sealed,Dry,Not Raining,Daylight,Side Swipe,2,Driver Rider,1: PDO,No Control,,,1332245.2,1671176.36,1.33E+13
2019-3731-27/05/2021,2 Metropolitan,ROSTREVOR,5073,CC CAMPBELLTOWN.              ,2,0,0,0,0,2019,April,Wednesday,10:23 AM,50,Not Divided,Straight road,Level,Not Applicable,Sealed,Dry,Not Raining,Daylight,Hit Fixed Object,1,Driver Rider,1: PDO,No Control,,,1335490.16,1674142.17,1.34E+13
2019-3732-27/05/2021,2 Metropolitan,MEADOWS,5201,DC MT.BARKER.                 ,4,3,0,1,2,2019,April,Tuesday,12:45 PM,100,T-Junction,Straight road,Level,Not Applicable,Sealed,Dry,Not Raining,Daylight,Rear End,2,Driver Rider,3: SI,Give Way Sign,,,1342717.86,1645829.26,1.34E+13
2019-3733-27/05/2021,3 Country,MOUNT GAMBIER,5290,CC MT.GAMBIER.                ,2,0,0,0,0,2019,April,Wednesday,11:35 AM,50,Not Divided,Straight road,Level,Driveway or Entrance,Sealed,Wet,Not Raining,Daylight,Right Angle,2,Driver Rider,1: PDO,No Control,,,1510244.87,1340277.61,1.51E+13
2019-3734-27/05/2021,2 Metropolitan,ELIZABETH,5112,CITY OF PLAYFORD.,2,0,0,0,0,2019,April,Wednesday,12:00 PM,60,Cross Road,Straight road,Level,Not Applicable,Sealed,Dry,Not Raining,Daylight,Side Swipe,2,Driver Rider,1: PDO,Roundabout,,,1335641.82,1693876.23,1.34E+13
2019-3735-27/05/2021,2 Metropolitan,GAWLER,5118,CT GAWLER.                    ,2,1,0,0,1,2019,April,Wednesday,11:48 AM,50,T-Junction,Straight road,Level,Not Applicable,Sealed,Dry,Not Raining,Daylight,Right Turn,1,Driver Rider,2: MI,Traffic Signals,,,1343359.66,1706705.69,1.34E+13
2019-3736-27/05/2021,2 Metropolitan,SALISBURY,5108,CITY OF SALISBURY,2,0,0,0,0,2019,April,Wednesday,12:20 PM,60,T-Junction,Straight road,Level,Not Applicable,Sealed,Dry,Not Raining,Daylight,Right Turn,1,Driver Rider,1: PDO,Stop Sign,,,1333598.3,1688752.7,1.33E+13
2019-3737-27/05/2021,2 Metropolitan,MORPHETT VALE,5162,CITY OF ONKAPARINGA,2,0,0,0,0,2019,April,Wednesday,1:33 PM,60,T-Junction,Straight road,Slope,Not Applicable,Sealed,Dry,Not Raining,Daylight,Side Swipe,1,Driver Rider,1: PDO,No Control,,,1320899.31,1649860.52,1.32E+13
2019-3738-27/05/2021,3 Country,NACKARA,5440,DC OF PETERBOROUGH,1,0,0,0,0,2019,April,Monday,11:00 AM,110,Not Divided,Straight road,Level,Not Applicable,Sealed,Dry,Not Raining,Daylight,Roll Over,1,Driver Rider,1: PDO,No Control,,,1400292.31,1906446.55,1.40E+13
2019-3739-27/05/2021,2 Metropolitan,HAHNDORF,5245,DC MT.BARKER.                 ,2,1,0,0,1,2019,April,Wednesday,1:45 PM,40,Not Divided,Straight road,Level,Not Applicable,Sealed,Dry,Not Raining,Daylight,Hit Pedestrian,2,Driver Rider,2: MI,No Control,,,1347300.98,1658429.71,1.35E+13
2019-3740-27/05/2021,3 Country,VIVONNE BAY,5223,KANGAROO ISLAND COUNCIL,1,1,0,0,1,2019,April,Wednesday,10:40 AM,110,Not Divided,"CURVED, VIEW OPEN",Level,Not Applicable,Sealed,Dry,Not Raining,Daylight,Roll Over,1,Driver Rider,2: MI,No Control,,,1193436.02,1557410.28,1.19E+13
2019-3741-27/05/2021,2 Metropolitan,OAKLANDS PARK,5046,CC MARION.                    ,2,0,0,0,0,2019,April,Wednesday,2:30 PM,60,T-Junction,Straight road,Level,Not Applicable,Sealed,Dry,Not Raining,Daylight,Side Swipe,2,Driver Rider,1: PDO,Stop Sign,,,1322870.12,1661284.54,1.32E+13
2019-3742-27/05/2021,2 Metropolitan,WALKERVILLE,5081,WALKERVILLE TOWN COUNCIL,2,0,0,0,0,2019,April,Wednesday,12:35 PM,60,T-Junction,Straight road,Level,Driveway or Entrance,Unsealed,Dry,Not Raining,Daylight,Right Angle,2,Driver Rider,1: PDO,No Control,,,1329715.62,1674036.85,1.33E+13
2019-3743-27/05/2021,2 Metropolitan,EDWARDSTOWN,5039,CC MARION.                    ,2,0,0,0,0,2019,April,Tuesday,3:45 PM,60,Divided Road,Straight road,Level,Not Applicable,Sealed,Dry,Not Raining,Daylight,Side Swipe,1,Driver Rider,1: PDO,No Control,,,1325889.85,1665589.41,1.33E+13
2019-3744-27/05/2021,2 Metropolitan,MEADOWS,5201,DC MT.BARKER.                 ,3,0,0,0,0,2019,April,Tuesday,8:45 PM,80,Not Divided,"CURVED, VIEW OBSCURED",Crest of Hill,Not Applicable,Sealed,Dry,Not Raining,Night,Hit Fixed Object,1,Driver Rider,1: PDO,No Control,,,1341516.39,1640571.59,1.34E+13
2019-3745-27/05/2021,2 Metropolitan,MARION,5043,CC MARION.                    ,3,0,0,0,0,2019,April,Wednesday,1:50 PM,50,Not Divided,Straight road,Level,Not Applicable,Sealed,Dry,Not Raining,Daylight,Hit Parked Vehicle,1,Driver Rider,1: PDO,No Control,Y,,1324219.49,1661915.99,1.32E+13
2019-3746-27/05/2021,2 Metropolitan,GILLES PLAINS,5086,CITY OF PORT ADELAIDE ENFIELD,2,0,0,0,0,2019,April,Wednesday,4:00 PM,50,Not Divided,Straight road,Level,Driveway or Entrance,Unsealed,Dry,Not Raining,Daylight,Right Angle,2,Driver Rider,1: PDO,No Control,,,1333897.94,1678229.77,1.33E+13
2019-3747-27/05/2021,2 Metropolitan,TOORAK GARDENS,5065,CITY OF BURNSIDE,2,0,0,0,0,2019,April,Tuesday,6:37 PM,60,Divided Road,Straight road,Level,Not Applicable,Unsealed,Dry,Not Raining,Night,Side Swipe,2,Driver Rider,1: PDO,No Control,,,1332307.45,1669300.51,1.33E+13
2019-3748-27/05/2021,2 Metropolitan,GLENELG EAST,5045,CITY OF HOLDFAST BAY,2,0,0,0,0,2019,April,Tuesday,3:00 PM,60,Divided Road,Straight road,Level,Not Applicable,Sealed,Dry,Not Raining,Daylight,Side Swipe,1,Driver Rider,1: PDO,No Control,,,1321021.95,1664857.22,1.32E+13
2019-3749-27/05/2021,2 Metropolitan,PROSPECT,5082,CITY OF PROSPECT,2,1,0,0,1,2019,April,Wednesday,8:07 PM,50,Not Divided,Straight road,Level,Not Applicable,Sealed,Dry,Not Raining,Night,Hit Parked Vehicle,1,Driver Rider,2: MI,No Control,,,1328069.98,1675917.85,1.33E+13
2019-3750-27/05/2021,2 Metropolitan,HOLDEN HILL,5088,CITY OF TEA TREE GULLY,2,1,0,0,1,2019,April,Wednesday,8:10 PM,60,T-Junction,"CURVED, VIEW OPEN",Slope,Not Applicable,Sealed,Dry,Not Raining,Night,Right Angle,2,Driver Rider,2: MI,No Control,,,1335152.81,1679026.35,1.34E+13
2019-3751-27/05/2021,2 Metropolitan,HILTON,5033,CITY OF WEST TORRENS,5,2,0,0,2,2019,April,Wednesday,7:18 PM,60,Divided Road,Straight road,Level,Not Applicable,Sealed,Dry,Not Raining,Night,Rear End,1,Driver Rider,2: MI,No Control,,,1325767.1,1669970.25,1.33E+13
2019-3752-27/05/2021,2 Metropolitan,CROYDON,5008,CITY OF CHARLES STURT,2,0,0,0,0,2019,April,Wednesday,8:16 PM,60,Divided Road,"CURVED, VIEW OPEN",Slope,Not Applicable,Sealed,Dry,Not Raining,Night,Hit Fixed Object,1,Driver Rider,1: PDO,No Control,,,1325875.92,1674778.96,1.33E+13
2019-3753-27/05/2021,2 Metropolitan,GLENELG,5045,CITY OF HOLDFAST BAY,2,0,0,0,0,2019,April,Wednesday,8:00 PM,40,Not Divided,Straight road,Level,Not Applicable,Sealed,Dry,Not Raining,Night,Rear End,2,Driver Rider,1: PDO,No Control,,,1320306.52,1665123.74,1.32E+13
2019-3754-27/05/2021,2 Metropolitan,ELIZABETH PARK,5113,CITY OF PLAYFORD.,2,1,0,1,0,2019,April,Wednesday,11:10 PM,60,Cross Road,Straight road,Level,Not Applicable,Sealed,Dry,Not Raining,Night,Hit Fixed Object,1,Driver Rider,3: SI,Traffic Signals,,,1335962.49,1693261.2,1.34E+13
2019-3755-27/05/2021,3 Country,SALEM,5255,ALEXANDRINA COUNCIL,2,1,0,1,0,2019,April,Thursday,4:00 AM,100,Not Divided,Straight road,Level,Not Applicable,Sealed,Dry,Not Raining,Night,Hit Fixed Object,1,Driver Rider,3: SI,No Control,,,1365760.04,1643453.7,1.37E+13
2019-3756-27/05/2021,2 Metropolitan,MAWSON LAKES,5095,CITY OF SALISBURY,2,0,0,0,0,2019,April,Thursday,3:49 AM,50,Not Divided,"CURVED, VIEW OPEN",Level,Not Applicable,Sealed,Dry,Not Raining,Night,Hit Fixed Object,1,Driver Rider,1: PDO,No Control,,,1329072.89,1684728.79,1.33E+13
2019-3757-27/05/2021,3 Country,BURRA,5417,REGIONAL COUNCIL OF GOYDER,2,0,0,0,0,2019,April,Thursday,5:55 AM,110,Not Divided,Straight road,Level,Not Applicable,Sealed,Dry,Not Raining,Night,Hit Fixed Object,1,Driver Rider,1: PDO,No Control,,,1362409.93,1809108.46,1.36E+13
2019-3758-27/05/2021,3 Country,MINLATON,5575,YORKE PENINSULA COUNCIL,2,0,0,0,0,2019,April,Wednesday,8:35 PM,50,Cross Road,Straight road,Level,Not Applicable,Sealed,Dry,Not Raining,Night,Right Angle,2,Driver Rider,1: PDO,Give Way Sign,,,1237196.57,1690245.95,1.24E+13
2019-3759-27/05/2021,2 Metropolitan,CROYDON PARK,5008,CITY OF PORT ADELAIDE ENFIELD,2,0,0,0,0,2019,April,Wednesday,1:00 PM,60,Not Divided,Straight road,Level,Not Applicable,Sealed,Dry,Not Raining,Daylight,Side Swipe,2,Driver Rider,1: PDO,No Control,,,1326057.43,1675699.67,1.33E+13
2019-3760-27/05/2021,2 Metropolitan,ENFIELD,5085,CITY OF PORT ADELAIDE ENFIELD,2,0,0,0,0,2019,April,Thursday,9:15 AM,60,Divided Road,Straight road,Level,Not Applicable,Sealed,Dry,Not Raining,Daylight,Side Swipe,2,Driver Rider,1: PDO,No Control,,,1329222.79,1679275.29,1.33E+13
2019-3761-27/05/2021,2 Metropolitan,SALISBURY EAST,5109,CITY OF SALISBURY,3,1,0,0,1,2019,April,Wednesday,3:28 PM,60,Not Divided,Straight road,Level,Not Applicable,Sealed,Dry,Not Raining,Daylight,Rear End,2,Driver Rider,2: MI,No Control,,,1335056.76,1686924.72,1.34E+13
2019-3762-27/05/2021,2 Metropolitan,ELIZABETH VALE,5112,CITY OF PLAYFORD.,3,0,0,0,0,2019,April,Thursday,10:30 AM,60,T-Junction,Straight road,Level,Not Applicable,Sealed,Dry,Not Raining,Daylight,Rear End,1,Driver Rider,1: PDO,No Control,,,1335990.18,1690256.33,1.34E+13
2019-3763-27/05/2021,2 Metropolitan,HOVE,5048,CITY OF HOLDFAST BAY,2,0,0,0,0,2019,April,Thursday,10:50 AM,60,Divided Road,Straight road,Level,Not Applicable,Sealed,Dry,Not Raining,Daylight,Side Swipe,1,Driver Rider,1: PDO,No Control,,,1321112.29,1661750.4,1.32E+13
2019-3764-27/05/2021,3 Country,PARAWA,5203,DC YANKALILLA.                ,2,0,0,0,0,2019,April,Thursday,8:15 AM,80,Not Divided,Straight road,Slope,Not Applicable,Sealed,Dry,Not Raining,Daylight,Hit Fixed Object,1,Driver Rider,1: PDO,No Control,,,1301934.59,1602502.47,1.30E+13
2019-3765-27/05/2021,2 Metropolitan,ST GEORGES,5064,CITY OF BURNSIDE,2,0,0,0,0,2019,April,Thursday,11:20 AM,60,Divided Road,Straight road,Level,Not Applicable,Sealed,Dry,Not Raining,Daylight,Side Swipe,2,Driver Rider,1: PDO,No Control,,,1332355.12,1667793.57,1.33E+13
2019-3766-27/05/2021,3 Country,RENMARK SOUTH,5341,DC RENMARK PARINGA            ,2,0,0,0,0,2019,April,Thursday,11:15 AM,25,Not Divided,Straight road,Level,Roadworks,Sealed,Dry,Not Raining,Daylight,Rear End,2,Driver Rider,1: PDO,Traffic Signals,,,1525030.92,1742423.57,1.53E+13
2019-3767-27/05/2021,2 Metropolitan,MOUNT BARKER,5251,DC MT.BARKER.                 ,2,1,0,0,1,2019,April,Thursday,9:45 AM,80,T-Junction,Straight road,Level,Not Applicable,Sealed,Dry,Not Raining,Daylight,Rear End,2,Driver Rider,2: MI,No Control,,,1350542.41,1652563.09,1.35E+13
2019-3768-27/05/2021,3 Country,TANUNDA,5352,THE BAROSSA COUNCIL.,2,0,0,0,0,2019,April,Thursday,12:00 PM,50,T-Junction,Straight road,Level,Not Applicable,Sealed,Dry,Not Raining,Daylight,Rear End,2,Driver Rider,1: PDO,No Control,,,1364436.02,1715277.12,1.36E+13
2019-3769-27/05/2021,2 Metropolitan,QUEENSTOWN,5014,CITY OF PORT ADELAIDE ENFIELD,2,1,0,0,1,2019,April,Thursday,12:30 PM,50,Not Divided,Straight road,Level,Not Applicable,Sealed,Dry,Not Raining,Daylight,Side Swipe,2,Driver Rider,2: MI,No Control,,,1320754.77,1678134.61,1.32E+13
2019-3770-27/05/2021,2 Metropolitan,FIRLE,5070,"CC OF NORWOOD,PAYNEHAM & ST PETERS",3,1,0,0,1,2019,April,Thursday,1:04 PM,60,Divided Road,Straight road,Level,Not Applicable,Sealed,Dry,Not Raining,Daylight,Rear End,1,Driver Rider,2: MI,No Control,,,1333839.72,1672680.72,1.33E+13
2019-3771-27/05/2021,3 Country,VICTOR HARBOR,5211,DC VICTOR HARBOR.             ,2,2,0,0,2,2019,April,Thursday,1:15 PM,100,Not Divided,Straight road,Level,Not Applicable,Sealed,Dry,Not Raining,Daylight,Hit Fixed Object,1,Driver Rider,2: MI,No Control,,,1327031.66,1601690.28,1.33E+13
2019-3772-27/05/2021,2 Metropolitan,HENLEY BEACH,5022,CITY OF CHARLES STURT,2,1,0,1,0,2019,April,Thursday,10:21 AM,50,T-Junction,Straight road,Level,Not Applicable,Sealed,Dry,Not Raining,Daylight,Right Turn,1,Driver Rider,3: SI,No Control,,,1318761.49,1671991.14,1.32E+13
2019-3773-27/05/2021,2 Metropolitan,WEST BEACH,5024,CITY OF CHARLES STURT,2,1,0,1,0,2019,April,Thursday,8:27 AM,50,Not Divided,Straight road,Level,Not Applicable,Sealed,Dry,Not Raining,Daylight,Hit Parked Vehicle,1,Driver Rider,3: SI,No Control,,,1319839.34,1668384.11,1.32E+13