REPORT_ID,Stats Area,Suburb,Postcode,LGA Name,Total Units,Total Cas,Total Fats,Total SI,Total MI,Year,Month,Day,Time,Area Speed,Position Type,Horizontal Align,Vertical Align,Other Feat,Road Surface,Moisture Cond,Weather Cond,DayNight,Crash Type,Unit Resp,Entity Code,CSEF Severity,Traffic Ctrls,DUI Involved,Drugs Involved,ACCLOC_X,ACCLOC_Y,UNIQUE_LOC
2019-3774-27/05/2021,3 Country,WILLIAMSTOWN,5351,THE BAROSSA COUNCIL.,2,0,0,0,0,2019,April,Thursday,2:20 PM,80,T-Junction,Straight road,Crest of Hill,Not Applicable,Sealed,Dry,Not Raining,Daylight,Right Angle,2,Driver Rider,1: PDO,No Control,,,1352963.73,1701351.64,1.35E+13
2019-3775-27/05/2021,2 Metropolitan,CHELTENHAM,5014,CITY OF CHARLES STURT,2,0,0,0,0,2019,April,Thursday,6:45 AM,60,T-Junction,Straight road,Level,Not Applicable,Sealed,Dry,Not Raining,Daylight,Rear End,1,Driver Rider,1: PDO,Give Way Sign,,,1322188.8,1676951.34,1.32E+13
2019-3776-27/05/2021,2 Metropolitan,WINGFIELD,5013,CITY OF PORT ADELAIDE ENFIELD,2,1,0,1,0,2019,April,Thursday,2:35 PM,60,T-Junction,Straight road,Level,Not Applicable,Sealed,Dry,Not Raining,Daylight,Right Angle,1,Driver Rider,3: SI,No Control,,,1324976.67,1679188.95,1.32E+13
2019-3777-27/05/2021,2 Metropolitan,SEATON,5023,CITY OF CHARLES STURT,2,0,0,0,0,2019,April,Wednesday,9:00 AM,60,Rail Xing,Straight road,Level,Not Applicable,Sealed,Dry,Not Raining,Daylight,Side Swipe,2,Driver Rider,1: PDO,Traffic Signals,,,1320741.64,1674694.12,1.32E+13
2019-3778-27/05/2021,2 Metropolitan,KLEMZIG,5087,CITY OF PORT ADELAIDE ENFIELD,3,1,0,0,1,2019,April,Sunday,2:30 PM,60,Divided Road,Straight road,Level,Not Applicable,Sealed,Dry,Not Raining,Daylight,Hit Pedestrian,1,Pedestrian,2: MI,No Control,,,1331669.26,1676245.47,1.33E+13
2019-3779-27/05/2021,2 Metropolitan,PROSPECT,5082,CITY OF PROSPECT,2,0,0,0,0,2019,April,Thursday,9:15 AM,60,Cross Road,Straight road,Level,Not Applicable,Sealed,Dry,Not Raining,Daylight,Side Swipe,2,Driver Rider,1: PDO,Traffic Signals,,,1328872.94,1676442.07,1.33E+13
2019-3780-27/05/2021,2 Metropolitan,SMITHFIELD,5114,CITY OF PLAYFORD.,2,0,0,0,0,2019,April,Thursday,3:20 PM,80,Divided Road,Straight road,Level,Not Applicable,Sealed,Dry,Not Raining,Daylight,Hit Fixed Object,1,Driver Rider,1: PDO,No Control,,Y,1338098.24,1697513.81,1.34E+13
2019-3781-27/05/2021,2 Metropolitan,TORRENS PARK,5062,CC MITCHAM.                   ,4,0,0,0,0,2019,April,Thursday,3:10 PM,60,Not Divided,Straight road,Level,Not Applicable,Sealed,Dry,Not Raining,Daylight,Rear End,1,Driver Rider,1: PDO,No Control,,,1329369.61,1664213.09,1.33E+13
2019-3782-27/05/2021,3 Country,LOXTON,5333,LOXTON WAIKERIE DISTRICT COUNCIL,2,1,0,0,1,2019,April,Thursday,3:40 PM,80,T-Junction,Straight road,Level,Not Applicable,Sealed,Dry,Not Raining,Daylight,Rear End,2,Driver Rider,2: MI,No Control,,,1512817.5,1716723.7,1.51E+13
2019-3783-27/05/2021,2 Metropolitan,EDINBURGH,5111,CITY OF SALISBURY,2,2,0,1,1,2019,April,Thursday,3:50 PM,60,T-Junction,Straight road,Level,Not Applicable,Sealed,Dry,Not Raining,Daylight,Right Angle,1,Driver Rider,3: SI,Give Way Sign,,,1333531.02,1690693.85,1.33E+13
2019-3784-27/05/2021,2 Metropolitan,PROSPECT,5082,CITY OF PROSPECT,2,0,0,0,0,2019,April,Thursday,8:30 AM,50,Not Divided,Straight road,Level,Driveway or Entrance,Sealed,Dry,Not Raining,Daylight,Side Swipe,2,Driver Rider,1: PDO,No Control,,,1328103.32,1674452.24,1.33E+13
2019-3785-27/05/2021,2 Metropolitan,BROOKLYN PARK,5032,CITY OF WEST TORRENS,2,0,0,0,0,2019,April,Wednesday,6:45 PM,60,T-Junction,Straight road,Level,Not Applicable,Sealed,Dry,Not Raining,Night,Right Angle,2,Driver Rider,1: PDO,No Control,,,1322718.87,1670659.79,1.32E+13
2019-3786-27/05/2021,2 Metropolitan,WALKLEY HEIGHTS,5098,CITY OF SALISBURY,2,0,0,0,0,2019,April,Thursday,5:17 PM,60,T-Junction,Straight road,Slope,Not Applicable,Sealed,Dry,Not Raining,Daylight,Right Angle,2,Driver Rider,1: PDO,Roundabout,,,1331938.56,1680438.11,1.33E+13
2019-3787-27/05/2021,1 City,ADELAIDE,5000,CITY OF ADELAIDE,2,0,0,0,0,2019,April,Thursday,6:00 PM,50,Cross Road,Straight road,Level,Not Applicable,Sealed,Dry,Not Raining,Night,Side Swipe,2,Driver Rider,1: PDO,Traffic Signals,,,1328471.62,1670979.97,1.33E+13
2019-3788-27/05/2021,2 Metropolitan,WEST BEACH,5024,CITY OF WEST TORRENS,4,0,0,0,0,2019,April,Thursday,5:30 PM,80,Divided Road,Straight road,Level,Not Applicable,Sealed,Dry,Not Raining,Daylight,Rear End,1,Driver Rider,1: PDO,No Control,,,1320903.08,1669334.72,1.32E+13
2019-3789-27/05/2021,2 Metropolitan,KENT TOWN,5067,"CC OF NORWOOD,PAYNEHAM & ST PETERS",2,0,0,0,0,2019,April,Thursday,6:12 PM,60,Divided Road,Straight road,Level,Not Applicable,Sealed,Dry,Not Raining,Night,Side Swipe,2,Driver Rider,1: PDO,No Control,,,1329929.65,1671103,1.33E+13
2019-3790-27/05/2021,2 Metropolitan,NOARLUNGA CENTRE,5168,CITY OF ONKAPARINGA,2,1,0,0,1,2019,April,Thursday,6:00 PM,50,Not Divided,Straight road,Level,"Bridge, Culvert, Causeway",Sealed,Dry,Not Raining,Night,Hit Fixed Object,1,Driver Rider,2: MI,No Control,,,1317921.1,1647335.14,1.32E+13
2019-3791-27/05/2021,2 Metropolitan,KURRALTA PARK,5037,CITY OF WEST TORRENS,2,1,0,0,1,2019,April,Thursday,4:48 PM,60,Divided Road,Straight road,Level,Median Opening (not at I/S),Sealed,Dry,Not Raining,Daylight,Rear End,1,Driver Rider,2: MI,No Control,,,1325505.24,1667514.44,1.33E+13
2019-3792-27/05/2021,2 Metropolitan,PROSPECT,5082,CITY OF PROSPECT,2,0,0,0,0,2019,April,Thursday,7:15 PM,50,Cross Road,Straight road,Level,Not Applicable,Sealed,Dry,Not Raining,Night,Right Angle,2,Driver Rider,1: PDO,Stop Sign,,,1328115.71,1674191.84,1.33E+13
2019-3793-27/05/2021,2 Metropolitan,TORRENSVILLE,5031,CITY OF WEST TORRENS,2,0,0,0,0,2019,April,Thursday,7:45 PM,50,T-Junction,Straight road,Level,Not Applicable,Sealed,Dry,Not Raining,Night,Hit Parked Vehicle,2,Driver Rider,1: PDO,Stop Sign,Y,Y,1325184.55,1670976.08,1.33E+13
2019-3794-27/05/2021,2 Metropolitan,ELIZABETH SOUTH,5112,CITY OF PLAYFORD.,2,1,0,1,0,2019,April,Thursday,7:02 PM,50,T-Junction,Straight road,Level,Not Applicable,Sealed,Dry,Not Raining,Night,Right Angle,2,Driver Rider,3: SI,Give Way Sign,,,1335348.85,1691997.52,1.34E+13
2019-3795-27/05/2021,2 Metropolitan,OTTOWAY,5013,CITY OF PORT ADELAIDE ENFIELD,2,0,0,0,0,2019,April,Thursday,7:50 PM,50,Not Divided,Straight road,Level,Not Applicable,Sealed,Dry,Not Raining,Night,Hit Fixed Object,1,Driver Rider,1: PDO,No Control,,,1322173.32,1679470.27,1.32E+13
2019-3796-27/05/2021,2 Metropolitan,CHRISTIE DOWNS,5164,CITY OF ONKAPARINGA,2,0,0,0,0,2019,April,Thursday,8:20 PM,60,T-Junction,Straight road,Level,Not Applicable,Sealed,Dry,Not Raining,Night,Right Turn,1,Driver Rider,1: PDO,Traffic Signals,,,1318513.27,1647464.88,1.32E+13
2019-3797-27/05/2021,2 Metropolitan,O'HALLORAN HILL,5158,CITY OF ONKAPARINGA,2,1,0,1,0,2019,April,Thursday,11:40 PM,80,Divided Road,Straight road,Level,Not Applicable,Sealed,Dry,Not Raining,Night,Hit Pedestrian,2,Pedestrian,3: SI,No Control,Y,,1324336.97,1656972.26,1.32E+13
2019-3798-27/05/2021,2 Metropolitan,ELIZABETH NORTH,5113,CITY OF PLAYFORD.,2,0,0,0,0,2019,April,Thursday,11:50 PM,50,Not Divided,Straight road,Level,Not Applicable,Sealed,Dry,Not Raining,Night,Hit Fixed Object,1,Driver Rider,1: PDO,No Control,,,1336349.52,1695512.62,1.34E+13
2019-3799-27/05/2021,2 Metropolitan,ADELAIDE AIRPORT,5950,CITY OF WEST TORRENS,2,1,0,0,1,2019,April,Friday,7:02 AM,25,One Way,Straight road,Level,Not Applicable,Sealed,Dry,Not Raining,Daylight,Hit Pedestrian,1,Driver Rider,2: MI,No Control,,,1322607.25,1669426.19,1.32E+13
2019-3800-27/05/2021,2 Metropolitan,BOLIVAR,5110,CITY OF SALISBURY,2,0,0,0,0,2019,April,Thursday,2:45 PM,90,Divided Road,Straight road,Level,Not Applicable,Sealed,Dry,Not Raining,Daylight,Rear End,1,Driver Rider,1: PDO,No Control,,,1328171.66,1689785.34,1.33E+13
2019-3801-27/05/2021,3 Country,YUNTA,5440,,1,1,0,0,1,2019,April,Thursday,10:15 PM,110,Not Divided,"CURVED, VIEW OPEN",Slope,Not Applicable,Sealed,Dry,Not Raining,Night,Roll Over,1,Driver Rider,2: MI,No Control,,,1426274.33,1926034.72,1.43E+13
2019-3802-27/05/2021,2 Metropolitan,HIGHBURY,5089,CITY OF TEA TREE GULLY,2,1,0,0,1,2019,April,Thursday,6:30 PM,60,Divided Road,Straight road,Level,Driveway or Entrance,Sealed,Dry,Not Raining,Night,Right Angle,2,Driver Rider,2: MI,No Control,,,1338063.48,1678457.58,1.34E+13
2019-3803-27/05/2021,2 Metropolitan,MEDINDIE,5081,WALKERVILLE TOWN COUNCIL,1,1,0,0,1,2019,April,Friday,10:38 AM,60,Divided Road,Straight road,Crest of Hill,Not Applicable,Sealed,Dry,Not Raining,Daylight,Roll Over,1,Driver Rider,2: MI,No Control,,,1328662.06,1673573.43,1.33E+13
2019-3804-27/05/2021,3 Country,ALLANDALE STATION,5723,,1,2,0,0,2,2019,April,Thursday,4:10 PM,100,Not Divided,"CURVED, VIEW OPEN",Level,Not Applicable,Unsealed,Dry,Not Raining,Daylight,Roll Over,1,Driver Rider,2: MI,No Control,,,1045653.04,2486395.98,1.05E+13
2019-3805-27/05/2021,2 Metropolitan,HUMBUG SCRUB,5114,CITY OF PLAYFORD.,2,0,0,0,0,2019,April,Friday,9:00 AM,100,Not Divided,"CURVED, VIEW OBSCURED",Slope,Not Applicable,Sealed,Dry,Not Raining,Daylight,Hit Fixed Object,1,Driver Rider,1: PDO,No Control,,,1349598.71,1694816.16,1.35E+13
2019-3806-27/05/2021,2 Metropolitan,ELIZABETH DOWNS,5113,CITY OF PLAYFORD.,2,0,0,0,0,2019,April,Friday,8:30 AM,50,Not Divided,Straight road,Level,Not Applicable,Sealed,Dry,Not Raining,Daylight,Hit Fixed Object,1,Driver Rider,1: PDO,No Control,,,1337853.34,1695326.37,1.34E+13
2019-3807-27/05/2021,3 Country,MIRANDA,5700,CC PT.AUGUSTA.                ,2,2,2,0,0,2019,April,Friday,12:57 AM,110,Not Divided,Straight road,Level,Not Applicable,Sealed,Dry,Not Raining,Night,Head On,1,Driver Rider,4: Fatal,No Control,,Y,1274572.63,1921721.33,1.27E+13
2019-3808-27/05/2021,2 Metropolitan,KESWICK TERMINAL,5035,CITY OF WEST TORRENS,2,0,0,0,0,2019,April,Thursday,6:20 PM,60,Cross Road,Straight road,Level,Not Applicable,Sealed,Dry,Not Raining,Night,Right Turn,1,Driver Rider,1: PDO,Traffic Signals,,,1326431.95,1668966.24,1.33E+13
2019-3809-27/05/2021,3 Country,WAIKERIE,5330,LOXTON WAIKERIE DISTRICT COUNCIL,2,0,0,0,0,2019,April,Friday,1:35 PM,100,Not Divided,Straight road,Level,Not Applicable,Sealed,Dry,Not Raining,Daylight,Hit Fixed Object,1,Driver Rider,1: PDO,No Control,,,1457427.41,1746045.84,1.46E+13
2019-3810-27/05/2021,2 Metropolitan,WOODVILLE GARDENS,5012,CITY OF PORT ADELAIDE ENFIELD,2,0,0,0,0,2019,April,Friday,4:55 PM,60,T-Junction,Straight road,Level,Not Applicable,Sealed,Dry,Not Raining,Daylight,Hit Pedestrian,2,Pedestrian,1: PDO,Give Way Sign,,,1323964.12,1677047.27,1.32E+13
2019-3811-27/05/2021,2 Metropolitan,SALISBURY DOWNS,5108,CITY OF SALISBURY,2,0,0,0,0,2019,April,Friday,3:45 PM,60,Cross Road,Straight road,Level,Not Applicable,Sealed,Dry,Not Raining,Daylight,Rear End,2,Driver Rider,1: PDO,Traffic Signals,,,1331452.34,1686817.44,1.33E+13
2019-3812-27/05/2021,2 Metropolitan,SEAFORD MEADOWS,5169,CITY OF ONKAPARINGA,2,1,0,0,1,2019,April,Thursday,6:30 PM,70,Not Divided,Straight road,Level,Not Applicable,Sealed,Dry,Not Raining,Night,Rear End,1,Driver Rider,2: MI,No Control,,,1316348.43,1642862.15,1.32E+13
2019-3813-27/05/2021,3 Country,TEMPLERS,5371,LIGHT REGIONAL COUNCIL,2,2,0,0,2,2019,April,Friday,2:55 PM,100,T-Junction,Straight road,Level,Not Applicable,Sealed,Dry,Not Raining,Daylight,Right Angle,1,Driver Rider,2: MI,Stop Sign,,Y,1343678.1,1720841.95,1.34E+13
2019-3814-27/05/2021,2 Metropolitan,WARRADALE,5046,CC MARION.                    ,2,0,0,0,0,2019,April,Friday,2:10 PM,60,T-Junction,Straight road,Level,Driveway or Entrance,Sealed,Dry,Not Raining,Daylight,Right Angle,2,Driver Rider,1: PDO,No Control,,,1322723.05,1662384.44,1.32E+13
2019-3815-27/05/2021,2 Metropolitan,NORTH PLYMPTON,5037,CITY OF WEST TORRENS,2,1,0,0,1,2019,April,Friday,3:17 PM,50,Not Divided,Straight road,Level,Not Applicable,Sealed,Dry,Not Raining,Daylight,Hit Fixed Object,1,Driver Rider,2: MI,No Control,,,1324684.38,1667713.37,1.32E+13
2019-3816-27/05/2021,2 Metropolitan,NOARLUNGA CENTRE,5168,CITY OF ONKAPARINGA,2,0,0,0,0,2019,April,Friday,6:30 PM,60,Cross Road,Straight road,Level,Not Applicable,Sealed,Dry,Not Raining,Night,Right Angle,1,Driver Rider,1: PDO,Traffic Signals,,,1317362.94,1647424.75,1.32E+13
2019-3817-27/05/2021,2 Metropolitan,MORPHETTVILLE,5043,CC MARION.                    ,3,3,0,0,3,2019,April,Friday,6:20 PM,80,T-Junction,Straight road,Level,Not Applicable,Sealed,Dry,Not Raining,Night,Rear End,1,Driver Rider,2: MI,No Control,,,1322995.16,1664708.63,1.32E+13
2019-3818-27/05/2021,1 City,NORTH ADELAIDE,5006,CITY OF ADELAIDE,2,0,0,0,0,2019,April,Friday,8:05 PM,60,Not Divided,Straight road,Level,Not Applicable,Sealed,Dry,Not Raining,Night,Hit Fixed Object,1,Driver Rider,1: PDO,No Control,,,1326864.48,1672538.34,1.33E+13
2019-3819-27/05/2021,3 Country,JOANNA,5271,DC NARACOORTE & LUCINDALE.,2,0,0,0,0,2019,April,Friday,8:00 PM,110,Not Divided,Straight road,Level,Not Applicable,Sealed,Dry,Not Raining,Night,Hit Animal,2,Animal,1: PDO,No Control,,,1518424.41,1414114.34,1.52E+13
2019-3820-27/05/2021,2 Metropolitan,SALISBURY HEIGHTS,5109,CITY OF SALISBURY,2,0,0,0,0,2019,April,Friday,7:20 PM,60,Cross Road,Straight road,Level,Not Applicable,Sealed,Dry,Not Raining,Night,Hit Fixed Object,1,Driver Rider,1: PDO,Traffic Signals,,,1336144.67,1687778.05,1.34E+13
2019-3821-27/05/2021,2 Metropolitan,PARACOMBE,5132,THE ADELAIDE HILLS COUNCIL,2,4,0,0,4,2019,April,Saturday,1:09 AM,80,Not Divided,"CURVED, VIEW OBSCURED",Level,Not Applicable,Sealed,Dry,Not Raining,Night,Hit Fixed Object,1,Driver Rider,2: MI,No Control,Y,,1345577.67,1677259.85,1.35E+13
2019-3822-27/05/2021,2 Metropolitan,VALLEY VIEW,5093,CITY OF TEA TREE GULLY,2,1,0,0,1,2019,April,Saturday,7:53 AM,60,Not Divided,Straight road,Level,Not Applicable,Sealed,Dry,Not Raining,Daylight,Hit Fixed Object,1,Driver Rider,2: MI,No Control,,,1335708.74,1680472.67,1.34E+13
2019-3823-27/05/2021,2 Metropolitan,TORRENSVILLE,5031,CITY OF WEST TORRENS,3,3,0,0,3,2019,April,Saturday,9:58 AM,50,Not Divided,Straight road,Level,Driveway or Entrance,Sealed,Dry,Not Raining,Daylight,Rear End,2,Driver Rider,2: MI,No Control,,,1325020.47,1670962.1,1.33E+13
2019-3824-27/05/2021,2 Metropolitan,BLACK FOREST,5035,CITY OF UNLEY,3,0,0,0,0,2019,April,Saturday,10:26 AM,60,Divided Road,Straight road,Level,Not Applicable,Sealed,Dry,Not Raining,Daylight,Rear End,1,Driver Rider,1: PDO,No Control,,,1325862.71,1666543.17,1.33E+13
2019-3825-27/05/2021,2 Metropolitan,COLONEL LIGHT GARDENS,5041,CC MITCHAM.                   ,2,1,0,0,1,2019,April,Saturday,11:30 AM,50,Cross Road,Straight road,Level,Not Applicable,Sealed,Dry,Not Raining,Daylight,Right Angle,1,Driver Rider,2: MI,Stop Sign,,,1326735.32,1664408.85,1.33E+13
2019-3826-27/05/2021,3 Country,THRINGTON,5552,COPPER COAST DISTRICT COUNCIL,2,1,1,0,0,2019,April,Saturday,7:15 AM,100,Not Divided,Straight road,Level,Not Applicable,Sealed,Dry,Not Raining,Daylight,Hit Fixed Object,1,Driver Rider,4: Fatal,No Control,,,1257024.02,1776455.99,1.26E+13
2019-3827-27/05/2021,3 Country,BURRUNGULE,5291,WATTLE RANGE COUNCIL,2,0,0,0,0,2019,April,Saturday,11:00 AM,110,Not Divided,Straight road,Unknown,Not Applicable,Sealed,Dry,Not Raining,Daylight,Hit Animal,2,Animal,1: PDO,No Control,,,1492888.58,1350893.17,1.49E+13
2019-3828-27/05/2021,3 Country,SHEA-OAK LOG,5371,LIGHT REGIONAL COUNCIL,2,0,0,0,0,2019,April,Saturday,5:30 AM,110,Divided Road,Straight road,Level,Not Applicable,Sealed,Dry,Not Raining,Night,Hit Fixed Object,1,Driver Rider,1: PDO,No Control,,,1349405.68,1715514.98,1.35E+13
2019-3829-27/05/2021,1 City,ADELAIDE,5000,CITY OF ADELAIDE,2,0,0,0,0,2019,April,Saturday,3:00 PM,50,Not Divided,Straight road,Level,Not Applicable,Sealed,Dry,Not Raining,Daylight,Side Swipe,1,Driver Rider,1: PDO,No Control,,,1329232.04,1670972.06,1.33E+13
2019-3830-27/05/2021,3 Country,WHYALLA PLAYFORD,5600,CC WHYALLA.                   ,4,0,0,0,0,2019,April,Friday,6:20 PM,50,Not Divided,Straight road,Level,Not Applicable,Sealed,Dry,Not Raining,Night,Hit Parked Vehicle,1,Driver Rider,1: PDO,No Control,,,1239605.31,1883621.96,1.24E+13
2019-3831-27/05/2021,2 Metropolitan,MODBURY HEIGHTS,5092,CITY OF TEA TREE GULLY,2,0,0,0,0,2019,April,Saturday,3:20 PM,50,Not Divided,Straight road,Slope,Not Applicable,Sealed,Dry,Not Raining,Daylight,Hit Parked Vehicle,1,Driver Rider,1: PDO,No Control,,,1337051.88,1683235.57,1.34E+13
2019-3832-27/05/2021,2 Metropolitan,HENLEY BEACH,5022,CITY OF CHARLES STURT,2,0,0,0,0,2019,April,Saturday,3:45 PM,60,Divided Road,Straight road,Level,Driveway or Entrance,Sealed,Dry,Not Raining,Daylight,Right Angle,2,Driver Rider,1: PDO,No Control,,,1319897.38,1673047.76,1.32E+13
2019-3833-27/05/2021,2 Metropolitan,PAYNEHAM,5070,"CC OF NORWOOD,PAYNEHAM & ST PETERS",2,2,0,0,2,2019,April,Saturday,3:06 PM,60,Cross Road,Straight road,Level,Not Applicable,Sealed,Dry,Not Raining,Daylight,Right Angle,1,Driver Rider,2: MI,Give Way Sign,,,1332187.17,1673376.47,1.33E+13
2019-3834-27/05/2021,2 Metropolitan,LOCKLEYS,5032,CITY OF WEST TORRENS,2,1,0,0,1,2019,April,Saturday,4:30 PM,40,Not Divided,Straight road,Level,Not Applicable,Sealed,Dry,Not Raining,Daylight,Hit Parked Vehicle,1,Driver Rider,2: MI,No Control,,,1322535.56,1671218.51,1.32E+13
2019-3835-27/05/2021,2 Metropolitan,PORT ADELAIDE,5015,CITY OF PORT ADELAIDE ENFIELD,2,0,0,0,0,2019,April,Saturday,4:50 PM,40,T-Junction,"CURVED, VIEW OPEN",Level,Not Applicable,Sealed,Dry,Not Raining,Daylight,Right Angle,1,Driver Rider,1: PDO,Give Way Sign,,,1319990.41,1679421.57,1.32E+13
2019-3836-27/05/2021,3 Country,MOUNT GAMBIER,5290,CC MT.GAMBIER.                ,2,0,0,0,0,2019,April,Saturday,11:30 AM,60,T-Junction,Straight road,Bottom of Hill,Not Applicable,Sealed,Dry,Not Raining,Daylight,Rear End,1,Driver Rider,1: PDO,Give Way Sign,,,1511724.85,1339571.38,1.51E+13
2019-3837-27/05/2021,2 Metropolitan,CLOVELLY PARK,5042,CC MARION.                    ,2,0,0,0,0,2019,April,Saturday,4:00 PM,60,T-Junction,Straight road,Level,Not Applicable,Sealed,Dry,Not Raining,Daylight,Right Turn,2,Driver Rider,1: PDO,Traffic Signals,,,1325974.64,1662554.21,1.33E+13
2019-3838-27/05/2021,2 Metropolitan,KURRALTA PARK,5037,CITY OF WEST TORRENS,2,1,0,0,1,2019,April,Saturday,3:00 PM,60,Cross Road,Straight road,Level,Not Applicable,Sealed,Dry,Not Raining,Daylight,Right Turn,2,Driver Rider,2: MI,Traffic Signals,,,1325819.1,1668480.34,1.33E+13
2019-3839-27/05/2021,2 Metropolitan,CHELTENHAM,5014,CITY OF CHARLES STURT,2,1,0,0,1,2019,April,Saturday,7:10 PM,60,Cross Road,Straight road,Level,Not Applicable,Sealed,Dry,Not Raining,Night,Hit Fixed Object,1,Driver Rider,2: MI,Traffic Signals,,,1322118.29,1676363.89,1.32E+13
2019-3840-27/05/2021,2 Metropolitan,SOMERTON PARK,5044,CITY OF HOLDFAST BAY,2,1,0,0,1,2019,April,Saturday,5:26 PM,60,Cross Road,Straight road,Level,Not Applicable,Sealed,Dry,Not Raining,Daylight,Hit Fixed Object,1,Driver Rider,2: MI,Give Way Sign,,,1321083.36,1662780.15,1.32E+13
2019-3841-27/05/2021,2 Metropolitan,GLENELG NORTH,5045,CITY OF HOLDFAST BAY,2,1,0,0,1,2019,April,Saturday,6:55 PM,50,Divided Road,Straight road,Level,Not Applicable,Sealed,Dry,Not Raining,Night,Rear End,2,Driver Rider,2: MI,No Control,Y,,1320493.66,1665290.17,1.32E+13
2019-3842-27/05/2021,3 Country,ANGASTON,5353,THE BAROSSA COUNCIL.,2,0,0,0,0,2019,April,Saturday,8:25 PM,50,Not Divided,Straight road,Bottom of Hill,Not Applicable,Sealed,Dry,Not Raining,Night,Hit Parked Vehicle,1,Driver Rider,1: PDO,No Control,Y,,1370966.09,1716015.63,1.37E+13
2019-3843-27/05/2021,2 Metropolitan,HAPPY VALLEY,5159,CITY OF ONKAPARINGA,3,0,0,0,0,2019,April,Sunday,12:15 AM,80,Not Divided,"CURVED, VIEW OPEN",Level,Not Applicable,Sealed,Dry,Not Raining,Night,Hit Fixed Object,1,Driver Rider,1: PDO,No Control,,,1326209.64,1655904.66,1.33E+13
2019-3844-27/05/2021,2 Metropolitan,HINDMARSH,5007,CITY OF CHARLES STURT,4,0,0,0,0,2019,April,Sunday,1:00 AM,60,Divided Road,Straight road,Level,Not Applicable,Sealed,Dry,Not Raining,Night,Hit Parked Vehicle,1,Driver Rider,1: PDO,No Control,,,1325822.58,1672842.5,1.33E+13
2019-3845-27/05/2021,3 Country,WAIKERIE,5330,LOXTON WAIKERIE DISTRICT COUNCIL,2,1,0,0,1,2019,April,Saturday,11:30 PM,100,Not Divided,Straight road,Level,Not Applicable,Sealed,Dry,Not Raining,Night,Hit Animal,2,Animal,2: MI,No Control,,,1460181.63,1746646.45,1.46E+13
2019-3846-27/05/2021,3 Country,VICTOR HARBOR,5211,DC VICTOR HARBOR.             ,2,0,0,0,0,2019,April,Sunday,10:40 AM,60,Not Divided,Straight road,Slope,Driveway or Entrance,Sealed,Wet,Raining,Daylight,Side Swipe,1,Driver Rider,1: PDO,No Control,,,1328018.61,1601474.16,1.33E+13
2019-3847-27/05/2021,2 Metropolitan,PORT ADELAIDE,5015,CITY OF PORT ADELAIDE ENFIELD,2,1,0,0,1,2019,April,Sunday,11:10 AM,50,Multiple,Straight road,Level,Not Applicable,Sealed,Dry,Not Raining,Daylight,Right Angle,2,Driver Rider,2: MI,Traffic Signals,,,1319866.72,1679909.05,1.32E+13
2019-3848-27/05/2021,2 Metropolitan,THEBARTON,5031,CITY OF WEST TORRENS,2,0,0,0,0,2019,April,Sunday,11:25 AM,50,T-Junction,"CURVED, VIEW OPEN",Level,Not Applicable,Sealed,Dry,Not Raining,Daylight,Right Angle,2,Driver Rider,1: PDO,No Control,,,1326060.76,1672072.32,1.33E+13
2019-3849-27/05/2021,3 Country,FOUL BAY,5577,YORKE PENINSULA COUNCIL,2,0,0,0,0,2019,April,Saturday,11:30 PM,100,Not Divided,"CURVED, VIEW OBSCURED",Slope,Not Applicable,Unsealed,Wet,Raining,Night,Hit Fixed Object,1,Driver Rider,1: PDO,No Control,,,1211789.91,1651265.47,1.21E+13
2019-3850-27/05/2021,2 Metropolitan,HOPE VALLEY,5090,CITY OF TEA TREE GULLY,2,2,0,0,2,2019,April,Sunday,1:11 PM,60,T-Junction,Straight road,Level,Not Applicable,Sealed,Dry,Not Raining,Daylight,Side Swipe,2,Driver Rider,2: MI,No Control,,,1337090.87,1679467.4,1.34E+13
2019-3851-27/05/2021,3 Country,MCCRACKEN,5211,DC VICTOR HARBOR.             ,3,0,0,0,0,2019,April,Sunday,11:50 AM,60,Divided Road,Straight road,Level,Not Applicable,Sealed,Dry,Not Raining,Daylight,Rear End,1,Driver Rider,1: PDO,No Control,,,1329778.11,1602929.63,1.33E+13
2019-3852-27/05/2021,3 Country,ANNA CREEK,5723,,1,0,0,0,0,2019,April,Sunday,11:30 AM,100,Not Divided,Straight road,Level,Not Applicable,Unsealed,Dry,Not Raining,Daylight,Roll Over,1,Driver Rider,1: PDO,No Control,,,1102338.29,2340283.65,1.10E+13
2019-3853-27/05/2021,2 Metropolitan,PARAFIELD GARDENS,5107,CITY OF SALISBURY,1,1,0,0,1,2019,April,Sunday,2:23 PM,70,Not Divided,Straight road,Level,Not Applicable,Sealed,Dry,Not Raining,Daylight,Roll Over,1,Driver Rider,2: MI,No Control,,Y,1329145.87,1685785.08,1.33E+13
2019-3854-27/05/2021,2 Metropolitan,UNLEY,5061,CITY OF UNLEY,2,4,0,0,4,2019,April,Sunday,2:25 PM,60,T-Junction,Straight road,Level,Not Applicable,Sealed,Dry,Not Raining,Daylight,Right Angle,1,Driver Rider,2: MI,Stop Sign,,,1329093.42,1667729.22,1.33E+13
2019-3855-27/05/2021,3 Country,WHYALLA STUART,5608,CC WHYALLA.                   ,2,0,0,0,0,2019,April,Sunday,2:25 PM,60,Divided Road,Straight road,Level,Not Applicable,Sealed,Dry,Not Raining,Daylight,Hit Parked Vehicle,1,Driver Rider,1: PDO,No Control,,,1235798.86,1883477.8,1.24E+13