REPORT_ID,Stats Area,Suburb,Postcode,LGA Name,Total Units,Total Cas,Total Fats,Total SI,Total MI,Year,Month,Day,Time,Area Speed,Position Type,Horizontal Align,Vertical Align,Other Feat,Road Surface,Moisture Cond,Weather Cond,DayNight,Crash Type,Unit Resp,Entity Code,CSEF Severity,Traffic Ctrls,DUI Involved,Drugs Involved,ACCLOC_X,ACCLOC_Y,UNIQUE_LOC
2019-3938-27/05/2021,2 Metropolitan,WALKERVILLE,5081,WALKERVILLE TOWN COUNCIL,2,0,0,0,0,2019,April,Wednesday,3:45 PM,60,Cross Road,Straight road,Level,Not Applicable,Sealed,Dry,Not Raining,Daylight,Hit Fixed Object,1,Driver Rider,1: PDO,Traffic Signals,,,1329934.16,1673775.13,1.33E+13
2019-3939-27/05/2021,2 Metropolitan,GLOBE DERBY PARK,5110,CITY OF SALISBURY,4,0,0,0,0,2019,April,Wednesday,4:00 PM,80,Divided Road,Straight road,Level,Not Applicable,Sealed,Dry,Not Raining,Daylight,Rear End,2,Driver Rider,1: PDO,No Control,,,1328694.87,1685492.63,1.33E+13
2019-3940-27/05/2021,2 Metropolitan,GLOBE DERBY PARK,5110,CITY OF SALISBURY,2,0,0,0,0,2019,April,Wednesday,4:20 PM,80,Divided Road,Straight road,Level,Not Applicable,Sealed,Dry,Not Raining,Daylight,Rear End,1,Driver Rider,1: PDO,No Control,,,1328692.3,1685542.84,1.33E+13
2019-3941-27/05/2021,2 Metropolitan,SEAFORD MEADOWS,5169,CITY OF ONKAPARINGA,6,0,0,0,0,2019,April,Wednesday,4:24 PM,60,Divided Road,Straight road,Slope,"Bridge, Culvert, Causeway",Sealed,Dry,Not Raining,Daylight,Rear End,1,Driver Rider,1: PDO,No Control,,,1318352.44,1643233.82,1.32E+13
2019-3942-27/05/2021,2 Metropolitan,MARRYATVILLE,5068,"CC OF NORWOOD,PAYNEHAM & ST PETERS",2,0,0,0,0,2019,April,Tuesday,4:30 PM,60,Cross Road,Straight road,Level,Not Applicable,Sealed,Dry,Not Raining,Daylight,Rear End,1,Driver Rider,1: PDO,Traffic Signals,,,1332269.85,1670409.71,1.33E+13
2019-3943-27/05/2021,3 Country,SANDERGROVE,5255,ALEXANDRINA COUNCIL,2,0,0,0,0,2019,April,Tuesday,10:00 AM,100,Not Divided,Straight road,Level,Not Applicable,Sealed,Dry,Not Raining,Daylight,Head On,2,Driver Rider,1: PDO,No Control,,,1349889.65,1628182.29,1.35E+13
2019-3944-27/05/2021,2 Metropolitan,PROSPECT,5082,CITY OF PROSPECT,2,0,0,0,0,2019,April,Wednesday,5:25 PM,50,Cross Road,Straight road,Level,Not Applicable,Sealed,Dry,Not Raining,Daylight,Right Angle,1,Driver Rider,1: PDO,Stop Sign,,,1327698.13,1674264.73,1.33E+13
2019-3945-27/05/2021,2 Metropolitan,WOODVILLE WEST,5011,CITY OF CHARLES STURT,2,1,0,0,1,2019,April,Wednesday,5:15 PM,60,T-Junction,Straight road,Level,Not Applicable,Sealed,Dry,Not Raining,Daylight,Right Angle,1,Driver Rider,2: MI,No Control,,,1322363.52,1675180.31,1.32E+13
2019-3946-27/05/2021,2 Metropolitan,STIRLING,5152,THE ADELAIDE HILLS COUNCIL,2,0,0,0,0,2019,April,Wednesday,3:20 PM,50,T-Junction,Straight road,Level,Not Applicable,Sealed,Dry,Not Raining,Daylight,Right Angle,2,Driver Rider,1: PDO,No Control,,,1338757.47,1661219.68,1.34E+13
2019-3947-27/05/2021,2 Metropolitan,GEPPS CROSS,5094,CITY OF PORT ADELAIDE ENFIELD,2,0,0,0,0,2019,April,Wednesday,6:30 AM,60,Divided Road,Straight road,Level,Not Applicable,Sealed,Dry,Not Raining,Night,Side Swipe,2,Driver Rider,1: PDO,No Control,,,1329107.71,1679752.29,1.33E+13
2019-3948-27/05/2021,3 Country,GLENCOE,5291,WATTLE RANGE COUNCIL,3,0,0,0,0,2019,April,Wednesday,5:00 PM,80,Not Divided,"CURVED, VIEW OPEN",Level,Roadworks,Sealed,Dry,Not Raining,Daylight,Hit Fixed Object,1,Driver Rider,1: PDO,No Control,,,1497978.76,1356123.46,1.50E+13
2019-3949-27/05/2021,1 City,ADELAIDE,5000,CITY OF ADELAIDE,2,0,0,0,0,2019,April,Wednesday,6:15 PM,50,Cross Road,Straight road,Level,Not Applicable,Sealed,Dry,Not Raining,Night,Right Angle,2,Driver Rider,1: PDO,Traffic Signals,,,1329244.29,1670538.33,1.33E+13
2019-3950-27/05/2021,2 Metropolitan,NOARLUNGA DOWNS,5168,CITY OF ONKAPARINGA,2,0,0,0,0,2019,April,Wednesday,5:00 PM,100,Divided Road,Straight road,Slope,Not Applicable,Sealed,Dry,Not Raining,Daylight,Rear End,1,Driver Rider,1: PDO,No Control,,,1319097.12,1646462.49,1.32E+13
2019-3951-27/05/2021,2 Metropolitan,NAILSWORTH,5083,CITY OF PROSPECT,4,0,0,0,0,2019,April,Wednesday,7:00 PM,60,Divided Road,Straight road,Level,Not Applicable,Sealed,Dry,Not Raining,Night,Rear End,1,Driver Rider,1: PDO,No Control,,,1328908.66,1675112.82,1.33E+13
2019-3952-27/05/2021,2 Metropolitan,PROSPECT,5082,CITY OF PROSPECT,2,0,0,0,0,2019,April,Wednesday,6:37 PM,60,Cross Road,Straight road,Level,Not Applicable,Sealed,Dry,Not Raining,Night,Right Turn,2,Driver Rider,1: PDO,Traffic Signals,,,1327236.23,1676392.98,1.33E+13
2019-3953-27/05/2021,2 Metropolitan,O'HALLORAN HILL,5158,CITY OF ONKAPARINGA,2,1,0,0,1,2019,April,Wednesday,6:37 PM,80,T-Junction,Straight road,Level,Not Applicable,Sealed,Dry,Not Raining,Night,Right Turn,1,Driver Rider,2: MI,No Control,,,1323800.99,1654772.45,1.32E+13
2019-3954-27/05/2021,2 Metropolitan,FULLARTON,5063,CITY OF UNLEY,2,0,0,0,0,2019,April,Wednesday,3:45 PM,60,Not Divided,Straight road,Level,Not Applicable,Sealed,Dry,Not Raining,Daylight,Rear End,2,Driver Rider,1: PDO,No Control,,,1330728.01,1667566.81,1.33E+13
2019-3955-27/05/2021,2 Metropolitan,NORTHFIELD,5085,CITY OF PORT ADELAIDE ENFIELD,3,1,0,0,1,2019,April,Wednesday,7:12 PM,60,T-Junction,Straight road,Level,Not Applicable,Sealed,Dry,Not Raining,Night,Right Turn,1,Driver Rider,2: MI,Traffic Signals,,,1330407.78,1678042.15,1.33E+13
2019-3956-27/05/2021,2 Metropolitan,STURT,5047,CC MARION.                    ,2,1,0,0,1,2019,April,Wednesday,6:25 PM,60,Cross Road,Straight road,Level,Not Applicable,Sealed,Dry,Not Raining,Night,Rear End,2,Driver Rider,2: MI,Traffic Signals,,,1324403.19,1660679.72,1.32E+13
2019-3957-27/05/2021,2 Metropolitan,HALLETT COVE,5158,CC MARION.                    ,2,0,0,0,0,2019,April,Wednesday,6:30 PM,80,Divided Road,Straight road,Level,Not Applicable,Sealed,Dry,Not Raining,Night,Hit Animal,2,Animal,1: PDO,No Control,,,1319666.86,1653384.27,1.32E+13
2019-3958-27/05/2021,2 Metropolitan,THEBARTON,5031,CITY OF WEST TORRENS,2,0,0,0,0,2019,April,Wednesday,3:30 PM,60,Divided Road,Straight road,Level,Not Applicable,Sealed,Dry,Not Raining,Daylight,Rear End,1,Driver Rider,1: PDO,No Control,,,1326522.2,1671999.03,1.33E+13
2019-3959-27/05/2021,2 Metropolitan,UNDERDALE,5032,CITY OF WEST TORRENS,2,2,0,0,2,2019,April,Wednesday,8:44 PM,60,Divided Road,Straight road,Level,Not Applicable,Sealed,Dry,Not Raining,Night,Hit Fixed Object,9,Other,2: MI,No Control,,,1324090.55,1670938.04,1.32E+13
2019-3960-27/05/2021,2 Metropolitan,KLEMZIG,5087,CITY OF PORT ADELAIDE ENFIELD,2,1,0,0,1,2019,April,Wednesday,8:30 PM,60,Cross Road,Straight road,Level,Not Applicable,Sealed,Dry,Not Raining,Night,Right Angle,2,Driver Rider,2: MI,Traffic Signals,,,1332080.32,1676585.35,1.33E+13
2019-3961-27/05/2021,2 Metropolitan,MOUNT BARKER,5251,DC MT.BARKER.                 ,2,0,0,0,0,2019,April,Wednesday,9:20 PM,60,Cross Road,Straight road,Level,Not Applicable,Sealed,Dry,Not Raining,Night,Right Turn,2,Driver Rider,1: PDO,Traffic Signals,,,1351311.53,1654261.24,1.35E+13
2019-3962-27/05/2021,2 Metropolitan,SALISBURY SOUTH,5106,CITY OF SALISBURY,3,3,0,0,3,2019,April,Wednesday,10:20 PM,70,T-Junction,Straight road,Level,Not Applicable,Sealed,Dry,Not Raining,Night,Right Turn,2,Driver Rider,2: MI,No Control,,,1332651.83,1685882.34,1.33E+13
2019-3963-27/05/2021,2 Metropolitan,WALKERVILLE,5081,WALKERVILLE TOWN COUNCIL,3,0,0,0,0,2019,April,Wednesday,8:52 PM,60,Divided Road,Straight road,Level,Not Applicable,Sealed,Dry,Not Raining,Night,Side Swipe,2,Driver Rider,1: PDO,No Control,,,1329660.41,1674456.83,1.33E+13
2019-3964-27/05/2021,2 Metropolitan,HENLEY BEACH,5022,CITY OF CHARLES STURT,2,1,0,0,1,2019,April,Wednesday,5:58 PM,50,Cross Road,Straight road,Level,Not Applicable,Unsealed,Dry,Not Raining,Night,Right Angle,2,Driver Rider,2: MI,Roundabout,,,1319388.76,1672318.06,1.32E+13
2019-3965-27/05/2021,2 Metropolitan,PROSPECT,5082,CITY OF PROSPECT,2,1,0,0,1,2019,April,Wednesday,10:10 PM,60,Cross Road,Straight road,Level,Not Applicable,Sealed,Dry,Not Raining,Night,Right Angle,1,Driver Rider,2: MI,Traffic Signals,,,1328862.28,1676441.72,1.33E+13
2019-3966-27/05/2021,2 Metropolitan,KIDMAN PARK,5025,CITY OF CHARLES STURT,2,0,0,0,0,2019,April,Wednesday,11:53 PM,50,Not Divided,Straight road,Level,Not Applicable,Sealed,Dry,Not Raining,Night,Hit Fixed Object,1,Driver Rider,1: PDO,No Control,,Y,1321853.16,1672207.87,1.32E+13
2019-3967-27/05/2021,1 City,ADELAIDE,5000,CITY OF ADELAIDE,2,0,0,0,0,2019,April,Thursday,2:30 AM,50,Cross Road,Straight road,Level,Not Applicable,Sealed,Dry,Not Raining,Night,Right Angle,1,Driver Rider,1: PDO,Stop Sign,,,1327550.32,1670644.56,1.33E+13
2019-3968-27/05/2021,2 Metropolitan,GOLDEN GROVE,5125,CITY OF TEA TREE GULLY,2,0,0,0,0,2019,April,Thursday,3:38 AM,60,T-Junction,Straight road,Slope,Not Applicable,Sealed,Dry,Not Raining,Night,Hit Fixed Object,1,Driver Rider,1: PDO,Stop Sign,,,1339817.54,1685942.16,1.34E+13
2019-3969-27/05/2021,2 Metropolitan,CRAFERS,5152,THE ADELAIDE HILLS COUNCIL,3,0,0,0,0,2019,April,Wednesday,10:30 PM,60,Divided Road,"CURVED, VIEW OBSCURED",Bottom of Hill,Not Applicable,Sealed,Dry,Not Raining,Night,Rear End,2,Driver Rider,1: PDO,No Control,,,1337654.44,1662528.39,1.34E+13
2019-3970-27/05/2021,2 Metropolitan,BOWDEN,5007,CITY OF CHARLES STURT,2,0,0,0,0,2019,April,Wednesday,11:50 AM,40,Not Divided,Straight road,Level,Not Applicable,Sealed,Dry,Not Raining,Daylight,Hit Parked Vehicle,2,Driver Rider,1: PDO,No Control,,,1326799.41,1673358.76,1.33E+13
2019-3971-27/05/2021,1 City,ADELAIDE,5000,CITY OF ADELAIDE,2,1,0,0,1,2019,April,Thursday,9:10 AM,50,T-Junction,Straight road,Level,Not Applicable,Sealed,Dry,Not Raining,Daylight,Hit Pedestrian,1,Driver Rider,2: MI,No Control,,,1328151.93,1670970.99,1.33E+13
2019-3972-27/05/2021,2 Metropolitan,MOUNT BARKER,5251,DC MT.BARKER.                 ,3,1,0,0,1,2019,April,Thursday,7:40 AM,50,Divided Road,Straight road,Level,Median Opening (not at I/S),Sealed,Dry,Not Raining,Daylight,Hit Fixed Object,1,Driver Rider,2: MI,No Control,,,1352149.82,1654263.31,1.35E+13
2019-3973-27/05/2021,2 Metropolitan,WINGFIELD,5013,CITY OF PORT ADELAIDE ENFIELD,2,0,0,0,0,2019,April,Wednesday,4:30 PM,60,Cross Road,Straight road,Level,Not Applicable,Sealed,Dry,Not Raining,Daylight,Rear End,2,Driver Rider,1: PDO,Traffic Signals,,,1324323.55,1679167.08,1.32E+13
2019-3974-27/05/2021,2 Metropolitan,ROSE PARK,5067,"CC OF NORWOOD,PAYNEHAM & ST PETERS",2,1,0,0,1,2019,April,Wednesday,3:45 PM,60,Not Divided,Straight road,Level,Not Applicable,Sealed,Dry,Not Raining,Daylight,Rear End,2,Driver Rider,2: MI,No Control,,,1331394.67,1670387.77,1.33E+13
2019-3975-27/05/2021,3 Country,LOWER LIGHT,5501,DC MALLALA.                   ,2,2,0,0,2,2019,April,Thursday,2:30 PM,110,Divided Road,Straight road,Level,"Bridge, Culvert, Causeway",Sealed,Dry,Not Raining,Daylight,Hit Fixed Object,1,Driver Rider,2: MI,No Control,,,1316654.23,1712952.65,1.32E+13
2019-3976-27/05/2021,2 Metropolitan,O'HALLORAN HILL,5158,CC MARION.                    ,2,0,0,0,0,2019,April,Thursday,3:50 PM,100,Freeway,Straight road,Slope,Not Applicable,Sealed,Dry,Not Raining,Daylight,Rear End,1,Driver Rider,1: PDO,No Control,,,1323007.89,1655437.31,1.32E+13
2019-3977-27/05/2021,2 Metropolitan,SALISBURY DOWNS,5108,CITY OF SALISBURY,3,0,0,0,0,2019,April,Thursday,4:20 PM,60,Divided Road,Straight road,Level,Not Applicable,Sealed,Dry,Not Raining,Daylight,Rear End,1,Driver Rider,1: PDO,No Control,,,1331607.45,1686691.77,1.33E+13
2019-3978-27/05/2021,2 Metropolitan,REGENCY PARK,5010,CITY OF PORT ADELAIDE ENFIELD,2,0,0,0,0,2019,April,Wednesday,9:30 PM,60,Cross Road,Straight road,Level,Not Applicable,Sealed,Dry,Not Raining,Night,Rear End,1,Driver Rider,1: PDO,Traffic Signals,,,1326067.73,1676378.46,1.33E+13
2019-3979-27/05/2021,2 Metropolitan,HECTORVILLE,5073,CC CAMPBELLTOWN.              ,2,0,0,0,0,2019,April,Wednesday,11:00 PM,50,Not Divided,Straight road,Level,Not Applicable,Sealed,Dry,Not Raining,Night,Hit Parked Vehicle,1,Driver Rider,1: PDO,No Control,,,1334515.08,1674058.45,1.33E+13
2019-3980-27/05/2021,3 Country,STRATHALBYN,5255,ALEXANDRINA COUNCIL,2,0,0,0,0,2019,April,Thursday,2:00 AM,100,Not Divided,Straight road,Level,Not Applicable,Sealed,Dry,Not Raining,Night,Hit Animal,2,Animal,1: PDO,No Control,,,1354160.82,1637545.88,1.35E+13
2019-3981-27/05/2021,3 Country,SANDILANDS,5571,YORKE PENINSULA COUNCIL,2,2,0,0,2,2019,April,Thursday,4:20 PM,100,Not Divided,Straight road,Slope,Not Applicable,Sealed,Dry,Not Raining,Daylight,Hit Fixed Object,1,Driver Rider,2: MI,No Control,,,1264002.93,1718295.82,1.26E+13
2019-3982-27/05/2021,1 City,NORTH ADELAIDE,5006,CITY OF ADELAIDE,3,0,0,0,0,2019,April,Wednesday,6:50 PM,50,Divided Road,Straight road,Level,Not Applicable,Sealed,Dry,Not Raining,Night,Rear End,1,Driver Rider,1: PDO,No Control,,,1328169.73,1672990.06,1.33E+13
2019-3983-27/05/2021,1 City,NORTH ADELAIDE,5006,CITY OF ADELAIDE,2,0,0,0,0,2019,April,Wednesday,6:57 PM,50,T-Junction,Straight road,Level,Not Applicable,Sealed,Dry,Not Raining,Night,Right Angle,2,Driver Rider,1: PDO,No Control,,,1328179.06,1672953.9,1.33E+13
2019-3984-27/05/2021,2 Metropolitan,FORRESTON,5233,THE ADELAIDE HILLS COUNCIL,1,1,0,0,1,2019,April,Thursday,2:53 PM,80,Not Divided,"CURVED, VIEW OBSCURED",Slope,Not Applicable,Sealed,Dry,Not Raining,Daylight,Roll Over,1,Driver Rider,2: MI,No Control,,,1354313.44,1683537.27,1.35E+13
2019-3985-27/05/2021,2 Metropolitan,WALKERVILLE,5081,WALKERVILLE TOWN COUNCIL,2,0,0,0,0,2019,April,Thursday,10:22 PM,60,Divided Road,Straight road,Level,Not Applicable,Sealed,Dry,Not Raining,Night,Hit Parked Vehicle,2,Driver Rider,1: PDO,No Control,,,1329645.47,1674117.44,1.33E+13
2019-3986-27/05/2021,2 Metropolitan,BROADVIEW,5083,CITY OF PORT ADELAIDE ENFIELD,2,0,0,0,0,2019,April,Friday,8:12 AM,60,Divided Road,Straight road,Level,Not Applicable,Sealed,Dry,Unknown,Daylight,Hit Parked Vehicle,2,Driver Rider,1: PDO,No Control,,,1329838.15,1676458.01,1.33E+13
2019-3987-27/05/2021,2 Metropolitan,TORRENSVILLE,5031,CITY OF WEST TORRENS,2,0,0,0,0,2019,April,Friday,4:35 AM,60,Divided Road,Straight road,Level,Driveway or Entrance,Sealed,Wet,Raining,Night,Rear End,1,Driver Rider,1: PDO,No Control,,,1325596.81,1671575.49,1.33E+13
2019-3988-27/05/2021,3 Country,MYPONGA,5202,DC YANKALILLA.                ,1,1,0,0,1,2019,April,Friday,1:30 AM,100,Not Divided,Straight road,Slope,Not Applicable,Unsealed,Dry,Not Raining,Night,Roll Over,1,Driver Rider,2: MI,No Control,Y,,1310324.12,1617461.56,1.31E+13
2019-3989-27/05/2021,3 Country,TANUNDA,5352,THE BAROSSA COUNCIL.,2,0,0,0,0,2019,April,Friday,9:10 AM,50,Not Divided,Straight road,Level,Not Applicable,Sealed,Dry,Not Raining,Daylight,Side Swipe,1,Driver Rider,1: PDO,No Control,,,1363853.84,1714767.26,1.36E+13
2019-3990-27/05/2021,2 Metropolitan,EDWARDSTOWN,5039,CC MARION.                    ,2,1,0,1,0,2019,April,Friday,10:48 AM,50,Not Divided,Straight road,Level,Driveway or Entrance,Sealed,Dry,Not Raining,Daylight,Hit Pedestrian,1,Driver Rider,3: SI,No Control,,,1325810.58,1664783.84,1.33E+13
2019-3991-27/05/2021,2 Metropolitan,TORRENSVILLE,5031,CITY OF WEST TORRENS,3,1,0,0,1,2019,April,Friday,10:00 AM,50,T-Junction,Straight road,Level,Not Applicable,Sealed,Dry,Not Raining,Daylight,Right Angle,1,Driver Rider,2: MI,No Control,,,1325078.42,1670972.54,1.33E+13
2019-3992-27/05/2021,2 Metropolitan,MAWSON LAKES,5095,CITY OF SALISBURY,2,0,0,0,0,2019,April,Thursday,1:50 PM,90,Divided Road,Straight road,Level,Not Applicable,Sealed,Dry,Not Raining,Daylight,Side Swipe,2,Driver Rider,1: PDO,No Control,,,1328887.2,1683569.91,1.33E+13
2019-3993-27/05/2021,2 Metropolitan,BLACKWOOD,5051,CC MITCHAM.                   ,2,1,0,0,1,2019,April,Friday,10:30 AM,50,Not Divided,Straight road,Level,Driveway or Entrance,Sealed,Dry,Not Raining,Daylight,Right Angle,2,Driver Rider,2: MI,No Control,,,1329483.28,1660123.17,1.33E+13
2019-3994-27/05/2021,3 Country,WAROOKA,5577,YORKE PENINSULA COUNCIL,2,0,0,0,0,2019,April,Friday,11:20 AM,40,Not Divided,Straight road,Level,Roadworks,Unsealed,Dry,Not Raining,Daylight,Hit Object on Road,1,Driver Rider,1: PDO,No Control,,,1218771.5,1657995.99,1.22E+13
2019-3995-27/05/2021,2 Metropolitan,MANSFIELD PARK,5012,CITY OF PORT ADELAIDE ENFIELD,2,1,0,0,1,2019,April,Friday,12:25 PM,60,T-Junction,Straight road,Level,Not Applicable,Sealed,Dry,Not Raining,Daylight,Right Angle,2,Driver Rider,2: MI,No Control,,,1323926.71,1678241.03,1.32E+13
2019-3996-27/05/2021,2 Metropolitan,URRBRAE,5064,CITY OF UNLEY,2,0,0,0,0,2019,April,Tuesday,4:25 PM,60,Divided Road,"CURVED, VIEW OBSCURED",Slope,Not Applicable,Sealed,Dry,Not Raining,Daylight,Rear End,1,Driver Rider,1: PDO,No Control,,,1332325.08,1666338.76,1.33E+13
2019-3997-27/05/2021,2 Metropolitan,FELIXSTOW,5070,"CC OF NORWOOD,PAYNEHAM & ST PETERS",2,0,0,0,0,2019,April,Friday,12:23 PM,60,Divided Road,Straight road,Slope,Driveway or Entrance,Sealed,Dry,Not Raining,Daylight,Rear End,2,Driver Rider,1: PDO,No Control,,,1333521.91,1674397.22,1.33E+13
2019-3998-27/05/2021,2 Metropolitan,TORRENS PARK,5062,CC MITCHAM.                   ,2,1,0,0,1,2019,April,Thursday,4:30 PM,60,Cross Road,Straight road,Level,Not Applicable,Sealed,Dry,Not Raining,Daylight,Rear End,1,Driver Rider,2: MI,Roundabout,,,1330012.26,1664229.65,1.33E+13
2019-3999-27/05/2021,2 Metropolitan,MAYLANDS,5069,"CC OF NORWOOD,PAYNEHAM & ST PETERS",3,0,0,0,0,2019,April,Friday,12:30 PM,60,Divided Road,Straight road,Level,Not Applicable,Sealed,Dry,Not Raining,Daylight,Rear End,2,Driver Rider,1: PDO,No Control,,,1332227.4,1672193.23,1.33E+13
2019-4000-27/05/2021,3 Country,PALMER,5237,MID MURRAY DISTRICT COUNCIL,2,1,0,0,1,2019,April,Monday,3:55 AM,50,Not Divided,Straight road,Slope,Not Applicable,Sealed,Dry,Not Raining,Night,Hit Animal,2,Animal,2: MI,No Control,,,1380203.47,1676814.88,1.38E+13
2019-4001-27/05/2021,3 Country,TANUNDA,5352,THE BAROSSA COUNCIL.,2,1,0,0,1,2019,April,Friday,2:09 PM,50,T-Junction,"CURVED, VIEW OBSCURED",Level,Not Applicable,Sealed,Dry,Not Raining,Daylight,Rear End,2,Driver Rider,2: MI,No Control,,,1364932.24,1715707.52,1.36E+13
2019-4002-27/05/2021,2 Metropolitan,ASCOT PARK,5043,CC MARION.                    ,2,0,0,0,0,2019,April,Friday,1:00 PM,50,Not Divided,Straight road,Level,Not Applicable,Sealed,Dry,Not Raining,Daylight,Head On,9,Other,1: PDO,No Control,,,1325109.14,1664324.27,1.33E+13
2019-4003-27/05/2021,2 Metropolitan,MORPHETT VALE,5162,CITY OF ONKAPARINGA,2,0,0,0,0,2019,April,Friday,2:29 PM,60,Cross Road,Straight road,Level,Not Applicable,Sealed,Dry,Not Raining,Daylight,Right Angle,1,Driver Rider,1: PDO,Roundabout,,,1321901.02,1651049.42,1.32E+13
2019-4004-27/05/2021,2 Metropolitan,KESWICK,5035,CITY OF WEST TORRENS,2,1,0,1,0,2019,April,Friday,2:25 PM,60,Cross Road,Straight road,Level,Not Applicable,Sealed,Dry,Not Raining,Daylight,Right Angle,1,Driver Rider,3: SI,Traffic Signals,,Y,1325794.33,1668947.63,1.33E+13
2019-4005-27/05/2021,2 Metropolitan,LITTLEHAMPTON,5250,DC MT.BARKER.                 ,2,1,0,0,1,2019,April,Friday,1:16 PM,80,Not Divided,Straight road,Slope,Not Applicable,Sealed,Dry,Not Raining,Daylight,Side Swipe,1,Driver Rider,2: MI,No Control,,,1353086.1,1656550.06,1.35E+13
2019-4006-27/05/2021,2 Metropolitan,MALVERN,5061,CITY OF UNLEY,2,0,0,0,0,2019,April,Friday,12:30 PM,60,Not Divided,Straight road,Level,Not Applicable,Sealed,Dry,Not Raining,Daylight,Hit Parked Vehicle,1,Driver Rider,1: PDO,No Control,,,1329105.41,1667388.18,1.33E+13
2019-4007-27/05/2021,2 Metropolitan,SALISBURY EAST,5109,CITY OF SALISBURY,2,1,0,0,1,2019,April,Friday,2:50 PM,80,T-Junction,"CURVED, VIEW OPEN",Slope,Not Applicable,Sealed,Dry,Not Raining,Daylight,Roll Over,1,Driver Rider,2: MI,Traffic Signals,,,1336485.48,1687419.78,1.34E+13
2019-4008-27/05/2021,2 Metropolitan,WALKERVILLE,5081,WALKERVILLE TOWN COUNCIL,3,1,0,0,1,2019,April,Friday,3:15 PM,60,Cross Road,Straight road,Level,Not Applicable,Sealed,Dry,Not Raining,Daylight,Rear End,1,Driver Rider,2: MI,Traffic Signals,,,1329488.84,1674243.03,1.33E+13
2019-4009-27/05/2021,2 Metropolitan,PASADENA,5042,CC MITCHAM.                   ,2,1,0,0,1,2019,February,Saturday,6:00 PM,60,Divided Road,Straight road,Level,Not Applicable,Sealed,Dry,Not Raining,Daylight,Rear End,2,Driver Rider,2: MI,No Control,,,1327538.66,1663359.16,1.33E+13
2019-4010-27/05/2021,2 Metropolitan,MODBURY,5092,CITY OF TEA TREE GULLY,2,0,0,0,0,2019,April,Wednesday,7:30 AM,60,Cross Road,Straight road,Level,Not Applicable,Sealed,Dry,Not Raining,Daylight,Rear End,1,Driver Rider,1: PDO,Traffic Signals,,,1336189.32,1680597.27,1.34E+13
2019-4011-27/05/2021,2 Metropolitan,LOCKLEYS,5032,CITY OF WEST TORRENS,2,1,0,0,1,2019,April,Friday,4:00 PM,60,Cross Road,Straight road,Level,Not Applicable,Sealed,Wet,Raining,Daylight,Rear End,1,Driver Rider,2: MI,Traffic Signals,,,1320926.91,1669968.19,1.32E+13
2019-4012-27/05/2021,3 Country,PARILLA,5303,SOUTHERN MALLEE DISTRICT COUNCIL,2,1,0,0,1,2019,March,Monday,11:00 PM,80,Not Divided,"CURVED, VIEW OPEN",Unknown,Not Applicable,Unsealed,Unknown,Unknown,Night,Hit Fixed Object,1,Driver Rider,2: MI,No Control,Y,,1516652.65,1627604.12,1.52E+13
2019-4013-27/05/2021,2 Metropolitan,PARALOWIE,5108,CITY OF SALISBURY,2,0,0,0,0,2019,April,Friday,2:29 PM,50,Cross Road,Straight road,Level,Not Applicable,Sealed,Dry,Not Raining,Daylight,Right Angle,1,Driver Rider,1: PDO,No Control,,,1328774.1,1688525.9,1.33E+13
2019-4014-27/05/2021,2 Metropolitan,MELROSE PARK,5039,CC MITCHAM.                   ,2,0,0,0,0,2019,April,Friday,2:25 PM,50,Not Divided,Straight road,Level,Road hump or Slow point,Sealed,Dry,Not Raining,Daylight,Rear End,1,Driver Rider,1: PDO,No Control,,,1326286.97,1664200.45,1.33E+13
2019-4015-27/05/2021,1 City,ADELAIDE,5000,CITY OF ADELAIDE,2,0,0,0,0,2019,April,Friday,6:00 PM,50,Cross Road,Straight road,Level,Not Applicable,Sealed,Dry,Not Raining,Night,Side Swipe,2,Driver Rider,1: PDO,Traffic Signals,,,1328466.7,1671134.19,1.33E+13
2019-4016-27/05/2021,2 Metropolitan,OAKLANDS PARK,5046,CC MARION.                    ,2,0,0,0,0,2019,April,Friday,1:00 PM,60,Not Divided,Straight road,Level,Not Applicable,Sealed,Dry,Not Raining,Daylight,Side Swipe,1,Driver Rider,1: PDO,No Control,,,1322773.22,1660733.12,1.32E+13
2019-4017-27/05/2021,2 Metropolitan,WINDSOR GARDENS,5087,CITY OF PORT ADELAIDE ENFIELD,3,1,0,0,1,2019,April,Friday,6:30 PM,60,Divided Road,Straight road,Level,Not Applicable,Sealed,Dry,Not Raining,Night,Rear End,1,Driver Rider,2: MI,No Control,,,1333367.74,1677710.64,1.33E+13
2019-4018-27/05/2021,2 Metropolitan,TORRENSVILLE,5031,CITY OF WEST TORRENS,2,0,0,0,0,2019,April,Friday,6:00 PM,60,Divided Road,Straight road,Level,Not Applicable,Sealed,Dry,Not Raining,Night,Side Swipe,2,Driver Rider,1: PDO,No Control,,,1325423.96,1672036.09,1.33E+13
2019-4019-27/05/2021,3 Country,TANUNDA,5352,THE BAROSSA COUNCIL.,2,1,0,0,1,2019,April,Friday,5:05 PM,50,Cross Road,Straight road,Level,Not Applicable,Sealed,Dry,Not Raining,Daylight,Right Angle,2,Driver Rider,2: MI,Give Way Sign,,,1363463.92,1714421.88,1.36E+13
2019-4020-27/05/2021,3 Country,COONALPYN,5265,COORONG DISTRICT COUNCIL,2,1,1,0,0,2019,April,Friday,5:00 PM,110,Not Divided,Straight road,Level,Not Applicable,Sealed,Dry,Not Raining,Daylight,Head On,1,Driver Rider,4: Fatal,No Control,,,1443053.11,1574741.92,1.44E+13