REPORT_ID,Stats Area,Suburb,Postcode,LGA Name,Total Units,Total Cas,Total Fats,Total SI,Total MI,Year,Month,Day,Time,Area Speed,Position Type,Horizontal Align,Vertical Align,Other Feat,Road Surface,Moisture Cond,Weather Cond,DayNight,Crash Type,Unit Resp,Entity Code,CSEF Severity,Traffic Ctrls,DUI Involved,Drugs Involved,ACCLOC_X,ACCLOC_Y,UNIQUE_LOC
2019-4021-27/05/2021,3 Country,STRUAN,5271,DC NARACOORTE & LUCINDALE.,2,0,0,0,0,2019,April,Friday,7:40 PM,110,Not Divided,Straight road,Level,Not Applicable,Sealed,Dry,Not Raining,Night,Hit Animal,2,Animal,1: PDO,No Control,,,1515570.78,1420163.9,1.52E+13
2019-4022-27/05/2021,3 Country,FARRELL FLAT,5416,REGIONAL COUNCIL OF GOYDER,2,0,0,0,0,2019,April,Tuesday,7:00 AM,110,Not Divided,"CURVED, VIEW OPEN",Slope,Not Applicable,Sealed,Dry,Not Raining,Daylight,Hit Fixed Object,1,Driver Rider,1: PDO,No Control,,,1346305.38,1793321.28,1.35E+13
2019-4023-27/05/2021,2 Metropolitan,MODBURY,5092,CITY OF TEA TREE GULLY,2,2,0,0,2,2019,April,Friday,9:40 PM,60,Cross Road,Straight road,Level,Not Applicable,Sealed,Dry,Not Raining,Night,Right Angle,1,Driver Rider,2: MI,Traffic Signals,,,1336876.15,1680848.77,1.34E+13
2019-4024-27/05/2021,2 Metropolitan,NAILSWORTH,5083,CITY OF PROSPECT,3,0,0,0,0,2019,April,Friday,10:35 PM,60,Divided Road,Straight road,Level,Not Applicable,Sealed,Dry,Not Raining,Night,Hit Parked Vehicle,1,Driver Rider,1: PDO,No Control,,,1328909.65,1674709.16,1.33E+13
2019-4025-27/05/2021,2 Metropolitan,BALHANNAH,5242,THE ADELAIDE HILLS COUNCIL,2,1,0,0,1,2019,April,Saturday,12:30 AM,80,Not Divided,"CURVED, VIEW OPEN",Slope,Not Applicable,Sealed,Dry,Not Raining,Night,Hit Fixed Object,1,Driver Rider,2: MI,No Control,,,1347456.41,1665900.54,1.35E+13
2019-4026-27/05/2021,3 Country,NURIOOTPA,5355,THE BAROSSA COUNCIL.,3,0,0,0,0,2019,April,Saturday,5:30 AM,50,T-Junction,Straight road,Level,Not Applicable,Sealed,Dry,Not Raining,Night,Hit Fixed Object,1,Driver Rider,1: PDO,No Control,,,1365552.76,1719834.01,1.37E+13
2019-4027-27/05/2021,1 City,ADELAIDE,5000,CITY OF ADELAIDE,3,2,0,0,2,2019,April,Saturday,6:45 AM,50,Cross Road,Straight road,Level,Not Applicable,Sealed,Dry,Not Raining,Night,Rear End,1,Driver Rider,2: MI,Traffic Signals,,,1329591.05,1670383.34,1.33E+13
2019-4028-27/05/2021,3 Country,ENCOUNTER BAY,5211,DC VICTOR HARBOR.             ,2,1,0,0,1,2019,April,Friday,2:35 PM,60,T-Junction,Straight road,Level,Not Applicable,Sealed,Dry,Not Raining,Daylight,Right Angle,2,Driver Rider,2: MI,Give Way Sign,,,1325579.54,1600086.52,1.33E+13
2019-4029-27/05/2021,2 Metropolitan,MORPHETT VALE,5162,CITY OF ONKAPARINGA,2,0,0,0,0,2019,April,Saturday,9:58 AM,100,Interchange,Straight road,Level,Not Applicable,Sealed,Dry,Not Raining,Daylight,Hit Fixed Object,1,Driver Rider,1: PDO,No Control,,,1319114.69,1647839.48,1.32E+13
2019-4030-27/05/2021,2 Metropolitan,GILBERTON,5081,WALKERVILLE TOWN COUNCIL,2,0,0,0,0,2019,April,Friday,5:15 PM,60,Not Divided,Straight road,Level,Not Applicable,Sealed,Dry,Not Raining,Daylight,Rear End,2,Driver Rider,1: PDO,No Control,,,1329617.05,1673115.78,1.33E+13
2019-4031-27/05/2021,3 Country,GIFFORD HILL,5253,RC MURRAY BRIDGE.             ,2,1,1,0,0,2019,April,Saturday,4:28 AM,110,Freeway,Straight road,Slope,Not Applicable,Sealed,Dry,Not Raining,Night,Rear End,1,Driver Rider,4: Fatal,No Control,,,1384711.46,1644359.51,1.38E+13
2019-4032-27/05/2021,2 Metropolitan,LEABROOK,5068,CITY OF BURNSIDE,2,1,0,0,1,2019,April,Saturday,10:30 AM,60,Cross Road,Straight road,Level,Not Applicable,Sealed,Dry,Not Raining,Daylight,Rear End,2,Driver Rider,2: MI,Traffic Signals,,,1333899.19,1670462.72,1.33E+13
2019-4033-27/05/2021,2 Metropolitan,BLAKEVIEW,5114,CITY OF PLAYFORD.,2,0,0,0,0,2019,April,Friday,11:00 PM,50,Not Divided,Straight road,Level,Not Applicable,Sealed,Dry,Not Raining,Night,Hit Parked Vehicle,2,Driver Rider,1: PDO,No Control,,,1338931.63,1698283,1.34E+13
2019-4034-27/05/2021,3 Country,COONAMIA,5540,PT.PIRIE CITY & DIST. COUNCIL ,2,2,0,0,2,2019,April,Saturday,11:15 AM,100,Not Divided,"CURVED, VIEW OPEN",Level,Not Applicable,Sealed,Dry,Not Raining,Daylight,Head On,2,Driver Rider,2: MI,No Control,,Y,1283521.36,1863895.89,1.28E+13
2019-4035-27/05/2021,2 Metropolitan,COWANDILLA,5033,CITY OF WEST TORRENS,3,0,0,0,0,2019,April,Saturday,1:00 PM,60,Divided Road,Straight road,Level,Not Applicable,Sealed,Dry,Not Raining,Daylight,Rear End,2,Driver Rider,1: PDO,No Control,,,1324147.76,1669959.45,1.32E+13
2019-4036-27/05/2021,2 Metropolitan,FULLARTON,5063,CITY OF UNLEY,2,1,0,1,0,2019,April,Saturday,1:24 PM,50,Not Divided,Straight road,Level,Not Applicable,Sealed,Dry,Not Raining,Daylight,Hit Parked Vehicle,1,Driver Rider,3: SI,No Control,,,1330082.86,1667132.23,1.33E+13
2019-4037-27/05/2021,3 Country,RISDON PARK,5540,PT.PIRIE CITY & DIST. COUNCIL ,2,0,0,0,0,2019,April,Saturday,1:50 PM,50,T-Junction,Straight road,Level,Not Applicable,Sealed,Dry,Not Raining,Daylight,Rear End,2,Driver Rider,1: PDO,No Control,,,1278867.48,1864209.57,1.28E+13
2019-4038-27/05/2021,2 Metropolitan,MAWSON LAKES,5095,CITY OF SALISBURY,2,0,0,0,0,2019,April,Saturday,1:05 PM,40,Not Divided,Straight road,Level,Not Applicable,Sealed,Dry,Not Raining,Daylight,Hit Parked Vehicle,1,Driver Rider,1: PDO,No Control,,,1330372.74,1683863.01,1.33E+13
2019-4039-27/05/2021,2 Metropolitan,GEPPS CROSS,5094,CITY OF PORT ADELAIDE ENFIELD,2,0,0,0,0,2019,April,Saturday,2:10 PM,60,Divided Road,Straight road,Level,Roadworks,Sealed,Dry,Not Raining,Daylight,Side Swipe,2,Driver Rider,1: PDO,No Control,,,1328761.45,1680098.14,1.33E+13
2019-4040-27/05/2021,2 Metropolitan,ENFIELD,5085,CITY OF PORT ADELAIDE ENFIELD,2,0,0,0,0,2019,April,Wednesday,6:30 AM,60,Cross Road,Straight road,Level,Not Applicable,Sealed,Dry,Not Raining,Night,Right Angle,2,Driver Rider,1: PDO,Give Way Sign,,,1328847.83,1677554.59,1.33E+13
2019-4041-27/05/2021,1 City,ADELAIDE,5000,CITY OF ADELAIDE,3,1,0,0,1,2019,April,Saturday,3:07 PM,60,Cross Road,Straight road,Level,Not Applicable,Sealed,Dry,Not Raining,Daylight,Right Turn,1,Driver Rider,2: MI,Traffic Signals,,,1327363.85,1670321.47,1.33E+13
2019-4042-27/05/2021,2 Metropolitan,VALLEY VIEW,5093,CITY OF TEA TREE GULLY,3,1,0,0,1,2019,April,Tuesday,6:05 PM,60,Divided Road,"CURVED, VIEW OBSCURED",Level,Not Applicable,Sealed,Dry,Not Raining,Night,Hit Fixed Object,1,Driver Rider,2: MI,No Control,,,1335433.04,1679648.65,1.34E+13
2019-4043-27/05/2021,2 Metropolitan,DOVER GARDENS,5048,CC MARION.                    ,2,0,0,0,0,2019,April,Thursday,7:54 PM,60,Cross Road,Straight road,Level,Not Applicable,Sealed,Dry,Not Raining,Night,Right Turn,2,Driver Rider,1: PDO,Traffic Signals,,,1322777.1,1660604.93,1.32E+13
2019-4044-27/05/2021,2 Metropolitan,OAKDEN,5086,CITY OF PORT ADELAIDE ENFIELD,2,0,0,0,0,2019,April,Saturday,4:40 PM,50,Cross Road,Straight road,Level,Not Applicable,Sealed,Dry,Not Raining,Daylight,Right Angle,2,Driver Rider,1: PDO,Roundabout,,,1332046.12,1678084.56,1.33E+13
2019-4045-27/05/2021,2 Metropolitan,HAWTHORN,5062,CC MITCHAM.                   ,2,2,0,0,2,2019,April,Saturday,3:48 PM,50,Cross Road,"CURVED, VIEW OPEN",Level,Not Applicable,Sealed,Dry,Not Raining,Daylight,Right Angle,2,Driver Rider,2: MI,Roundabout,,,1328293.47,1665031.89,1.33E+13
2019-4046-27/05/2021,2 Metropolitan,UNLEY,5061,CITY OF UNLEY,2,0,0,0,0,2019,April,Saturday,5:15 PM,60,Not Divided,Straight road,Level,Not Applicable,Sealed,Dry,Not Raining,Daylight,Side Swipe,1,Driver Rider,1: PDO,No Control,,,1329095.06,1667687.85,1.33E+13
2019-4047-27/05/2021,3 Country,BINNUM,5262,DC NARACOORTE & LUCINDALE.,2,1,0,0,1,2019,April,Saturday,3:30 PM,110,Not Divided,"CURVED, VIEW OPEN",Level,Not Applicable,Sealed,Dry,Not Raining,Daylight,Hit Object on Road,1,Driver Rider,2: MI,No Control,,,1518361.65,1452326.7,1.52E+13
2019-4048-27/05/2021,2 Metropolitan,LOBETHAL,5241,THE ADELAIDE HILLS COUNCIL,2,0,0,0,0,2019,April,Wednesday,3:00 PM,80,Not Divided,"CURVED, VIEW OPEN",Level,Not Applicable,Sealed,Dry,Not Raining,Daylight,Hit Fixed Object,1,Driver Rider,1: PDO,No Control,,,1355848.41,1673930.19,1.36E+13
2019-4049-27/05/2021,3 Country,LOXTON,5333,LOXTON WAIKERIE DISTRICT COUNCIL,2,0,0,0,0,2019,April,Saturday,9:20 PM,100,Cross Road,"CURVED, VIEW OPEN",Level,Not Applicable,Sealed,Dry,Not Raining,Night,Hit Fixed Object,1,Driver Rider,1: PDO,Give Way Sign,,,1512512.9,1714002.12,1.51E+13
2019-4050-27/05/2021,3 Country,HIGHLAND VALLEY,5255,ALEXANDRINA COUNCIL,1,1,0,0,1,2019,April,Saturday,8:45 PM,100,Not Divided,"CURVED, VIEW OBSCURED",Bottom of Hill,Not Applicable,Unsealed,Dry,Not Raining,Night,Roll Over,1,Driver Rider,2: MI,No Control,,,1358779.71,1644587.99,1.36E+13
2019-4051-27/05/2021,2 Metropolitan,ONKAPARINGA HILLS,5163,CITY OF ONKAPARINGA,2,1,0,0,1,2019,April,Saturday,10:40 PM,60,Not Divided,Straight road,Crest of Hill,Not Applicable,Sealed,Dry,Not Raining,Night,Head On,2,Driver Rider,2: MI,No Control,,Y,1322023.94,1646797.34,1.32E+13
2019-4052-27/05/2021,3 Country,MUNDULLA WEST,5270,DC TATIARA.                   ,2,0,0,0,0,2019,April,Wednesday,7:30 AM,100,Not Divided,"CURVED, VIEW OPEN",Level,Driveway or Entrance,Sealed,Dry,Not Raining,Daylight,Hit Fixed Object,1,Driver Rider,1: PDO,No Control,,,1500271.16,1492370.87,1.50E+13
2019-4053-27/05/2021,2 Metropolitan,ELIZABETH NORTH,5113,CITY OF PLAYFORD.,2,0,0,0,0,2019,April,Saturday,10:52 PM,50,T-Junction,Straight road,Level,Not Applicable,Sealed,Dry,Not Raining,Night,Roll Over,1,Driver Rider,1: PDO,No Control,,,1336001.46,1695233.35,1.34E+13
2019-4054-27/05/2021,3 Country,CYGNET RIVER,5223,KANGAROO ISLAND COUNCIL,2,1,0,0,1,2019,April,Saturday,11:15 PM,80,Not Divided,Straight road,Level,"Bridge, Culvert, Causeway",Sealed,Dry,Not Raining,Night,Hit Fixed Object,1,Driver Rider,2: MI,No Control,,,1228160.68,1588034.52,1.23E+13
2019-4055-27/05/2021,2 Metropolitan,HUNTFIELD HEIGHTS,5163,CITY OF ONKAPARINGA,2,0,0,0,0,2019,April,Sunday,1:50 AM,50,T-Junction,Straight road,Slope,Not Applicable,Sealed,Dry,Not Raining,Night,Roll Over,1,Driver Rider,1: PDO,No Control,,,1320068.38,1646100.78,1.32E+13
2019-4056-27/05/2021,2 Metropolitan,SEATON,5023,CITY OF CHARLES STURT,2,2,0,0,2,2019,April,Monday,10:30 PM,60,Not Divided,Straight road,Level,Not Applicable,Sealed,Dry,Not Raining,Night,Hit Parked Vehicle,1,Driver Rider,2: MI,No Control,,,1321370.36,1675474.58,1.32E+13
2019-4057-27/05/2021,2 Metropolitan,MYRTLE BANK,5064,CITY OF UNLEY,2,1,0,0,1,2019,April,Sunday,7:33 AM,60,T-Junction,Straight road,Level,Not Applicable,Sealed,Dry,Not Raining,Daylight,Right Angle,1,Driver Rider,2: MI,Traffic Signals,Y,,1330752.74,1666735.72,1.33E+13
2019-4058-27/05/2021,2 Metropolitan,SAMPSON FLAT,5114,CITY OF PLAYFORD.,2,1,0,0,1,2019,April,Sunday,3:57 AM,100,Not Divided,Straight road,Level,Not Applicable,Sealed,Dry,Not Raining,Night,Hit Fixed Object,1,Driver Rider,2: MI,No Control,,,1348129.31,1690595.44,1.35E+13
2019-4059-27/05/2021,2 Metropolitan,CRAFERS,5152,THE ADELAIDE HILLS COUNCIL,2,0,0,0,0,2019,April,Sunday,9:00 AM,60,Not Divided,"CURVED, VIEW OPEN",Bottom of Hill,Not Applicable,Sealed,Dry,Not Raining,Daylight,Hit Animal,2,Animal,1: PDO,No Control,,,1338160.12,1663927.9,1.34E+13
2019-4060-27/05/2021,2 Metropolitan,BEDFORD PARK,5042,CC MITCHAM.                   ,2,0,0,0,0,2019,April,Saturday,3:50 PM,70,Divided Road,Straight road,Level,Not Applicable,Sealed,Dry,Not Raining,Daylight,Side Swipe,2,Driver Rider,1: PDO,No Control,,,1325689.22,1660966.17,1.33E+13
2019-4061-27/05/2021,3 Country,OLARY,5440,,1,1,0,1,0,2019,April,Saturday,1:30 PM,110,Not Divided,Straight road,Level,"Bridge, Culvert, Causeway",Sealed,Dry,Not Raining,Daylight,Roll Over,1,Driver Rider,3: SI,No Control,,Y,1495762.81,1955726.7,1.50E+13
2019-4062-27/05/2021,3 Country,PARILLA,5303,SOUTHERN MALLEE DISTRICT COUNCIL,1,0,0,0,0,2019,April,Saturday,8:00 PM,50,Not Divided,Straight road,Level,Not Applicable,Unsealed,Dry,Not Raining,Night,Roll Over,1,Driver Rider,1: PDO,No Control,,,1520751.06,1632467.71,1.52E+13
2019-4063-27/05/2021,3 Country,MINLATON,5575,YORKE PENINSULA COUNCIL,3,0,0,0,0,2019,April,Sunday,1:55 PM,50,Cross Road,Straight road,Level,Not Applicable,Sealed,Dry,Not Raining,Daylight,Right Angle,1,Driver Rider,1: PDO,Give Way Sign,,,1237427.02,1690365.76,1.24E+13
2019-4064-27/05/2021,2 Metropolitan,BROOKLYN PARK,5032,CITY OF WEST TORRENS,2,0,0,0,0,2019,April,Sunday,2:00 PM,50,Cross Road,Straight road,Level,Not Applicable,Sealed,Dry,Not Raining,Daylight,Right Turn,2,Driver Rider,1: PDO,Traffic Signals,,,1323131.39,1670090.51,1.32E+13
2019-4065-27/05/2021,3 Country,FLINDERS RANGES,5434,,2,1,0,1,0,2019,April,Saturday,4:03 PM,90,Not Divided,"CURVED, VIEW OPEN",Bottom of Hill,Not Applicable,Sealed,Dry,Not Raining,Daylight,Hit Fixed Object,1,Driver Rider,3: SI,No Control,,,1352239.06,2064487.6,1.35E+13
2019-4066-27/05/2021,1 City,ADELAIDE,5000,CITY OF ADELAIDE,2,1,0,0,1,2019,April,Sunday,3:46 PM,60,T-Junction,Straight road,Level,Not Applicable,Sealed,Dry,Not Raining,Daylight,Rear End,2,Driver Rider,2: MI,Traffic Signals,,,1327391.56,1670156.91,1.33E+13
2019-4067-27/05/2021,2 Metropolitan,WOODSIDE,5244,THE ADELAIDE HILLS COUNCIL,2,1,0,0,1,2019,April,Sunday,10:05 AM,80,Not Divided,Straight road,Level,Not Applicable,Unsealed,Dry,Not Raining,Daylight,Hit Object on Road,1,Driver Rider,2: MI,No Control,,,1351394.42,1670049.65,1.35E+13
2019-4068-27/05/2021,3 Country,WOODCHESTER,5255,ALEXANDRINA COUNCIL,2,1,0,1,0,2019,April,Saturday,9:30 PM,100,Not Divided,Straight road,Level,Not Applicable,Sealed,Dry,Not Raining,Night,Hit Fixed Object,1,Driver Rider,3: SI,No Control,,,1363745.35,1640508.16,1.36E+13
2019-4069-27/05/2021,2 Metropolitan,BRAHMA LODGE,5109,CITY OF SALISBURY,2,0,0,0,0,2019,April,Sunday,4:30 PM,50,Not Divided,Straight road,Level,Not Applicable,Sealed,Dry,Not Raining,Daylight,Hit Parked Vehicle,2,Driver Rider,1: PDO,No Control,,,1334086.76,1686943.47,1.33E+13
2019-4070-27/05/2021,2 Metropolitan,SALISBURY NORTH,5108,CITY OF SALISBURY,2,0,0,0,0,2019,April,Friday,6:45 PM,50,T-Junction,Straight road,Level,Not Applicable,Sealed,Dry,Not Raining,Night,Right Angle,2,Driver Rider,1: PDO,No Control,,,1331868.93,1691172.59,1.33E+13
2019-4071-27/05/2021,2 Metropolitan,NORWOOD,5067,CITY OF BURNSIDE,2,0,0,0,0,2019,April,Sunday,7:10 PM,60,Not Divided,Straight road,Level,Not Applicable,Sealed,Dry,Not Raining,Night,Side Swipe,1,Driver Rider,1: PDO,No Control,,,1332249.44,1671387.97,1.33E+13
2019-4072-27/05/2021,2 Metropolitan,HINDMARSH,5007,CITY OF CHARLES STURT,2,0,0,0,0,2019,April,Sunday,6:30 PM,60,T-Junction,Straight road,Level,Not Applicable,Sealed,Dry,Not Raining,Night,Side Swipe,1,Driver Rider,1: PDO,Give Way Sign,,,1326196.45,1672840.38,1.33E+13
2019-4073-27/05/2021,3 Country,MURRAY BRIDGE,5253,RC MURRAY BRIDGE.             ,2,1,0,0,1,2019,April,Sunday,3:35 PM,60,Cross Road,Straight road,Level,Not Applicable,Sealed,Dry,Not Raining,Daylight,Right Angle,1,Driver Rider,2: MI,Give Way Sign,,,1388498.44,1644790.92,1.39E+13
2019-4074-27/05/2021,2 Metropolitan,TEA TREE GULLY,5091,CITY OF TEA TREE GULLY,1,1,0,0,1,2019,April,Sunday,8:08 PM,60,T-Junction,Straight road,Slope,Not Applicable,Sealed,Dry,Not Raining,Night,Roll Over,9,Other,2: MI,No Control,,,1340448.14,1681905.85,1.34E+13
2019-4075-27/05/2021,2 Metropolitan,PARA HILLS,5096,CITY OF SALISBURY,2,0,0,0,0,2019,April,Sunday,8:00 PM,60,T-Junction,Straight road,Crest of Hill,Not Applicable,Sealed,Dry,Not Raining,Night,Side Swipe,1,Driver Rider,1: PDO,Stop Sign,,,1334428.9,1683032.96,1.33E+13
2019-4076-27/05/2021,2 Metropolitan,HINDMARSH,5007,CITY OF CHARLES STURT,2,1,0,0,1,2019,April,Sunday,4:53 PM,60,Divided Road,Straight road,Level,Not Applicable,Sealed,Dry,Not Raining,Daylight,Side Swipe,1,Driver Rider,2: MI,No Control,,,1325870.9,1673121.42,1.33E+13
2019-4077-27/05/2021,2 Metropolitan,KESWICK,5035,CITY OF WEST TORRENS,3,0,0,0,0,2019,April,Sunday,9:29 PM,60,Cross Road,Straight road,Level,Not Applicable,Sealed,Dry,Not Raining,Night,Right Turn,1,Driver Rider,1: PDO,Traffic Signals,,,1325794.33,1668947.63,1.33E+13
2019-4078-27/05/2021,3 Country,MOUNT GAMBIER,5290,CC MT.GAMBIER.                ,2,2,0,0,2,2019,April,Sunday,11:10 AM,60,T-Junction,Straight road,Level,Not Applicable,Sealed,Dry,Not Raining,Daylight,Right Turn,2,Driver Rider,2: MI,Traffic Signals,,,1511787.45,1339461.41,1.51E+13
2019-4079-27/05/2021,3 Country,PORT PIRIE WEST,5540,PT.PIRIE CITY & DIST. COUNCIL ,2,0,0,0,0,2019,April,Sunday,6:20 PM,50,Cross Road,Straight road,Level,Not Applicable,Sealed,Dry,Not Raining,Night,Right Angle,2,Driver Rider,1: PDO,Give Way Sign,,,1278899.2,1865437.79,1.28E+13
2019-4080-27/05/2021,2 Metropolitan,GAWLER SOUTH,5118,CT GAWLER.                    ,2,0,0,0,0,2019,April,Monday,7:15 AM,50,T-Junction,Straight road,Level,Not Applicable,Sealed,Dry,Not Raining,Daylight,Right Angle,2,Driver Rider,1: PDO,Stop Sign,,,1343372.58,1705500.37,1.34E+13
2019-4081-27/05/2021,2 Metropolitan,WARRADALE,5046,CC MARION.                    ,2,0,0,0,0,2019,April,Monday,10:40 AM,60,T-Junction,Straight road,Level,Not Applicable,Sealed,Dry,Not Raining,Daylight,Right Angle,1,Driver Rider,1: PDO,Give Way Sign,,,1322771.26,1660797.92,1.32E+13
2019-4082-27/05/2021,2 Metropolitan,SEACLIFF,5049,CITY OF HOLDFAST BAY,2,1,0,0,1,2019,April,Tuesday,1:00 PM,50,Not Divided,Straight road,Level,Not Applicable,Sealed,Dry,Not Raining,Daylight,Rear End,1,Driver Rider,2: MI,No Control,,,1320608.38,1659116.43,1.32E+13
2019-4083-27/05/2021,2 Metropolitan,KESWICK,5035,CITY OF WEST TORRENS,3,0,0,0,0,2019,April,Monday,9:50 AM,60,Not Divided,Straight road,Level,Not Applicable,Sealed,Dry,Not Raining,Daylight,Rear End,1,Driver Rider,1: PDO,No Control,,,1326091.28,1668956.29,1.33E+13
2019-4084-27/05/2021,2 Metropolitan,PENFIELD GARDENS,5121,CITY OF PLAYFORD.,4,1,0,0,1,2019,April,Monday,8:30 AM,80,Cross Road,Straight road,Level,Not Applicable,Sealed,Dry,Not Raining,Daylight,Right Angle,2,Driver Rider,2: MI,Stop Sign,,,1331985.26,1698516.9,1.33E+13
2019-4085-27/05/2021,2 Metropolitan,MEDINDIE,5081,WALKERVILLE TOWN COUNCIL,3,1,0,0,1,2019,April,Monday,8:15 AM,60,Not Divided,Straight road,Slope,Not Applicable,Sealed,Dry,Not Raining,Daylight,Side Swipe,2,Driver Rider,2: MI,No Control,,,1329454.7,1673865.55,1.33E+13
2019-4086-27/05/2021,3 Country,BELALIE NORTH,5491,NORTHERN AREAS DISTRICT COUNCIL,2,0,0,0,0,2019,April,Monday,9:00 AM,100,Not Divided,Straight road,Level,Not Applicable,Unsealed,Dry,Not Raining,Daylight,Rear End,1,Driver Rider,1: PDO,No Control,,,1341751.85,1868819.45,1.34E+13
2019-4087-27/05/2021,2 Metropolitan,WINDSOR GARDENS,5087,CITY OF PORT ADELAIDE ENFIELD,2,0,0,0,0,2019,April,Monday,12:30 PM,60,Divided Road,Straight road,Level,Not Applicable,Sealed,Dry,Not Raining,Daylight,Rear End,2,Driver Rider,1: PDO,No Control,,,1333135.99,1677498.22,1.33E+13
2019-4088-27/05/2021,2 Metropolitan,UNLEY,5061,CITY OF UNLEY,2,0,0,0,0,2019,April,Monday,4:30 PM,50,T-Junction,Straight road,Level,Not Applicable,Sealed,Dry,Not Raining,Daylight,Rear End,1,Driver Rider,1: PDO,No Control,,,1329708.85,1667924.73,1.33E+13
2019-4089-27/05/2021,2 Metropolitan,RICHMOND,5033,CITY OF WEST TORRENS,2,0,0,0,0,2019,April,Monday,8:50 AM,60,T-Junction,"CURVED, VIEW OBSCURED",Level,Not Applicable,Sealed,Dry,Not Raining,Daylight,Side Swipe,1,Driver Rider,1: PDO,Stop Sign,,,1325770.23,1669854.14,1.33E+13
2019-4090-27/05/2021,2 Metropolitan,MILE END,5031,CITY OF WEST TORRENS,2,1,0,0,1,2019,April,Monday,1:45 PM,50,Not Divided,Straight road,Level,Not Applicable,Sealed,Dry,Not Raining,Daylight,Side Swipe,2,Driver Rider,2: MI,No Control,,,1326561.16,1670819.7,1.33E+13
2019-4091-27/05/2021,2 Metropolitan,WALKERVILLE,5081,WALKERVILLE TOWN COUNCIL,2,0,0,0,0,2019,April,Monday,8:50 AM,60,T-Junction,Straight road,Level,Not Applicable,Sealed,Dry,Not Raining,Daylight,Right Turn,2,Driver Rider,1: PDO,No Control,,,1329861.24,1674670.61,1.33E+13
2019-4092-27/05/2021,2 Metropolitan,QUEENSTOWN,5014,CITY OF PORT ADELAIDE ENFIELD,2,0,0,0,0,2019,April,Monday,9:30 AM,50,T-Junction,Straight road,Level,Not Applicable,Sealed,Dry,Not Raining,Daylight,Right Angle,2,Driver Rider,1: PDO,No Control,,,1320813.6,1678003.6,1.32E+13
2019-4093-27/05/2021,3 Country,SNOWTOWN,5520,WAKEFIELD REGIONAL COUNCIL,2,0,0,0,0,2019,April,Wednesday,11:00 AM,60,Not Divided,Straight road,Level,Not Applicable,Sealed,Dry,Not Raining,Daylight,Side Swipe,2,Driver Rider,1: PDO,No Control,,,1293916.3,1803565.95,1.29E+13
2019-4094-27/05/2021,2 Metropolitan,KLEMZIG,5087,CITY OF PORT ADELAIDE ENFIELD,3,0,0,0,0,2019,April,Monday,2:20 PM,60,Divided Road,Straight road,Level,Not Applicable,Sealed,Dry,Not Raining,Daylight,Rear End,1,Driver Rider,1: PDO,No Control,,,1331968.91,1676503.5,1.33E+13
2019-4095-27/05/2021,2 Metropolitan,BEVERLEY,5009,CITY OF CHARLES STURT,2,0,0,0,0,2019,April,Monday,2:40 PM,60,T-Junction,Straight road,Level,Not Applicable,Sealed,Dry,Not Raining,Daylight,Right Angle,2,Driver Rider,1: PDO,Stop Sign,,,1323726.19,1674973.84,1.32E+13
2019-4096-27/05/2021,2 Metropolitan,SMITHFIELD PLAINS,5114,CITY OF PLAYFORD.,2,0,0,0,0,2019,April,Monday,2:00 PM,50,Not Divided,Straight road,Level,Not Applicable,Sealed,Dry,Not Raining,Daylight,Hit Fixed Object,1,Driver Rider,1: PDO,No Control,,,1336146.12,1698418.99,1.34E+13
2019-4097-27/05/2021,3 Country,SNOWTOWN,5520,WAKEFIELD REGIONAL COUNCIL,2,0,0,0,0,2019,April,Monday,12:46 PM,100,Not Divided,Straight road,Level,Not Applicable,Sealed,Dry,Not Raining,Daylight,Hit Object on Road,1,Driver Rider,1: PDO,No Control,,,1293035.47,1803891.67,1.29E+13
2019-4098-27/05/2021,2 Metropolitan,ENFIELD,5085,CITY OF PORT ADELAIDE ENFIELD,2,0,0,0,0,2019,April,Monday,9:30 AM,60,T-Junction,Straight road,Level,Not Applicable,Sealed,Dry,Not Raining,Daylight,Rear End,1,Driver Rider,1: PDO,Traffic Signals,,,1328821.62,1678606.27,1.33E+13
2019-4099-27/05/2021,2 Metropolitan,THEBARTON,5031,CITY OF WEST TORRENS,3,0,0,0,0,2019,April,Monday,2:30 PM,60,T-Junction,Straight road,Level,Not Applicable,Sealed,Dry,Not Raining,Daylight,Rear End,2,Driver Rider,1: PDO,Traffic Signals,,,1325687.29,1671374.32,1.33E+13
2019-4100-27/05/2021,3 Country,COORONG,5264,COORONG DISTRICT COUNCIL,1,0,0,0,0,2019,April,Monday,1:05 PM,100,Not Divided,Straight road,Level,Not Applicable,Sealed,Dry,Not Raining,Daylight,Other,1,Driver Rider,1: PDO,No Control,,,1405196.94,1555380.73,1.41E+13
2019-4101-27/05/2021,3 Country,KANGAROO INN,5280,DC ROBE.                      ,1,0,0,0,0,2019,April,Monday,3:55 PM,110,Not Divided,Straight road,Level,Not Applicable,Sealed,Dry,Not Raining,Daylight,Left Road - Out of Control,1,Driver Rider,1: PDO,No Control,,,1458002.05,1399501.81,1.46E+13
2019-4102-27/05/2021,2 Metropolitan,PORT ADELAIDE,5015,CITY OF PORT ADELAIDE ENFIELD,2,0,0,0,0,2019,April,Monday,1:45 PM,50,T-Junction,Straight road,Level,Not Applicable,Sealed,Dry,Not Raining,Daylight,Right Angle,2,Driver Rider,1: PDO,Stop Sign,,,1319952.87,1679603.61,1.32E+13
2019-4103-27/05/2021,2 Metropolitan,PARKSIDE,5063,CITY OF UNLEY,2,1,0,0,1,2019,April,Monday,8:00 AM,60,Cross Road,Straight road,Level,Not Applicable,Sealed,Dry,Not Raining,Daylight,Side Swipe,1,Passenger,2: MI,Traffic Signals,,,1329057.06,1668981.6,1.33E+13