REPORT_ID,Stats Area,Suburb,Postcode,LGA Name,Total Units,Total Cas,Total Fats,Total SI,Total MI,Year,Month,Day,Time,Area Speed,Position Type,Horizontal Align,Vertical Align,Other Feat,Road Surface,Moisture Cond,Weather Cond,DayNight,Crash Type,Unit Resp,Entity Code,CSEF Severity,Traffic Ctrls,DUI Involved,Drugs Involved,ACCLOC_X,ACCLOC_Y,UNIQUE_LOC
2019-4104-27/05/2021,2 Metropolitan,MEDINDIE GARDENS,5081,CITY OF PROSPECT,3,0,0,0,0,2019,April,Monday,5:50 PM,60,T-Junction,Straight road,Level,Not Applicable,Sealed,Dry,Not Raining,Night,Hit Fixed Object,1,Driver Rider,1: PDO,No Control,,,1329175.27,1674229.06,1.33E+13
2019-4105-27/05/2021,2 Metropolitan,SEATON,5023,CITY OF CHARLES STURT,4,1,0,0,1,2019,April,Monday,6:13 PM,60,Not Divided,Straight road,Level,Driveway or Entrance,Sealed,Dry,Not Raining,Night,Right Angle,2,Driver Rider,2: MI,No Control,,,1320875.55,1674687.08,1.32E+13
2019-4106-27/05/2021,2 Metropolitan,UNLEY PARK,5061,CITY OF UNLEY,2,0,0,0,0,2019,April,Monday,5:30 PM,40,T-Junction,Straight road,Level,Not Applicable,Sealed,Dry,Not Raining,Daylight,Right Turn,2,Driver Rider,1: PDO,Traffic Signals,,,1328249.29,1666230.09,1.33E+13
2019-4107-27/05/2021,2 Metropolitan,TROTT PARK,5158,CC MARION.                    ,3,1,0,0,1,2019,April,Monday,5:23 PM,100,Freeway,Straight road,Level,Not Applicable,Sealed,Dry,Not Raining,Daylight,Rear End,2,Driver Rider,2: MI,No Control,,,1323004.47,1655076.92,1.32E+13
2019-4108-27/05/2021,2 Metropolitan,FORESTVILLE,5035,CITY OF UNLEY,2,1,0,0,1,2019,April,Monday,6:10 PM,60,T-Junction,Straight road,Level,Not Applicable,Sealed,Dry,Not Raining,Night,Right Angle,1,Driver Rider,2: MI,No Control,,,1326423.1,1668286.76,1.33E+13
2019-4109-27/05/2021,2 Metropolitan,OVINGHAM,5082,CITY OF CHARLES STURT,2,0,0,0,0,2019,April,Monday,7:05 PM,60,Cross Road,Straight road,Level,Not Applicable,Sealed,Dry,Not Raining,Night,Right Turn,1,Driver Rider,1: PDO,Traffic Signals,,,1327121.41,1673280.8,1.33E+13
2019-4110-27/05/2021,2 Metropolitan,ELIZABETH VALE,5112,CITY OF SALISBURY,2,0,0,0,0,2019,April,Monday,9:52 PM,50,Not Divided,Straight road,Level,Unknown,Sealed,Dry,Not Raining,Night,Hit Parked Vehicle,2,Driver Rider,1: PDO,No Control,Y,,1334081.77,1689198.17,1.33E+13
2019-4111-27/05/2021,2 Metropolitan,POORAKA,5095,CITY OF SALISBURY,2,0,0,0,0,2019,April,Monday,8:30 AM,70,Divided Road,Straight road,Level,Unknown,Sealed,Dry,Not Raining,Daylight,Side Swipe,2,Driver Rider,1: PDO,No Control,,,1329974.77,1681755.93,1.33E+13
2019-4112-27/05/2021,3 Country,WAIKERIE,5330,LOXTON WAIKERIE DISTRICT COUNCIL,2,1,0,0,1,2019,April,Monday,4:20 PM,100,Not Divided,Straight road,Bottom of Hill,Not Applicable,Unsealed,Dry,Not Raining,Daylight,Hit Object on Road,1,Driver Rider,2: MI,No Control,,,1451753.19,1739798.72,1.45E+13
2019-4113-27/05/2021,2 Metropolitan,KLEMZIG,5087,CITY OF PORT ADELAIDE ENFIELD,2,1,0,0,1,2019,April,Monday,9:30 PM,60,T-Junction,Straight road,Level,Not Applicable,Sealed,Dry,Not Raining,Night,Right Angle,2,Driver Rider,2: MI,Traffic Signals,,,1331881.33,1675724.54,1.33E+13
2019-4114-27/05/2021,2 Metropolitan,WOODVILLE PARK,5011,CITY OF CHARLES STURT,3,1,0,0,1,2019,April,Monday,3:45 PM,60,Not Divided,Straight road,Level,Not Applicable,Sealed,Dry,Not Raining,Daylight,Rear End,1,Driver Rider,2: MI,No Control,,,1323917.75,1674910.54,1.32E+13
2019-4115-27/05/2021,3 Country,MOUNT GAMBIER,5290,CC MT.GAMBIER.                ,2,0,0,0,0,2019,April,Monday,9:30 PM,60,T-Junction,Straight road,Level,Not Applicable,Sealed,Dry,Not Raining,Night,Right Turn,1,Driver Rider,1: PDO,Traffic Signals,,,1511787.45,1339461.41,1.51E+13
2019-4116-27/05/2021,2 Metropolitan,SKYE,5072,CITY OF BURNSIDE,2,0,0,0,0,2019,April,Monday,11:35 PM,50,Not Divided,Straight road,Slope,Not Applicable,Sealed,Dry,Not Raining,Night,Hit Fixed Object,1,Driver Rider,1: PDO,No Control,,,1336858.73,1670648.71,1.34E+13
2019-4117-27/05/2021,2 Metropolitan,WEST BEACH,5024,CITY OF WEST TORRENS,2,1,0,0,1,2019,April,Tuesday,6:22 AM,60,Divided Road,"CURVED, VIEW OPEN",Level,Not Applicable,Sealed,Dry,Not Raining,Night,Side Swipe,1,Driver Rider,2: MI,No Control,,,1320543.24,1667336.98,1.32E+13
2019-4118-27/05/2021,2 Metropolitan,ATHELSTONE,5076,CC CAMPBELLTOWN.              ,2,0,0,0,0,2019,April,Monday,6:45 PM,60,T-Junction,Straight road,Level,Not Applicable,Sealed,Dry,Not Raining,Night,Rear End,2,Driver Rider,1: PDO,No Control,,,1338091.82,1676551.75,1.34E+13
2019-4119-27/05/2021,2 Metropolitan,PARAFIELD,5095,CITY OF SALISBURY,2,0,0,0,0,2019,April,Tuesday,7:03 AM,80,Cross Road,Straight road,Level,Not Applicable,Sealed,Dry,Not Raining,Daylight,Right Angle,2,Driver Rider,1: PDO,Traffic Signals,,,1331812.14,1683486.03,1.33E+13
2019-4120-27/05/2021,2 Metropolitan,PARK HOLME,5043,CC MARION.                    ,3,0,0,0,0,2019,April,Tuesday,6:15 AM,60,Cross Road,Straight road,Level,Not Applicable,Sealed,Dry,Not Raining,Night,Rear End,1,Driver Rider,1: PDO,Traffic Signals,,,1324319.06,1663273.94,1.32E+13
2019-4121-27/05/2021,3 Country,BLINMAN,5730,,2,0,0,0,0,2019,April,Monday,5:35 PM,90,Not Divided,"CURVED, VIEW OPEN",Slope,Not Applicable,Sealed,Dry,Not Raining,Daylight,Rear End,1,Driver Rider,1: PDO,No Control,,,1350675.74,2088713.53,1.35E+13
2019-4122-27/05/2021,2 Metropolitan,MOUNT BARKER,5251,DC MT.BARKER.                 ,2,0,0,0,0,2019,April,Monday,3:45 PM,60,Cross Road,Straight road,Level,Not Applicable,Sealed,Dry,Not Raining,Daylight,Side Swipe,2,Driver Rider,1: PDO,Traffic Signals,,,1351314.75,1654262.86,1.35E+13
2019-4123-27/05/2021,2 Metropolitan,LEAWOOD GARDENS,5150,CITY OF BURNSIDE,2,0,0,0,0,2019,April,Tuesday,7:53 AM,90,Divided Road,"CURVED, VIEW OPEN",Slope,Not Applicable,Sealed,Dry,Not Raining,Daylight,Rear End,2,Driver Rider,1: PDO,No Control,,,1335385.55,1665045.19,1.34E+13
2019-4124-27/05/2021,2 Metropolitan,ROSSLYN PARK,5072,CITY OF BURNSIDE,2,0,0,0,0,2019,April,Monday,3:45 AM,60,Cross Road,Straight road,Level,Not Applicable,Sealed,Dry,Not Raining,Night,Right Angle,2,Driver Rider,1: PDO,Stop Sign,,,1334756.2,1671144.07,1.33E+13
2019-4125-27/05/2021,2 Metropolitan,HECTORVILLE,5073,CC CAMPBELLTOWN.              ,2,0,0,0,0,2019,April,Tuesday,11:40 AM,60,T-Junction,Straight road,Level,Not Applicable,Sealed,Dry,Not Raining,Daylight,Right Angle,1,Driver Rider,1: PDO,No Control,,,1333796.76,1674339.42,1.33E+13
2019-4126-27/05/2021,2 Metropolitan,PARAFIELD GARDENS,5107,CITY OF SALISBURY,2,1,0,0,1,2019,April,Tuesday,8:15 AM,60,T-Junction,Straight road,Level,Not Applicable,Sealed,Dry,Not Raining,Daylight,Right Angle,2,Driver Rider,2: MI,No Control,,,1330537.2,1685677.36,1.33E+13
2019-4127-27/05/2021,2 Metropolitan,WINDSOR GARDENS,5087,CITY OF PORT ADELAIDE ENFIELD,3,2,0,0,2,2019,April,Tuesday,9:00 AM,60,T-Junction,Straight road,Level,Not Applicable,Sealed,Dry,Not Raining,Daylight,Rear End,2,Driver Rider,2: MI,Traffic Signals,,,1333433.85,1677755.39,1.33E+13
2019-4128-27/05/2021,2 Metropolitan,PARAFIELD GARDENS,5107,CITY OF SALISBURY,2,1,0,0,1,2019,April,Tuesday,12:00 PM,60,Divided Road,Straight road,Level,Not Applicable,Sealed,Dry,Not Raining,Daylight,Hit Fixed Object,1,Driver Rider,2: MI,No Control,,Y,1330991.75,1686251.8,1.33E+13
2019-4129-27/05/2021,3 Country,PORT PIRIE WEST,5540,PT.PIRIE CITY & DIST. COUNCIL ,3,1,0,0,1,2019,April,Tuesday,1:10 PM,50,T-Junction,Straight road,Level,Not Applicable,Sealed,Dry,Not Raining,Daylight,Right Angle,1,Driver Rider,2: MI,No Control,,,1279262.88,1865428.55,1.28E+13
2019-4130-27/05/2021,2 Metropolitan,PARA HILLS WEST,5096,CITY OF SALISBURY,2,0,0,0,0,2019,April,Tuesday,1:10 PM,60,Not Divided,Straight road,Level,Not Applicable,Sealed,Dry,Not Raining,Daylight,Side Swipe,2,Driver Rider,1: PDO,No Control,,,1333925.77,1684304.79,1.33E+13
2019-4131-27/05/2021,2 Metropolitan,PARADISE,5075,CC CAMPBELLTOWN.              ,2,1,0,0,1,2019,April,Monday,5:40 PM,60,Divided Road,Straight road,Level,Driveway or Entrance,Sealed,Dry,Not Raining,Night,Rear End,2,Driver Rider,2: MI,No Control,,,1334547.11,1676868.96,1.33E+13
2019-4132-27/05/2021,2 Metropolitan,HOVE,5048,CITY OF HOLDFAST BAY,2,0,0,0,0,2019,April,Tuesday,1:50 PM,60,T-Junction,Straight road,Level,Not Applicable,Sealed,Dry,Not Raining,Daylight,Rear End,2,Driver Rider,1: PDO,Traffic Signals,,,1321124.72,1661308.89,1.32E+13
2019-4133-27/05/2021,2 Metropolitan,WINGFIELD,5013,CITY OF PORT ADELAIDE ENFIELD,2,1,0,0,1,2019,April,Tuesday,3:05 PM,60,Cross Road,Straight road,Level,Not Applicable,Sealed,Dry,Not Raining,Daylight,Rear End,2,Driver Rider,2: MI,Traffic Signals,,,1323910.63,1679162.4,1.32E+13
2019-4134-27/05/2021,3 Country,MOUNT GAMBIER,5290,CC MT.GAMBIER.                ,2,0,0,0,0,2019,April,Friday,5:15 PM,60,Cross Road,Straight road,Bottom of Hill,Not Applicable,Sealed,Dry,Not Raining,Daylight,Rear End,2,Driver Rider,1: PDO,Roundabout,,,1510137.65,1338892.76,1.51E+13
2019-4135-27/05/2021,2 Metropolitan,GLYNDE,5070,"CC OF NORWOOD,PAYNEHAM & ST PETERS",2,1,0,0,1,2019,April,Tuesday,3:42 PM,60,Divided Road,Straight road,Level,Not Applicable,Sealed,Dry,Not Raining,Daylight,Rear End,2,Driver Rider,2: MI,No Control,,,1332924.9,1674132.1,1.33E+13
2019-4136-27/05/2021,3 Country,BLANCHETOWN,5357,MID MURRAY DISTRICT COUNCIL,2,0,0,0,0,2019,April,Tuesday,6:00 AM,110,Not Divided,Straight road,Level,Not Applicable,Unsealed,Dry,Not Raining,Night,Hit Animal,2,Animal,1: PDO,No Control,,,1419062.22,1729499.29,1.42E+13
2019-4137-27/05/2021,2 Metropolitan,KUDLA,5115,CT GAWLER.                    ,2,0,0,0,0,2019,April,Tuesday,3:30 PM,80,Not Divided,Straight road,Level,Not Applicable,Sealed,Dry,Not Raining,Daylight,Rear End,1,Driver Rider,1: PDO,No Control,,,1338211.77,1701252.84,1.34E+13
2019-4138-27/05/2021,2 Metropolitan,ELIZABETH,5112,CITY OF PLAYFORD.,2,1,0,0,1,2019,April,Tuesday,4:15 PM,80,Divided Road,Straight road,Level,Not Applicable,Sealed,Dry,Not Raining,Daylight,Rear End,1,Driver Rider,2: MI,No Control,,,1335943.52,1693226.1,1.34E+13
2019-4139-27/05/2021,2 Metropolitan,BRIGHTON,5048,CITY OF HOLDFAST BAY,3,0,0,0,0,2019,April,Tuesday,4:45 PM,60,Divided Road,Straight road,Level,Not Applicable,Sealed,Dry,Not Raining,Daylight,Rear End,1,Driver Rider,1: PDO,No Control,,,1321146.93,1660603.18,1.32E+13
2019-4140-27/05/2021,2 Metropolitan,NORWOOD,5067,"CC OF NORWOOD,PAYNEHAM & ST PETERS",2,1,0,0,1,2019,April,Monday,5:10 PM,60,T-Junction,Straight road,Level,Not Applicable,Sealed,Dry,Not Raining,Daylight,Right Turn,1,Driver Rider,2: MI,No Control,,,1331635.17,1671746.53,1.33E+13
2019-4141-27/05/2021,3 Country,GREENOCK,5360,LIGHT REGIONAL COUNCIL,3,1,0,1,0,2019,April,Tuesday,4:06 PM,110,Not Divided,"CURVED, VIEW OPEN",Level,Not Applicable,Sealed,Dry,Not Raining,Daylight,Hit Pedestrian,1,Driver Rider,3: SI,No Control,,,1358742.28,1720526.31,1.36E+13
2019-4142-27/05/2021,2 Metropolitan,MANNINGHAM,5086,CITY OF PORT ADELAIDE ENFIELD,2,0,0,0,0,2019,April,Tuesday,6:30 AM,60,Divided Road,Straight road,Level,Not Applicable,Sealed,Dry,Not Raining,Night,Side Swipe,2,Driver Rider,1: PDO,No Control,,,1330447.95,1676209.01,1.33E+13
2019-4143-27/05/2021,3 Country,TAILEM BEND,5260,COORONG DISTRICT COUNCIL,2,0,0,0,0,2019,April,Tuesday,8:00 AM,50,Not Divided,Straight road,Level,Not Applicable,Sealed,Dry,Not Raining,Daylight,Hit Fixed Object,1,Driver Rider,1: PDO,No Control,,,1404977.78,1631888.47,1.40E+13
2019-4144-27/05/2021,2 Metropolitan,BLACKWOOD,5051,CC MITCHAM.                   ,2,0,0,0,0,2019,April,Tuesday,5:05 PM,50,Multiple,Straight road,Level,Not Applicable,Sealed,Dry,Not Raining,Daylight,Side Swipe,2,Driver Rider,1: PDO,Roundabout,,,1329678.48,1660052.36,1.33E+13
2019-4145-27/05/2021,2 Metropolitan,FELIXSTOW,5070,"CC OF NORWOOD,PAYNEHAM & ST PETERS",2,0,0,0,0,2019,April,Tuesday,5:24 PM,60,T-Junction,Straight road,Level,Not Applicable,Sealed,Dry,Not Raining,Daylight,Right Angle,2,Driver Rider,1: PDO,No Control,,,1332333.32,1674280.97,1.33E+13
2019-4146-27/05/2021,2 Metropolitan,WINDSOR GARDENS,5087,CITY OF PORT ADELAIDE ENFIELD,2,1,0,1,0,2019,April,Tuesday,4:35 PM,60,Divided Road,"CURVED, VIEW OPEN",Slope,Not Applicable,Sealed,Dry,Not Raining,Daylight,Hit Pedestrian,2,Pedestrian,3: SI,No Control,,,1334365.84,1677509.02,1.33E+13
2019-4147-27/05/2021,3 Country,MOONTA,5558,COPPER COAST DISTRICT COUNCIL,2,1,0,0,1,2019,April,Tuesday,5:30 PM,50,Cross Road,Straight road,Level,Not Applicable,Sealed,Dry,Not Raining,Daylight,Right Angle,2,Driver Rider,2: MI,Give Way Sign,,,1238275.47,1768802.46,1.24E+13
2019-4148-27/05/2021,2 Metropolitan,WALKERVILLE,5081,WALKERVILLE TOWN COUNCIL,6,1,0,0,1,2019,April,Tuesday,3:35 PM,60,Cross Road,Straight road,Level,Not Applicable,Sealed,Dry,Not Raining,Daylight,Rear End,1,Driver Rider,2: MI,Traffic Signals,,,1329934.16,1673775.13,1.33E+13
2019-4149-27/05/2021,2 Metropolitan,MUNNO PARA,5115,CITY OF PLAYFORD.,3,0,0,0,0,2019,April,Tuesday,6:13 PM,60,Divided Road,Straight road,Level,Not Applicable,Sealed,Dry,Not Raining,Night,Rear End,1,Driver Rider,1: PDO,No Control,,,1336672.63,1698561.17,1.34E+13
2019-4150-27/05/2021,2 Metropolitan,ALDGATE,5154,THE ADELAIDE HILLS COUNCIL,2,0,0,0,0,2019,April,Tuesday,5:00 PM,50,Not Divided,Straight road,Level,Driveway or Entrance,Sealed,Dry,Not Raining,Daylight,Rear End,1,Driver Rider,1: PDO,No Control,,,1340652.45,1660302.04,1.34E+13
2019-4151-27/05/2021,1 City,ADELAIDE,5000,CITY OF ADELAIDE,2,1,0,0,1,2019,April,Tuesday,7:09 PM,50,Not Divided,Straight road,Level,Driveway or Entrance,Sealed,Dry,Not Raining,Night,Right Angle,2,Driver Rider,2: MI,No Control,,,1327460.91,1670642.08,1.33E+13
2019-4152-27/05/2021,2 Metropolitan,ST PETERS,5069,"CC OF NORWOOD,PAYNEHAM & ST PETERS",2,0,0,0,0,2019,April,Tuesday,6:00 PM,60,Not Divided,Straight road,Level,Not Applicable,Sealed,Dry,Not Raining,Night,Rear End,1,Driver Rider,1: PDO,No Control,,,1330967.73,1672582.88,1.33E+13
2019-4153-27/05/2021,2 Metropolitan,EYRE,5121,CITY OF PLAYFORD.,2,0,0,0,0,2019,April,Tuesday,7:45 PM,80,T-Junction,Straight road,Level,Not Applicable,Sealed,Dry,Not Raining,Night,Rear End,2,Driver Rider,1: PDO,No Control,,,1334005.91,1696038.92,1.33E+13
2019-4154-27/05/2021,2 Metropolitan,ATHELSTONE,5076,CC CAMPBELLTOWN.              ,2,1,0,0,1,2019,April,Tuesday,7:05 PM,60,T-Junction,Straight road,Level,Not Applicable,Sealed,Dry,Not Raining,Night,Rear End,1,Driver Rider,2: MI,No Control,,,1337527.43,1676071.34,1.34E+13
2019-4155-27/05/2021,3 Country,TANTANOOLA,5280,WATTLE RANGE COUNCIL,2,0,0,0,0,2019,April,Monday,6:25 PM,110,Not Divided,Straight road,Level,Not Applicable,Sealed,Dry,Not Raining,Night,Hit Animal,2,Animal,1: PDO,No Control,,,1485484.81,1356431.32,1.49E+13
2019-4156-27/05/2021,1 City,ADELAIDE,5000,CITY OF ADELAIDE,2,0,0,0,0,2019,April,Tuesday,10:10 PM,60,T-Junction,Straight road,Level,Not Applicable,Sealed,Wet,Raining,Night,Hit Fixed Object,1,Driver Rider,1: PDO,Traffic Signals,,,1327149.43,1671227.61,1.33E+13
2019-4157-27/05/2021,2 Metropolitan,KILBURN,5084,CITY OF PORT ADELAIDE ENFIELD,2,2,0,0,2,2019,May,Wednesday,5:25 AM,60,Cross Road,Straight road,Level,Not Applicable,Sealed,Wet,Not Raining,Night,Right Angle,2,Driver Rider,2: MI,Stop Sign,,,1327202.23,1678008.23,1.33E+13
2019-4158-27/05/2021,2 Metropolitan,SEAFORD RISE,5169,CITY OF ONKAPARINGA,2,0,0,0,0,2019,May,Wednesday,2:42 AM,60,Cross Road,Straight road,Level,Not Applicable,Sealed,Wet,Raining,Night,Hit Fixed Object,1,Driver Rider,1: PDO,Traffic Signals,,,1317537.2,1641650.26,1.32E+13
2019-4159-27/05/2021,2 Metropolitan,ELIZABETH NORTH,5113,CITY OF PLAYFORD.,2,1,0,1,0,2019,May,Wednesday,6:15 AM,60,Cross Road,Straight road,Level,Not Applicable,Sealed,Wet,Not Raining,Night,Right Turn,2,Driver Rider,3: SI,Traffic Signals,,,1336972.07,1695458.34,1.34E+13
2019-4160-27/05/2021,1 City,ADELAIDE,5000,CITY OF ADELAIDE,2,1,0,0,1,2019,May,Wednesday,7:00 AM,50,Not Divided,Straight road,Level,Not Applicable,Sealed,Dry,Not Raining,Daylight,Side Swipe,1,Driver Rider,2: MI,No Control,,,1327923.59,1670571.48,1.33E+13
2019-4161-27/05/2021,2 Metropolitan,WINGFIELD,5013,CITY OF PORT ADELAIDE ENFIELD,3,1,0,0,1,2019,May,Wednesday,7:47 AM,70,Not Divided,Straight road,Level,Not Applicable,Sealed,Dry,Not Raining,Daylight,Side Swipe,1,Driver Rider,2: MI,No Control,,Y,1326162.25,1680224.86,1.33E+13
2019-4162-27/05/2021,2 Metropolitan,MAWSON LAKES,5095,CITY OF SALISBURY,2,0,0,0,0,2019,May,Wednesday,8:19 AM,70,Not Divided,Straight road,Slope,"Bridge, Culvert, Causeway",Sealed,Dry,Not Raining,Daylight,Rear End,1,Driver Rider,1: PDO,No Control,,,1330018.32,1684231.72,1.33E+13
2019-4163-27/05/2021,2 Metropolitan,STIRLING,5152,THE ADELAIDE HILLS COUNCIL,3,1,0,0,1,2019,May,Wednesday,7:50 AM,110,Freeway,Straight road,Level,Not Applicable,Sealed,Wet,Not Raining,Daylight,Rear End,1,Driver Rider,2: MI,No Control,,,1340100.22,1662373.05,1.34E+13
2019-4164-27/05/2021,2 Metropolitan,MAGILL,5072,CC CAMPBELLTOWN.              ,3,1,0,0,1,2019,May,Wednesday,9:35 AM,50,Cross Road,Straight road,Level,Not Applicable,Sealed,Dry,Not Raining,Daylight,Rear End,1,Driver Rider,2: MI,Give Way Sign,,,1335324.68,1673665.49,1.34E+13
2019-4165-27/05/2021,2 Metropolitan,PENFIELD,5121,CITY OF PLAYFORD.,2,0,0,0,0,2019,May,Wednesday,12:00 AM,90,Not Divided,"CURVED, VIEW OPEN",Level,Not Applicable,Sealed,Unknown,Unknown,Night,Hit Fixed Object,1,Driver Rider,1: PDO,No Control,,,1331315.17,1697356,1.33E+13
2019-4166-27/05/2021,2 Metropolitan,ELIZABETH NORTH,5113,CITY OF PLAYFORD.,2,1,0,0,1,2019,May,Wednesday,7:00 AM,80,Cross Road,Straight road,Level,Not Applicable,Sealed,Wet,Not Raining,Daylight,Rear End,1,Driver Rider,2: MI,Traffic Signals,,,1336972.07,1695458.34,1.34E+13
2019-4167-27/05/2021,2 Metropolitan,DARLINGTON,5047,CITY OF ONKAPARINGA,2,0,0,0,0,2019,May,Wednesday,9:10 AM,60,Not Divided,Straight road,Level,Not Applicable,Sealed,Wet,Raining,Daylight,Rear End,1,Driver Rider,1: PDO,No Control,,,1324435.73,1659617,1.32E+13
2019-4168-27/05/2021,2 Metropolitan,CHAIN OF PONDS,5231,THE ADELAIDE HILLS COUNCIL,2,0,0,0,0,2019,May,Wednesday,8:20 AM,100,Not Divided,Straight road,Slope,Not Applicable,Sealed,Wet,Not Raining,Daylight,Hit Animal,2,Animal,1: PDO,No Control,,,1350220.05,1681932.76,1.35E+13
2019-4169-27/05/2021,2 Metropolitan,MONTACUTE,5134,THE ADELAIDE HILLS COUNCIL,2,0,0,0,0,2019,May,Wednesday,8:40 AM,80,Not Divided,"CURVED, VIEW OBSCURED",Slope,Driveway or Entrance,Sealed,Wet,Raining,Daylight,Rear End,2,Driver Rider,1: PDO,No Control,,,1340731.46,1673938,1.34E+13
2019-4170-27/05/2021,2 Metropolitan,TONSLEY,5042,CC MARION.                    ,2,0,0,0,0,2019,May,Wednesday,10:37 AM,60,Divided Road,Straight road,Level,Not Applicable,Sealed,Wet,Raining,Daylight,Rear End,1,Driver Rider,1: PDO,No Control,,,1325246.08,1660694.43,1.33E+13
2019-4171-27/05/2021,2 Metropolitan,INGLE FARM,5098,CITY OF SALISBURY,2,0,0,0,0,2019,May,Wednesday,8:20 AM,50,T-Junction,Straight road,Level,Not Applicable,Sealed,Dry,Not Raining,Daylight,Right Angle,2,Driver Rider,1: PDO,No Control,,,1332108.7,1681673.1,1.33E+13
2019-4172-27/05/2021,2 Metropolitan,SALISBURY PLAIN,5109,CITY OF SALISBURY,2,0,0,0,0,2019,May,Wednesday,11:20 AM,60,T-Junction,Straight road,Level,Not Applicable,Sealed,Dry,Not Raining,Daylight,Right Angle,2,Driver Rider,1: PDO,No Control,,,1333954.25,1687799.46,1.33E+13
2019-4173-27/05/2021,2 Metropolitan,MILE END,5031,CITY OF WEST TORRENS,2,0,0,0,0,2019,May,Wednesday,11:25 AM,60,T-Junction,Straight road,Level,Not Applicable,Sealed,Wet,Not Raining,Daylight,Right Turn,1,Driver Rider,1: PDO,No Control,,,1325765.79,1670332.06,1.33E+13
2019-4174-27/05/2021,3 Country,MOUNT GAMBIER,5290,CC MT.GAMBIER.                ,2,0,0,0,0,2019,May,Wednesday,11:45 AM,50,Not Divided,"CURVED, VIEW OPEN",Level,Driveway or Entrance,Sealed,Dry,Not Raining,Daylight,Right Angle,2,Driver Rider,1: PDO,No Control,,,1510974.3,1338329.95,1.51E+13
2019-4175-27/05/2021,3 Country,YANKALILLA,5203,DC YANKALILLA.                ,3,0,0,0,0,2019,May,Wednesday,7:25 AM,100,Not Divided,Straight road,Level,Not Applicable,Sealed,Dry,Not Raining,Daylight,Hit Fixed Object,1,Driver Rider,1: PDO,No Control,,,1305487.96,1610106.59,1.31E+13
2019-4176-27/05/2021,2 Metropolitan,MANSFIELD PARK,5012,CITY OF PORT ADELAIDE ENFIELD,2,1,0,0,1,2019,May,Wednesday,12:55 PM,60,T-Junction,Straight road,Level,Not Applicable,Sealed,Dry,Not Raining,Daylight,Right Angle,2,Driver Rider,2: MI,No Control,,,1323935.48,1678241.43,1.32E+13
2019-4177-27/05/2021,2 Metropolitan,ROYAL PARK,5014,CITY OF CHARLES STURT,2,5,0,0,5,2019,May,Wednesday,12:39 PM,60,T-Junction,Straight road,Level,Not Applicable,Sealed,Dry,Not Raining,Daylight,Right Angle,1,Driver Rider,2: MI,Give Way Sign,,,1319825.48,1677853.8,1.32E+13
2019-4178-27/05/2021,2 Metropolitan,HINDMARSH,5007,CITY OF CHARLES STURT,3,0,0,0,0,2019,May,Wednesday,12:43 PM,60,Cross Road,Straight road,Level,Not Applicable,Sealed,Wet,Not Raining,Daylight,Rear End,2,Driver Rider,1: PDO,Traffic Signals,,,1326468.95,1672639.58,1.33E+13
2019-4179-27/05/2021,3 Country,KYEEMA,5172,ALEXANDRINA COUNCIL,1,0,0,0,0,2019,April,Tuesday,10:00 PM,100,Cross Road,"CURVED, VIEW OBSCURED",Level,"Bridge, Culvert, Causeway",Unsealed,Wet,Raining,Night,Roll Over,1,Driver Rider,1: PDO,No Control,,,1336426.08,1631826.05,1.34E+13
2019-4180-27/05/2021,2 Metropolitan,FLAGSTAFF HILL,5159,CITY OF ONKAPARINGA,2,0,0,0,0,2019,May,Wednesday,8:45 AM,50,T-Junction,Straight road,Level,Not Applicable,Sealed,Wet,Not Raining,Daylight,Right Angle,2,Driver Rider,1: PDO,No Control,,,1328664.82,1656016.87,1.33E+13
2019-4181-27/05/2021,2 Metropolitan,STURT,5047,CC MARION.                    ,2,0,0,0,0,2019,May,Wednesday,1:15 PM,60,Multiple,Straight road,Level,Not Applicable,Sealed,Dry,Not Raining,Daylight,Rear End,2,Driver Rider,1: PDO,Traffic Signals,,,1323558.89,1660650.4,1.32E+13
2019-4182-27/05/2021,2 Metropolitan,NOARLUNGA CENTRE,5168,CITY OF ONKAPARINGA,2,0,0,0,0,2019,April,Tuesday,5:20 PM,60,Not Divided,Straight road,Level,Driveway or Entrance,Sealed,Dry,Not Raining,Daylight,Right Angle,1,Driver Rider,1: PDO,No Control,,,1318141.08,1646799.61,1.32E+13
2019-4183-27/05/2021,2 Metropolitan,NORTHFIELD,5085,CITY OF PORT ADELAIDE ENFIELD,2,0,0,0,0,2019,May,Wednesday,3:00 PM,60,T-Junction,"CURVED, VIEW OPEN",Level,Not Applicable,Sealed,Dry,Not Raining,Daylight,Hit Pedestrian,1,Driver Rider,1: PDO,No Control,,,1330382.61,1678860.56,1.33E+13
2019-4184-27/05/2021,2 Metropolitan,MAGILL,5072,CITY OF BURNSIDE,2,0,0,0,0,2019,May,Wednesday,12:30 PM,60,Not Divided,Straight road,Level,Not Applicable,Sealed,Dry,Not Raining,Daylight,Side Swipe,2,Driver Rider,1: PDO,No Control,,,1335496.44,1671325.4,1.34E+13
2019-4185-27/05/2021,2 Metropolitan,MAWSON LAKES,5095,CITY OF SALISBURY,2,1,0,0,1,2019,May,Wednesday,3:19 PM,70,Divided Road,Straight road,Level,Not Applicable,Sealed,Dry,Not Raining,Daylight,Rear End,2,Driver Rider,2: MI,No Control,,,1329504.5,1684373.62,1.33E+13
2019-4186-27/05/2021,2 Metropolitan,WESTBOURNE PARK,5041,CC MITCHAM.                   ,2,1,0,0,1,2019,May,Wednesday,8:15 AM,60,Cross Road,Straight road,Level,Not Applicable,Sealed,Dry,Not Raining,Daylight,Right Angle,2,Driver Rider,2: MI,Traffic Signals,,,1327507.74,1666207.56,1.33E+13