REPORT_ID,Stats Area,Suburb,Postcode,LGA Name,Total Units,Total Cas,Total Fats,Total SI,Total MI,Year,Month,Day,Time,Area Speed,Position Type,Horizontal Align,Vertical Align,Other Feat,Road Surface,Moisture Cond,Weather Cond,DayNight,Crash Type,Unit Resp,Entity Code,CSEF Severity,Traffic Ctrls,DUI Involved,Drugs Involved,ACCLOC_X,ACCLOC_Y,UNIQUE_LOC
2019-4187-27/05/2021,2 Metropolitan,STURT,5047,CC MARION.                    ,3,0,0,0,0,2019,May,Wednesday,2:42 PM,25,Not Divided,Straight road,Level,Roadworks,Sealed,Dry,Not Raining,Daylight,Side Swipe,1,Driver Rider,1: PDO,No Control,,,1323947.46,1660661.73,1.32E+13
2019-4188-27/05/2021,3 Country,CRYSTAL BROOK,5523,PT.PIRIE CITY & DIST. COUNCIL ,2,2,0,0,2,2019,May,Wednesday,2:56 PM,100,T-Junction,"CURVED, VIEW OPEN",Level,Not Applicable,Sealed,Dry,Not Raining,Daylight,Right Turn,2,Driver Rider,2: MI,No Control,,,1299419.53,1844192.6,1.30E+13
2019-4189-27/05/2021,1 City,ADELAIDE,5000,CITY OF ADELAIDE,4,0,0,0,0,2019,May,Wednesday,4:00 PM,60,Divided Road,Straight road,Level,Not Applicable,Sealed,Dry,Not Raining,Daylight,Rear End,1,Driver Rider,1: PDO,No Control,,,1327380.54,1670543.4,1.33E+13
2019-4190-27/05/2021,2 Metropolitan,NOARLUNGA CENTRE,5168,CITY OF ONKAPARINGA,3,1,0,0,1,2019,May,Wednesday,5:15 PM,60,Divided Road,Straight road,Level,Not Applicable,Sealed,Wet,Raining,Daylight,Rear End,1,Driver Rider,2: MI,No Control,,,1318942.43,1647478.7,1.32E+13
2019-4191-27/05/2021,2 Metropolitan,EDWARDSTOWN,5039,CC MARION.                    ,2,1,0,0,1,2019,May,Wednesday,8:50 AM,60,Divided Road,Straight road,Slope,"Bridge, Culvert, Causeway",Sealed,Dry,Not Raining,Daylight,Rear End,2,Driver Rider,2: MI,No Control,,,1325878.79,1665961.85,1.33E+13
2019-4192-27/05/2021,2 Metropolitan,KLEMZIG,5087,CITY OF PORT ADELAIDE ENFIELD,4,0,0,0,0,2019,May,Wednesday,5:47 PM,60,Divided Road,Straight road,Level,Not Applicable,Sealed,Wet,Raining,Night,Hit Fixed Object,1,Driver Rider,1: PDO,No Control,,,1332134.8,1676632.64,1.33E+13
2019-4193-27/05/2021,2 Metropolitan,ROSE PARK,5067,CITY OF BURNSIDE,3,0,0,0,0,2019,May,Wednesday,4:49 PM,50,Cross Road,Straight road,Level,Not Applicable,Sealed,Dry,Not Raining,Daylight,Rear End,1,Driver Rider,1: PDO,Roundabout,,,1331471.8,1670018.05,1.33E+13
2019-4194-27/05/2021,2 Metropolitan,PROSPECT,5082,CITY OF PROSPECT,2,0,0,0,0,2019,May,Wednesday,7:50 AM,60,Cross Road,Straight road,Level,Not Applicable,Sealed,Dry,Not Raining,Daylight,Rear End,2,Driver Rider,1: PDO,Traffic Signals,,,1328872.94,1676442.07,1.33E+13
2019-4195-27/05/2021,2 Metropolitan,GLENELG,5045,CITY OF HOLDFAST BAY,2,0,0,0,0,2019,May,Wednesday,5:35 PM,50,Cross Road,Straight road,Level,Not Applicable,Sealed,Dry,Not Raining,Night,Right Angle,2,Driver Rider,1: PDO,Give Way Sign,,,1320905.02,1665098.64,1.32E+13
2019-4196-27/05/2021,2 Metropolitan,NOARLUNGA CENTRE,5168,CITY OF ONKAPARINGA,2,2,0,2,0,2019,May,Wednesday,3:41 PM,100,Freeway,"CURVED, VIEW OPEN",Level,Not Applicable,Sealed,Dry,Not Raining,Daylight,Rear End,1,Driver Rider,3: SI,No Control,,Y,1319112.14,1647079.83,1.32E+13
2019-4197-27/05/2021,2 Metropolitan,POORAKA,5095,CITY OF SALISBURY,4,0,0,0,0,2019,May,Wednesday,6:20 PM,70,Cross Road,Straight road,Level,Not Applicable,Sealed,Wet,Raining,Night,Rear End,1,Driver Rider,1: PDO,Traffic Signals,,,1330465.1,1681818.42,1.33E+13
2019-4198-27/05/2021,2 Metropolitan,WOODSIDE,5244,THE ADELAIDE HILLS COUNCIL,2,1,0,0,1,2019,May,Thursday,4:00 PM,50,Not Divided,"CURVED, VIEW OBSCURED",Level,Not Applicable,Sealed,Dry,Not Raining,Daylight,Hit Fixed Object,1,Driver Rider,2: MI,No Control,,,1353681.61,1665959.5,1.35E+13
2019-4199-27/05/2021,2 Metropolitan,PAECHTOWN,5245,DC MT.BARKER.                 ,2,0,0,0,0,2019,May,Wednesday,6:50 PM,80,Not Divided,"CURVED, VIEW OBSCURED",Slope,Not Applicable,Sealed,Wet,Raining,Night,Hit Fixed Object,1,Driver Rider,1: PDO,No Control,,,1346664.59,1656090.42,1.35E+13
2019-4200-27/05/2021,2 Metropolitan,GLEN OSMOND,5064,CITY OF BURNSIDE,2,1,0,0,1,2019,May,Wednesday,6:10 PM,60,T-Junction,Straight road,Slope,Not Applicable,Sealed,Wet,Raining,Night,Rear End,2,Driver Rider,2: MI,No Control,,,1331949.86,1667042.31,1.33E+13
2019-4201-27/05/2021,2 Metropolitan,SEAFORD MEADOWS,5169,CITY OF ONKAPARINGA,2,2,0,1,1,2019,May,Wednesday,6:34 PM,70,Cross Road,Straight road,Level,Not Applicable,Sealed,Wet,Raining,Night,Right Turn,2,Driver Rider,3: SI,Traffic Signals,,,1316352.56,1642778.71,1.32E+13
2019-4202-27/05/2021,2 Metropolitan,LOBETHAL,5241,THE ADELAIDE HILLS COUNCIL,3,0,0,0,0,2019,May,Wednesday,2:40 PM,80,Not Divided,Straight road,Level,Not Applicable,Sealed,Dry,Not Raining,Daylight,Other,2,Driver Rider,1: PDO,No Control,,,1353009.43,1671376,1.35E+13
2019-4203-27/05/2021,2 Metropolitan,MARRYATVILLE,5068,"CC OF NORWOOD,PAYNEHAM & ST PETERS",2,1,0,0,1,2019,May,Wednesday,8:20 PM,60,Cross Road,Straight road,Level,Not Applicable,Sealed,Wet,Raining,Night,Right Turn,1,Driver Rider,2: MI,Traffic Signals,,,1332269.85,1670409.71,1.33E+13
2019-4204-27/05/2021,2 Metropolitan,KILBURN,5084,CITY OF PORT ADELAIDE ENFIELD,2,0,0,0,0,2019,May,Wednesday,8:30 PM,50,Not Divided,Straight road,Level,Not Applicable,Sealed,Wet,Raining,Night,Hit Parked Vehicle,1,Driver Rider,1: PDO,No Control,,,1327444.1,1678135.19,1.33E+13
2019-4205-27/05/2021,2 Metropolitan,REYNELLA EAST,5161,CITY OF ONKAPARINGA,3,0,0,0,0,2019,May,Wednesday,9:14 PM,50,Not Divided,Straight road,Level,Not Applicable,Sealed,Wet,Raining,Night,Hit Fixed Object,1,Driver Rider,1: PDO,No Control,,,1323599.28,1652420.81,1.32E+13
2019-4206-27/05/2021,2 Metropolitan,HAPPY VALLEY,5159,CITY OF ONKAPARINGA,2,0,0,0,0,2019,May,Wednesday,9:25 PM,50,T-Junction,Straight road,Level,Not Applicable,Sealed,Wet,Raining,Night,Hit Fixed Object,1,Driver Rider,1: PDO,No Control,,,1326767.04,1653097.17,1.33E+13
2019-4207-27/05/2021,2 Metropolitan,WOODVILLE SOUTH,5011,CITY OF CHARLES STURT,2,0,0,0,0,2019,May,Wednesday,11:07 PM,50,T-Junction,Straight road,Level,Not Applicable,Sealed,Wet,Raining,Night,Right Angle,2,Driver Rider,1: PDO,Give Way Sign,,,1323232.2,1675366.42,1.32E+13
2019-4208-27/05/2021,2 Metropolitan,COWANDILLA,5033,CITY OF WEST TORRENS,2,0,0,0,0,2019,May,Wednesday,11:35 PM,60,Cross Road,Straight road,Level,Not Applicable,Sealed,Wet,Not Raining,Night,Hit Fixed Object,1,Driver Rider,1: PDO,Traffic Signals,,,1324135.56,1670033.53,1.32E+13
2019-4209-27/05/2021,2 Metropolitan,HINDMARSH,5007,CITY OF CHARLES STURT,2,0,0,0,0,2019,April,Tuesday,3:39 PM,60,Divided Road,Straight road,Level,Not Applicable,Sealed,Dry,Not Raining,Daylight,Rear End,2,Driver Rider,1: PDO,No Control,,,1326217.02,1672886.19,1.33E+13
2019-4210-27/05/2021,2 Metropolitan,PARKSIDE,5063,CITY OF UNLEY,2,0,0,0,0,2019,May,Thursday,5:30 AM,60,Cross Road,Straight road,Level,Not Applicable,Sealed,Dry,Not Raining,Night,Right Angle,1,Driver Rider,1: PDO,Traffic Signals,,,1330707.08,1668319.59,1.33E+13
2019-4211-27/05/2021,1 City,ADELAIDE,5000,CITY OF ADELAIDE,2,0,0,0,0,2019,May,Thursday,5:49 AM,50,Cross Road,Straight road,Level,Not Applicable,Sealed,Wet,Not Raining,Night,Right Angle,2,Driver Rider,1: PDO,Traffic Signals,,,1328413.14,1670346.5,1.33E+13
2019-4212-27/05/2021,2 Metropolitan,NOARLUNGA DOWNS,5168,CITY OF ONKAPARINGA,2,0,0,0,0,2019,May,Thursday,6:55 AM,60,Cross Road,Straight road,Level,Not Applicable,Sealed,Dry,Not Raining,Daylight,Right Turn,1,Driver Rider,1: PDO,Traffic Signals,,,1318544.62,1646725.5,1.32E+13
2019-4213-27/05/2021,2 Metropolitan,ANGLE VALE,5117,CITY OF PLAYFORD.,1,0,0,0,0,2019,May,Thursday,6:35 AM,50,Not Divided,Straight road,Level,Roadworks,Unsealed,Wet,Not Raining,Night,Left Road - Out of Control,1,Driver Rider,1: PDO,No Control,,,1334611.19,1701345.8,1.33E+13
2019-4214-27/05/2021,3 Country,YORKETOWN,5576,YORKE PENINSULA COUNCIL,1,1,0,0,1,2019,May,Wednesday,3:50 PM,100,Not Divided,"CURVED, VIEW OPEN",Slope,Not Applicable,Sealed,Wet,Unknown,Daylight,Left Road - Out of Control,1,Driver Rider,2: MI,No Control,,,1235664.37,1663101.78,1.24E+13
2019-4215-27/05/2021,2 Metropolitan,BEVERLEY,5009,CITY OF CHARLES STURT,2,1,0,0,1,2019,May,Wednesday,12:35 PM,60,T-Junction,Straight road,Level,Not Applicable,Sealed,Wet,Not Raining,Daylight,Rear End,1,Driver Rider,2: MI,Traffic Signals,,,1324202.16,1673179.38,1.32E+13
2019-4216-27/05/2021,2 Metropolitan,WINGFIELD,5013,CITY OF PORT ADELAIDE ENFIELD,3,0,0,0,0,2019,May,Thursday,8:40 AM,90,Divided Road,Straight road,Level,Not Applicable,Sealed,Wet,Raining,Daylight,Rear End,1,Driver Rider,1: PDO,No Control,,,1325421.31,1680917.33,1.33E+13
2019-4217-27/05/2021,2 Metropolitan,BURTON,5110,CITY OF SALISBURY,3,0,0,0,0,2019,May,Wednesday,6:00 PM,60,Cross Road,Straight road,Level,Not Applicable,Sealed,Unknown,Not Raining,Night,Rear End,1,Driver Rider,1: PDO,Roundabout,,,1330155.51,1690824.15,1.33E+13
2019-4218-27/05/2021,2 Metropolitan,ASCOT PARK,5043,CC MARION.                    ,2,0,0,0,0,2019,May,Thursday,9:15 AM,60,Divided Road,Straight road,Level,Not Applicable,Sealed,Wet,Raining,Daylight,Rear End,1,Driver Rider,1: PDO,No Control,,,1324327.27,1663483.39,1.32E+13
2019-4219-27/05/2021,2 Metropolitan,SEAFORD RISE,5169,CITY OF ONKAPARINGA,2,0,0,0,0,2019,May,Thursday,8:00 AM,60,T-Junction,Straight road,Level,Not Applicable,Sealed,Wet,Raining,Daylight,Right Angle,1,Driver Rider,1: PDO,No Control,,,1317113.07,1641616.88,1.32E+13
2019-4220-27/05/2021,3 Country,KOOTABERRA,5713,,2,2,0,0,2,2019,May,Thursday,9:00 AM,110,Rail Crossing,Straight road,Level,Not Applicable,Sealed,Dry,Not Raining,Daylight,Hit Fixed Object,1,Driver Rider,2: MI,Rail Xing - Flashing,,Y,1229697.81,1984305.06,1.23E+13
2019-4221-27/05/2021,2 Metropolitan,PARKSIDE,5063,CITY OF UNLEY,2,5,0,0,5,2019,May,Thursday,9:49 AM,50,Cross Road,Straight road,Level,Not Applicable,Sealed,Wet,Raining,Daylight,Right Angle,2,Driver Rider,2: MI,Give Way Sign,,,1330135.93,1667984.78,1.33E+13
2019-4222-27/05/2021,2 Metropolitan,CHELTENHAM,5014,CITY OF CHARLES STURT,2,1,0,1,0,2019,May,Thursday,9:40 AM,60,Divided Road,Straight road,Level,Not Applicable,Sealed,Wet,Raining,Daylight,Hit Fixed Object,1,Driver Rider,3: SI,No Control,,,1321777.14,1676717.83,1.32E+13
2019-4223-27/05/2021,2 Metropolitan,ELIZABETH VALE,5112,CITY OF PLAYFORD.,2,0,0,0,0,2019,May,Thursday,10:30 AM,50,Divided Road,Straight road,Level,Not Applicable,Sealed,Dry,Not Raining,Daylight,Rear End,2,Driver Rider,1: PDO,No Control,,,1334416.06,1689739.11,1.33E+13
2019-4224-27/05/2021,2 Metropolitan,TRINITY GARDENS,5068,"CC OF NORWOOD,PAYNEHAM & ST PETERS",2,0,0,0,0,2019,May,Thursday,10:00 AM,50,Cross Road,Straight road,Level,Not Applicable,Sealed,Wet,Raining,Daylight,Right Angle,2,Driver Rider,1: PDO,Give Way Sign,,,1332448.03,1672052.01,1.33E+13
2019-4225-27/05/2021,1 City,ADELAIDE,5000,CITY OF ADELAIDE,2,1,0,0,1,2019,May,Wednesday,6:30 PM,50,Cross Road,Straight road,Level,Not Applicable,Sealed,Wet,Not Raining,Night,Side Swipe,1,Driver Rider,2: MI,Traffic Signals,,,1329570.16,1670701.85,1.33E+13
2019-4226-27/05/2021,2 Metropolitan,GEPPS CROSS,5094,CITY OF PORT ADELAIDE ENFIELD,3,0,0,0,0,2019,May,Thursday,11:00 AM,60,Cross Road,Straight road,Level,Not Applicable,Sealed,Wet,Raining,Daylight,Rear End,1,Driver Rider,1: PDO,Traffic Signals,,,1330375.07,1679310.36,1.33E+13
2019-4227-27/05/2021,2 Metropolitan,DAW PARK,5041,CC MITCHAM.                   ,2,2,0,0,2,2019,May,Thursday,8:55 AM,60,T-Junction,Straight road,Level,Not Applicable,Sealed,Wet,Raining,Daylight,Right Turn,1,Driver Rider,2: MI,Stop Sign,,,1327547.13,1664745.26,1.33E+13
2019-4228-27/05/2021,2 Metropolitan,HAWTHORNDENE,5051,CC MITCHAM.                   ,2,1,0,0,1,2019,May,Thursday,10:39 AM,60,Not Divided,"CURVED, VIEW OPEN",Slope,Not Applicable,Sealed,Wet,Raining,Daylight,Hit Fixed Object,1,Driver Rider,2: MI,No Control,,,1330447.74,1659115.44,1.33E+13
2019-4229-27/05/2021,2 Metropolitan,OAKBANK,5243,THE ADELAIDE HILLS COUNCIL,2,1,0,0,1,2019,May,Thursday,11:10 AM,80,Cross Road,"CURVED, VIEW OBSCURED",Bottom of Hill,Not Applicable,Sealed,Wet,Raining,Daylight,Hit Fixed Object,1,Driver Rider,2: MI,Stop Sign,,,1351146.51,1662463.91,1.35E+13
2019-4230-27/05/2021,3 Country,BALAKLAVA,5461,WAKEFIELD REGIONAL COUNCIL,2,1,0,0,1,2019,May,Thursday,11:30 AM,15,Not Divided,Straight road,Level,Driveway or Entrance,Sealed,Dry,Not Raining,Daylight,Hit Pedestrian,1,Driver Rider,2: MI,No Control,,,1314144.41,1757509.99,1.31E+13
2019-4231-27/05/2021,2 Metropolitan,HINDMARSH,5007,CITY OF CHARLES STURT,2,0,0,0,0,2019,May,Thursday,11:40 AM,60,Cross Road,"CURVED, VIEW OPEN",Level,Not Applicable,Sealed,Wet,Raining,Daylight,Hit Fixed Object,1,Driver Rider,1: PDO,Traffic Signals,,,1326463.81,1672651.14,1.33E+13
2019-4232-27/05/2021,2 Metropolitan,MORPHETT VALE,5162,CITY OF ONKAPARINGA,2,1,0,0,1,2019,May,Wednesday,4:45 PM,60,Not Divided,Straight road,Crest of Hill,Not Applicable,Sealed,Wet,Raining,Daylight,Rear End,1,Driver Rider,2: MI,No Control,,,1319595.87,1650244.62,1.32E+13
2019-4233-27/05/2021,2 Metropolitan,MOUNT BARKER,5251,DC MT.BARKER.                 ,4,1,0,0,1,2019,May,Thursday,11:22 AM,50,Not Divided,Straight road,Slope,Not Applicable,Sealed,Dry,Not Raining,Daylight,Hit Parked Vehicle,1,Driver Rider,2: MI,No Control,,,1351469.41,1654158.04,1.35E+13
2019-4234-27/05/2021,2 Metropolitan,PARAFIELD,5106,CITY OF SALISBURY,2,0,0,0,0,2019,May,Thursday,11:20 AM,80,Divided Road,Straight road,Level,Not Applicable,Sealed,Wet,Not Raining,Daylight,Side Swipe,2,Driver Rider,1: PDO,No Control,,,1332495.66,1684388.47,1.33E+13
2019-4235-27/05/2021,2 Metropolitan,PARA HILLS,5096,CITY OF SALISBURY,2,0,0,0,0,2019,May,Thursday,2:00 PM,60,Not Divided,"CURVED, VIEW OPEN",Slope,Driveway or Entrance,Sealed,Wet,Raining,Daylight,Rear End,2,Driver Rider,1: PDO,No Control,,,1334590.06,1682380.54,1.33E+13
2019-4236-27/05/2021,2 Metropolitan,WOODCROFT,5162,CITY OF ONKAPARINGA,2,1,0,0,1,2019,May,Thursday,4:00 PM,50,Cross Road,Straight road,Level,Not Applicable,Sealed,Wet,Not Raining,Daylight,Rear End,1,Driver Rider,2: MI,Roundabout,,,1324204.76,1651732.12,1.32E+13
2019-4237-27/05/2021,2 Metropolitan,INGLE FARM,5098,CITY OF SALISBURY,3,1,0,0,1,2019,May,Thursday,4:00 PM,50,T-Junction,Straight road,Level,Not Applicable,Sealed,Dry,Not Raining,Daylight,Right Angle,1,Driver Rider,2: MI,No Control,,,1334151.17,1681675.04,1.33E+13
2019-4238-27/05/2021,2 Metropolitan,WALKERVILLE,5081,CITY OF PROSPECT,2,1,0,0,1,2019,May,Thursday,4:15 PM,60,Divided Road,Straight road,Level,Not Applicable,Sealed,Dry,Not Raining,Daylight,Rear End,1,Driver Rider,2: MI,No Control,,,1329631.94,1674436.37,1.33E+13
2019-4239-27/05/2021,2 Metropolitan,SALISBURY PLAIN,5109,CITY OF SALISBURY,2,0,0,0,0,2019,May,Thursday,4:10 PM,80,T-Junction,Straight road,Level,Not Applicable,Sealed,Dry,Not Raining,Daylight,Right Angle,2,Driver Rider,1: PDO,No Control,,,1334910.64,1687473.34,1.33E+13
2019-4240-27/05/2021,2 Metropolitan,ST MARYS,5042,CC MITCHAM.                   ,2,0,0,0,0,2019,May,Thursday,4:35 PM,50,Cross Road,Straight road,Level,Not Applicable,Sealed,Wet,Raining,Daylight,Right Angle,1,Driver Rider,1: PDO,Give Way Sign,,,1326482.28,1661961.93,1.33E+13
2019-4241-27/05/2021,2 Metropolitan,CLEARVIEW,5085,CITY OF PORT ADELAIDE ENFIELD,2,1,0,0,1,2019,May,Thursday,4:50 PM,50,Cross Road,Straight road,Level,Not Applicable,Sealed,Wet,Raining,Daylight,Right Angle,1,Driver Rider,2: MI,Give Way Sign,,,1330290.01,1678071.3,1.33E+13
2019-4242-27/05/2021,2 Metropolitan,CAVAN,5094,CITY OF SALISBURY,2,0,0,0,0,2019,May,Thursday,8:20 AM,70,Divided Road,Straight road,Level,Not Applicable,Sealed,Dry,Not Raining,Daylight,Side Swipe,2,Driver Rider,1: PDO,No Control,,,1328752.03,1681153.24,1.33E+13
2019-4243-27/05/2021,3 Country,PORT MACDONNELL,5291,DISTRICT COUNCIL OF GRANT,2,1,0,0,1,2019,May,Thursday,6:05 PM,50,Not Divided,"CURVED, VIEW OPEN",Level,Not Applicable,Sealed,Dry,Not Raining,Night,Hit Fixed Object,1,Driver Rider,2: MI,No Control,Y,Y,1502107.38,1316736.98,1.50E+13
2019-4244-27/05/2021,2 Metropolitan,SOUTH PLYMPTON,5038,CC MARION.                    ,2,0,0,0,0,2019,May,Thursday,6:45 PM,60,Divided Road,Straight road,Level,Not Applicable,Sealed,Wet,Raining,Night,Rear End,2,Driver Rider,1: PDO,No Control,,,1324484.05,1666113.05,1.32E+13
2019-4245-27/05/2021,2 Metropolitan,PARADISE,5075,CC CAMPBELLTOWN.              ,2,0,0,0,0,2019,May,Thursday,3:20 PM,60,T-Junction,"CURVED, VIEW OPEN",Level,Not Applicable,Sealed,Wet,Raining,Daylight,Right Angle,1,Driver Rider,1: PDO,No Control,,,1335657.4,1676732.45,1.34E+13
2019-4246-27/05/2021,2 Metropolitan,DRY CREEK,5094,CITY OF SALISBURY,2,0,0,0,0,2019,May,Thursday,11:00 AM,50,Not Divided,Straight road,Level,Not Applicable,Unsealed,Wet,Not Raining,Daylight,Hit Parked Vehicle,2,Driver Rider,1: PDO,No Control,,,1328048.91,1682415.65,1.33E+13
2019-4247-27/05/2021,3 Country,NURIOOTPA,5355,THE BAROSSA COUNCIL.,2,0,0,0,0,2019,May,Thursday,7:20 PM,60,Cross Road,Straight road,Level,Not Applicable,Sealed,Wet,Not Raining,Night,Right Angle,2,Driver Rider,1: PDO,Give Way Sign,,,1365347.68,1719916.25,1.37E+13
2019-4248-27/05/2021,2 Metropolitan,SALISBURY,5108,CITY OF SALISBURY,2,1,0,0,1,2019,May,Wednesday,8:20 AM,60,Divided Road,Straight road,Level,Driveway or Entrance,Sealed,Wet,Not Raining,Daylight,Right Angle,2,Driver Rider,2: MI,No Control,,,1332448.43,1688087.88,1.33E+13
2019-4249-27/05/2021,2 Metropolitan,BRIDGEWATER,5155,THE ADELAIDE HILLS COUNCIL,2,0,0,0,0,2019,May,Thursday,7:30 PM,80,Not Divided,"CURVED, VIEW OBSCURED",Slope,Not Applicable,Sealed,Wet,Raining,Night,Hit Fixed Object,1,Driver Rider,1: PDO,No Control,,,1344243.42,1660249.55,1.34E+13
2019-4250-27/05/2021,2 Metropolitan,MORPHETT VALE,5162,CITY OF ONKAPARINGA,2,0,0,0,0,2019,May,Thursday,8:00 PM,60,Cross Road,Straight road,Level,Not Applicable,Sealed,Wet,Raining,Night,Right Angle,1,Driver Rider,1: PDO,Roundabout,,,1321901.02,1651049.42,1.32E+13
2019-4251-27/05/2021,3 Country,LUCINDALE,5272,DC NARACOORTE & LUCINDALE.,2,1,0,0,1,2019,May,Thursday,4:30 PM,110,T-Junction,Straight road,Level,Not Applicable,Sealed,Dry,Not Raining,Daylight,Rear End,2,Driver Rider,2: MI,No Control,,,1478527.34,1435599.71,1.48E+13
2019-4252-27/05/2021,2 Metropolitan,OAKLANDS PARK,5046,CC MARION.                    ,2,0,0,0,0,2019,May,Thursday,7:00 PM,60,T-Junction,Straight road,Level,Not Applicable,Sealed,Wet,Not Raining,Night,Right Angle,2,Driver Rider,1: PDO,No Control,,,1323030.35,1661184.46,1.32E+13
2019-4253-27/05/2021,2 Metropolitan,MOUNT BARKER,5251,DC MT.BARKER.                 ,2,0,0,0,0,2019,May,Thursday,4:30 PM,80,Not Divided,"CURVED, VIEW OPEN",Slope,Not Applicable,Sealed,Wet,Raining,Daylight,Hit Fixed Object,1,Driver Rider,1: PDO,No Control,,,1348493.12,1651463.55,1.35E+13
2019-4254-27/05/2021,3 Country,MOUNT GAMBIER,5290,CC MT.GAMBIER.                ,2,0,0,0,0,2019,May,Thursday,10:00 PM,60,Cross Road,Straight road,Level,Not Applicable,Sealed,Dry,Not Raining,Night,Right Angle,2,Driver Rider,1: PDO,Traffic Signals,,,1510831.32,1341789.11,1.51E+13
2019-4255-27/05/2021,2 Metropolitan,PROSPECT,5082,CITY OF PROSPECT,2,0,0,0,0,2019,May,Thursday,11:00 PM,50,Divided Road,Straight road,Unknown,Driveway or Entrance,Sealed,Wet,Raining,Night,Right Angle,2,Driver Rider,1: PDO,No Control,,,1328100.51,1674569.35,1.33E+13
2019-4256-27/05/2021,2 Metropolitan,MORPHETT VALE,5162,CITY OF ONKAPARINGA,2,1,0,0,1,2019,May,Thursday,9:30 PM,50,Not Divided,"CURVED, VIEW OPEN",Level,Not Applicable,Sealed,Wet,Raining,Night,Hit Fixed Object,1,Driver Rider,2: MI,No Control,,Y,1322171.03,1649344.09,1.32E+13
2019-4257-27/05/2021,2 Metropolitan,SHEIDOW PARK,5158,CC MARION.                    ,2,0,0,0,0,2019,May,Thursday,2:15 AM,50,Not Divided,"CURVED, VIEW OPEN",Slope,Not Applicable,Sealed,Wet,Not Raining,Night,Hit Fixed Object,1,Driver Rider,1: PDO,No Control,,,1322164.6,1654093.68,1.32E+13
2019-4258-27/05/2021,2 Metropolitan,CAMPBELLTOWN,5074,CC CAMPBELLTOWN.              ,2,0,0,0,0,2019,May,Thursday,11:30 PM,50,Not Divided,"CURVED, VIEW OPEN",Slope,Not Applicable,Sealed,Wet,Raining,Night,Hit Fixed Object,1,Driver Rider,1: PDO,No Control,,,1333418.86,1675988.78,1.33E+13
2019-4259-27/05/2021,2 Metropolitan,SEATON,5023,CITY OF CHARLES STURT,2,0,0,0,0,2019,May,Friday,12:00 AM,60,Divided Road,Straight road,Level,Not Applicable,Sealed,Wet,Not Raining,Night,Hit Parked Vehicle,1,Driver Rider,1: PDO,No Control,,,1320714.81,1675664.55,1.32E+13
2019-4260-27/05/2021,2 Metropolitan,WOODVILLE SOUTH,5011,CITY OF CHARLES STURT,2,0,0,0,0,2019,May,Friday,4:00 AM,60,Cross Road,Straight road,Level,Not Applicable,Sealed,Dry,Not Raining,Night,Hit Fixed Object,1,Driver Rider,1: PDO,Traffic Signals,,,1322731.97,1675830.92,1.32E+13
2019-4261-27/05/2021,2 Metropolitan,BLAIR ATHOL,5084,CITY OF PORT ADELAIDE ENFIELD,2,1,0,1,0,2019,May,Friday,3:45 AM,50,Cross Road,Straight road,Level,Not Applicable,Sealed,Dry,Not Raining,Night,Hit Fixed Object,1,Driver Rider,3: SI,Roundabout,,Y,1328376.36,1678792.75,1.33E+13
2019-4262-27/05/2021,3 Country,YAHL,5291,DISTRICT COUNCIL OF GRANT,2,1,0,0,1,2019,May,Friday,4:45 AM,80,Divided Road,Straight road,Crest of Hill,Not Applicable,Sealed,Wet,Not Raining,Night,Hit Fixed Object,1,Driver Rider,2: MI,No Control,Y,,1513867.49,1338429.31,1.51E+13
2019-4263-27/05/2021,2 Metropolitan,THORNGATE,5082,CITY OF PROSPECT,2,0,0,0,0,2019,May,Friday,6:21 AM,60,Cross Road,Straight road,Level,Not Applicable,Sealed,Wet,Not Raining,Night,Right Turn,2,Driver Rider,1: PDO,Traffic Signals,,,1328116.31,1673675.73,1.33E+13
2019-4264-27/05/2021,2 Metropolitan,PROSPECT,5082,CITY OF PROSPECT,1,0,0,0,0,2019,May,Friday,6:15 AM,60,Cross Road,Straight road,Level,Not Applicable,Sealed,Dry,Not Raining,Night,Left Road - Out of Control,1,Driver Rider,1: PDO,Traffic Signals,,,1328059.62,1676423.15,1.33E+13
2019-4265-27/05/2021,2 Metropolitan,DARLINGTON,5047,CC MARION.                    ,3,1,0,0,1,2019,May,Friday,4:53 AM,80,Freeway,"CURVED, VIEW OPEN",Bottom of Hill,Not Applicable,Sealed,Wet,Not Raining,Night,Hit Fixed Object,1,Driver Rider,2: MI,No Control,,,1324027,1659242.06,1.32E+13
2019-4266-27/05/2021,2 Metropolitan,COLONEL LIGHT GARDENS,5041,CC MITCHAM.                   ,2,0,0,0,0,2019,May,Friday,7:35 AM,50,Not Divided,Straight road,Level,Not Applicable,Sealed,Dry,Not Raining,Daylight,Hit Parked Vehicle,1,Driver Rider,1: PDO,No Control,,,1327793.33,1664078.83,1.33E+13
2019-4267-27/05/2021,2 Metropolitan,PARKSIDE,5063,CITY OF UNLEY,2,0,0,0,0,2019,May,Thursday,1:05 PM,60,Cross Road,Straight road,Level,Not Applicable,Sealed,Wet,Raining,Daylight,Right Angle,1,Driver Rider,1: PDO,Stop Sign,,,1329069.58,1668563.26,1.33E+13
2019-4268-27/05/2021,2 Metropolitan,MYRTLE BANK,5064,CITY OF UNLEY,3,0,0,0,0,2019,May,Thursday,9:00 AM,60,T-Junction,Straight road,Level,Not Applicable,Sealed,Wet,Raining,Daylight,Rear End,1,Driver Rider,1: PDO,No Control,,,1330754.41,1666678.65,1.33E+13
2019-4269-27/05/2021,2 Metropolitan,ROSE PARK,5067,CITY OF BURNSIDE,2,0,0,0,0,2019,May,Friday,7:54 AM,60,T-Junction,Straight road,Level,Not Applicable,Sealed,Wet,Not Raining,Daylight,Right Turn,1,Driver Rider,1: PDO,Traffic Signals,,,1330659.98,1669865.61,1.33E+13