REPORT_ID,Stats Area,Suburb,Postcode,LGA Name,Total Units,Total Cas,Total Fats,Total SI,Total MI,Year,Month,Day,Time,Area Speed,Position Type,Horizontal Align,Vertical Align,Other Feat,Road Surface,Moisture Cond,Weather Cond,DayNight,Crash Type,Unit Resp,Entity Code,CSEF Severity,Traffic Ctrls,DUI Involved,Drugs Involved,ACCLOC_X,ACCLOC_Y,UNIQUE_LOC
2019-4270-27/05/2021,3 Country,MURRAY BRIDGE,5253,RC MURRAY BRIDGE.             ,2,0,0,0,0,2019,May,Friday,9:00 AM,60,T-Junction,Straight road,Level,Not Applicable,Sealed,Dry,Not Raining,Daylight,Rear End,2,Driver Rider,1: PDO,No Control,,,1388049.06,1645508.69,1.39E+13
2019-4271-27/05/2021,2 Metropolitan,LOCKLEYS,5032,CITY OF WEST TORRENS,2,0,0,0,0,2019,May,Friday,8:40 AM,60,T-Junction,Straight road,Level,Not Applicable,Sealed,Dry,Not Raining,Daylight,Right Angle,2,Driver Rider,1: PDO,No Control,,,1321516.01,1670852.29,1.32E+13
2019-4272-27/05/2021,3 Country,WAIKERIE,5330,LOXTON WAIKERIE DISTRICT COUNCIL,2,0,0,0,0,2019,May,Friday,8:40 AM,60,T-Junction,Straight road,Level,Not Applicable,Sealed,Dry,Not Raining,Daylight,Right Angle,1,Driver Rider,1: PDO,Give Way Sign,,,1458276.93,1747916.31,1.46E+13
2019-4273-27/05/2021,2 Metropolitan,SHEIDOW PARK,5158,CC MARION.                    ,2,0,0,0,0,2019,May,Thursday,5:55 PM,80,Cross Road,Straight road,Level,Not Applicable,Sealed,Wet,Raining,Night,Rear End,2,Driver Rider,1: PDO,Traffic Signals,,,1320343.3,1653904.34,1.32E+13
2019-4274-27/05/2021,2 Metropolitan,GILLES PLAINS,5086,CITY OF PORT ADELAIDE ENFIELD,2,0,0,0,0,2019,May,Friday,8:56 AM,60,T-Junction,Straight road,Level,Not Applicable,Sealed,Dry,Not Raining,Daylight,Rear End,2,Driver Rider,1: PDO,Traffic Signals,,,1334573.68,1678464.04,1.33E+13
2019-4275-27/05/2021,2 Metropolitan,WAYVILLE,5034,CITY OF UNLEY,2,1,0,0,1,2019,May,Wednesday,12:30 PM,60,T-Junction,Straight road,Level,Not Applicable,Sealed,Wet,Raining,Daylight,Right Angle,2,Driver Rider,2: MI,No Control,,,1327440.06,1668517.65,1.33E+13
2019-4276-27/05/2021,2 Metropolitan,SALISBURY EAST,5109,CITY OF SALISBURY,2,1,0,0,1,2019,May,Thursday,5:30 PM,60,T-Junction,Straight road,Level,Not Applicable,Sealed,Dry,Not Raining,Daylight,Rear End,2,Driver Rider,2: MI,No Control,,,1333610.1,1685123.47,1.33E+13
2019-4277-27/05/2021,3 Country,MAGAREY,5280,WATTLE RANGE COUNCIL,2,1,0,0,1,2019,May,Thursday,4:30 PM,100,Not Divided,"CURVED, VIEW OBSCURED",Unknown,Not Applicable,Sealed,Dry,Not Raining,Daylight,Head On,1,Driver Rider,2: MI,No Control,,,1453176.31,1386772.13,1.45E+13
2019-4278-27/05/2021,2 Metropolitan,GAWLER,5118,CT GAWLER.                    ,2,0,0,0,0,2019,May,Friday,11:00 AM,50,Divided Road,Straight road,Unknown,Not Applicable,Sealed,Dry,Not Raining,Daylight,Side Swipe,2,Driver Rider,1: PDO,No Control,,,1343157.49,1707091.8,1.34E+13
2019-4279-27/05/2021,2 Metropolitan,KANGARILLA,5157,CITY OF ONKAPARINGA,2,0,0,0,0,2019,May,Thursday,8:00 PM,80,Not Divided,Straight road,Level,Not Applicable,Sealed,Wet,Raining,Night,Roll Over,1,Driver Rider,1: PDO,No Control,,,1329869.23,1644668.62,1.33E+13
2019-4280-27/05/2021,2 Metropolitan,MALVERN,5061,CITY OF UNLEY,2,0,0,0,0,2019,May,Thursday,8:45 PM,50,Cross Road,"CURVED, VIEW OPEN",Level,Not Applicable,Sealed,Wet,Not Raining,Night,Right Angle,2,Driver Rider,1: PDO,Roundabout,,,1329503.33,1667447.89,1.33E+13
2019-4281-27/05/2021,2 Metropolitan,PANORAMA,5041,CC MITCHAM.                   ,2,0,0,0,0,2019,May,Thursday,2:00 PM,60,T-Junction,Straight road,Level,Not Applicable,Sealed,Wet,Raining,Daylight,Side Swipe,2,Driver Rider,1: PDO,Traffic Signals,,,1327592.73,1663487.35,1.33E+13
2019-4282-27/05/2021,2 Metropolitan,INGLE FARM,5098,CITY OF SALISBURY,2,2,0,0,2,2019,May,Thursday,6:15 PM,60,T-Junction,Straight road,Slope,Not Applicable,Sealed,Dry,Not Raining,Night,Rear End,2,Driver Rider,2: MI,Traffic Signals,,,1333095.45,1681419.02,1.33E+13
2019-4283-27/05/2021,2 Metropolitan,KINGSWOOD,5062,CC MITCHAM.                   ,2,0,0,0,0,2019,May,Friday,8:38 AM,60,Divided Road,Straight road,Slope,Not Applicable,Sealed,Wet,Not Raining,Daylight,Side Swipe,2,Driver Rider,1: PDO,No Control,,,1329213.16,1666255.8,1.33E+13
2019-4284-27/05/2021,2 Metropolitan,PAYNEHAM SOUTH,5070,"CC OF NORWOOD,PAYNEHAM & ST PETERS",2,0,0,0,0,2019,May,Friday,12:30 PM,50,Cross Road,Straight road,Level,Not Applicable,Sealed,Dry,Not Raining,Daylight,Right Angle,1,Driver Rider,1: PDO,Roundabout,,,1332745.92,1672867.74,1.33E+13
2019-4285-27/05/2021,2 Metropolitan,ADELAIDE AIRPORT,5950,CITY OF WEST TORRENS,2,0,0,0,0,2019,May,Friday,11:45 AM,60,Not Divided,Straight road,Level,Not Applicable,Sealed,Dry,Not Raining,Daylight,Rear End,2,Driver Rider,1: PDO,No Control,,,1321510.8,1667085.5,1.32E+13
2019-4286-27/05/2021,2 Metropolitan,MORPHETT VALE,5162,CITY OF ONKAPARINGA,3,2,0,0,2,2019,May,Friday,12:25 PM,70,Cross Road,Straight road,Level,Not Applicable,Sealed,Wet,Raining,Daylight,Right Angle,1,Driver Rider,2: MI,Traffic Signals,,,1319579.72,1650985.16,1.32E+13
2019-4287-27/05/2021,2 Metropolitan,MAWSON LAKES,5095,CITY OF SALISBURY,2,3,0,0,3,2019,May,Friday,1:55 PM,50,T-Junction,Straight road,Level,Not Applicable,Sealed,Wet,Not Raining,Daylight,Right Angle,2,Driver Rider,2: MI,No Control,,,1330486.09,1683736.33,1.33E+13
2019-4288-27/05/2021,2 Metropolitan,MORPHETT VALE,5162,CITY OF ONKAPARINGA,2,0,0,0,0,2019,May,Friday,2:00 PM,60,T-Junction,Straight road,Level,Not Applicable,Sealed,Wet,Raining,Daylight,Right Angle,2,Driver Rider,1: PDO,No Control,,,1320246.05,1647512.11,1.32E+13
2019-4289-27/05/2021,2 Metropolitan,CLOVELLY PARK,5042,CC MARION.                    ,2,2,0,0,2,2019,May,Friday,2:15 PM,50,Cross Road,Straight road,Level,Not Applicable,Sealed,Wet,Raining,Daylight,Right Angle,2,Driver Rider,2: MI,Give Way Sign,,,1325259.2,1662938.59,1.33E+13
2019-4290-27/05/2021,2 Metropolitan,STIRLING,5152,THE ADELAIDE HILLS COUNCIL,2,0,0,0,0,2019,May,Friday,2:55 PM,90,Freeway,Straight road,Slope,Not Applicable,Sealed,Wet,Raining,Daylight,Hit Fixed Object,1,Driver Rider,1: PDO,No Control,,,1338123.42,1662287.35,1.34E+13
2019-4291-27/05/2021,2 Metropolitan,CHRISTIES BEACH,5165,CITY OF ONKAPARINGA,2,0,0,0,0,2019,May,Friday,1:20 PM,50,Not Divided,Straight road,Level,Not Applicable,Sealed,Wet,Raining,Daylight,Hit Parked Vehicle,1,Driver Rider,1: PDO,No Control,,,1315786.16,1647109.02,1.32E+13
2019-4292-27/05/2021,2 Metropolitan,PARA HILLS WEST,5096,CITY OF SALISBURY,2,1,0,0,1,2019,May,Friday,3:30 PM,60,T-Junction,Straight road,Level,Not Applicable,Sealed,Wet,Not Raining,Daylight,Rear End,2,Driver Rider,2: MI,No Control,,,1334052.2,1684481.31,1.33E+13
2019-4293-27/05/2021,2 Metropolitan,MCLAREN VALE,5171,CITY OF ONKAPARINGA,2,0,0,0,0,2019,May,Friday,3:47 PM,80,Not Divided,Straight road,Slope,Not Applicable,Sealed,Dry,Not Raining,Daylight,Rear End,2,Driver Rider,1: PDO,No Control,,,1318507.87,1641479.18,1.32E+13
2019-4294-27/05/2021,2 Metropolitan,SEACLIFF PARK,5049,CC MARION.                    ,3,1,0,1,0,2019,May,Thursday,9:00 PM,60,Divided Road,Straight road,Slope,Not Applicable,Sealed,Wet,Raining,Night,Hit Fixed Object,1,Driver Rider,3: SI,No Control,,,1321848.12,1657507.62,1.32E+13
2019-4295-27/05/2021,2 Metropolitan,TROTT PARK,5158,CC MARION.                    ,2,1,0,0,1,2019,May,Thursday,6:45 PM,60,Not Divided,Straight road,Crest of Hill,Not Applicable,Sealed,Wet,Not Raining,Night,Rear End,2,Driver Rider,2: MI,No Control,,,1322344.62,1654200.19,1.32E+13
2019-4296-27/05/2021,3 Country,WORROLONG,5291,DISTRICT COUNCIL OF GRANT,2,0,0,0,0,2019,May,Friday,3:51 PM,80,Cross Road,Straight road,Crest of Hill,Not Applicable,Sealed,Dry,Not Raining,Daylight,Right Angle,2,Driver Rider,1: PDO,Give Way Sign,,,1512927.2,1342115.52,1.51E+13
2019-4297-27/05/2021,2 Metropolitan,WINGFIELD,5013,CITY OF PORT ADELAIDE ENFIELD,3,0,0,0,0,2019,May,Friday,8:15 AM,90,Ramp On,"CURVED, VIEW OPEN",Slope,Not Applicable,Sealed,Dry,Not Raining,Daylight,Other,2,Driver Rider,1: PDO,No Control,,,1325532.27,1681014.51,1.33E+13
2019-4298-27/05/2021,2 Metropolitan,FREWVILLE,5063,CITY OF UNLEY,2,0,0,0,0,2019,May,Friday,4:15 PM,60,Divided Road,Straight road,Slope,Not Applicable,Sealed,Wet,Raining,Daylight,Rear End,2,Driver Rider,1: PDO,No Control,,,1330786.93,1668256.3,1.33E+13
2019-4299-27/05/2021,2 Metropolitan,SALISBURY PLAIN,5109,CITY OF SALISBURY,2,2,0,0,2,2019,May,Friday,4:32 PM,50,Not Divided,Straight road,Level,Driveway or Entrance,Sealed,Wet,Raining,Daylight,Rear End,2,Driver Rider,2: MI,No Control,,,1333973.14,1688132.23,1.33E+13
2019-4300-27/05/2021,2 Metropolitan,FULLARTON,5063,CITY OF UNLEY,3,0,0,0,0,2019,May,Thursday,5:20 PM,60,Not Divided,Straight road,Level,Not Applicable,Sealed,Wet,Raining,Daylight,Rear End,1,Driver Rider,1: PDO,No Control,,,1330732.88,1667425.73,1.33E+13
2019-4301-27/05/2021,2 Metropolitan,MCLAREN VALE,5171,CITY OF ONKAPARINGA,3,0,0,0,0,2019,May,Friday,4:30 PM,100,Not Divided,Straight road,Slope,Not Applicable,Sealed,Dry,Not Raining,Daylight,Rear End,1,Driver Rider,1: PDO,No Control,,,1320518.06,1638583.23,1.32E+13
2019-4302-27/05/2021,2 Metropolitan,WALKERVILLE,5081,WALKERVILLE TOWN COUNCIL,2,0,0,0,0,2019,May,Friday,5:05 PM,60,Cross Road,Straight road,Level,Not Applicable,Sealed,Wet,Raining,Daylight,Right Turn,1,Driver Rider,1: PDO,Traffic Signals,,,1329483.39,1674233.16,1.33E+13
2019-4303-27/05/2021,1 City,ADELAIDE,5000,CITY OF ADELAIDE,2,0,0,0,0,2019,May,Friday,3:00 PM,50,T-Junction,Straight road,Level,Not Applicable,Sealed,Dry,Not Raining,Daylight,Right Turn,1,Driver Rider,1: PDO,No Control,,,1327771.4,1669703,1.33E+13
2019-4304-27/05/2021,2 Metropolitan,MCLAREN VALE,5171,CITY OF ONKAPARINGA,2,2,0,0,2,2019,May,Friday,4:30 PM,80,Not Divided,Straight road,Slope,Not Applicable,Sealed,Dry,Not Raining,Daylight,Rear End,2,Driver Rider,2: MI,No Control,,,1319482.11,1640935.55,1.32E+13
2019-4305-27/05/2021,3 Country,KAPUNDA,5373,LIGHT REGIONAL COUNCIL,2,0,0,0,0,2019,May,Friday,3:12 PM,100,Not Divided,"CURVED, VIEW OBSCURED",Crest of Hill,Not Applicable,Sealed,Wet,Not Raining,Daylight,Hit Fixed Object,1,Driver Rider,1: PDO,No Control,,,1352977.23,1739414.45,1.35E+13
2019-4306-27/05/2021,2 Metropolitan,MAWSON LAKES,5095,CITY OF SALISBURY,3,0,0,0,0,2019,May,Friday,5:20 PM,50,T-Junction,"CURVED, VIEW OPEN",Level,Not Applicable,Sealed,Wet,Raining,Daylight,Hit Fixed Object,1,Driver Rider,1: PDO,No Control,,,1329363.84,1683928.16,1.33E+13
2019-4307-27/05/2021,2 Metropolitan,ST MARYS,5042,CC MITCHAM.                   ,3,0,0,0,0,2019,May,Friday,1:15 PM,60,Cross Road,Straight road,Level,Not Applicable,Sealed,Dry,Not Raining,Daylight,Side Swipe,2,Driver Rider,1: PDO,Traffic Signals,,,1325965.37,1663322.86,1.33E+13
2019-4308-27/05/2021,1 City,ADELAIDE,5000,CITY OF ADELAIDE,2,0,0,0,0,2019,May,Thursday,6:00 PM,50,Not Divided,Straight road,Level,Not Applicable,Sealed,Wet,Raining,Night,Side Swipe,1,Driver Rider,1: PDO,No Control,,,1328565.3,1669575.92,1.33E+13
2019-4309-27/05/2021,2 Metropolitan,ATHELSTONE,5076,CC CAMPBELLTOWN.              ,2,0,0,0,0,2019,May,Friday,5:45 PM,60,Not Divided,Straight road,Level,Driveway or Entrance,Sealed,Wet,Raining,Night,Right Turn,2,Driver Rider,1: PDO,No Control,,,1337858.56,1676384.27,1.34E+13
2019-4310-27/05/2021,2 Metropolitan,QUEENSTOWN,5014,CITY OF PORT ADELAIDE ENFIELD,3,1,0,0,1,2019,May,Friday,7:10 PM,60,Divided Road,Straight road,Level,Not Applicable,Sealed,Wet,Raining,Night,Rear End,2,Driver Rider,2: MI,No Control,,,1320813.65,1677557.84,1.32E+13
2019-4311-27/05/2021,2 Metropolitan,PAYNEHAM,5070,"CC OF NORWOOD,PAYNEHAM & ST PETERS",3,0,0,0,0,2019,May,Friday,6:10 PM,60,Divided Road,Straight road,Level,Not Applicable,Sealed,Wet,Raining,Night,Rear End,1,Driver Rider,1: PDO,No Control,,,1332177.86,1673660.76,1.33E+13
2019-4312-27/05/2021,2 Metropolitan,MAWSON LAKES,5095,CITY OF SALISBURY,2,0,0,0,0,2019,May,Friday,7:30 PM,50,Cross Road,Straight road,Level,Not Applicable,Sealed,Wet,Raining,Night,Right Angle,2,Driver Rider,1: PDO,Give Way Sign,,,1330475.76,1683532.38,1.33E+13
2019-4313-27/05/2021,2 Metropolitan,PENNINGTON,5013,CITY OF CHARLES STURT,2,0,0,0,0,2019,May,Friday,6:20 PM,60,T-Junction,Straight road,Level,Not Applicable,Sealed,Wet,Not Raining,Night,Rear End,2,Driver Rider,1: PDO,No Control,,,1322283.87,1678354.18,1.32E+13
2019-4314-27/05/2021,2 Metropolitan,WATERLOO CORNER,5110,CITY OF SALISBURY,2,1,0,0,1,2019,May,Friday,8:30 PM,90,T-Junction,Straight road,Level,Not Applicable,Sealed,Wet,Raining,Night,Right Angle,2,Driver Rider,2: MI,Traffic Signals,,,1327645.93,1692118.06,1.33E+13
2019-4315-27/05/2021,2 Metropolitan,BASKET RANGE,5138,THE ADELAIDE HILLS COUNCIL,1,0,0,0,0,2019,May,Thursday,10:10 PM,80,Not Divided,"CURVED, VIEW OBSCURED",Level,Not Applicable,Sealed,Wet,Not Raining,Night,Left Road - Out of Control,1,Driver Rider,1: PDO,No Control,,,1343781.28,1668488.29,1.34E+13
2019-4316-27/05/2021,3 Country,BERRI,5343,THE BERRI BARMERA COUNCIL,2,0,0,0,0,2019,May,Friday,10:30 PM,50,Not Divided,"CURVED, VIEW OBSCURED",Bottom of Hill,Not Applicable,Sealed,Dry,Not Raining,Night,Hit Fixed Object,1,Driver Rider,1: PDO,No Control,,,1515439.48,1734682.66,1.52E+13
2019-4317-27/05/2021,2 Metropolitan,OTTOWAY,5013,CITY OF PORT ADELAIDE ENFIELD,2,1,0,0,1,2019,May,Saturday,11:44 PM,60,T-Junction,Straight road,Level,Not Applicable,Sealed,Dry,Not Raining,Night,Right Angle,2,Driver Rider,2: MI,Traffic Signals,,,1323011.02,1679141.01,1.32E+13
2019-4318-27/05/2021,2 Metropolitan,CLARENDON,5157,CITY OF ONKAPARINGA,2,0,0,0,0,2019,May,Saturday,12:10 AM,70,Not Divided,"CURVED, VIEW OBSCURED",Slope,Not Applicable,Sealed,Wet,Not Raining,Night,Hit Fixed Object,1,Driver Rider,1: PDO,No Control,,,1329696.7,1650945.3,1.33E+13
2019-4319-27/05/2021,3 Country,SPRING FARM,5453,CLARE AND GILBERT VALLEYS DISTRICT COUNCIL,1,0,0,0,0,2019,May,Friday,11:40 PM,80,T-Junction,"CURVED, VIEW OPEN",Slope,Not Applicable,Sealed,Wet,Not Raining,Night,Roll Over,1,Driver Rider,1: PDO,No Control,,,1334649.72,1792020.57,1.33E+13
2019-4320-27/05/2021,3 Country,NORMANVILLE,5204,DC YANKALILLA.                ,1,1,0,0,1,2019,May,Saturday,12:40 AM,100,Not Divided,"CURVED, VIEW OBSCURED",Slope,Not Applicable,Sealed,Dry,Not Raining,Night,Roll Over,1,Driver Rider,2: MI,No Control,,,1297327.8,1609722.44,1.30E+13
2019-4321-27/05/2021,2 Metropolitan,RENOWN PARK,5008,CITY OF CHARLES STURT,2,0,0,0,0,2019,May,Saturday,3:50 AM,60,Divided Road,Straight road,Level,Not Applicable,Sealed,Wet,Not Raining,Night,Hit Parked Vehicle,2,Driver Rider,1: PDO,No Control,,,1325845.07,1674945.18,1.33E+13
2019-4322-27/05/2021,2 Metropolitan,PAYNEHAM,5070,"CC OF NORWOOD,PAYNEHAM & ST PETERS",2,0,0,0,0,2019,May,Saturday,6:30 AM,60,Cross Road,"CURVED, VIEW OPEN",Level,Not Applicable,Sealed,Dry,Not Raining,Night,Hit Fixed Object,1,Driver Rider,1: PDO,Traffic Signals,,,1332176.1,1673782.43,1.33E+13
2019-4323-27/05/2021,2 Metropolitan,MODBURY,5092,CITY OF TEA TREE GULLY,2,0,0,0,0,2019,May,Saturday,7:00 AM,60,Cross Road,Straight road,Level,Not Applicable,Sealed,Wet,Raining,Daylight,Hit Fixed Object,1,Driver Rider,1: PDO,Traffic Signals,,,1336189.32,1680597.27,1.34E+13
2019-4324-27/05/2021,2 Metropolitan,PLYMPTON,5038,CITY OF WEST TORRENS,2,0,0,0,0,2019,May,Friday,4:30 PM,60,Cross Road,Straight road,Level,Not Applicable,Sealed,Wet,Not Raining,Daylight,Right Turn,2,Driver Rider,1: PDO,Traffic Signals,,,1323619.17,1666111.33,1.32E+13
2019-4325-27/05/2021,2 Metropolitan,TERINGIE,5072,THE ADELAIDE HILLS COUNCIL,2,1,0,0,1,2019,May,Saturday,8:48 AM,60,Not Divided,"CURVED, VIEW OPEN",Slope,Not Applicable,Sealed,Wet,Not Raining,Daylight,Hit Animal,2,Animal,2: MI,No Control,,,1337356.02,1672079.01,1.34E+13
2019-4326-27/05/2021,2 Metropolitan,MYLOR,5153,THE ADELAIDE HILLS COUNCIL,2,1,0,0,1,2019,May,Saturday,8:05 AM,80,Not Divided,"CURVED, VIEW OPEN",Slope,Not Applicable,Sealed,Wet,Not Raining,Daylight,Hit Fixed Object,1,Driver Rider,2: MI,No Control,,,1340937.21,1657383.29,1.34E+13
2019-4327-27/05/2021,2 Metropolitan,PENNINGTON,5013,CITY OF CHARLES STURT,3,0,0,0,0,2019,May,Saturday,9:19 AM,50,T-Junction,Straight road,Level,Not Applicable,Sealed,Dry,Not Raining,Daylight,Right Angle,1,Driver Rider,1: PDO,No Control,,,1322736.14,1678724.44,1.32E+13
2019-4328-27/05/2021,2 Metropolitan,HACKHAM,5163,CITY OF ONKAPARINGA,2,0,0,0,0,2019,May,Friday,9:25 AM,50,Not Divided,Straight road,Level,Not Applicable,Sealed,Dry,Not Raining,Daylight,Rear End,2,Driver Rider,1: PDO,No Control,,,1321615.94,1647169.12,1.32E+13
2019-4329-27/05/2021,2 Metropolitan,THEBARTON,5031,CITY OF WEST TORRENS,2,0,0,0,0,2019,May,Wednesday,10:00 AM,60,Divided Road,Straight road,Level,Not Applicable,Sealed,Wet,Raining,Daylight,Rear End,1,Driver Rider,1: PDO,No Control,,,1325678.61,1671396.19,1.33E+13
2019-4330-27/05/2021,2 Metropolitan,VIRGINIA,5120,CITY OF PLAYFORD.,2,1,0,0,1,2019,May,Saturday,11:05 AM,80,Not Divided,Straight road,Level,Not Applicable,Sealed,Dry,Not Raining,Daylight,Side Swipe,1,Driver Rider,2: MI,No Control,,,1325990.55,1699775.43,1.33E+13
2019-4331-27/05/2021,1 City,ADELAIDE,5000,CITY OF ADELAIDE,2,0,0,0,0,2019,May,Thursday,5:00 PM,60,Divided Road,Straight road,Level,Not Applicable,Sealed,Wet,Raining,Daylight,Rear End,2,Driver Rider,1: PDO,No Control,,,1326653.15,1671465.06,1.33E+13
2019-4332-27/05/2021,2 Metropolitan,MUNNO PARA WEST,5115,CITY OF PLAYFORD.,2,0,0,0,0,2019,May,Saturday,12:55 PM,60,T-Junction,Straight road,Level,Not Applicable,Sealed,Dry,Not Raining,Daylight,Right Angle,1,Driver Rider,1: PDO,Stop Sign,,,1335158.21,1699396.86,1.34E+13
2019-4333-27/05/2021,2 Metropolitan,MAWSON LAKES,5095,CITY OF SALISBURY,4,0,0,0,0,2019,May,Saturday,1:38 PM,50,Not Divided,Straight road,Level,Not Applicable,Sealed,Dry,Not Raining,Daylight,Hit Parked Vehicle,1,Driver Rider,1: PDO,No Control,,,1330297.19,1683679.63,1.33E+13
2019-4334-27/05/2021,2 Metropolitan,PARKSIDE,5063,CITY OF UNLEY,2,0,0,0,0,2019,May,Friday,6:15 PM,50,Not Divided,Straight road,Level,Not Applicable,Sealed,Wet,Raining,Night,Hit Parked Vehicle,2,Driver Rider,1: PDO,No Control,,,1329617.41,1668526.96,1.33E+13
2019-4335-27/05/2021,2 Metropolitan,COROMANDEL VALLEY,5051,CITY OF ONKAPARINGA,2,0,0,0,0,2019,May,Saturday,12:55 PM,60,Not Divided,Straight road,Level,Not Applicable,Sealed,Dry,Not Raining,Daylight,Rear End,2,Driver Rider,1: PDO,No Control,,,1330354.55,1657724.8,1.33E+13
2019-4336-27/05/2021,2 Metropolitan,TORRENSVILLE,5031,CITY OF WEST TORRENS,2,0,0,0,0,2019,May,Saturday,1:45 PM,60,Cross Road,Straight road,Level,Not Applicable,Sealed,Dry,Not Raining,Daylight,Rear End,1,Driver Rider,1: PDO,Traffic Signals,,,1325436.2,1672006.42,1.33E+13
2019-4337-27/05/2021,2 Metropolitan,WINDSOR GARDENS,5087,CITY OF PORT ADELAIDE ENFIELD,2,0,0,0,0,2019,May,Saturday,2:30 PM,50,Y-Junction,"CURVED, VIEW OPEN",Slope,Not Applicable,Sealed,Dry,Not Raining,Daylight,Hit Fixed Object,1,Driver Rider,1: PDO,Give Way Sign,,,1333811.61,1677280.41,1.33E+13
2019-4338-27/05/2021,2 Metropolitan,DAW PARK,5041,CC MITCHAM.                   ,2,0,0,0,0,2019,May,Saturday,1:00 PM,60,Divided Road,Straight road,Level,Not Applicable,Sealed,Dry,Not Raining,Daylight,Rear End,2,Driver Rider,1: PDO,No Control,,,1327543.29,1664917.55,1.33E+13
2019-4339-27/05/2021,2 Metropolitan,MODBURY,5092,CITY OF TEA TREE GULLY,2,1,0,0,1,2019,May,Saturday,3:14 PM,60,T-Junction,Straight road,Level,Driveway or Entrance,Sealed,Dry,Not Raining,Daylight,Hit Pedestrian,2,Pedestrian,2: MI,Traffic Signals,,,1337045.81,1680961.79,1.34E+13
2019-4340-27/05/2021,2 Metropolitan,GLENGOWRIE,5044,CC MARION.                    ,2,0,0,0,0,2019,May,Saturday,2:30 PM,60,Not Divided,Straight road,Level,Not Applicable,Sealed,Dry,Not Raining,Daylight,Rear End,2,Driver Rider,1: PDO,No Control,,,1322687.48,1663608,1.32E+13
2019-4341-27/05/2021,3 Country,KONGAL,5270,DC TATIARA.                   ,2,1,1,0,0,2019,May,Saturday,8:35 AM,110,Not Divided,"CURVED, VIEW OPEN",Level,Not Applicable,Sealed,Dry,Not Raining,Daylight,Hit Fixed Object,1,Driver Rider,4: Fatal,No Control,,,1493982.53,1503849.61,1.49E+13
2019-4342-27/05/2021,2 Metropolitan,PETWOOD,5254,DC MT.BARKER.                 ,1,1,0,1,0,2019,May,Friday,2:40 PM,110,Freeway,"CURVED, VIEW OPEN",Level,Not Applicable,Sealed,Wet,Raining,Daylight,Roll Over,1,Driver Rider,3: SI,No Control,,,1360434.64,1651960.43,1.36E+13
2019-4343-27/05/2021,2 Metropolitan,HOLDEN HILL,5088,CITY OF PORT ADELAIDE ENFIELD,2,0,0,0,0,2019,May,Friday,3:30 PM,50,Not Divided,Straight road,Level,Not Applicable,Sealed,Wet,Raining,Daylight,Hit Parked Vehicle,1,Driver Rider,1: PDO,No Control,,,1334610.48,1678066.64,1.33E+13
2019-4344-27/05/2021,2 Metropolitan,CLAPHAM,5062,CC MITCHAM.                   ,3,0,0,0,0,2019,May,Saturday,2:32 PM,60,Not Divided,Straight road,Slope,Not Applicable,Sealed,Dry,Not Raining,Daylight,Rear End,1,Driver Rider,1: PDO,No Control,,,1328780.12,1663521.32,1.33E+13
2019-4345-27/05/2021,2 Metropolitan,BEVERLEY,5009,CITY OF CHARLES STURT,2,1,0,0,1,2019,May,Saturday,10:20 AM,60,Divided Road,Straight road,Level,Driveway or Entrance,Sealed,Dry,Not Raining,Daylight,Rear End,2,Driver Rider,2: MI,No Control,,,1324100.96,1673175.91,1.32E+13
2019-4346-27/05/2021,2 Metropolitan,PORT ADELAIDE,5015,CITY OF PORT ADELAIDE ENFIELD,2,0,0,0,0,2019,May,Saturday,4:20 PM,50,Divided Road,Straight road,Level,Not Applicable,Sealed,Dry,Not Raining,Daylight,Rear End,2,Driver Rider,1: PDO,No Control,,,1320327.1,1679646.36,1.32E+13
2019-4347-27/05/2021,2 Metropolitan,TONSLEY,5042,CC MITCHAM.                   ,2,0,0,0,0,2019,May,Saturday,4:55 PM,40,Divided Road,Straight road,Level,Roadworks,Sealed,Dry,Not Raining,Daylight,Side Swipe,2,Driver Rider,1: PDO,No Control,,,1326014.5,1661359.96,1.33E+13
2019-4348-27/05/2021,2 Metropolitan,CASTAMBUL,5076,THE ADELAIDE HILLS COUNCIL,3,0,0,0,0,2019,May,Saturday,3:43 PM,70,Not Divided,"CURVED, VIEW OPEN",Level,Not Applicable,Sealed,Dry,Not Raining,Daylight,Hit Object on Road,1,Driver Rider,1: PDO,No Control,,,1342746.56,1676414.93,1.34E+13
2019-4349-27/05/2021,2 Metropolitan,PARADISE,5075,CC CAMPBELLTOWN.              ,3,0,0,0,0,2019,May,Saturday,5:45 PM,60,Not Divided,Straight road,Level,Not Applicable,Sealed,Dry,Not Raining,Night,Rear End,1,Driver Rider,1: PDO,No Control,,,1336176.34,1676653.46,1.34E+13
2019-4350-27/05/2021,2 Metropolitan,BRIDGEWATER,5155,THE ADELAIDE HILLS COUNCIL,1,0,0,0,0,2019,May,Friday,11:00 PM,60,Not Divided,"CURVED, VIEW OBSCURED",Slope,Not Applicable,Sealed,Wet,Raining,Night,Roll Over,1,Driver Rider,1: PDO,No Control,,,1341931.86,1659773.27,1.34E+13
2019-4351-27/05/2021,2 Metropolitan,KLEMZIG,5087,CITY OF PORT ADELAIDE ENFIELD,2,0,0,0,0,2019,May,Saturday,6:30 PM,60,T-Junction,Straight road,Level,Not Applicable,Sealed,Dry,Not Raining,Night,Right Turn,1,Driver Rider,1: PDO,Traffic Signals,,,1331881.33,1675724.54,1.33E+13
2019-4352-27/05/2021,2 Metropolitan,MAWSON LAKES,5095,CITY OF SALISBURY,2,0,0,0,0,2019,May,Saturday,8:00 PM,50,Not Divided,Straight road,Level,Not Applicable,Sealed,Dry,Not Raining,Night,Hit Fixed Object,1,Driver Rider,1: PDO,No Control,,,1329456.61,1682991.59,1.33E+13