REPORT_ID,Stats Area,Suburb,Postcode,LGA Name,Total Units,Total Cas,Total Fats,Total SI,Total MI,Year,Month,Day,Time,Area Speed,Position Type,Horizontal Align,Vertical Align,Other Feat,Road Surface,Moisture Cond,Weather Cond,DayNight,Crash Type,Unit Resp,Entity Code,CSEF Severity,Traffic Ctrls,DUI Involved,Drugs Involved,ACCLOC_X,ACCLOC_Y,UNIQUE_LOC
2019-4353-27/05/2021,2 Metropolitan,PLYMPTON,5038,CITY OF WEST TORRENS,2,0,0,0,0,2019,May,Saturday,7:50 PM,60,Cross Road,Straight road,Level,Not Applicable,Sealed,Dry,Not Raining,Night,Rear End,2,Driver Rider,1: PDO,Traffic Signals,Y,,1324237.57,1666566.34,1.32E+13
2019-4354-27/05/2021,2 Metropolitan,HILLIER,5116,CT GAWLER.                    ,1,0,0,0,0,2019,May,Saturday,11:10 PM,90,Not Divided,Straight road,Level,Not Applicable,Sealed,Dry,Not Raining,Night,Roll Over,1,Driver Rider,1: PDO,No Control,,,1338358.63,1702984.39,1.34E+13
2019-4355-27/05/2021,2 Metropolitan,WOODVILLE SOUTH,5011,CITY OF CHARLES STURT,2,0,0,0,0,2019,May,Sunday,6:00 AM,60,Divided Road,Straight road,Level,Not Applicable,Sealed,Dry,Not Raining,Night,Hit Fixed Object,1,Driver Rider,1: PDO,No Control,,,1322786.8,1675783.43,1.32E+13
2019-4356-27/05/2021,2 Metropolitan,CRAIGMORE,5114,CITY OF PLAYFORD.,2,0,0,0,0,2019,May,Sunday,9:15 AM,60,Not Divided,Straight road,Level,Not Applicable,Sealed,Dry,Not Raining,Daylight,Hit Fixed Object,1,Driver Rider,1: PDO,No Control,,,1339480.35,1695394.13,1.34E+13
2019-4357-27/05/2021,3 Country,LOXTON,5333,LOXTON WAIKERIE DISTRICT COUNCIL,2,1,0,0,1,2019,May,Sunday,8:45 AM,110,Not Divided,Straight road,Slope,Not Applicable,Sealed,Dry,Not Raining,Daylight,Side Swipe,2,Driver Rider,2: MI,No Control,,,1508447.39,1714500.27,1.51E+13
2019-4358-27/05/2021,2 Metropolitan,WEST LAKES SHORE,5020,CITY OF CHARLES STURT,2,1,0,1,0,2019,May,Sunday,9:20 AM,60,Divided Road,Straight road,Level,Not Applicable,Sealed,Dry,Not Raining,Daylight,Hit Parked Vehicle,2,Driver Rider,3: SI,No Control,,,1317942.38,1677036.3,1.32E+13
2019-4359-27/05/2021,2 Metropolitan,MOUNT GEORGE,5155,THE ADELAIDE HILLS COUNCIL,2,0,0,0,0,2019,May,Saturday,9:45 PM,110,Divided Road,"CURVED, VIEW OPEN",Level,Not Applicable,Sealed,Dry,Not Raining,Night,Hit Animal,2,Animal,1: PDO,No Control,,,1343309.7,1661517.28,1.34E+13
2019-4360-27/05/2021,2 Metropolitan,SOUTH BRIGHTON,5048,CITY OF HOLDFAST BAY,2,0,0,0,0,2019,May,Saturday,10:30 PM,50,Not Divided,Straight road,Level,Not Applicable,Sealed,Dry,Not Raining,Night,Hit Fixed Object,1,Driver Rider,1: PDO,No Control,,,1321075.25,1659950.21,1.32E+13
2019-4361-27/05/2021,2 Metropolitan,ONE TREE HILL,5114,CITY OF PLAYFORD.,2,0,0,0,0,2019,May,Sunday,11:15 AM,80,T-Junction,Straight road,Level,Not Applicable,Sealed,Dry,Not Raining,Daylight,Rear End,1,Driver Rider,1: PDO,No Control,,,1345883.98,1693112.2,1.35E+13
2019-4362-27/05/2021,2 Metropolitan,COLLINSWOOD,5081,CITY OF PROSPECT,3,1,0,0,1,2019,May,Sunday,12:00 PM,60,T-Junction,Straight road,Level,Not Applicable,Sealed,Dry,Not Raining,Daylight,Rear End,1,Driver Rider,2: MI,Traffic Signals,,,1330008.07,1674796.97,1.33E+13
2019-4363-27/05/2021,2 Metropolitan,HECTORVILLE,5073,CC CAMPBELLTOWN.              ,2,0,0,0,0,2019,May,Sunday,12:15 PM,60,T-Junction,Straight road,Level,Not Applicable,Sealed,Dry,Not Raining,Daylight,Right Angle,2,Driver Rider,1: PDO,No Control,,,1333808.63,1673873.58,1.33E+13
2019-4364-27/05/2021,2 Metropolitan,REYNELLA EAST,5161,CITY OF ONKAPARINGA,2,1,0,0,1,2019,May,Sunday,10:50 AM,60,T-Junction,Straight road,Level,Not Applicable,Sealed,Dry,Not Raining,Daylight,Right Angle,2,Driver Rider,2: MI,Traffic Signals,,,1324155.62,1653429.42,1.32E+13
2019-4365-27/05/2021,3 Country,MOUNT COMPASS,5210,ALEXANDRINA COUNCIL,2,0,0,0,0,2019,May,Sunday,1:34 PM,50,Cross Road,Straight road,Level,Not Applicable,Sealed,Dry,Not Raining,Daylight,Right Angle,1,Driver Rider,1: PDO,Give Way Sign,,,1328476.09,1624053.72,1.33E+13
2019-4366-27/05/2021,3 Country,GOOLWA BEACH,5214,ALEXANDRINA COUNCIL,2,0,0,0,0,2019,May,Sunday,1:50 PM,50,Cross Road,Straight road,Level,Not Applicable,Sealed,Dry,Not Raining,Daylight,Rear End,2,Driver Rider,1: PDO,Roundabout,,,1342360.88,1605994.64,1.34E+13
2019-4367-27/05/2021,2 Metropolitan,WOODVILLE WEST,5011,CITY OF CHARLES STURT,4,2,0,0,2,2019,May,Sunday,4:10 PM,60,Multiple,Straight road,Level,Not Applicable,Sealed,Dry,Not Raining,Daylight,Right Angle,2,Driver Rider,2: MI,Traffic Signals,,,1322354.24,1676151.89,1.32E+13
2019-4368-27/05/2021,2 Metropolitan,ANDREWS FARM,5114,CITY OF PLAYFORD.,2,0,0,0,0,2019,May,Sunday,4:25 PM,50,Not Divided,"CURVED, VIEW OBSCURED",Level,Driveway or Entrance,Sealed,Dry,Not Raining,Daylight,Hit Parked Vehicle,2,Driver Rider,1: PDO,No Control,,,1335008.6,1697778.55,1.34E+13
2019-4369-27/05/2021,2 Metropolitan,GOLDEN GROVE,5125,CITY OF TEA TREE GULLY,2,0,0,0,0,2019,May,Sunday,6:20 PM,50,Not Divided,Straight road,Slope,Not Applicable,Sealed,Dry,Not Raining,Night,Hit Parked Vehicle,1,Driver Rider,1: PDO,No Control,,,1338908.28,1686001.52,1.34E+13
2019-4370-27/05/2021,2 Metropolitan,BURTON,5110,CITY OF SALISBURY,2,0,0,0,0,2019,May,Sunday,7:00 PM,60,Cross Road,"CURVED, VIEW OPEN",Level,Not Applicable,Sealed,Dry,Not Raining,Night,Right Angle,2,Driver Rider,1: PDO,Roundabout,,,1330155.51,1690824.15,1.33E+13
2019-4371-27/05/2021,2 Metropolitan,GLANDORE,5037,CC MARION.                    ,2,0,0,0,0,2019,May,Sunday,4:30 PM,60,Divided Road,Straight road,Level,Not Applicable,Sealed,Dry,Not Raining,Daylight,Hit Pedestrian,2,Pedestrian,1: PDO,No Control,,,1325859.32,1666692.96,1.33E+13
2019-4372-27/05/2021,2 Metropolitan,THEBARTON,5031,CITY OF WEST TORRENS,3,0,0,0,0,2019,May,Sunday,3:30 PM,60,Divided Road,Straight road,Level,Not Applicable,Sealed,Dry,Not Raining,Daylight,Rear End,1,Driver Rider,1: PDO,No Control,,,1326535.33,1671870.84,1.33E+13
2019-4373-27/05/2021,2 Metropolitan,COWANDILLA,5033,CITY OF WEST TORRENS,4,0,0,0,0,2019,May,Sunday,6:00 PM,60,Cross Road,"CURVED, VIEW OPEN",Level,Not Applicable,Sealed,Dry,Not Raining,Night,Rear End,1,Driver Rider,1: PDO,Traffic Signals,,,1324135.02,1670043.24,1.32E+13
2019-4374-27/05/2021,2 Metropolitan,CHRISTIE DOWNS,5164,CITY OF ONKAPARINGA,2,0,0,0,0,2019,May,Sunday,8:47 PM,60,T-Junction,Straight road,Level,Not Applicable,Sealed,Dry,Not Raining,Night,Right Angle,2,Driver Rider,1: PDO,No Control,,,1318790.4,1648636.47,1.32E+13
2019-4375-27/05/2021,2 Metropolitan,GEPPS CROSS,5094,CITY OF PORT ADELAIDE ENFIELD,2,0,0,0,0,2019,May,Sunday,10:20 PM,60,Cross Road,Straight road,Level,Not Applicable,Sealed,Dry,Not Raining,Night,Right Turn,1,Driver Rider,1: PDO,Traffic Signals,,,1330377.17,1679315.41,1.33E+13
2019-4376-27/05/2021,2 Metropolitan,SEAFORD MEADOWS,5169,CITY OF ONKAPARINGA,3,1,0,0,1,2019,May,Monday,6:55 AM,60,Cross Road,Straight road,Level,Not Applicable,Sealed,Dry,Not Raining,Daylight,Right Angle,2,Driver Rider,2: MI,Roundabout,,,1316900.21,1643635.3,1.32E+13
2019-4377-27/05/2021,3 Country,PORT WAKEFIELD,5550,WAKEFIELD REGIONAL COUNCIL,2,2,0,1,1,2019,May,Sunday,4:10 PM,110,T-Junction,"CURVED, VIEW OPEN",Level,Not Applicable,Sealed,Dry,Not Raining,Daylight,Right Angle,2,Driver Rider,3: SI,Give Way Sign,,,1290533.44,1756462.12,1.29E+13
2019-4378-27/05/2021,3 Country,NULLARBOR,5690,,1,0,0,0,0,2019,May,Sunday,4:30 PM,110,Not Divided,Straight road,Level,Not Applicable,Sealed,Dry,Not Raining,Daylight,Roll Over,1,Driver Rider,1: PDO,No Control,,,526381.36,2036321.27,5.26E+12
2019-4379-27/05/2021,2 Metropolitan,URAIDLA,5142,THE ADELAIDE HILLS COUNCIL,2,0,0,0,0,2019,May,Sunday,1:00 PM,50,Not Divided,Straight road,Slope,Not Applicable,Sealed,Dry,Not Raining,Daylight,Rear End,1,Driver Rider,1: PDO,No Control,,,1341651.41,1666788.04,1.34E+13
2019-4380-27/05/2021,2 Metropolitan,DARLINGTON,5047,CITY OF ONKAPARINGA,4,1,0,0,1,2019,May,Monday,7:40 AM,60,Divided Road,Straight road,Bottom of Hill,Not Applicable,Sealed,Dry,Not Raining,Daylight,Rear End,1,Driver Rider,2: MI,No Control,,,1324434.7,1659645.96,1.32E+13
2019-4381-27/05/2021,3 Country,HAWKER,5434,THE FLINDERS RANGES COUNCIL.,1,0,0,0,0,2019,May,Sunday,6:30 AM,110,Not Divided,"CURVED, VIEW OBSCURED",Level,Not Applicable,Sealed,Dry,Not Raining,Night,Left Road - Out of Control,1,Driver Rider,1: PDO,No Control,,,1327230.6,2010015,1.33E+13
2019-4382-27/05/2021,2 Metropolitan,MOUNT GEORGE,5155,THE ADELAIDE HILLS COUNCIL,1,0,0,0,0,2019,May,Sunday,8:00 PM,80,Not Divided,"CURVED, VIEW OBSCURED",Slope,Not Applicable,Sealed,Dry,Not Raining,Night,Left Road - Out of Control,1,Driver Rider,1: PDO,No Control,,,1341836.31,1663712.42,1.34E+13
2019-4383-27/05/2021,2 Metropolitan,GLOBE DERBY PARK,5110,CITY OF SALISBURY,2,0,0,0,0,2019,May,Monday,8:20 AM,90,Divided Road,Straight road,Level,Not Applicable,Sealed,Dry,Not Raining,Daylight,Rear End,1,Driver Rider,1: PDO,No Control,,,1328591.42,1687565.66,1.33E+13
2019-4384-27/05/2021,2 Metropolitan,GEPPS CROSS,5094,CITY OF PORT ADELAIDE ENFIELD,2,2,0,0,2,2019,May,Monday,8:40 AM,60,T-Junction,Straight road,Slope,Driveway or Entrance,Sealed,Dry,Not Raining,Daylight,Right Angle,2,Driver Rider,2: MI,Traffic Signals,,,1330666.13,1679769.22,1.33E+13
2019-4385-27/05/2021,2 Metropolitan,WILLASTON,5118,CT GAWLER.                    ,3,1,0,1,0,2019,May,Monday,8:05 AM,50,Not Divided,Straight road,Slope,Not Applicable,Sealed,Dry,Not Raining,Daylight,Hit Fixed Object,1,Driver Rider,3: SI,No Control,,,1342579.75,1708004.81,1.34E+13
2019-4386-27/05/2021,2 Metropolitan,MITCHELL PARK,5043,CC MARION.                    ,2,1,0,0,1,2019,May,Thursday,10:20 AM,50,T-Junction,Straight road,Level,Not Applicable,Sealed,Dry,Not Raining,Daylight,Rear End,2,Driver Rider,2: MI,No Control,,,1325079.59,1661873.57,1.33E+13
2019-4387-27/05/2021,1 City,NORTH ADELAIDE,5006,CITY OF ADELAIDE,3,0,0,0,0,2019,May,Monday,7:15 AM,60,Divided Road,Straight road,Level,Unknown,Sealed,Dry,Not Raining,Daylight,Rear End,1,Driver Rider,1: PDO,No Control,,,1327269.87,1673406.61,1.33E+13
2019-4388-27/05/2021,2 Metropolitan,ST PETERS,5069,"CC OF NORWOOD,PAYNEHAM & ST PETERS",2,0,0,0,0,2019,May,Monday,8:20 AM,60,Cross Road,Straight road,Level,Not Applicable,Sealed,Dry,Not Raining,Daylight,Right Angle,2,Driver Rider,1: PDO,Stop Sign,,,1331023.92,1672514.98,1.33E+13
2019-4389-27/05/2021,2 Metropolitan,LARGS BAY,5016,CITY OF PORT ADELAIDE ENFIELD,2,0,0,0,0,2019,May,Monday,12:15 AM,50,Not Divided,Straight road,Level,Not Applicable,Unsealed,Dry,Not Raining,Night,Hit Animal,2,Animal,1: PDO,No Control,,,1319316.91,1681992.82,1.32E+13
2019-4390-27/05/2021,2 Metropolitan,SEFTON PARK,5083,CITY OF PROSPECT,3,0,0,0,0,2019,May,Monday,11:05 AM,60,Cross Road,"CURVED, VIEW OPEN",Level,Not Applicable,Sealed,Dry,Not Raining,Daylight,Hit Fixed Object,1,Driver Rider,1: PDO,Give Way Sign,,,1328885.97,1675966.5,1.33E+13
2019-4391-27/05/2021,2 Metropolitan,MAWSON LAKES,5095,CITY OF SALISBURY,3,0,0,0,0,2019,May,Monday,8:00 AM,70,Divided Road,Straight road,Level,Not Applicable,Sealed,Dry,Not Raining,Daylight,Rear End,1,Driver Rider,1: PDO,No Control,,,1329594.47,1684457.98,1.33E+13
2019-4392-27/05/2021,2 Metropolitan,PROSPECT,5082,CITY OF PROSPECT,2,0,0,0,0,2019,May,Saturday,11:30 PM,40,Not Divided,Straight road,Slope,Not Applicable,Sealed,Unknown,Unknown,Night,Hit Parked Vehicle,2,Driver Rider,1: PDO,No Control,,,1328727.78,1675224.7,1.33E+13
2019-4393-27/05/2021,2 Metropolitan,CHRISTIES BEACH,5165,CITY OF ONKAPARINGA,2,0,0,0,0,2019,May,Friday,12:02 PM,60,Divided Road,Straight road,Level,Not Applicable,Sealed,Wet,Raining,Daylight,Rear End,2,Driver Rider,1: PDO,No Control,,,1316107.27,1647386.5,1.32E+13
2019-4394-27/05/2021,1 City,ADELAIDE,5000,CITY OF ADELAIDE,2,0,0,0,0,2019,May,Monday,1:45 PM,50,Divided Road,Straight road,Level,Not Applicable,Sealed,Dry,Not Raining,Daylight,Hit Fixed Object,1,Driver Rider,1: PDO,No Control,,,1329502.64,1671128.65,1.33E+13
2019-4395-27/05/2021,2 Metropolitan,NORWOOD,5067,"CC OF NORWOOD,PAYNEHAM & ST PETERS",2,0,0,0,0,2019,May,Monday,2:00 PM,60,Cross Road,"CURVED, VIEW OPEN",Level,Not Applicable,Sealed,Dry,Not Raining,Daylight,Side Swipe,1,Driver Rider,1: PDO,Roundabout,,,1330623.32,1670361.88,1.33E+13
2019-4396-27/05/2021,2 Metropolitan,PARAFIELD,5106,CITY OF SALISBURY,3,0,0,0,0,2019,May,Monday,1:50 PM,80,Divided Road,Straight road,Level,Not Applicable,Sealed,Dry,Not Raining,Daylight,Rear End,1,Driver Rider,1: PDO,No Control,,,1331929.98,1683672.73,1.33E+13
2019-4397-27/05/2021,2 Metropolitan,MODBURY,5092,CITY OF TEA TREE GULLY,2,0,0,0,0,2019,May,Monday,3:10 PM,60,Cross Road,Straight road,Level,Not Applicable,Sealed,Dry,Not Raining,Daylight,Right Turn,1,Driver Rider,1: PDO,Traffic Signals,,,1336876.66,1680842.59,1.34E+13
2019-4398-27/05/2021,2 Metropolitan,ELIZABETH EAST,5112,CITY OF PLAYFORD.,2,1,0,0,1,2019,May,Monday,2:55 PM,80,Divided Road,Straight road,Level,Not Applicable,Sealed,Dry,Not Raining,Daylight,Rear End,2,Driver Rider,2: MI,No Control,,,1336098.05,1692270.74,1.34E+13
2019-4399-27/05/2021,2 Metropolitan,TONSLEY,5042,CC MARION.                    ,2,0,0,0,0,2019,May,Tuesday,12:30 PM,50,Not Divided,Straight road,Level,Not Applicable,Sealed,Wet,Raining,Daylight,Hit Parked Vehicle,2,Driver Rider,1: PDO,No Control,,,1325326.4,1660771.32,1.33E+13
2019-4400-27/05/2021,2 Metropolitan,O'HALLORAN HILL,5158,CC MARION.                    ,1,0,0,0,0,2019,May,Monday,3:40 PM,80,Divided Road,"CURVED, VIEW OPEN",Level,Not Applicable,Sealed,Dry,Not Raining,Daylight,Left Road - Out of Control,1,Driver Rider,1: PDO,No Control,,,1323868.65,1655375.12,1.32E+13
2019-4401-27/05/2021,2 Metropolitan,HALLETT COVE,5158,CC MARION.                    ,2,0,0,0,0,2019,May,Monday,11:30 AM,50,T-Junction,Straight road,Slope,Not Applicable,Sealed,Dry,Not Raining,Daylight,Hit Parked Vehicle,1,Driver Rider,1: PDO,No Control,,,1320286.82,1653788.8,1.32E+13
2019-4402-27/05/2021,2 Metropolitan,BEDFORD PARK,5042,CC MARION.                    ,2,1,0,0,1,2019,May,Thursday,6:20 AM,70,Divided Road,Straight road,Level,Not Applicable,Sealed,Dry,Not Raining,Night,Rear End,2,Driver Rider,2: MI,No Control,,,1325245.31,1660543.15,1.33E+13
2019-4403-27/05/2021,2 Metropolitan,ELIZABETH SOUTH,5112,CITY OF PLAYFORD.,2,0,0,0,0,2019,May,Monday,2:50 PM,60,Divided Road,Straight road,Level,Not Applicable,Sealed,Dry,Not Raining,Daylight,Rear End,2,Driver Rider,1: PDO,No Control,,,1334426.55,1690510.7,1.33E+13
2019-4404-27/05/2021,2 Metropolitan,MARRYATVILLE,5068,"CC OF NORWOOD,PAYNEHAM & ST PETERS",2,0,0,0,0,2019,May,Monday,4:30 PM,60,T-Junction,Straight road,Level,Not Applicable,Sealed,Dry,Not Raining,Daylight,Right Angle,1,Driver Rider,1: PDO,Give Way Sign,,,1333040.42,1670437.84,1.33E+13
2019-4405-27/05/2021,2 Metropolitan,KLEMZIG,5087,CITY OF PORT ADELAIDE ENFIELD,2,0,0,0,0,2019,May,Monday,6:00 PM,60,Divided Road,Straight road,Level,Not Applicable,Sealed,Dry,Not Raining,Night,Rear End,1,Driver Rider,1: PDO,No Control,,,1331948.49,1676485.79,1.33E+13
2019-4406-27/05/2021,2 Metropolitan,HINDMARSH,5007,CITY OF CHARLES STURT,2,1,0,0,1,2019,May,Monday,6:02 PM,50,Cross Road,Straight road,Level,Not Applicable,Sealed,Dry,Not Raining,Night,Right Angle,2,Driver Rider,2: MI,Give Way Sign,,,1325692.23,1673113.04,1.33E+13
2019-4407-27/05/2021,2 Metropolitan,MANNINGHAM,5086,CITY OF PORT ADELAIDE ENFIELD,2,0,0,0,0,2019,May,Monday,6:21 PM,60,Divided Road,"CURVED, VIEW OPEN",Level,Not Applicable,Sealed,Dry,Not Raining,Night,Rear End,1,Driver Rider,1: PDO,No Control,,,1330733.33,1676568.76,1.33E+13
2019-4408-27/05/2021,2 Metropolitan,BELAIR,5052,CC MITCHAM.                   ,2,1,0,0,1,2019,May,Monday,6:20 PM,60,T-Junction,Straight road,Level,Not Applicable,Sealed,Dry,Not Raining,Night,Right Angle,1,Driver Rider,2: MI,No Control,,,1330303.71,1662610.93,1.33E+13
2019-4409-27/05/2021,2 Metropolitan,BRIGHTON,5048,CITY OF HOLDFAST BAY,2,0,0,0,0,2019,May,Monday,3:25 PM,60,T-Junction,Straight road,Level,Roadworks,Sealed,Dry,Not Raining,Daylight,Side Swipe,2,Driver Rider,1: PDO,No Control,,,1321145.67,1660646.16,1.32E+13
2019-4410-27/05/2021,1 City,NORTH ADELAIDE,5006,CITY OF ADELAIDE,2,0,0,0,0,2019,May,Monday,7:12 PM,50,Cross Road,Straight road,Level,Not Applicable,Sealed,Dry,Not Raining,Night,Right Turn,1,Driver Rider,1: PDO,Traffic Signals,,,1328428.41,1671809.75,1.33E+13
2019-4411-27/05/2021,2 Metropolitan,BEDFORD PARK,5042,CC MITCHAM.                   ,2,1,0,0,1,2019,May,Monday,7:00 PM,70,T-Junction,Straight road,Level,Not Applicable,Sealed,Dry,Not Raining,Night,Hit Pedestrian,1,Driver Rider,2: MI,Traffic Signals,,,1325156.2,1660414.38,1.33E+13
2019-4412-27/05/2021,2 Metropolitan,NORTH PLYMPTON,5037,CITY OF WEST TORRENS,3,1,0,0,1,2019,May,Monday,5:15 PM,60,Cross Road,Straight road,Level,Not Applicable,Sealed,Dry,Not Raining,Daylight,Right Angle,2,Driver Rider,2: MI,Stop Sign,,,1324217.15,1667394.67,1.32E+13
2019-4413-27/05/2021,3 Country,ANANGU PITJANTJATJARA YANKUNYTJATJARA,872,,1,1,1,0,0,2019,May,Monday,10:30 AM,100,Not Divided,Straight road,Slope,Not Applicable,Unsealed,Dry,Not Raining,Daylight,Roll Over,1,Driver Rider,4: Fatal,No Control,,,418912.72,2632905.11,4.19E+12
2019-4414-27/05/2021,3 Country,MAITLAND,5573,YORKE PENINSULA COUNCIL,3,1,0,0,1,2019,May,Monday,7:00 PM,100,Multiple,"CURVED, VIEW OPEN",Level,Not Applicable,Sealed,Dry,Not Raining,Night,Hit Fixed Object,1,Driver Rider,2: MI,Give Way Sign,,,1255634.49,1739242.87,1.26E+13
2019-4415-27/05/2021,2 Metropolitan,PROSPECT,5082,CITY OF PROSPECT,2,2,0,1,1,2019,May,Monday,11:20 PM,60,Cross Road,Straight road,Level,Not Applicable,Sealed,Dry,Not Raining,Night,Right Turn,1,Driver Rider,3: SI,Traffic Signals,,,1327235.97,1676403.16,1.33E+13
2019-4416-27/05/2021,3 Country,INKERMAN,5550,WAKEFIELD REGIONAL COUNCIL,2,1,0,0,1,2019,May,Monday,11:15 PM,110,Divided Road,Straight road,Level,Not Applicable,Sealed,Dry,Not Raining,Night,Roll Over,1,Driver Rider,2: MI,No Control,Y,,1297443.84,1743773.31,1.30E+13
2019-4417-27/05/2021,2 Metropolitan,SALISBURY,5108,CITY OF SALISBURY,2,0,0,0,0,2019,May,Tuesday,1:30 AM,60,Divided Road,Straight road,Level,Not Applicable,Sealed,Dry,Not Raining,Night,Rear End,2,Driver Rider,1: PDO,No Control,,,1332198.37,1687758.15,1.33E+13
2019-4418-27/05/2021,2 Metropolitan,GREENWITH,5125,CITY OF TEA TREE GULLY,2,0,0,0,0,2019,May,Monday,10:00 PM,60,Cross Road,"CURVED, VIEW OPEN",Bottom of Hill,Not Applicable,Sealed,Dry,Not Raining,Night,Hit Fixed Object,1,Driver Rider,1: PDO,Roundabout,,,1339701.4,1687043.21,1.34E+13
2019-4419-27/05/2021,2 Metropolitan,SALISBURY EAST,5109,CITY OF SALISBURY,2,1,0,1,0,2019,May,Tuesday,2:50 AM,60,Cross Road,Straight road,Level,Not Applicable,Sealed,Dry,Not Raining,Night,Hit Fixed Object,1,Driver Rider,3: SI,Traffic Signals,,Y,1335641.47,1686469.85,1.34E+13
2019-4420-27/05/2021,3 Country,BERRI,5343,THE BERRI BARMERA COUNCIL,2,0,0,0,0,2019,May,Tuesday,8:35 AM,60,T-Junction,"CURVED, VIEW OPEN",Slope,Not Applicable,Sealed,Dry,Not Raining,Daylight,Right Turn,2,Driver Rider,1: PDO,No Control,,,1514209.68,1733976.76,1.51E+13
2019-4421-27/05/2021,2 Metropolitan,KENSINGTON,5068,"CC OF NORWOOD,PAYNEHAM & ST PETERS",2,1,0,0,1,2019,May,Tuesday,8:40 AM,60,T-Junction,Straight road,Level,Not Applicable,Sealed,Dry,Not Raining,Daylight,Right Turn,1,Driver Rider,2: MI,No Control,,,1332704.45,1671084.38,1.33E+13
2019-4422-27/05/2021,3 Country,BERRI,5343,THE BERRI BARMERA COUNCIL,1,0,0,0,0,2019,May,Tuesday,7:45 AM,60,Not Divided,"CURVED, VIEW OPEN",Level,Not Applicable,Sealed,Dry,Not Raining,Daylight,Roll Over,1,Driver Rider,1: PDO,No Control,,,1515780.94,1735922.34,1.52E+13
2019-4423-27/05/2021,2 Metropolitan,FITZROY,5082,CITY OF PROSPECT,2,0,0,0,0,2019,May,Monday,11:50 AM,60,Cross Road,Straight road,Level,Not Applicable,Sealed,Dry,Not Raining,Daylight,Side Swipe,2,Driver Rider,1: PDO,Traffic Signals,,,1327513.27,1673636.83,1.33E+13
2019-4424-27/05/2021,2 Metropolitan,TUSMORE,5065,CITY OF BURNSIDE,2,0,0,0,0,2019,May,Tuesday,9:33 AM,60,Cross Road,Straight road,Slope,Not Applicable,Sealed,Dry,Not Raining,Daylight,Side Swipe,1,Driver Rider,1: PDO,Traffic Signals,,,1332311.5,1669056.54,1.33E+13
2019-4425-27/05/2021,2 Metropolitan,PARA HILLS WEST,5096,CITY OF SALISBURY,2,0,0,0,0,2019,May,Monday,2:40 PM,80,Divided Road,Straight road,Level,Not Applicable,Sealed,Dry,Not Raining,Daylight,Rear End,2,Driver Rider,1: PDO,No Control,,,1332560.68,1684436.6,1.33E+13
2019-4426-27/05/2021,2 Metropolitan,WEST BEACH,5024,CITY OF WEST TORRENS,2,1,0,1,0,2019,May,Monday,8:30 AM,50,Not Divided,Straight road,Level,Roadworks,Sealed,Dry,Not Raining,Daylight,Hit Fixed Object,1,Driver Rider,3: SI,No Control,,,1320011.75,1667817.28,1.32E+13
2019-4427-27/05/2021,3 Country,WALLAROO MINES,5554,COPPER COAST DISTRICT COUNCIL,2,1,0,0,1,2019,May,Tuesday,10:00 AM,60,Not Divided,Straight road,Level,Not Applicable,Sealed,Wet,Raining,Daylight,Side Swipe,2,Driver Rider,2: MI,No Control,,,1248634.34,1780166.64,1.25E+13
2019-4428-27/05/2021,3 Country,WELBOURN HILL,5724,,2,0,0,0,0,2019,May,Sunday,9:30 PM,100,Not Divided,Straight road,Level,Not Applicable,Unsealed,Dry,Not Raining,Night,Hit Animal,2,Animal,1: PDO,No Control,,,852176.18,2518828.48,8.52E+12
2019-4429-27/05/2021,2 Metropolitan,NORWOOD,5067,"CC OF NORWOOD,PAYNEHAM & ST PETERS",2,0,0,0,0,2019,May,Monday,6:55 PM,60,Cross Road,Straight road,Level,Not Applicable,Sealed,Dry,Not Raining,Night,Side Swipe,2,Driver Rider,1: PDO,Roundabout,,,1330623.32,1670361.88,1.33E+13
2019-4430-27/05/2021,2 Metropolitan,GLENGOWRIE,5044,CC MARION.                    ,2,1,0,0,1,2019,May,Tuesday,11:10 AM,60,Cross Road,Straight road,Level,Not Applicable,Sealed,Wet,Raining,Daylight,Right Angle,1,Driver Rider,2: MI,Give Way Sign,,,1322668.58,1664197.71,1.32E+13
2019-4431-27/05/2021,2 Metropolitan,WEST BEACH,5024,CITY OF WEST TORRENS,2,1,0,0,1,2019,May,Thursday,6:00 PM,80,Divided Road,Straight road,Level,Not Applicable,Sealed,Wet,Raining,Night,Rear End,2,Driver Rider,2: MI,No Control,,,1320926.98,1668903.75,1.32E+13
2019-4432-27/05/2021,2 Metropolitan,PENFIELD GARDENS,5121,CITY OF PLAYFORD.,2,1,0,0,1,2019,May,Tuesday,12:21 PM,80,Cross Road,Straight road,Level,Not Applicable,Sealed,Wet,Not Raining,Daylight,Right Angle,1,Driver Rider,2: MI,Give Way Sign,,,1328945.63,1700236.7,1.33E+13
2019-4433-27/05/2021,1 City,NORTH ADELAIDE,5006,CITY OF ADELAIDE,2,0,0,0,0,2019,May,Tuesday,12:00 PM,50,Not Divided,Straight road,Level,Not Applicable,Sealed,Wet,Not Raining,Daylight,Right Turn,2,Driver Rider,1: PDO,No Control,,,1329254.7,1672734.16,1.33E+13
2019-4434-27/05/2021,2 Metropolitan,POORAKA,5095,CITY OF SALISBURY,2,0,0,0,0,2019,May,Monday,12:00 PM,50,T-Junction,Straight road,Level,Not Applicable,Sealed,Dry,Not Raining,Daylight,Side Swipe,2,Driver Rider,1: PDO,No Control,,,1330595.04,1680691.1,1.33E+13
2019-4435-27/05/2021,2 Metropolitan,DRY CREEK,5094,CITY OF PORT ADELAIDE ENFIELD,2,0,0,0,0,2019,May,Tuesday,2:10 PM,70,Not Divided,"CURVED, VIEW OBSCURED",Level,Not Applicable,Sealed,Wet,Not Raining,Daylight,Hit Fixed Object,1,Driver Rider,1: PDO,No Control,,,1328664.97,1680452.79,1.33E+13
2019-4436-27/05/2021,2 Metropolitan,KILBURN,5084,CITY OF PORT ADELAIDE ENFIELD,3,0,0,0,0,2019,May,Tuesday,12:29 PM,60,T-Junction,Straight road,Level,Not Applicable,Sealed,Wet,Not Raining,Daylight,Hit Fixed Object,1,Driver Rider,1: PDO,No Control,,,1327211.42,1677616.73,1.33E+13