REPORT_ID,Stats Area,Suburb,Postcode,LGA Name,Total Units,Total Cas,Total Fats,Total SI,Total MI,Year,Month,Day,Time,Area Speed,Position Type,Horizontal Align,Vertical Align,Other Feat,Road Surface,Moisture Cond,Weather Cond,DayNight,Crash Type,Unit Resp,Entity Code,CSEF Severity,Traffic Ctrls,DUI Involved,Drugs Involved,ACCLOC_X,ACCLOC_Y,UNIQUE_LOC
2019-4437-27/05/2021,3 Country,ANNADALE,5356,MID MURRAY DISTRICT COUNCIL,2,0,0,0,0,2019,May,Tuesday,10:45 AM,110,Not Divided,Straight road,Level,Not Applicable,Sealed,Dry,Not Raining,Daylight,Head On,1,Driver Rider,1: PDO,No Control,,,1402351.38,1727416.5,1.40E+13
2019-4438-27/05/2021,3 Country,NILDOTTIE,5238,MID MURRAY DISTRICT COUNCIL,2,2,0,1,1,2019,May,Tuesday,12:25 PM,100,Not Divided,Straight road,Crest of Hill,Not Applicable,Unsealed,Dry,Not Raining,Daylight,Hit Parked Vehicle,1,Driver Rider,3: SI,No Control,,,1426939.4,1696216.89,1.43E+13
2019-4439-27/05/2021,2 Metropolitan,PROSPECT,5082,CITY OF PROSPECT,2,0,0,0,0,2019,May,Tuesday,2:45 PM,60,T-Junction,Straight road,Level,Not Applicable,Sealed,Wet,Raining,Daylight,Right Turn,2,Driver Rider,1: PDO,No Control,,,1327234.65,1676659.71,1.33E+13
2019-4440-27/05/2021,2 Metropolitan,INGLE FARM,5098,CITY OF SALISBURY,2,0,0,0,0,2019,May,Tuesday,2:50 PM,60,T-Junction,Straight road,Level,Not Applicable,Sealed,Wet,Not Raining,Daylight,Right Angle,2,Driver Rider,1: PDO,No Control,,,1333548.07,1681245.39,1.33E+13
2019-4441-27/05/2021,2 Metropolitan,LEABROOK,5068,CITY OF BURNSIDE,3,1,0,0,1,2019,May,Tuesday,2:28 PM,60,Not Divided,Straight road,Level,Not Applicable,Sealed,Wet,Raining,Daylight,Rear End,1,Driver Rider,2: MI,No Control,,,1333915.73,1669896.72,1.33E+13
2019-4442-27/05/2021,2 Metropolitan,STEPNEY,5069,"CC OF NORWOOD,PAYNEHAM & ST PETERS",3,1,0,0,1,2019,May,Tuesday,3:00 PM,60,Not Divided,Straight road,Level,Not Applicable,Sealed,Wet,Not Raining,Daylight,Rear End,1,Driver Rider,2: MI,No Control,,,1331282.29,1672623.39,1.33E+13
2019-4443-27/05/2021,2 Metropolitan,WELLAND,5007,CITY OF CHARLES STURT,2,0,0,0,0,2019,May,Tuesday,4:15 PM,60,Not Divided,Straight road,Level,Not Applicable,Sealed,Wet,Raining,Daylight,Rear End,2,Driver Rider,1: PDO,No Control,,,1324807.95,1673186.9,1.32E+13
2019-4444-27/05/2021,1 City,NORTH ADELAIDE,5006,CITY OF ADELAIDE,2,0,0,0,0,2019,May,Tuesday,3:15 PM,50,Not Divided,Straight road,Level,Not Applicable,Sealed,Wet,Raining,Daylight,Side Swipe,2,Driver Rider,1: PDO,No Control,,,1329293.37,1672758.16,1.33E+13
2019-4445-27/05/2021,1 City,NORTH ADELAIDE,5006,CITY OF ADELAIDE,2,1,0,0,1,2019,May,Tuesday,5:00 PM,50,Not Divided,Straight road,Level,Not Applicable,Sealed,Wet,Raining,Daylight,Side Swipe,1,Driver Rider,2: MI,No Control,,,1329324.17,1672777.18,1.33E+13
2019-4446-27/05/2021,2 Metropolitan,MODBURY HEIGHTS,5092,CITY OF TEA TREE GULLY,4,0,0,0,0,2019,May,Tuesday,3:45 PM,80,Divided Road,Straight road,Level,Not Applicable,Sealed,Wet,Not Raining,Daylight,Rear End,1,Driver Rider,1: PDO,No Control,,,1335938.15,1682450.02,1.34E+13
2019-4447-27/05/2021,2 Metropolitan,GLANDORE,5037,CC MARION.                    ,2,0,0,0,0,2019,May,Tuesday,7:30 AM,60,Divided Road,Straight road,Level,Not Applicable,Sealed,Dry,Not Raining,Daylight,Hit Parked Vehicle,1,Driver Rider,1: PDO,No Control,,,1325852.5,1666950.37,1.33E+13
2019-4448-27/05/2021,1 City,ADELAIDE,5000,CITY OF ADELAIDE,2,0,0,0,0,2019,May,Tuesday,4:05 PM,50,T-Junction,Straight road,Level,Not Applicable,Sealed,Wet,Raining,Daylight,Right Angle,1,Driver Rider,1: PDO,No Control,,,1328793.65,1670355.71,1.33E+13
2019-4449-27/05/2021,2 Metropolitan,GOLDEN GROVE,5125,CITY OF TEA TREE GULLY,2,0,0,0,0,2019,May,Tuesday,6:00 PM,60,Cross Road,Straight road,Level,Not Applicable,Sealed,Wet,Raining,Night,Rear End,2,Driver Rider,1: PDO,Traffic Signals,,,1337903.73,1685352.47,1.34E+13
2019-4450-27/05/2021,3 Country,MURRAY BRIDGE,5253,RC MURRAY BRIDGE.             ,2,0,0,0,0,2019,May,Tuesday,3:30 PM,50,Cross Road,Straight road,Level,Not Applicable,Sealed,Dry,Not Raining,Daylight,Right Angle,1,Driver Rider,1: PDO,Give Way Sign,,,1389021.5,1647256.25,1.39E+13
2019-4451-27/05/2021,2 Metropolitan,BELAIR,5052,CC MITCHAM.                   ,2,1,0,0,1,2019,May,Tuesday,5:53 PM,60,Not Divided,"CURVED, VIEW OPEN",Slope,Not Applicable,Sealed,Wet,Not Raining,Night,Head On,2,Driver Rider,2: MI,No Control,,,1330588.72,1663002.4,1.33E+13
2019-4452-27/05/2021,3 Country,MOUNT GAMBIER,5290,CC MT.GAMBIER.                ,3,1,0,0,1,2019,May,Tuesday,5:15 PM,60,T-Junction,Straight road,Level,Not Applicable,Sealed,Wet,Raining,Daylight,Hit Fixed Object,9,Other,2: MI,No Control,,,1508431.51,1341637.88,1.51E+13
2019-4453-27/05/2021,2 Metropolitan,MODBURY NORTH,5092,CITY OF TEA TREE GULLY,3,0,0,0,0,2019,May,Tuesday,5:40 PM,80,Cross Road,Straight road,Slope,Not Applicable,Sealed,Wet,Raining,Night,Rear End,1,Driver Rider,1: PDO,Traffic Signals,,,1335950.3,1682345.28,1.34E+13
2019-4454-27/05/2021,1 City,ADELAIDE,5000,CITY OF ADELAIDE,2,1,0,0,1,2019,May,Tuesday,4:45 PM,50,T-Junction,"CURVED, VIEW OPEN",Level,Not Applicable,Sealed,Wet,Not Raining,Daylight,Side Swipe,2,Driver Rider,2: MI,Traffic Signals,,,1329586.53,1670547.57,1.33E+13
2019-4455-27/05/2021,2 Metropolitan,WINGFIELD,5013,CITY OF PORT ADELAIDE ENFIELD,2,0,0,0,0,2019,May,Tuesday,6:54 PM,60,Cross Road,Straight road,Level,Not Applicable,Sealed,Wet,Raining,Night,Right Turn,1,Driver Rider,1: PDO,Traffic Signals,,,1323910.63,1679162.4,1.32E+13
2019-4456-27/05/2021,2 Metropolitan,PAYNEHAM,5070,"CC OF NORWOOD,PAYNEHAM & ST PETERS",2,0,0,0,0,2019,May,Tuesday,5:45 PM,60,Cross Road,Straight road,Level,Not Applicable,Sealed,Wet,Not Raining,Night,Right Angle,1,Driver Rider,1: PDO,Traffic Signals,,,1332172.02,1673790.11,1.33E+13
2019-4457-27/05/2021,2 Metropolitan,BOWDEN,5007,CITY OF CHARLES STURT,2,1,0,0,1,2019,May,Tuesday,5:50 PM,60,Divided Road,Straight road,Level,Not Applicable,Sealed,Wet,Raining,Night,Rear End,2,Driver Rider,2: MI,No Control,,,1326787.44,1672931.41,1.33E+13
2019-4458-27/05/2021,2 Metropolitan,SEAFORD RISE,5169,CITY OF ONKAPARINGA,3,0,0,0,0,2019,May,Tuesday,5:40 PM,60,Cross Road,Straight road,Level,Not Applicable,Sealed,Wet,Raining,Night,Right Angle,2,Driver Rider,1: PDO,Traffic Signals,,,1317537.2,1641650.26,1.32E+13
2019-4459-27/05/2021,2 Metropolitan,PORT ADELAIDE,5015,CITY OF PORT ADELAIDE ENFIELD,2,1,0,0,1,2019,May,Tuesday,8:50 PM,60,Divided Road,Straight road,Level,Roadworks,Sealed,Wet,Raining,Night,Rear End,1,Driver Rider,2: MI,No Control,,,1321024.85,1680196.93,1.32E+13
2019-4460-27/05/2021,2 Metropolitan,UNLEY,5061,CITY OF UNLEY,2,1,0,0,1,2019,May,Tuesday,6:40 PM,60,T-Junction,Straight road,Level,Not Applicable,Sealed,Dry,Not Raining,Night,Right Angle,1,Driver Rider,2: MI,No Control,,,1328785.57,1668956.37,1.33E+13
2019-4461-27/05/2021,2 Metropolitan,GAWLER BELT,5118,LIGHT REGIONAL COUNCIL,2,0,0,0,0,2019,May,Tuesday,6:03 PM,110,Divided Road,Straight road,Level,Not Applicable,Sealed,Wet,Raining,Night,Rear End,2,Driver Rider,1: PDO,No Control,,,1342766.56,1709008.02,1.34E+13
2019-4462-27/05/2021,2 Metropolitan,HIGHBURY,5089,CITY OF TEA TREE GULLY,2,0,0,0,0,2019,May,Tuesday,12:30 PM,80,Not Divided,"CURVED, VIEW OBSCURED",Slope,Not Applicable,Sealed,Wet,Raining,Daylight,Hit Fixed Object,1,Driver Rider,1: PDO,No Control,,,1340648.09,1680066.69,1.34E+13
2019-4463-27/05/2021,2 Metropolitan,BUCHFELDE,5118,LIGHT REGIONAL COUNCIL,4,2,0,0,2,2019,May,Tuesday,6:03 PM,110,Divided Road,Straight road,Level,Not Applicable,Sealed,Wet,Raining,Night,Hit Fixed Object,1,Driver Rider,2: MI,No Control,,,1341244.74,1706355.85,1.34E+13
2019-4464-27/05/2021,2 Metropolitan,CHAIN OF PONDS,5231,THE ADELAIDE HILLS COUNCIL,2,1,0,1,0,2019,May,Wednesday,1:15 AM,100,Not Divided,"CURVED, VIEW OBSCURED",Slope,Not Applicable,Sealed,Wet,Raining,Night,Hit Fixed Object,1,Driver Rider,3: SI,No Control,,,1350416.51,1682531.1,1.35E+13
2019-4465-27/05/2021,2 Metropolitan,TONSLEY,5042,CC MARION.                    ,2,0,0,0,0,2019,May,Wednesday,6:50 AM,60,Divided Road,"CURVED, VIEW OPEN",Level,Roadworks,Sealed,Dry,Not Raining,Night,Hit Fixed Object,1,Driver Rider,1: PDO,No Control,,,1325995.76,1661584.54,1.33E+13
2019-4466-27/05/2021,2 Metropolitan,PARAFIELD,5106,CITY OF SALISBURY,2,0,0,0,0,2019,May,Wednesday,6:58 AM,50,Not Divided,Straight road,Level,Not Applicable,Sealed,Dry,Not Raining,Daylight,Hit Parked Vehicle,1,Driver Rider,1: PDO,No Control,,,1333005.78,1685322.42,1.33E+13
2019-4467-27/05/2021,2 Metropolitan,MOUNT BARKER,5251,DC MT.BARKER.                 ,3,0,0,0,0,2019,May,Wednesday,7:10 AM,60,Divided Road,Straight road,Level,Not Applicable,Sealed,Wet,Not Raining,Daylight,Rear End,1,Driver Rider,1: PDO,No Control,,,1351010.69,1654853.12,1.35E+13
2019-4468-27/05/2021,2 Metropolitan,ELIZABETH PARK,5113,CITY OF PLAYFORD.,4,0,0,0,0,2019,May,Wednesday,8:15 AM,80,Cross Road,Straight road,Level,Not Applicable,Sealed,Dry,Not Raining,Daylight,Rear End,1,Driver Rider,1: PDO,Traffic Signals,,,1335998.94,1693731.34,1.34E+13
2019-4469-27/05/2021,2 Metropolitan,STURT,5047,CC MARION.                    ,2,0,0,0,0,2019,May,Wednesday,7:49 AM,70,Ramp Off,Straight road,Slope,Not Applicable,Sealed,Dry,Not Raining,Daylight,Side Swipe,2,Driver Rider,1: PDO,No Control,,,1324360.34,1659906.24,1.32E+13
2019-4470-27/05/2021,2 Metropolitan,MITCHELL PARK,5043,CC MARION.                    ,2,1,0,0,1,2019,May,Wednesday,8:35 AM,50,Cross Road,Straight road,Level,Not Applicable,Sealed,Dry,Not Raining,Daylight,Right Turn,1,Driver Rider,2: MI,No Control,,,1324906.36,1660740.25,1.32E+13
2019-4471-27/05/2021,2 Metropolitan,SALISBURY PLAIN,5109,CITY OF SALISBURY,2,1,0,0,1,2019,May,Wednesday,8:30 AM,80,Divided Road,Straight road,Crest of Hill,Not Applicable,Sealed,Wet,Not Raining,Daylight,Rear End,2,Driver Rider,2: MI,No Control,,,1335266.96,1687889.69,1.34E+13
2019-4472-27/05/2021,2 Metropolitan,TORRENS PARK,5062,CC MITCHAM.                   ,1,1,0,0,1,2019,May,Tuesday,9:09 AM,60,Cross Road,Straight road,Bottom of Hill,Not Applicable,Sealed,Dry,Not Raining,Daylight,Left Road - Out of Control,1,Driver Rider,2: MI,Roundabout,,,1330012.26,1664229.65,1.33E+13
2019-4473-27/05/2021,2 Metropolitan,SALISBURY PLAIN,5109,CITY OF SALISBURY,3,2,0,0,2,2019,May,Wednesday,8:30 AM,80,Divided Road,Straight road,Crest of Hill,Not Applicable,Sealed,Wet,Not Raining,Daylight,Rear End,1,Driver Rider,2: MI,No Control,,,1335292.69,1687922.24,1.34E+13
2019-4474-27/05/2021,2 Metropolitan,GULFVIEW HEIGHTS,5096,CITY OF SALISBURY,2,0,0,0,0,2019,May,Tuesday,2:40 PM,80,T-Junction,Straight road,Level,Not Applicable,Sealed,Dry,Not Raining,Daylight,Right Angle,2,Driver Rider,1: PDO,No Control,,,1334860.72,1683900.51,1.33E+13
2019-4475-27/05/2021,1 City,ADELAIDE,5000,CITY OF ADELAIDE,2,1,0,0,1,2019,May,Wednesday,9:40 AM,50,T-Junction,Straight road,Level,Not Applicable,Sealed,Dry,Not Raining,Daylight,Rear End,1,Driver Rider,2: MI,Traffic Signals,,,1328851.92,1670527.45,1.33E+13
2019-4476-27/05/2021,2 Metropolitan,HOVE,5048,CITY OF HOLDFAST BAY,2,0,0,0,0,2019,May,Tuesday,1:11 PM,50,T-Junction,"CURVED, VIEW OPEN",Level,Not Applicable,Sealed,Wet,Raining,Daylight,Hit Fixed Object,1,Driver Rider,1: PDO,Give Way Sign,,,1321598.47,1660975.96,1.32E+13
2019-4477-27/05/2021,2 Metropolitan,ELIZABETH VALE,5112,CITY OF PLAYFORD.,2,0,0,0,0,2019,May,Wednesday,8:50 AM,80,T-Junction,Straight road,Level,Not Applicable,Sealed,Dry,Not Raining,Daylight,Rear End,2,Driver Rider,1: PDO,Traffic Signals,,,1336141.79,1690279.18,1.34E+13
2019-4478-27/05/2021,2 Metropolitan,ROSTREVOR,5073,CC CAMPBELLTOWN.              ,2,0,0,0,0,2019,May,Wednesday,8:00 AM,60,Not Divided,Straight road,Level,Not Applicable,Sealed,Dry,Not Raining,Daylight,Rear End,2,Driver Rider,1: PDO,No Control,,,1337034.89,1674687.34,1.34E+13
2019-4479-27/05/2021,2 Metropolitan,SALISBURY EAST,5109,CITY OF SALISBURY,2,1,0,0,1,2019,May,Tuesday,6:30 PM,60,Cross Road,Straight road,Level,Not Applicable,Sealed,Wet,Raining,Night,Right Turn,1,Driver Rider,2: MI,Traffic Signals,,,1334189.82,1684652.72,1.33E+13
2019-4480-27/05/2021,2 Metropolitan,SALISBURY NORTH,5108,CITY OF SALISBURY,2,0,0,0,0,2019,May,Wednesday,9:30 AM,60,Not Divided,Straight road,Level,Not Applicable,Sealed,Wet,Not Raining,Daylight,Rear End,1,Driver Rider,1: PDO,No Control,,,1330966.59,1690179.39,1.33E+13
2019-4481-27/05/2021,2 Metropolitan,ST MARYS,5042,CC MITCHAM.                   ,2,1,0,0,1,2019,May,Tuesday,6:25 PM,40,Cross Road,Straight road,Level,Roadworks,Sealed,Wet,Not Raining,Night,Right Turn,1,Driver Rider,2: MI,Traffic Signals,,,1326004.51,1661277.67,1.33E+13
2019-4482-27/05/2021,2 Metropolitan,STEPNEY,5069,"CC OF NORWOOD,PAYNEHAM & ST PETERS",2,0,0,0,0,2019,May,Tuesday,4:30 PM,60,Not Divided,Straight road,Level,Not Applicable,Sealed,Dry,Not Raining,Daylight,Side Swipe,2,Driver Rider,1: PDO,No Control,,,1331202.63,1671734.29,1.33E+13
2019-4483-27/05/2021,2 Metropolitan,NORWOOD,5067,"CC OF NORWOOD,PAYNEHAM & ST PETERS",3,0,0,0,0,2019,May,Wednesday,8:50 AM,60,Divided Road,Straight road,Crest of Hill,Not Applicable,Sealed,Wet,Not Raining,Daylight,Rear End,1,Driver Rider,1: PDO,No Control,,,1330612.33,1671561.15,1.33E+13
2019-4484-27/05/2021,2 Metropolitan,GREEN FIELDS,5107,CITY OF SALISBURY,2,0,0,0,0,2019,May,Wednesday,11:15 AM,90,T-Junction,Straight road,Level,Not Applicable,Sealed,Dry,Not Raining,Daylight,Rear End,1,Driver Rider,1: PDO,Traffic Signals,,,1328674.22,1685896.53,1.33E+13
2019-4485-27/05/2021,2 Metropolitan,MITCHELL PARK,5043,CC MARION.                    ,2,0,0,0,0,2019,May,Wednesday,11:58 AM,60,Divided Road,Straight road,Level,Not Applicable,Sealed,Dry,Not Raining,Daylight,Hit Fixed Object,1,Driver Rider,1: PDO,No Control,,,1324402.85,1660862.19,1.32E+13
2019-4486-27/05/2021,3 Country,MOUNT GAMBIER,5290,CC MT.GAMBIER.                ,4,1,0,0,1,2019,May,Wednesday,11:45 AM,50,T-Junction,Straight road,Level,Not Applicable,Sealed,Dry,Not Raining,Daylight,Hit Fixed Object,1,Driver Rider,2: MI,No Control,,,1511441.61,1338534.76,1.51E+13
2019-4487-27/05/2021,2 Metropolitan,REGENCY PARK,5010,CITY OF PORT ADELAIDE ENFIELD,2,0,0,0,0,2019,May,Wednesday,9:30 AM,60,T-Junction,Straight road,Level,Not Applicable,Sealed,Dry,Not Raining,Daylight,Rear End,1,Driver Rider,1: PDO,Traffic Signals,,,1325576.98,1678478.59,1.33E+13
2019-4488-27/05/2021,3 Country,RENMARK,5341,DC RENMARK PARINGA            ,2,0,0,0,0,2019,May,Wednesday,10:30 AM,50,T-Junction,Straight road,Level,Driveway or Entrance,Sealed,Dry,Not Raining,Daylight,Right Angle,2,Driver Rider,1: PDO,Give Way Sign,,,1528314.95,1745000.34,1.53E+13
2019-4489-27/05/2021,2 Metropolitan,STURT,5047,CC MARION.                    ,2,0,0,0,0,2019,May,Wednesday,1:35 PM,60,Multiple,Straight road,Level,Not Applicable,Sealed,Dry,Not Raining,Daylight,Right Turn,1,Driver Rider,1: PDO,Traffic Signals,,,1323558.89,1660650.4,1.32E+13
2019-4490-27/05/2021,2 Metropolitan,PARALOWIE,5108,CITY OF SALISBURY,2,0,0,0,0,2019,May,Tuesday,3:30 PM,50,T-Junction,Straight road,Level,Not Applicable,Sealed,Wet,Raining,Daylight,Rear End,2,Driver Rider,1: PDO,Roundabout,,,1328531.98,1689432.9,1.33E+13
2019-4491-27/05/2021,3 Country,SEDAN,5353,MID MURRAY DISTRICT COUNCIL,2,1,0,0,1,2019,May,Tuesday,3:30 PM,100,Not Divided,"CURVED, VIEW OPEN",Crest of Hill,Not Applicable,Sealed,Wet,Raining,Daylight,Hit Fixed Object,1,Driver Rider,2: MI,No Control,,,1386686.88,1708825.63,1.39E+13
2019-4492-27/05/2021,2 Metropolitan,NORTON SUMMIT,5136,THE ADELAIDE HILLS COUNCIL,3,0,0,0,0,2019,May,Wednesday,8:05 AM,60,Not Divided,Straight road,Slope,Not Applicable,Sealed,Wet,Not Raining,Daylight,Hit Fixed Object,1,Driver Rider,1: PDO,No Control,,,1340011.22,1670380.97,1.34E+13
2019-4493-27/05/2021,3 Country,COOBER PEDY,5723,DC COOBER PEDY                ,2,0,0,0,0,2019,May,Wednesday,1:40 PM,50,T-Junction,Straight road,Level,Not Applicable,Sealed,Dry,Not Raining,Daylight,Right Angle,1,Driver Rider,1: PDO,No Control,,,977866.91,2329859.85,9.78E+12
2019-4494-27/05/2021,3 Country,PIKE RIVER,5340,DC RENMARK PARINGA            ,4,1,0,0,1,2019,May,Tuesday,2:30 PM,110,Not Divided,Straight road,Level,Not Applicable,Sealed,Dry,Not Raining,Daylight,Rear End,1,Driver Rider,2: MI,No Control,,,1531379.83,1734563.57,1.53E+13
2019-4495-27/05/2021,2 Metropolitan,DAW PARK,5041,CC MITCHAM.                   ,2,0,0,0,0,2019,May,Wednesday,2:00 PM,50,Not Divided,Straight road,Level,Not Applicable,Sealed,Dry,Not Raining,Daylight,Hit Parked Vehicle,1,Driver Rider,1: PDO,No Control,,,1326754.17,1663743.15,1.33E+13
2019-4496-27/05/2021,2 Metropolitan,WILLASTON,5118,CT GAWLER.                    ,3,0,0,0,0,2019,May,Tuesday,6:03 PM,110,Divided Road,Straight road,Level,Not Applicable,Sealed,Wet,Raining,Night,Hit Fixed Object,1,Driver Rider,1: PDO,No Control,,,1342362.4,1708573.95,1.34E+13
2019-4497-27/05/2021,2 Metropolitan,MOUNT BARKER,5251,DC MT.BARKER.                 ,2,0,0,0,0,2019,May,Wednesday,3:30 PM,60,Cross Road,Straight road,Level,Not Applicable,Sealed,Dry,Not Raining,Daylight,Side Swipe,2,Driver Rider,1: PDO,Traffic Signals,,,1351314.75,1654262.86,1.35E+13
2019-4498-27/05/2021,2 Metropolitan,WILLASTON,5118,LIGHT REGIONAL COUNCIL,2,0,0,0,0,2019,May,Tuesday,6:03 PM,110,Divided Road,Straight road,Level,Not Applicable,Sealed,Wet,Raining,Night,Hit Fixed Object,1,Driver Rider,1: PDO,No Control,,,1341770.26,1707403.22,1.34E+13
2019-4499-27/05/2021,2 Metropolitan,MARRYATVILLE,5068,"CC OF NORWOOD,PAYNEHAM & ST PETERS",2,1,0,0,1,2019,May,Tuesday,4:35 PM,60,Cross Road,Straight road,Level,Not Applicable,Sealed,Wet,Raining,Daylight,Rear End,1,Driver Rider,2: MI,Traffic Signals,,,1332269.85,1670409.71,1.33E+13
2019-4500-27/05/2021,2 Metropolitan,WOODVILLE PARK,5011,CITY OF CHARLES STURT,2,0,0,0,0,2019,May,Wednesday,11:15 AM,60,Not Divided,Straight road,Level,Not Applicable,Sealed,Dry,Not Raining,Daylight,Rear End,1,Driver Rider,1: PDO,No Control,,,1323918.91,1674916.08,1.32E+13
2019-4501-27/05/2021,2 Metropolitan,WALKERVILLE,5081,WALKERVILLE TOWN COUNCIL,2,0,0,0,0,2019,May,Wednesday,6:40 AM,60,Divided Road,Straight road,Level,Not Applicable,Sealed,Dry,Not Raining,Night,Rear End,1,Driver Rider,1: PDO,No Control,,,1329767.15,1674587.64,1.33E+13
2019-4502-27/05/2021,2 Metropolitan,KENSINGTON PARK,5068,CITY OF BURNSIDE,4,0,0,0,0,2019,May,Wednesday,5:07 PM,60,Not Divided,Straight road,Level,Not Applicable,Sealed,Dry,Not Raining,Daylight,Rear End,1,Driver Rider,1: PDO,No Control,,,1333866.38,1671560.4,1.33E+13
2019-4503-27/05/2021,2 Metropolitan,ELIZABETH GROVE,5112,CITY OF PLAYFORD.,2,1,0,0,1,2019,May,Wednesday,4:40 PM,50,Divided Road,"CURVED, VIEW OPEN",Level,Not Applicable,Sealed,Dry,Not Raining,Daylight,Side Swipe,2,Other,2: MI,No Control,,,1335650.28,1691595.39,1.34E+13
2019-4504-27/05/2021,2 Metropolitan,VALE PARK,5081,WALKERVILLE TOWN COUNCIL,2,3,0,0,3,2019,May,Wednesday,5:38 PM,60,Cross Road,Straight road,Level,Not Applicable,Sealed,Dry,Not Raining,Night,Rear End,2,Driver Rider,2: MI,Traffic Signals,,,1331204.6,1674756.32,1.33E+13
2019-4505-27/05/2021,2 Metropolitan,HINDMARSH,5007,CITY OF CHARLES STURT,2,0,0,0,0,2019,May,Wednesday,8:40 AM,60,Divided Road,Straight road,Level,Not Applicable,Sealed,Dry,Not Raining,Daylight,Rear End,1,Driver Rider,1: PDO,No Control,,,1325774.87,1673268.12,1.33E+13
2019-4506-27/05/2021,2 Metropolitan,MELROSE PARK,5039,CC MITCHAM.                   ,2,0,0,0,0,2019,May,Wednesday,3:21 PM,50,Not Divided,Straight road,Level,Not Applicable,Sealed,Dry,Not Raining,Daylight,Hit Parked Vehicle,1,Driver Rider,1: PDO,No Control,,,1326018.88,1663935.87,1.33E+13
2019-4507-27/05/2021,2 Metropolitan,CAMDEN PARK,5038,CITY OF WEST TORRENS,2,0,0,0,0,2019,May,Wednesday,5:55 PM,50,Not Divided,Straight road,Level,Not Applicable,Sealed,Dry,Not Raining,Night,Rear End,2,Driver Rider,1: PDO,No Control,,,1323255.73,1666716.99,1.32E+13
2019-4508-27/05/2021,2 Metropolitan,URRBRAE,5064,CC MITCHAM.                   ,3,0,0,0,0,2019,May,Wednesday,6:00 PM,60,Not Divided,Straight road,Level,Not Applicable,Sealed,Dry,Not Raining,Night,Rear End,2,Driver Rider,1: PDO,No Control,,,1330768.16,1666256.13,1.33E+13
2019-4509-27/05/2021,2 Metropolitan,MOUNT BARKER,5251,DC MT.BARKER.                 ,1,1,0,0,1,2019,May,Wednesday,6:44 PM,60,Not Divided,"CURVED, VIEW OBSCURED",Slope,Roadworks,Sealed,Dry,Not Raining,Night,Other,1,Driver Rider,2: MI,No Control,,,1353144.06,1654053.87,1.35E+13
2019-4510-27/05/2021,2 Metropolitan,KANGARILLA,5157,CITY OF ONKAPARINGA,2,1,0,0,1,2019,May,Wednesday,8:05 PM,60,Not Divided,Straight road,Level,Not Applicable,Sealed,Dry,Not Raining,Night,Hit Parked Vehicle,1,Driver Rider,2: MI,No Control,,,1333127.17,1646723.66,1.33E+13
2019-4511-27/05/2021,2 Metropolitan,GILBERTON,5081,WALKERVILLE TOWN COUNCIL,2,0,0,0,0,2019,May,Wednesday,8:30 PM,50,Not Divided,Straight road,Level,Driveway or Entrance,Sealed,Dry,Not Raining,Night,Right Angle,2,Driver Rider,1: PDO,No Control,,,1329878.38,1673725.07,1.33E+13
2019-4512-27/05/2021,1 City,ADELAIDE,5000,CITY OF ADELAIDE,2,0,0,0,0,2019,May,Wednesday,10:00 PM,50,Cross Road,Straight road,Level,Not Applicable,Sealed,Wet,Raining,Night,Right Turn,2,Driver Rider,1: PDO,Traffic Signals,,,1327951.24,1669556.92,1.33E+13
2019-4513-27/05/2021,2 Metropolitan,HACKHAM WEST,5163,CITY OF ONKAPARINGA,2,0,0,0,0,2019,May,Wednesday,10:45 PM,50,Not Divided,Straight road,Crest of Hill,Not Applicable,Sealed,Wet,Raining,Night,Hit Fixed Object,1,Driver Rider,1: PDO,No Control,,,1320582.87,1646886.58,1.32E+13
2019-4514-27/05/2021,3 Country,PORT ELLIOT,5212,ALEXANDRINA COUNCIL,2,1,0,0,1,2019,May,Wednesday,11:15 PM,50,Not Divided,Straight road,Level,Not Applicable,Sealed,Wet,Not Raining,Night,Hit Fixed Object,1,Driver Rider,2: MI,No Control,,,1333538.45,1603256.67,1.33E+13
2019-4515-27/05/2021,1 City,ADELAIDE,5000,CITY OF ADELAIDE,2,0,0,0,0,2019,May,Thursday,5:40 AM,50,T-Junction,Straight road,Level,Not Applicable,Sealed,Wet,Not Raining,Night,Hit Fixed Object,1,Driver Rider,1: PDO,No Control,,Y,1328346.8,1671131.3,1.33E+13
2019-4516-27/05/2021,2 Metropolitan,SALISBURY EAST,5109,CITY OF SALISBURY,2,1,0,0,1,2019,May,Thursday,7:25 AM,80,Divided Road,Straight road,Level,Not Applicable,Sealed,Wet,Raining,Daylight,Rear End,2,Driver Rider,2: MI,No Control,,,1333314.47,1685394.96,1.33E+13
2019-4517-27/05/2021,2 Metropolitan,WALKERVILLE,5081,WALKERVILLE TOWN COUNCIL,2,0,0,0,0,2019,May,Thursday,8:30 AM,60,T-Junction,Straight road,Level,Not Applicable,Sealed,Wet,Raining,Daylight,Right Angle,1,Driver Rider,1: PDO,Give Way Sign,,,1330237.19,1674995.03,1.33E+13
2019-4518-27/05/2021,2 Metropolitan,WOODCROFT,5162,CITY OF ONKAPARINGA,1,1,0,0,1,2019,May,Thursday,8:40 AM,80,Divided Road,Straight road,Slope,Not Applicable,Sealed,Wet,Raining,Daylight,Roll Over,1,Driver Rider,2: MI,No Control,,,1323020.49,1652213.67,1.32E+13
2019-4519-27/05/2021,2 Metropolitan,WALKERVILLE,5081,CITY OF PROSPECT,2,0,0,0,0,2019,May,Thursday,9:05 AM,60,Divided Road,Straight road,Level,Not Applicable,Sealed,Wet,Raining,Daylight,Rear End,1,Driver Rider,1: PDO,No Control,,,1330274.63,1675040.09,1.33E+13