REPORT_ID,Stats Area,Suburb,Postcode,LGA Name,Total Units,Total Cas,Total Fats,Total SI,Total MI,Year,Month,Day,Time,Area Speed,Position Type,Horizontal Align,Vertical Align,Other Feat,Road Surface,Moisture Cond,Weather Cond,DayNight,Crash Type,Unit Resp,Entity Code,CSEF Severity,Traffic Ctrls,DUI Involved,Drugs Involved,ACCLOC_X,ACCLOC_Y,UNIQUE_LOC
2019-4520-27/05/2021,2 Metropolitan,URRBRAE,5064,CC MITCHAM.                   ,2,1,0,0,1,2019,May,Thursday,8:55 AM,80,Freeway,Straight road,Slope,Not Applicable,Sealed,Wet,Raining,Daylight,Rear End,1,Driver Rider,2: MI,No Control,,,1332852.4,1665819,1.33E+13
2019-4521-27/05/2021,2 Metropolitan,OSBORNE,5017,CITY OF PORT ADELAIDE ENFIELD,2,1,0,0,1,2019,May,Wednesday,5:00 PM,60,Divided Road,Straight road,Level,Not Applicable,Sealed,Dry,Not Raining,Daylight,Side Swipe,2,Driver Rider,2: MI,No Control,,,1319971.68,1685004.15,1.32E+13
2019-4522-27/05/2021,2 Metropolitan,STIRLING,5152,THE ADELAIDE HILLS COUNCIL,2,0,0,0,0,2019,May,Thursday,7:10 AM,100,Divided Road,Straight road,Level,Not Applicable,Sealed,Wet,Raining,Daylight,Rear End,1,Driver Rider,1: PDO,No Control,,,1339244.67,1661976.02,1.34E+13
2019-4523-27/05/2021,3 Country,PORT PIRIE,5540,PT.PIRIE CITY & DIST. COUNCIL ,2,0,0,0,0,2019,April,Friday,11:30 AM,50,Not Divided,Straight road,Level,Not Applicable,Sealed,Dry,Not Raining,Daylight,Hit Object on Road,1,Driver Rider,1: PDO,No Control,,,1280073.96,1865663.82,1.28E+13
2019-4524-27/05/2021,2 Metropolitan,PROSPECT,5082,CITY OF PROSPECT,2,0,0,0,0,2019,May,Thursday,11:00 AM,60,Cross Road,Straight road,Level,Not Applicable,Sealed,Wet,Raining,Daylight,Rear End,2,Driver Rider,1: PDO,Traffic Signals,,,1327235.97,1676403.16,1.33E+13
2019-4525-27/05/2021,2 Metropolitan,PROSPECT,5082,CITY OF PROSPECT,2,1,0,0,1,2019,May,Wednesday,4:00 PM,50,Not Divided,Straight road,Level,Not Applicable,Sealed,Wet,Raining,Daylight,Rear End,2,Driver Rider,2: MI,No Control,,,1328064.86,1676136.36,1.33E+13
2019-4526-27/05/2021,2 Metropolitan,HINDMARSH,5007,CITY OF CHARLES STURT,3,5,0,0,5,2019,May,Thursday,12:09 PM,60,Cross Road,Straight road,Level,Not Applicable,Sealed,Wet,Raining,Daylight,Rear End,1,Driver Rider,2: MI,Traffic Signals,,,1326463.81,1672651.14,1.33E+13
2019-4527-27/05/2021,3 Country,WILD DOG VALLEY,5271,DC NARACOORTE & LUCINDALE.,2,0,0,0,0,2019,April,Friday,8:50 AM,100,Not Divided,Straight road,Level,Driveway or Entrance,Sealed,Dry,Not Raining,Daylight,Right Angle,2,Driver Rider,1: PDO,No Control,,,1516893.33,1446348.22,1.52E+13
2019-4528-27/05/2021,3 Country,CYGNET RIVER,5223,KANGAROO ISLAND COUNCIL,2,1,0,1,0,2019,May,Tuesday,10:00 PM,100,Not Divided,Straight road,Level,Not Applicable,Sealed,Wet,Not Raining,Night,Hit Fixed Object,1,Driver Rider,3: SI,No Control,,Y,1230384.35,1585631.91,1.23E+13
2019-4529-27/05/2021,2 Metropolitan,O'HALLORAN HILL,5158,CC MARION.                    ,3,2,0,0,2,2019,May,Thursday,12:55 PM,100,Crossover,Straight road,Level,Not Applicable,Sealed,Wet,Raining,Daylight,Side Swipe,1,Driver Rider,2: MI,No Control,,,1323403.37,1657311.96,1.32E+13
2019-4530-27/05/2021,2 Metropolitan,FERRYDEN PARK,5010,CITY OF PORT ADELAIDE ENFIELD,3,1,0,0,1,2019,May,Thursday,1:20 PM,50,Not Divided,Straight road,Level,Not Applicable,Sealed,Dry,Not Raining,Daylight,Rear End,2,Driver Rider,2: MI,No Control,,,1324929.72,1676920.62,1.32E+13
2019-4531-27/05/2021,3 Country,SANDILANDS,5571,YORKE PENINSULA COUNCIL,2,1,0,0,1,2019,May,Thursday,8:40 AM,100,Cross Road,Straight road,Level,Not Applicable,Unsealed,Wet,Raining,Daylight,Right Angle,1,Driver Rider,2: MI,Give Way Sign,,,1260484.33,1713868.54,1.26E+13
2019-4532-27/05/2021,3 Country,MURRAY BRIDGE,5253,RC MURRAY BRIDGE.             ,2,0,0,0,0,2019,May,Thursday,1:30 PM,50,T-Junction,Straight road,Level,Driveway or Entrance,Sealed,Wet,Raining,Daylight,Right Angle,2,Driver Rider,1: PDO,No Control,,,1390615.48,1645549.04,1.39E+13
2019-4533-27/05/2021,2 Metropolitan,ENFIELD,5085,CITY OF PORT ADELAIDE ENFIELD,2,1,0,0,1,2019,May,Tuesday,3:30 PM,60,Divided Road,Straight road,Level,Not Applicable,Sealed,Wet,Raining,Daylight,Rear End,2,Driver Rider,2: MI,No Control,,,1328799.21,1679117.95,1.33E+13
2019-4534-27/05/2021,2 Metropolitan,NORWOOD,5067,"CC OF NORWOOD,PAYNEHAM & ST PETERS",2,1,0,0,1,2019,May,Thursday,11:55 AM,50,Cross Road,Straight road,Level,Not Applicable,Sealed,Wet,Raining,Daylight,Hit Fixed Object,1,Driver Rider,2: MI,Roundabout,,,1331241.45,1670715.28,1.33E+13
2019-4535-27/05/2021,1 City,ADELAIDE,5000,CITY OF ADELAIDE,2,0,0,0,0,2019,May,Thursday,8:50 AM,30,Not Divided,Straight road,Level,Not Applicable,Sealed,Dry,Not Raining,Daylight,Hit Parked Vehicle,2,Driver Rider,1: PDO,No Control,,,1328391.97,1671312.08,1.33E+13
2019-4536-27/05/2021,2 Metropolitan,SEFTON PARK,5083,CITY OF PROSPECT,2,0,0,0,0,2019,May,Thursday,2:14 PM,60,Cross Road,Straight road,Level,Not Applicable,Sealed,Wet,Raining,Daylight,Right Turn,1,Driver Rider,1: PDO,Give Way Sign,,,1328876.71,1675973.95,1.33E+13
2019-4537-27/05/2021,2 Metropolitan,SHEA-OAK LOG,5371,LIGHT REGIONAL COUNCIL,2,1,0,0,1,2019,May,Thursday,2:45 PM,100,Cross Road,Straight road,Level,Not Applicable,Sealed,Wet,Raining,Daylight,Right Angle,1,Driver Rider,2: MI,Stop Sign,,,1345589.38,1713688.99,1.35E+13
2019-4538-27/05/2021,2 Metropolitan,EVANSTON PARK,5116,CT GAWLER.                    ,2,0,0,0,0,2019,May,Thursday,12:30 PM,60,T-Junction,Straight road,Level,Not Applicable,Sealed,Wet,Raining,Daylight,Right Turn,2,Driver Rider,1: PDO,Traffic Signals,,,1341881.56,1703214.18,1.34E+13
2019-4539-27/05/2021,3 Country,URANIA,5573,YORKE PENINSULA COUNCIL,2,0,0,0,0,2019,May,Thursday,9:15 AM,100,Not Divided,Straight road,Level,Not Applicable,Unsealed,Wet,Raining,Daylight,Hit Fixed Object,1,Driver Rider,1: PDO,No Control,,,1239991.25,1714545.65,1.24E+13
2019-4540-27/05/2021,2 Metropolitan,WEST LAKES,5021,CITY OF CHARLES STURT,4,1,0,0,1,2019,May,Thursday,3:56 PM,60,Divided Road,Straight road,Level,Not Applicable,Sealed,Wet,Not Raining,Daylight,Rear End,1,Driver Rider,2: MI,No Control,,,1319836.82,1678915.45,1.32E+13
2019-4541-27/05/2021,2 Metropolitan,EDINBURGH,5111,CITY OF SALISBURY,2,0,0,0,0,2019,May,Thursday,3:30 PM,60,T-Junction,Straight road,Level,Not Applicable,Sealed,Wet,Raining,Daylight,Hit Fixed Object,1,Driver Rider,1: PDO,No Control,,,1332251.1,1691490.84,1.33E+13
2019-4542-27/05/2021,2 Metropolitan,STEPNEY,5069,"CC OF NORWOOD,PAYNEHAM & ST PETERS",2,0,0,0,0,2019,May,Thursday,3:15 PM,60,Not Divided,Straight road,Level,Not Applicable,Sealed,Wet,Raining,Daylight,Rear End,1,Driver Rider,1: PDO,No Control,,,1331131.58,1672424.84,1.33E+13
2019-4543-27/05/2021,2 Metropolitan,WOODVILLE GARDENS,5012,CITY OF PORT ADELAIDE ENFIELD,2,0,0,0,0,2019,May,Thursday,4:15 PM,50,Not Divided,Straight road,Level,Driveway or Entrance,Sealed,Wet,Raining,Daylight,Right Turn,2,Driver Rider,1: PDO,No Control,,,1324121.48,1676743.01,1.32E+13
2019-4544-27/05/2021,2 Metropolitan,PARA HILLS WEST,5096,CITY OF SALISBURY,3,0,0,0,0,2019,May,Thursday,4:26 PM,60,Cross Road,Straight road,Level,Not Applicable,Sealed,Wet,Raining,Daylight,Rear End,1,Driver Rider,1: PDO,Traffic Signals,,,1333434.52,1683702.92,1.33E+13
2019-4545-27/05/2021,2 Metropolitan,PROSPECT,5082,CITY OF PROSPECT,2,0,0,0,0,2019,May,Thursday,4:40 PM,60,Cross Road,Straight road,Level,Not Applicable,Sealed,Wet,Raining,Daylight,Right Angle,1,Driver Rider,1: PDO,Traffic Signals,,,1327235.97,1676403.16,1.33E+13
2019-4546-27/05/2021,2 Metropolitan,PAYNEHAM,5070,"CC OF NORWOOD,PAYNEHAM & ST PETERS",2,1,0,0,1,2019,May,Thursday,3:45 PM,60,T-Junction,Straight road,Level,Not Applicable,Sealed,Wet,Raining,Daylight,Rear End,1,Driver Rider,2: MI,No Control,,,1332710.4,1674035.96,1.33E+13
2019-4547-27/05/2021,2 Metropolitan,ROSEWATER,5013,CITY OF PORT ADELAIDE ENFIELD,2,0,0,0,0,2019,April,Monday,4:15 PM,60,T-Junction,Straight road,Level,Not Applicable,Sealed,Dry,Not Raining,Daylight,Side Swipe,2,Driver Rider,1: PDO,Traffic Signals,,,1322285.28,1679115.61,1.32E+13
2019-4548-27/05/2021,2 Metropolitan,WARRADALE,5046,CC MARION.                    ,2,1,0,0,1,2019,April,Sunday,2:02 PM,60,Cross Road,Straight road,Level,Not Applicable,Sealed,Dry,Not Raining,Daylight,Rear End,2,Driver Rider,2: MI,Traffic Signals,,,1321892.17,1663023.87,1.32E+13
2019-4549-27/05/2021,2 Metropolitan,HAZELWOOD PARK,5066,CITY OF BURNSIDE,2,0,0,0,0,2019,May,Thursday,6:49 PM,60,Divided Road,Straight road,Level,Not Applicable,Sealed,Wet,Raining,Night,Hit Fixed Object,1,Driver Rider,1: PDO,No Control,,,1333932.32,1669231.98,1.33E+13
2019-4550-27/05/2021,2 Metropolitan,SHEIDOW PARK,5158,CC MARION.                    ,2,0,0,0,0,2019,May,Thursday,5:45 PM,80,T-Junction,Straight road,Slope,Not Applicable,Sealed,Wet,Raining,Night,Right Angle,1,Driver Rider,1: PDO,No Control,,,1320864.69,1654361.45,1.32E+13
2019-4551-27/05/2021,2 Metropolitan,GREENWITH,5125,CITY OF TEA TREE GULLY,4,0,0,0,0,2019,May,Thursday,7:10 PM,60,Not Divided,Straight road,Slope,Not Applicable,Sealed,Wet,Raining,Night,Hit Fixed Object,1,Driver Rider,1: PDO,No Control,,,1337422.91,1687384.66,1.34E+13
2019-4552-27/05/2021,2 Metropolitan,GAWLER SOUTH,5118,CT GAWLER.                    ,2,0,0,0,0,2019,May,Thursday,6:37 PM,50,Not Divided,Straight road,Slope,Not Applicable,Sealed,Wet,Not Raining,Night,Hit Parked Vehicle,1,Driver Rider,1: PDO,No Control,,,1343412.49,1705309.5,1.34E+13
2019-4553-27/05/2021,2 Metropolitan,REGENCY PARK,5010,CITY OF PORT ADELAIDE ENFIELD,2,0,0,0,0,2019,May,Thursday,9:30 AM,60,T-Junction,Straight road,Level,Not Applicable,Sealed,Wet,Raining,Daylight,Side Swipe,2,Driver Rider,1: PDO,Traffic Signals,,,1326449.52,1676375.13,1.33E+13
2019-4554-27/05/2021,2 Metropolitan,ATHELSTONE,5076,CC CAMPBELLTOWN.              ,3,0,0,0,0,2019,May,Thursday,7:30 PM,50,Not Divided,Straight road,Slope,Not Applicable,Sealed,Wet,Raining,Night,Hit Fixed Object,1,Driver Rider,1: PDO,No Control,,,1338084.49,1677232.2,1.34E+13
2019-4555-27/05/2021,2 Metropolitan,GREEN FIELDS,5107,CITY OF SALISBURY,4,2,0,0,2,2019,May,Thursday,6:15 PM,80,T-Junction,Straight road,Level,Not Applicable,Sealed,Wet,Raining,Night,Rear End,1,Driver Rider,2: MI,Traffic Signals,,,1328669.7,1685257.38,1.33E+13
2019-4556-27/05/2021,2 Metropolitan,SEAFORD RISE,5169,CITY OF ONKAPARINGA,2,1,0,0,1,2019,May,Thursday,9:00 PM,60,Cross Road,Straight road,Level,Not Applicable,Sealed,Dry,Not Raining,Night,Rear End,2,Driver Rider,2: MI,Roundabout,,,1316759.69,1641519.43,1.32E+13
2019-4557-27/05/2021,2 Metropolitan,TEA TREE GULLY,5091,CITY OF TEA TREE GULLY,2,0,0,0,0,2019,May,Thursday,7:28 PM,60,Divided Road,Straight road,Level,Not Applicable,Sealed,Wet,Not Raining,Night,Side Swipe,2,Driver Rider,1: PDO,No Control,,,1339776.34,1681913.71,1.34E+13
2019-4558-27/05/2021,3 Country,RENDELSHAM,5280,WATTLE RANGE COUNCIL,1,1,0,0,1,2019,May,Thursday,9:23 PM,110,Not Divided,Straight road,Level,Not Applicable,Sealed,Wet,Not Raining,Night,Roll Over,1,Driver Rider,2: MI,No Control,Y,,1461573.74,1373658.47,1.46E+13
2019-4559-27/05/2021,2 Metropolitan,CLELAND,5152,THE ADELAIDE HILLS COUNCIL,3,1,0,0,1,2019,May,Thursday,10:30 PM,80,Not Divided,"CURVED, VIEW OBSCURED",Slope,Not Applicable,Sealed,Wet,Raining,Night,Hit Fixed Object,1,Driver Rider,2: MI,No Control,Y,,1336392.28,1667574.36,1.34E+13
2019-4560-27/05/2021,2 Metropolitan,PARAFIELD GARDENS,5107,CITY OF SALISBURY,3,0,0,0,0,2019,May,Friday,5:55 AM,60,Divided Road,Straight road,Level,Not Applicable,Sealed,Wet,Raining,Night,Rear End,1,Driver Rider,1: PDO,No Control,,,1331334.01,1686668.5,1.33E+13
2019-4561-27/05/2021,3 Country,BAROOTA,5495,DC MT.REMARKABLE.             ,1,1,0,0,1,2019,May,Friday,12:05 AM,110,Not Divided,Straight road,Level,Not Applicable,Sealed,Wet,Raining,Night,Roll Over,1,Driver Rider,2: MI,No Control,,,1278168.9,1889802.67,1.28E+13
2019-4562-27/05/2021,2 Metropolitan,INGLE FARM,5098,CITY OF SALISBURY,2,0,0,0,0,2019,May,Friday,6:10 AM,60,Divided Road,Straight road,Slope,Not Applicable,Sealed,Wet,Not Raining,Night,Hit Fixed Object,1,Driver Rider,1: PDO,No Control,,,1333061.84,1681229.46,1.33E+13
2019-4563-27/05/2021,2 Metropolitan,GREEN FIELDS,5107,CITY OF SALISBURY,2,0,0,0,0,2019,May,Friday,6:25 AM,50,Not Divided,Straight road,Level,Not Applicable,Sealed,Dry,Not Raining,Night,Hit Parked Vehicle,1,Driver Rider,1: PDO,No Control,,,1329142.65,1685243.94,1.33E+13
2019-4564-27/05/2021,3 Country,MANNUM,5238,MID MURRAY DISTRICT COUNCIL,2,1,0,0,1,2019,May,Friday,6:45 AM,50,Cross Road,Straight road,Level,Not Applicable,Sealed,Wet,Raining,Night,Right Turn,2,Driver Rider,2: MI,Give Way Sign,,,1392654.23,1669524.59,1.39E+13
2019-4565-27/05/2021,2 Metropolitan,MITCHELL PARK,5043,CC MARION.                    ,4,0,0,0,0,2019,May,Friday,7:30 AM,60,Divided Road,Straight road,Level,Not Applicable,Sealed,Wet,Raining,Daylight,Rear End,1,Driver Rider,1: PDO,No Control,,,1324368.03,1661938.51,1.32E+13
2019-4566-27/05/2021,1 City,NORTH ADELAIDE,5006,CITY OF ADELAIDE,2,0,0,0,0,2019,May,Friday,7:25 AM,60,Cross Road,Straight road,Level,Not Applicable,Sealed,Wet,Raining,Daylight,Rear End,1,Driver Rider,1: PDO,Traffic Signals,,,1329586.59,1672940.18,1.33E+13
2019-4567-27/05/2021,2 Metropolitan,PLYMPTON,5038,CITY OF WEST TORRENS,2,0,0,0,0,2019,May,Friday,8:10 AM,60,Divided Road,Straight road,Level,Driveway or Entrance,Sealed,Dry,Not Raining,Daylight,Rear End,2,Driver Rider,1: PDO,No Control,,,1324575.86,1666835.05,1.32E+13
2019-4568-27/05/2021,2 Metropolitan,MANNINGHAM,5086,CITY OF PORT ADELAIDE ENFIELD,3,0,0,0,0,2019,May,Friday,8:20 AM,60,T-Junction,Straight road,Level,Not Applicable,Sealed,Dry,Not Raining,Daylight,Right Angle,1,Driver Rider,1: PDO,No Control,,,1330469.13,1675517.37,1.33E+13
2019-4569-27/05/2021,2 Metropolitan,HINDMARSH,5007,CITY OF CHARLES STURT,3,1,0,0,1,2019,May,Friday,8:38 AM,60,Cross Road,Straight road,Level,Not Applicable,Sealed,Wet,Not Raining,Daylight,Rear End,1,Driver Rider,2: MI,Traffic Signals,,,1326440.45,1672631.13,1.33E+13
2019-4570-27/05/2021,2 Metropolitan,STURT,5047,CC MARION.                    ,2,1,0,0,1,2019,May,Friday,7:15 AM,70,T-Junction,Straight road,Level,Not Applicable,Sealed,Dry,Not Raining,Daylight,Side Swipe,2,Driver Rider,2: MI,Traffic Signals,,,1324267.03,1659445.45,1.32E+13
2019-4571-27/05/2021,2 Metropolitan,MODBURY HEIGHTS,5092,CITY OF TEA TREE GULLY,2,0,0,0,0,2019,May,Thursday,5:50 PM,70,T-Junction,Straight road,Level,Not Applicable,Sealed,Wet,Raining,Night,Side Swipe,2,Driver Rider,1: PDO,Traffic Signals,,,1337519.8,1682500.28,1.34E+13
2019-4572-27/05/2021,2 Metropolitan,EVERARD PARK,5035,CITY OF UNLEY,2,0,0,0,0,2019,May,Friday,8:30 AM,60,Divided Road,Straight road,Level,Not Applicable,Sealed,Dry,Not Raining,Daylight,Rear End,2,Driver Rider,1: PDO,No Control,,,1325879.14,1667771.33,1.33E+13
2019-4573-27/05/2021,2 Metropolitan,WEST BEACH,5024,CITY OF WEST TORRENS,2,1,0,0,1,2019,May,Friday,6:40 AM,80,Divided Road,Straight road,Level,Not Applicable,Sealed,Wet,Raining,Night,Rear End,2,Driver Rider,2: MI,No Control,,,1320927.05,1668901.62,1.32E+13
2019-4574-27/05/2021,2 Metropolitan,MUNNO PARA,5115,CITY OF PLAYFORD.,3,0,0,0,0,2019,May,Thursday,4:45 PM,60,Cross Road,Straight road,Level,Not Applicable,Sealed,Dry,Not Raining,Daylight,Rear End,2,Driver Rider,1: PDO,Traffic Signals,,,1336692.66,1698550.18,1.34E+13
2019-4575-27/05/2021,2 Metropolitan,LOWER MITCHAM,5062,CC MITCHAM.                   ,2,0,0,0,0,2019,May,Wednesday,5:15 PM,60,T-Junction,Straight road,Level,Not Applicable,Sealed,Dry,Not Raining,Daylight,Rear End,2,Driver Rider,1: PDO,Traffic Signals,,,1329170.96,1665061.71,1.33E+13
2019-4576-27/05/2021,2 Metropolitan,VALE PARK,5081,WALKERVILLE TOWN COUNCIL,4,0,0,0,0,2019,May,Friday,6:50 AM,60,Divided Road,Straight road,Slope,Not Applicable,Sealed,Dry,Not Raining,Night,Rear End,1,Driver Rider,1: PDO,No Control,,,1330697.57,1675315.49,1.33E+13
2019-4577-27/05/2021,2 Metropolitan,INGLE FARM,5098,CITY OF SALISBURY,2,0,0,0,0,2019,May,Thursday,4:50 PM,70,Cross Road,Straight road,Bottom of Hill,Not Applicable,Sealed,Wet,Raining,Daylight,Rear End,2,Driver Rider,1: PDO,Traffic Signals,,,1332129.24,1681792.46,1.33E+13
2019-4578-27/05/2021,2 Metropolitan,DRY CREEK,5094,CITY OF PORT ADELAIDE ENFIELD,2,0,0,0,0,2019,May,Thursday,2:40 PM,50,Not Divided,Straight road,Level,Driveway or Entrance,Sealed,Wet,Not Raining,Daylight,Right Angle,1,Driver Rider,1: PDO,No Control,,,1327919.1,1680643.52,1.33E+13
2019-4579-27/05/2021,2 Metropolitan,KURRALTA PARK,5037,CITY OF WEST TORRENS,2,0,0,0,0,2019,May,Saturday,12:30 PM,60,Divided Road,Straight road,Level,Not Applicable,Sealed,Wet,Raining,Daylight,Rear End,2,Driver Rider,1: PDO,No Control,,,1325737.29,1667686.14,1.33E+13
2019-4580-27/05/2021,1 City,NORTH ADELAIDE,5006,CITY OF ADELAIDE,2,1,0,0,1,2019,May,Friday,11:15 AM,50,T-Junction,Straight road,Level,Not Applicable,Sealed,Dry,Not Raining,Daylight,Right Turn,2,Driver Rider,2: MI,No Control,,,1329620.24,1672525.9,1.33E+13
2019-4581-27/05/2021,2 Metropolitan,MACCLESFIELD,5153,DC MT.BARKER.                 ,3,1,0,0,1,2019,May,Tuesday,7:30 PM,100,Not Divided,Straight road,Level,Not Applicable,Sealed,Wet,Raining,Night,Hit Fixed Object,1,Driver Rider,2: MI,No Control,,,1350053.34,1643111.48,1.35E+13
2019-4582-27/05/2021,2 Metropolitan,OVINGHAM,5082,CITY OF CHARLES STURT,2,0,0,0,0,2019,May,Friday,11:30 AM,60,Cross Road,Straight road,Bottom of Hill,Not Applicable,Sealed,Dry,Not Raining,Daylight,Rear End,2,Driver Rider,1: PDO,Traffic Signals,,,1327131.58,1673269.49,1.33E+13
2019-4583-27/05/2021,3 Country,STIRLING NORTH,5710,CC PT.AUGUSTA.                ,2,0,0,0,0,2019,May,Friday,11:45 AM,50,Not Divided,Straight road,Level,Not Applicable,Sealed,Dry,Not Raining,Daylight,Side Swipe,1,Driver Rider,1: PDO,No Control,,,1266250.74,1938818.53,1.27E+13
2019-4584-27/05/2021,3 Country,MOUNT GAMBIER,5290,CC MT.GAMBIER.                ,2,0,0,0,0,2019,May,Friday,12:05 PM,50,Not Divided,Straight road,Level,Not Applicable,Sealed,Dry,Not Raining,Daylight,Rear End,2,Driver Rider,1: PDO,No Control,,,1510122.8,1340188.81,1.51E+13
2019-4585-27/05/2021,2 Metropolitan,MARION,5043,CC MARION.                    ,2,0,0,0,0,2019,May,Friday,11:50 AM,10,Not Divided,Straight road,Level,Driveway or Entrance,Sealed,Dry,Not Raining,Daylight,Hit Pedestrian,1,Driver Rider,1: PDO,No Control,,,1324101.79,1661377.16,1.32E+13
2019-4586-27/05/2021,2 Metropolitan,SMITHFIELD,5114,CITY OF PLAYFORD.,2,1,0,0,1,2019,May,Thursday,4:30 PM,80,Divided Road,Straight road,Level,Not Applicable,Sealed,Wet,Raining,Daylight,Rear End,2,Driver Rider,2: MI,No Control,,,1337324.8,1696146.45,1.34E+13
2019-4587-27/05/2021,1 City,NORTH ADELAIDE,5006,CITY OF ADELAIDE,2,1,0,0,1,2019,May,Thursday,5:00 PM,50,T-Junction,Straight road,Level,Not Applicable,Sealed,Wet,Raining,Daylight,Side Swipe,2,Driver Rider,2: MI,Give Way Sign,,,1327759.16,1672619.62,1.33E+13
2019-4588-27/05/2021,2 Metropolitan,BROMPTON,5007,CITY OF CHARLES STURT,2,1,0,0,1,2019,May,Friday,1:29 PM,60,T-Junction,Straight road,Level,Not Applicable,Sealed,Dry,Not Raining,Daylight,Side Swipe,2,Driver Rider,2: MI,No Control,,,1326801.24,1674198.81,1.33E+13
2019-4589-27/05/2021,2 Metropolitan,MAWSON LAKES,5095,CITY OF SALISBURY,2,0,0,0,0,2019,May,Friday,12:30 PM,80,Divided Road,Straight road,Level,Not Applicable,Sealed,Dry,Not Raining,Daylight,Side Swipe,2,Driver Rider,1: PDO,No Control,,,1328705.84,1683158.33,1.33E+13
2019-4590-27/05/2021,2 Metropolitan,VERDUN,5245,THE ADELAIDE HILLS COUNCIL,2,0,0,0,0,2019,May,Friday,8:00 AM,60,Cross Road,Straight road,Level,Not Applicable,Sealed,Wet,Not Raining,Daylight,Rear End,2,Driver Rider,1: PDO,Give Way Sign,,,1345213.89,1660872.64,1.35E+13
2019-4591-27/05/2021,2 Metropolitan,ECHUNGA,5153,DC MT.BARKER.                 ,2,0,0,0,0,2019,June,Saturday,2:30 PM,100,Not Divided,Straight road,Bottom of Hill,Not Applicable,Sealed,Wet,Raining,Daylight,Hit Fixed Object,1,Driver Rider,1: PDO,No Control,,,1345381.48,1649365.61,1.35E+13
2019-4592-27/05/2021,2 Metropolitan,ST IVES,5252,DC MT.BARKER.                 ,2,0,0,0,0,2019,May,Friday,8:35 AM,110,Freeway,Straight road,Slope,Not Applicable,Sealed,Wet,Raining,Daylight,Hit Fixed Object,1,Driver Rider,1: PDO,No Control,,,1361832.89,1649418.82,1.36E+13
2019-4593-27/05/2021,2 Metropolitan,MAWSON LAKES,5095,CITY OF SALISBURY,2,0,0,0,0,2019,May,Friday,2:27 PM,50,T-Junction,Straight road,Level,Not Applicable,Sealed,Dry,Not Raining,Daylight,Right Angle,1,Driver Rider,1: PDO,No Control,,,1330489.89,1683822.36,1.33E+13
2019-4594-27/05/2021,2 Metropolitan,WESTBOURNE PARK,5041,CC MITCHAM.                   ,2,1,0,0,1,2019,May,Friday,8:45 AM,60,Divided Road,Straight road,Level,Not Applicable,Sealed,Dry,Not Raining,Daylight,Rear End,2,Driver Rider,2: MI,No Control,,,1327508.64,1666174.89,1.33E+13
2019-4595-27/05/2021,2 Metropolitan,FULHAM,5024,CITY OF WEST TORRENS,2,0,0,0,0,2019,May,Thursday,8:35 AM,60,Cross Road,Straight road,Level,Not Applicable,Sealed,Wet,Raining,Daylight,Rear End,2,Driver Rider,1: PDO,Traffic Signals,,,1320990.23,1670855.57,1.32E+13
2019-4596-27/05/2021,2 Metropolitan,PORT ADELAIDE,5015,CITY OF PORT ADELAIDE ENFIELD,2,0,0,0,0,2019,May,Friday,3:00 PM,50,Not Divided,Straight road,Level,Not Applicable,Sealed,Dry,Not Raining,Daylight,Side Swipe,2,Driver Rider,1: PDO,No Control,,,1320483.23,1680031.32,1.32E+13
2019-4597-27/05/2021,2 Metropolitan,DIREK,5110,CITY OF SALISBURY,2,0,0,0,0,2019,May,Thursday,11:30 PM,80,Not Divided,Straight road,Level,Not Applicable,Sealed,Wet,Raining,Night,Hit Fixed Object,1,Driver Rider,1: PDO,No Control,,,1329204.92,1693400.78,1.33E+13
2019-4598-27/05/2021,2 Metropolitan,LINDEN PARK,5065,CITY OF BURNSIDE,2,0,0,0,0,2019,May,Friday,3:25 PM,60,T-Junction,Straight road,Level,Not Applicable,Sealed,Dry,Not Raining,Daylight,Rear End,2,Driver Rider,1: PDO,No Control,,,1332337.37,1668146.29,1.33E+13
2019-4599-27/05/2021,2 Metropolitan,GLENELG EAST,5045,CITY OF HOLDFAST BAY,2,0,0,0,0,2019,May,Friday,4:05 PM,60,Cross Road,Straight road,Level,Not Applicable,Sealed,Dry,Not Raining,Daylight,Side Swipe,1,Driver Rider,1: PDO,Traffic Signals,,,1322637.42,1665387.9,1.32E+13
2019-4600-27/05/2021,2 Metropolitan,CAMPBELLTOWN,5074,CC CAMPBELLTOWN.              ,2,0,0,0,0,2019,May,Wednesday,9:00 AM,50,Not Divided,Straight road,Level,Not Applicable,Sealed,Dry,Not Raining,Daylight,Right Turn,2,Driver Rider,1: PDO,No Control,,,1334012.49,1674569.53,1.33E+13
2019-4601-27/05/2021,3 Country,HOSKIN CORNER,5461,WAKEFIELD REGIONAL COUNCIL,2,0,0,0,0,2019,May,Thursday,8:30 AM,100,Not Divided,Straight road,Level,Not Applicable,Unsealed,Wet,Raining,Daylight,Hit Fixed Object,1,Driver Rider,1: PDO,No Control,,,1317982.02,1751263.06,1.32E+13
2019-4602-27/05/2021,2 Metropolitan,FORESTVILLE,5035,CITY OF UNLEY,2,0,0,0,0,2019,May,Friday,9:15 AM,40,T-Junction,"CURVED, VIEW OBSCURED",Level,Not Applicable,Sealed,Dry,Not Raining,Daylight,Right Angle,2,Driver Rider,1: PDO,Stop Sign,,,1326648.47,1667573.42,1.33E+13
2019-4603-27/05/2021,2 Metropolitan,SOMERTON PARK,5044,CITY OF HOLDFAST BAY,2,0,0,0,0,2019,May,Friday,5:00 PM,50,Not Divided,Straight road,Level,Not Applicable,Sealed,Dry,Not Raining,Daylight,Hit Parked Vehicle,2,Driver Rider,1: PDO,No Control,,,1320300.76,1663600.23,1.32E+13