REPORT_ID,Stats Area,Suburb,Postcode,LGA Name,Total Units,Total Cas,Total Fats,Total SI,Total MI,Year,Month,Day,Time,Area Speed,Position Type,Horizontal Align,Vertical Align,Other Feat,Road Surface,Moisture Cond,Weather Cond,DayNight,Crash Type,Unit Resp,Entity Code,CSEF Severity,Traffic Ctrls,DUI Involved,Drugs Involved,ACCLOC_X,ACCLOC_Y,UNIQUE_LOC
2019-4604-27/05/2021,3 Country,RAMCO,5322,LOXTON WAIKERIE DISTRICT COUNCIL,2,0,0,0,0,2019,May,Friday,4:20 PM,80,Not Divided,Straight road,Level,Not Applicable,Sealed,Dry,Not Raining,Daylight,Hit Fixed Object,1,Driver Rider,1: PDO,No Control,,,1453929.89,1749446.94,1.45E+13
2019-4605-27/05/2021,2 Metropolitan,MAWSON LAKES,5095,CITY OF SALISBURY,2,0,0,0,0,2019,May,Friday,5:34 PM,80,Divided Road,Straight road,Level,Not Applicable,Sealed,Dry,Not Raining,Night,Rear End,2,Driver Rider,1: PDO,No Control,,,1328673.49,1683191.68,1.33E+13
2019-4606-27/05/2021,2 Metropolitan,TORRENSVILLE,5031,CITY OF WEST TORRENS,2,1,0,0,1,2019,May,Friday,5:55 PM,60,Divided Road,Straight road,Level,Not Applicable,Sealed,Dry,Not Raining,Night,Rear End,1,Driver Rider,2: MI,No Control,,,1324517.87,1670950.55,1.32E+13
2019-4607-27/05/2021,2 Metropolitan,NORWOOD,5067,"CC OF NORWOOD,PAYNEHAM & ST PETERS",2,0,0,0,0,2019,May,Friday,5:55 PM,60,T-Junction,Straight road,Level,Not Applicable,Sealed,Dry,Not Raining,Night,Rear End,2,Driver Rider,1: PDO,No Control,,,1331834.28,1671751.17,1.33E+13
2019-4608-27/05/2021,2 Metropolitan,STURT,5047,CC MARION.                    ,3,0,0,0,0,2019,May,Friday,6:30 PM,100,Interchange,Straight road,Level,Not Applicable,Sealed,Dry,Not Raining,Night,Side Swipe,1,Driver Rider,1: PDO,No Control,,,1324226.13,1659622.77,1.32E+13
2019-4609-27/05/2021,2 Metropolitan,DAW PARK,5041,CC MITCHAM.                   ,2,0,0,0,0,2019,May,Friday,4:40 PM,50,Cross Road,Straight road,Level,Not Applicable,Sealed,Dry,Not Raining,Daylight,Rear End,2,Driver Rider,1: PDO,Traffic Signals,,,1326717.86,1664971.41,1.33E+13
2019-4610-27/05/2021,3 Country,TANUNDA,5352,THE BAROSSA COUNCIL.,2,2,0,1,1,2019,May,Friday,6:50 PM,80,Not Divided,Straight road,Level,Not Applicable,Sealed,Dry,Not Raining,Night,Head On,1,Driver Rider,3: SI,No Control,,,1365329.45,1714671.46,1.37E+13
2019-4611-27/05/2021,3 Country,VICTOR HARBOR,5211,DC VICTOR HARBOR.             ,2,0,0,0,0,2019,May,Friday,6:10 PM,60,Cross Road,Straight road,Level,Not Applicable,Sealed,Dry,Not Raining,Night,Right Angle,2,Driver Rider,1: PDO,Give Way Sign,,,1328426.85,1601494.32,1.33E+13
2019-4612-27/05/2021,2 Metropolitan,ALDINGA,5173,CITY OF ONKAPARINGA,2,0,0,0,0,2019,May,Friday,3:45 PM,90,T-Junction,Straight road,Bottom of Hill,Not Applicable,Sealed,Dry,Not Raining,Daylight,Rear End,2,Driver Rider,1: PDO,No Control,,,1317720.24,1634676.66,1.32E+13
2019-4613-27/05/2021,3 Country,STRATHALBYN,5255,ALEXANDRINA COUNCIL,2,1,0,0,1,2019,May,Friday,6:20 PM,80,Not Divided,"CURVED, VIEW OPEN",Slope,Not Applicable,Sealed,Dry,Not Raining,Night,Hit Fixed Object,1,Driver Rider,2: MI,No Control,,,1353506.11,1635465.53,1.35E+13
2019-4614-27/05/2021,2 Metropolitan,OTTOWAY,5013,CITY OF PORT ADELAIDE ENFIELD,2,0,0,0,0,2019,May,Friday,10:45 PM,50,Cross Road,Straight road,Level,Not Applicable,Sealed,Dry,Not Raining,Night,Hit Fixed Object,1,Driver Rider,1: PDO,Roundabout,,,1322530.82,1679556,1.32E+13
2019-4615-27/05/2021,2 Metropolitan,ELIZABETH PARK,5113,CITY OF PLAYFORD.,1,0,0,0,0,2019,May,Friday,11:00 PM,50,Not Divided,"CURVED, VIEW OBSCURED",Level,Not Applicable,Sealed,Wet,Raining,Night,Left Road - Out of Control,1,Driver Rider,1: PDO,No Control,,,1336810.25,1694899.9,1.34E+13
2019-4616-27/05/2021,1 City,ADELAIDE,5000,CITY OF ADELAIDE,2,0,0,0,0,2019,May,Friday,11:40 PM,50,T-Junction,Straight road,Level,Not Applicable,Sealed,Wet,Not Raining,Night,Side Swipe,2,Driver Rider,1: PDO,Traffic Signals,,,1329012.45,1671149.03,1.33E+13
2019-4617-27/05/2021,1 City,ADELAIDE,5000,CITY OF ADELAIDE,2,0,0,0,0,2019,May,Saturday,12:59 AM,50,Not Divided,Straight road,Level,Not Applicable,Sealed,Wet,Not Raining,Night,Hit Parked Vehicle,1,Driver Rider,1: PDO,No Control,,,1328797.25,1669581.44,1.33E+13
2019-4618-27/05/2021,3 Country,SPRING FARM,5453,CLARE AND GILBERT VALLEYS DISTRICT COUNCIL,2,2,0,0,2,2019,May,Saturday,12:30 AM,100,Not Divided,"CURVED, VIEW OPEN",Slope,Not Applicable,Sealed,Dry,Not Raining,Night,Hit Fixed Object,1,Driver Rider,2: MI,No Control,Y,,1336764.14,1791213.87,1.34E+13
2019-4619-27/05/2021,3 Country,NURIOOTPA,5355,THE BAROSSA COUNCIL.,2,1,0,1,0,2019,May,Saturday,5:50 AM,50,Not Divided,Straight road,Level,Not Applicable,Sealed,Wet,Raining,Night,Hit Pedestrian,2,Pedestrian,3: SI,No Control,,,1365924.45,1720319.43,1.37E+13
2019-4620-27/05/2021,2 Metropolitan,WINGFIELD,5013,CITY OF PORT ADELAIDE ENFIELD,3,1,0,0,1,2019,May,Friday,4:10 PM,60,Cross Road,Straight road,Level,Not Applicable,Sealed,Dry,Not Raining,Daylight,Rear End,2,Driver Rider,2: MI,Traffic Signals,,,1326388.52,1679169.53,1.33E+13
2019-4621-27/05/2021,2 Metropolitan,ALDINGA BEACH,5173,CITY OF ONKAPARINGA,2,0,0,0,0,2019,May,Saturday,6:00 AM,50,Not Divided,Straight road,Level,Not Applicable,Sealed,Dry,Not Raining,Night,Hit Fixed Object,1,Driver Rider,1: PDO,No Control,,,1313167.82,1630207.36,1.31E+13
2019-4622-27/05/2021,2 Metropolitan,PARA HILLS,5096,CITY OF SALISBURY,2,1,0,0,1,2019,May,Saturday,9:40 AM,60,T-Junction,Straight road,Slope,Not Applicable,Sealed,Wet,Raining,Daylight,Right Turn,2,Driver Rider,2: MI,Stop Sign,,,1334428.9,1683032.96,1.33E+13
2019-4623-27/05/2021,3 Country,TANTANOOLA,5280,WATTLE RANGE COUNCIL,1,1,0,1,0,2019,May,Saturday,9:12 AM,110,Not Divided,Straight road,Level,Not Applicable,Sealed,Wet,Raining,Daylight,Roll Over,1,Driver Rider,3: SI,No Control,,,1482244.51,1359518.12,1.48E+13
2019-4624-27/05/2021,2 Metropolitan,WALKERVILLE,5081,WALKERVILLE TOWN COUNCIL,2,0,0,0,0,2019,May,Friday,9:00 AM,60,Cross Road,Straight road,Level,Not Applicable,Sealed,Wet,Not Raining,Daylight,Rear End,2,Driver Rider,1: PDO,Traffic Signals,,,1329934.16,1673775.13,1.33E+13
2019-4625-27/05/2021,2 Metropolitan,HAMPSTEAD GARDENS,5086,CITY OF PORT ADELAIDE ENFIELD,3,0,0,0,0,2019,May,Saturday,11:54 AM,60,T-Junction,Straight road,Level,Not Applicable,Sealed,Wet,Raining,Daylight,Right Angle,1,Driver Rider,1: PDO,Stop Sign,,,1331523.2,1676587.57,1.33E+13
2019-4626-27/05/2021,2 Metropolitan,BROADVIEW,5083,CITY OF PROSPECT,2,0,0,0,0,2019,May,Saturday,6:20 AM,60,Multiple,Straight road,Level,Not Applicable,Sealed,Wet,Raining,Night,Right Turn,2,Driver Rider,1: PDO,Stop Sign,,,1330457.88,1676005.78,1.33E+13
2019-4627-27/05/2021,3 Country,MURRAY BRIDGE,5253,RC MURRAY BRIDGE.             ,2,0,0,0,0,2019,May,Saturday,12:20 PM,50,Cross Road,Straight road,Slope,Not Applicable,Sealed,Dry,Not Raining,Daylight,Right Angle,2,Driver Rider,1: PDO,Give Way Sign,,,1389306.87,1646035.96,1.39E+13
2019-4628-27/05/2021,2 Metropolitan,ONE TREE HILL,5114,CITY OF PLAYFORD.,2,0,0,0,0,2019,May,Saturday,8:45 AM,100,T-Junction,Straight road,Level,Not Applicable,Sealed,Wet,Raining,Daylight,Hit Fixed Object,1,Driver Rider,1: PDO,No Control,,,1341920.18,1692592.34,1.34E+13
2019-4629-27/05/2021,2 Metropolitan,PROSPECT,5082,CITY OF PROSPECT,2,0,0,0,0,2019,May,Saturday,12:00 PM,60,Cross Road,Straight road,Level,Not Applicable,Sealed,Dry,Not Raining,Daylight,Rear End,2,Driver Rider,1: PDO,Traffic Signals,,,1327236.23,1676392.98,1.33E+13
2019-4630-27/05/2021,1 City,ADELAIDE,5000,CITY OF ADELAIDE,2,0,0,0,0,2019,May,Thursday,12:05 PM,60,Y-Junction,Straight road,Level,Not Applicable,Sealed,Dry,Not Raining,Daylight,Rear End,2,Driver Rider,1: PDO,Traffic Signals,,,1327349.63,1671109.58,1.33E+13
2019-4631-27/05/2021,2 Metropolitan,PLYMPTON,5038,CITY OF WEST TORRENS,2,1,0,0,1,2019,May,Wednesday,4:40 PM,60,Cross Road,Straight road,Level,Not Applicable,Sealed,Dry,Not Raining,Daylight,Rear End,2,Driver Rider,2: MI,Traffic Signals,,,1325025.08,1667143.05,1.33E+13
2019-4632-27/05/2021,2 Metropolitan,DAW PARK,5041,CC MITCHAM.                   ,2,1,0,0,1,2019,May,Saturday,1:00 PM,50,Cross Road,Straight road,Level,Not Applicable,Sealed,Dry,Not Raining,Daylight,Rear End,2,Driver Rider,2: MI,Give Way Sign,,,1326743.52,1664106.92,1.33E+13
2019-4633-27/05/2021,2 Metropolitan,FIRLE,5070,"CC OF NORWOOD,PAYNEHAM & ST PETERS",2,0,0,0,0,2019,May,Saturday,12:30 PM,60,T-Junction,Straight road,Level,Not Applicable,Sealed,Dry,Not Raining,Daylight,Right Angle,2,Driver Rider,1: PDO,Stop Sign,,,1333828.96,1672697.56,1.33E+13
2019-4634-27/05/2021,2 Metropolitan,SOMERTON PARK,5044,CITY OF HOLDFAST BAY,2,0,0,0,0,2019,May,Saturday,1:15 PM,50,Divided Road,Straight road,Level,Not Applicable,Sealed,Wet,Not Raining,Daylight,Hit Parked Vehicle,2,Driver Rider,1: PDO,No Control,,,1321447.89,1662899.05,1.32E+13
2019-4635-27/05/2021,2 Metropolitan,GRANGE,5022,CITY OF CHARLES STURT,2,0,0,0,0,2019,May,Saturday,2:20 PM,60,T-Junction,Straight road,Level,Not Applicable,Sealed,Wet,Not Raining,Daylight,Rear End,2,Driver Rider,1: PDO,No Control,,,1319939,1673872.56,1.32E+13
2019-4636-27/05/2021,2 Metropolitan,WARRADALE,5046,CC MARION.                    ,2,1,0,0,1,2019,May,Friday,2:50 PM,40,Divided Road,Straight road,Level,Roadworks,Sealed,Dry,Not Raining,Daylight,Rear End,2,Driver Rider,2: MI,No Control,,,1322012.04,1663025.06,1.32E+13
2019-4637-27/05/2021,2 Metropolitan,MILLSWOOD,5034,CITY OF UNLEY,2,0,0,0,0,2019,May,Saturday,2:05 PM,50,T-Junction,Straight road,Level,Not Applicable,Sealed,Wet,Not Raining,Daylight,Right Angle,2,Driver Rider,1: PDO,Stop Sign,,,1327473.12,1667380.9,1.33E+13
2019-4638-27/05/2021,2 Metropolitan,WILLASTON,5118,CT GAWLER.                    ,2,0,0,0,0,2019,May,Saturday,3:20 PM,50,Cross Road,Straight road,Level,Not Applicable,Sealed,Dry,Not Raining,Daylight,Right Angle,2,Driver Rider,1: PDO,Stop Sign,,,1342750.66,1707477.99,1.34E+13
2019-4639-27/05/2021,3 Country,COFFIN BAY,5607,DC LOWER EYRE PENINSULA       ,2,1,0,0,1,2019,May,Saturday,11:45 AM,50,Not Divided,Straight road,Level,Driveway or Entrance,Sealed,Dry,Not Raining,Daylight,Hit Pedestrian,1,Driver Rider,2: MI,No Control,,,1042601.33,1709655.91,1.04E+13
2019-4640-27/05/2021,2 Metropolitan,SEFTON PARK,5083,CITY OF PORT ADELAIDE ENFIELD,2,0,0,0,0,2019,May,Saturday,11:45 AM,60,T-Junction,Straight road,Level,Not Applicable,Sealed,Dry,Not Raining,Daylight,Right Turn,1,Driver Rider,1: PDO,No Control,,,1329313.92,1676444.29,1.33E+13
2019-4641-27/05/2021,3 Country,PENWORTHAM,5453,CLARE AND GILBERT VALLEYS DISTRICT COUNCIL,1,1,0,1,0,2019,May,Saturday,3:50 PM,100,Not Divided,Straight road,Slope,Not Applicable,Sealed,Wet,Raining,Daylight,Left Road - Out of Control,1,Driver Rider,3: SI,No Control,,,1335709.14,1782473.72,1.34E+13
2019-4642-27/05/2021,3 Country,TEMPLERS,5371,LIGHT REGIONAL COUNCIL,2,1,0,0,1,2019,May,Saturday,5:15 PM,100,T-Junction,Straight road,Level,Not Applicable,Sealed,Dry,Not Raining,Daylight,Right Angle,1,Driver Rider,2: MI,No Control,,,1343673.68,1720893.16,1.34E+13
2019-4643-27/05/2021,2 Metropolitan,GAWLER SOUTH,5118,CT GAWLER.                    ,2,0,0,0,0,2019,May,Saturday,6:43 PM,50,Cross Road,Straight road,Level,Not Applicable,Sealed,Wet,Not Raining,Night,Right Angle,1,Driver Rider,1: PDO,Roundabout,,,1342781.13,1705387.44,1.34E+13
2019-4644-27/05/2021,2 Metropolitan,CLEARVIEW,5085,CITY OF PORT ADELAIDE ENFIELD,2,0,0,0,0,2019,May,Saturday,7:50 PM,50,Cross Road,Straight road,Level,Not Applicable,Sealed,Wet,Raining,Night,Hit Fixed Object,1,Driver Rider,1: PDO,Roundabout,,,1329821,1677102.19,1.33E+13
2019-4645-27/05/2021,3 Country,MOUNT GAMBIER,5290,CC MT.GAMBIER.                ,2,1,1,0,0,2019,May,Saturday,5:46 PM,50,Not Divided,Straight road,Level,Not Applicable,Sealed,Dry,Not Raining,Night,Hit Pedestrian,2,Pedestrian,4: Fatal,No Control,Y,,1508753.64,1340672.63,1.51E+13
2019-4646-27/05/2021,2 Metropolitan,TUSMORE,5065,CITY OF BURNSIDE,2,0,0,0,0,2019,May,Friday,6:35 PM,60,Cross Road,Straight road,Level,Not Applicable,Sealed,Dry,Not Raining,Night,Hit Fixed Object,1,Driver Rider,1: PDO,Traffic Signals,,,1332311.5,1669056.54,1.33E+13
2019-4647-27/05/2021,2 Metropolitan,PORT NOARLUNGA,5167,CITY OF ONKAPARINGA,2,0,0,0,0,2019,May,Saturday,8:45 PM,50,T-Junction,Straight road,Level,Not Applicable,Sealed,Wet,Not Raining,Night,Right Turn,1,Driver Rider,1: PDO,Give Way Sign,,,1315892.74,1646391.81,1.32E+13
2019-4648-27/05/2021,2 Metropolitan,BANKSIA PARK,5091,CITY OF TEA TREE GULLY,2,0,0,0,0,2019,May,Friday,7:30 PM,50,Not Divided,Straight road,Slope,Driveway or Entrance,Sealed,Dry,Not Raining,Night,Hit Fixed Object,1,Driver Rider,1: PDO,No Control,,,1340682.89,1682895.25,1.34E+13
2019-4649-27/05/2021,1 City,NORTH ADELAIDE,5006,CITY OF ADELAIDE,2,0,0,0,0,2019,May,Saturday,10:30 PM,50,Divided Road,Straight road,Level,Not Applicable,Sealed,Dry,Not Raining,Night,Rear End,2,Driver Rider,1: PDO,No Control,,,1327785.6,1672459.73,1.33E+13
2019-4650-27/05/2021,2 Metropolitan,PARAFIELD,5106,CITY OF SALISBURY,3,1,0,0,1,2019,May,Saturday,6:15 PM,80,Cross Road,Straight road,Level,Not Applicable,Sealed,Wet,Raining,Night,Rear End,2,Driver Rider,2: MI,Traffic Signals,,,1331791.2,1683497.51,1.33E+13
2019-4651-27/05/2021,2 Metropolitan,LARGS NORTH,5016,CITY OF PORT ADELAIDE ENFIELD,2,2,0,0,2,2019,May,Saturday,10:20 PM,50,Cross Road,Straight road,Level,Not Applicable,Sealed,Dry,Not Raining,Night,Right Angle,2,Driver Rider,2: MI,Give Way Sign,,,1319654.16,1683148.68,1.32E+13
2019-4652-27/05/2021,2 Metropolitan,TORRENSVILLE,5031,CITY OF WEST TORRENS,2,2,0,0,2,2019,May,Sunday,2:18 AM,60,T-Junction,Straight road,Level,Not Applicable,Sealed,Dry,Not Raining,Night,Head On,2,Driver Rider,2: MI,Stop Sign,,,1325560.88,1671666.51,1.33E+13
2019-4653-27/05/2021,3 Country,PORT AUGUSTA WEST,5700,CC PT.AUGUSTA.                ,2,1,0,0,1,2019,May,Sunday,3:45 AM,50,Not Divided,"CURVED, VIEW OPEN",Level,Not Applicable,Sealed,Dry,Not Raining,Night,Hit Fixed Object,1,Driver Rider,2: MI,No Control,,Y,1257683.92,1944393.04,1.26E+13
2019-4654-27/05/2021,2 Metropolitan,KANGARILLA,5157,CITY OF ONKAPARINGA,2,0,0,0,0,2019,May,Sunday,6:30 AM,80,Not Divided,"CURVED, VIEW OPEN",Level,Not Applicable,Sealed,Wet,Raining,Night,Hit Animal,2,Animal,1: PDO,No Control,,,1331405.49,1645767.18,1.33E+13
2019-4655-27/05/2021,2 Metropolitan,BROADVIEW,5083,CITY OF PORT ADELAIDE ENFIELD,2,1,0,0,1,2019,May,Sunday,7:20 AM,60,Divided Road,Straight road,Level,Not Applicable,Sealed,Dry,Not Raining,Daylight,Hit Fixed Object,1,Driver Rider,2: MI,No Control,,,1329788.42,1676465.58,1.33E+13
2019-4656-27/05/2021,2 Metropolitan,WILLUNGA,5172,CITY OF ONKAPARINGA,2,0,0,0,0,2019,May,Saturday,11:35 AM,80,Cross Road,Straight road,Level,Not Applicable,Sealed,Wet,Raining,Daylight,Hit Fixed Object,1,Driver Rider,1: PDO,Give Way Sign,,,1322995.94,1634841.72,1.32E+13
2019-4657-27/05/2021,2 Metropolitan,QUEENSTOWN,5014,CITY OF PORT ADELAIDE ENFIELD,2,0,0,0,0,2019,May,Sunday,2:00 AM,60,Not Divided,Straight road,Level,Not Applicable,Sealed,Wet,Not Raining,Night,Hit Parked Vehicle,2,Driver Rider,1: PDO,No Control,,,1320688.65,1678281.15,1.32E+13
2019-4658-27/05/2021,2 Metropolitan,WESTBOURNE PARK,5041,CC MITCHAM.                   ,2,0,0,0,0,2019,May,Saturday,6:30 PM,60,Cross Road,Straight road,Level,Not Applicable,Sealed,Dry,Not Raining,Night,Rear End,2,Driver Rider,1: PDO,Traffic Signals,,,1327546.38,1664994.52,1.33E+13
2019-4659-27/05/2021,2 Metropolitan,PROSPECT,5082,CITY OF PROSPECT,2,0,0,0,0,2019,May,Sunday,10:41 AM,60,T-Junction,Straight road,Level,Not Applicable,Sealed,Dry,Not Raining,Daylight,Right Angle,2,Driver Rider,1: PDO,No Control,,,1328610.89,1676435.12,1.33E+13
2019-4660-27/05/2021,2 Metropolitan,OTTOWAY,5013,CITY OF PORT ADELAIDE ENFIELD,2,0,0,0,0,2019,May,Sunday,11:16 AM,50,Cross Road,Straight road,Level,Not Applicable,Sealed,Dry,Not Raining,Daylight,Right Angle,2,Driver Rider,1: PDO,Give Way Sign,,,1322529.54,1679226.88,1.32E+13
2019-4661-27/05/2021,3 Country,STANLEY,5415,CLARE AND GILBERT VALLEYS DISTRICT COUNCIL,2,0,0,0,0,2019,May,Saturday,11:50 PM,80,Not Divided,Straight road,Slope,Not Applicable,Sealed,Wet,Raining,Night,Hit Fixed Object,1,Driver Rider,1: PDO,No Control,,,1342980.87,1782513.36,1.34E+13
2019-4662-27/05/2021,2 Metropolitan,SOUTH BRIGHTON,5048,CITY OF HOLDFAST BAY,2,0,0,0,0,2019,May,Friday,6:30 PM,60,T-Junction,Straight road,Level,Not Applicable,Sealed,Dry,Not Raining,Night,Right Turn,2,Driver Rider,1: PDO,No Control,,,1321178.82,1659530.56,1.32E+13
2019-4663-27/05/2021,3 Country,NORTH MOONTA,5558,COPPER COAST DISTRICT COUNCIL,2,1,0,0,1,2019,May,Sunday,12:50 PM,50,Not Divided,Straight road,Level,Driveway or Entrance,Sealed,Dry,Not Raining,Daylight,Right Angle,1,Driver Rider,2: MI,No Control,,,1239003.93,1769197.85,1.24E+13
2019-4664-27/05/2021,3 Country,AMATA,872,,1,1,0,0,1,2019,May,Sunday,3:00 PM,100,Not Divided,Straight road,Level,Not Applicable,Unsealed,Dry,Not Raining,Daylight,Roll Over,1,Driver Rider,2: MI,No Control,,,618731.69,2643793.82,6.19E+12
2019-4665-27/05/2021,2 Metropolitan,WOODVILLE NORTH,5012,CITY OF PORT ADELAIDE ENFIELD,2,0,0,0,0,2019,May,Saturday,7:00 PM,60,Divided Road,Straight road,Level,Not Applicable,Sealed,Wet,Not Raining,Night,Hit Parked Vehicle,2,Driver Rider,1: PDO,No Control,,,1323961,1676793.96,1.32E+13
2019-4666-27/05/2021,2 Metropolitan,SEAFORD RISE,5169,CITY OF ONKAPARINGA,2,0,0,0,0,2019,May,Sunday,4:30 PM,70,Cross Road,Straight road,Bottom of Hill,Not Applicable,Sealed,Dry,Not Raining,Daylight,Right Turn,2,Driver Rider,1: PDO,Traffic Signals,,,1316420.5,1640461.94,1.32E+13
2019-4667-27/05/2021,2 Metropolitan,MITCHELL PARK,5043,CC MARION.                    ,2,1,0,1,0,2019,May,Sunday,3:45 PM,60,Pedestrian Crossing,Straight road,Level,Not Applicable,Sealed,Dry,Not Raining,Daylight,Hit Pedestrian,2,Pedestrian,3: SI,Traffic Signals,,,1324366.11,1661996.66,1.32E+13
2019-4668-27/05/2021,2 Metropolitan,MELROSE PARK,5039,CC MITCHAM.                   ,2,1,0,0,1,2019,May,Sunday,3:12 PM,60,Cross Road,Straight road,Level,Not Applicable,Sealed,Dry,Not Raining,Daylight,Right Turn,2,Driver Rider,2: MI,Traffic Signals,,,1325916.95,1664949.75,1.33E+13
2019-4669-27/05/2021,2 Metropolitan,GULFVIEW HEIGHTS,5096,CITY OF TEA TREE GULLY,2,0,0,0,0,2019,May,Sunday,5:24 PM,80,Divided Road,Straight road,Slope,Not Applicable,Sealed,Dry,Not Raining,Night,Rear End,2,Driver Rider,1: PDO,No Control,,,1335508.83,1683414.42,1.34E+13
2019-4670-27/05/2021,2 Metropolitan,NORWOOD,5067,"CC OF NORWOOD,PAYNEHAM & ST PETERS",2,0,0,0,0,2019,May,Sunday,6:05 PM,60,T-Junction,Straight road,Level,Not Applicable,Sealed,Dry,Not Raining,Night,Right Angle,1,Driver Rider,1: PDO,No Control,,,1332035.24,1671756.65,1.33E+13
2019-4671-27/05/2021,3 Country,TODMORDEN,5734,,1,0,0,0,0,2019,May,Sunday,6:00 PM,100,Not Divided,"CURVED, VIEW OPEN",Level,Not Applicable,Unsealed,Dry,Not Raining,Night,Roll Over,1,Driver Rider,1: PDO,No Control,,,998985.14,2521764.81,9.99E+12
2019-4672-27/05/2021,2 Metropolitan,BLAIR ATHOL,5084,CITY OF PORT ADELAIDE ENFIELD,4,0,0,0,0,2019,May,Sunday,7:30 PM,50,Not Divided,Straight road,Level,Not Applicable,Sealed,Dry,Not Raining,Night,Hit Parked Vehicle,1,Driver Rider,1: PDO,No Control,,,1328653.68,1678858.65,1.33E+13
2019-4673-27/05/2021,2 Metropolitan,NEW PORT,5015,CITY OF PORT ADELAIDE ENFIELD,2,0,0,0,0,2019,May,Sunday,9:30 AM,40,Not Divided,Straight road,Bottom of Hill,"Bridge, Culvert, Causeway",Sealed,Dry,Not Raining,Daylight,Hit Fixed Object,1,Driver Rider,1: PDO,No Control,,,1319819.58,1680242.33,1.32E+13
2019-4674-27/05/2021,2 Metropolitan,OAKDEN,5086,CITY OF PORT ADELAIDE ENFIELD,2,0,0,0,0,2019,May,Sunday,10:00 PM,50,Cross Road,Straight road,Level,Not Applicable,Sealed,Dry,Not Raining,Night,Right Angle,1,Driver Rider,1: PDO,Roundabout,,,1332046.12,1678084.56,1.33E+13
2019-4675-27/05/2021,2 Metropolitan,GEPPS CROSS,5094,CITY OF PORT ADELAIDE ENFIELD,2,0,0,0,0,2019,May,Thursday,12:40 PM,60,Divided Road,Straight road,Level,Not Applicable,Sealed,Wet,Raining,Daylight,Rear End,2,Driver Rider,1: PDO,No Control,,,1327344.23,1679240.47,1.33E+13
2019-4676-27/05/2021,2 Metropolitan,ADELAIDE AIRPORT,5950,CITY OF WEST TORRENS,2,0,0,0,0,2019,May,Monday,5:05 AM,20,One Way,Straight road,Level,Not Applicable,Sealed,Dry,Not Raining,Night,Rear End,2,Driver Rider,1: PDO,No Control,,,1322689.68,1669548.31,1.32E+13
2019-4677-27/05/2021,2 Metropolitan,MAWSON LAKES,5095,CITY OF SALISBURY,3,1,0,0,1,2019,May,Monday,8:37 AM,60,Cross Road,Straight road,Level,Not Applicable,Sealed,Dry,Not Raining,Daylight,Rear End,1,Driver Rider,2: MI,Traffic Signals,,,1330497.74,1683929.66,1.33E+13
2019-4678-27/05/2021,2 Metropolitan,BLACKWOOD,5051,CC MITCHAM.                   ,2,0,0,0,0,2019,May,Sunday,11:42 AM,50,Multiple,Straight road,Level,Not Applicable,Sealed,Dry,Not Raining,Daylight,Right Angle,1,Driver Rider,1: PDO,Roundabout,Y,,1329678.48,1660052.36,1.33E+13
2019-4679-27/05/2021,2 Metropolitan,CRAFERS WEST,5152,THE ADELAIDE HILLS COUNCIL,4,1,0,0,1,2019,May,Monday,8:20 AM,90,Freeway,Straight road,Slope,Not Applicable,Sealed,Dry,Not Raining,Daylight,Hit Fixed Object,1,Driver Rider,2: MI,No Control,,Y,1335687.22,1664713.21,1.34E+13
2019-4680-27/05/2021,2 Metropolitan,EDINBURGH,5111,CITY OF PLAYFORD.,3,0,0,0,0,2019,May,Monday,6:40 AM,60,Not Divided,Straight road,Level,Not Applicable,Sealed,Dry,Not Raining,Night,Head On,1,Driver Rider,1: PDO,No Control,,,1333737.04,1691058.69,1.33E+13
2019-4681-27/05/2021,2 Metropolitan,ELIZABETH NORTH,5113,CITY OF PLAYFORD.,2,0,0,0,0,2019,May,Monday,9:40 AM,60,Not Divided,Straight road,Level,Driveway or Entrance,Sealed,Dry,Not Raining,Daylight,Rear End,1,Driver Rider,1: PDO,No Control,,,1336210.2,1694785.57,1.34E+13
2019-4682-27/05/2021,2 Metropolitan,MITCHELL PARK,5043,CC MARION.                    ,2,0,0,0,0,2019,May,Monday,8:00 AM,50,Not Divided,Straight road,Level,Not Applicable,Sealed,Dry,Not Raining,Daylight,Rear End,1,Driver Rider,1: PDO,No Control,,,1325060.44,1662498.44,1.33E+13
2019-4683-27/05/2021,2 Metropolitan,GEPPS CROSS,5094,CITY OF PORT ADELAIDE ENFIELD,2,0,0,0,0,2019,May,Monday,8:10 AM,70,T-Junction,Straight road,Level,Not Applicable,Sealed,Dry,Not Raining,Daylight,Right Angle,1,Driver Rider,1: PDO,No Control,,,1327984.23,1680018.91,1.33E+13
2019-4684-27/05/2021,2 Metropolitan,KESWICK,5035,CITY OF WEST TORRENS,2,0,0,0,0,2019,May,Monday,9:45 AM,50,Not Divided,Straight road,Level,Not Applicable,Sealed,Dry,Not Raining,Daylight,Hit Parked Vehicle,1,Driver Rider,1: PDO,No Control,,,1326234.15,1668791.46,1.33E+13
2019-4685-27/05/2021,2 Metropolitan,THEBARTON,5031,CITY OF WEST TORRENS,2,0,0,0,0,2019,May,Monday,9:30 AM,60,Cross Road,Straight road,Level,Not Applicable,Sealed,Dry,Not Raining,Daylight,Side Swipe,2,Driver Rider,1: PDO,Traffic Signals,,,1326585.27,1671527.51,1.33E+13
2019-4686-27/05/2021,1 City,ADELAIDE,5000,CITY OF ADELAIDE,2,0,0,0,0,2019,May,Monday,8:00 AM,50,T-Junction,Straight road,Level,Driveway or Entrance,Sealed,Dry,Not Raining,Daylight,Hit Fixed Object,1,Driver Rider,1: PDO,Traffic Signals,,,1327378.83,1669847.56,1.33E+13