REPORT_ID,Stats Area,Suburb,Postcode,LGA Name,Total Units,Total Cas,Total Fats,Total SI,Total MI,Year,Month,Day,Time,Area Speed,Position Type,Horizontal Align,Vertical Align,Other Feat,Road Surface,Moisture Cond,Weather Cond,DayNight,Crash Type,Unit Resp,Entity Code,CSEF Severity,Traffic Ctrls,DUI Involved,Drugs Involved,ACCLOC_X,ACCLOC_Y,UNIQUE_LOC
2019-4770-27/05/2021,3 Country,WHYALLA NORRIE,5608,CC WHYALLA.                   ,2,0,0,0,0,2019,May,Wednesday,11:50 AM,60,T-Junction,Straight road,Level,Driveway or Entrance,Sealed,Dry,Not Raining,Daylight,Right Angle,1,Driver Rider,1: PDO,Traffic Signals,,,1235821.9,1883493.06,1.24E+13
2019-4771-27/05/2021,3 Country,PORT LINCOLN,5606,CC PT.LINCOLN.                ,2,0,0,0,0,2019,May,Wednesday,1:30 PM,50,Not Divided,Straight road,Bottom of Hill,Driveway or Entrance,Sealed,Dry,Not Raining,Daylight,Side Swipe,2,Driver Rider,1: PDO,No Control,,,1077305.7,1698912.7,1.08E+13
2019-4772-27/05/2021,3 Country,REDHILL,5521,PT.PIRIE CITY & DIST. COUNCIL ,1,0,0,0,0,2019,May,Tuesday,5:20 PM,100,Not Divided,Straight road,Level,Not Applicable,Unsealed,Dry,Not Raining,Daylight,Roll Over,1,Driver Rider,1: PDO,No Control,,,1295281.02,1828058.06,1.30E+13
2019-4773-27/05/2021,3 Country,NORTH YELTA,5558,COPPER COAST DISTRICT COUNCIL,2,0,0,0,0,2019,May,Wednesday,11:35 AM,100,Not Divided,Straight road,Level,Not Applicable,Sealed,Dry,Not Raining,Daylight,Hit Fixed Object,1,Driver Rider,1: PDO,No Control,,,1242352.19,1769663.57,1.24E+13
2019-4774-27/05/2021,2 Metropolitan,ST MARYS,5042,CC MITCHAM.                   ,3,1,0,0,1,2019,May,Wednesday,8:15 AM,70,Not Divided,Straight road,Level,Not Applicable,Sealed,Dry,Not Raining,Daylight,Rear End,1,Driver Rider,2: MI,No Control,,,1326341.15,1661297.43,1.33E+13
2019-4775-27/05/2021,2 Metropolitan,BLACKWOOD,5051,CC MITCHAM.                   ,2,0,0,0,0,2019,May,Wednesday,3:00 PM,50,Cross Road,Straight road,Level,Not Applicable,Sealed,Dry,Not Raining,Daylight,Right Angle,1,Driver Rider,1: PDO,Stop Sign,,,1329485.91,1660040.61,1.33E+13
2019-4776-27/05/2021,3 Country,WALLAROO,5556,COPPER COAST DISTRICT COUNCIL,2,0,0,0,0,2019,May,Wednesday,3:00 PM,50,Not Divided,Straight road,Level,Not Applicable,Sealed,Dry,Not Raining,Daylight,Rear End,1,Driver Rider,1: PDO,No Control,,,1242448.29,1782754.43,1.24E+13
2019-4777-27/05/2021,2 Metropolitan,PROSPECT,5082,CITY OF PROSPECT,2,0,0,0,0,2019,May,Wednesday,3:17 PM,60,Divided Road,Straight road,Level,Not Applicable,Sealed,Dry,Not Raining,Daylight,Rear End,1,Driver Rider,1: PDO,No Control,,,1327874.35,1676406.62,1.33E+13
2019-4778-27/05/2021,3 Country,MURRAY BRIDGE,5253,RC MURRAY BRIDGE.             ,2,0,0,0,0,2019,May,Wednesday,3:00 PM,60,T-Junction,Straight road,Level,Not Applicable,Sealed,Dry,Not Raining,Daylight,Right Angle,2,Driver Rider,1: PDO,Give Way Sign,,,1387937.47,1645688.97,1.39E+13
2019-4779-27/05/2021,2 Metropolitan,MILLBROOK,5231,THE ADELAIDE HILLS COUNCIL,2,1,0,1,0,2019,May,Wednesday,2:15 PM,80,T-Junction,"CURVED, VIEW OPEN",Level,Not Applicable,Sealed,Dry,Not Raining,Daylight,Right Angle,1,Driver Rider,3: SI,Give Way Sign,,,1349824.62,1681247.67,1.35E+13
2019-4780-27/05/2021,2 Metropolitan,FITZROY,5082,CITY OF PROSPECT,2,0,0,0,0,2019,May,Wednesday,4:40 PM,60,Divided Road,Straight road,Level,Not Applicable,Sealed,Dry,Not Raining,Daylight,Side Swipe,1,Driver Rider,1: PDO,No Control,,,1328103.56,1673675.19,1.33E+13
2019-4781-27/05/2021,1 City,NORTH ADELAIDE,5006,CITY OF ADELAIDE,2,0,0,0,0,2019,May,Wednesday,3:20 PM,50,Not Divided,Straight road,Level,Not Applicable,Sealed,Dry,Not Raining,Daylight,Side Swipe,2,Passenger,1: PDO,No Control,,,1329558.24,1672920.19,1.33E+13
2019-4782-27/05/2021,2 Metropolitan,INGLEWOOD,5133,THE ADELAIDE HILLS COUNCIL,2,0,0,0,0,2019,May,Sunday,11:15 AM,50,Not Divided,"CURVED, VIEW OPEN",Bottom of Hill,Not Applicable,Sealed,Wet,Not Raining,Daylight,Head On,2,Driver Rider,1: PDO,No Control,,,1345065.43,1681239.71,1.35E+13
2019-4783-27/05/2021,2 Metropolitan,COROMANDEL VALLEY,5051,CITY OF ONKAPARINGA,2,1,0,0,1,2019,May,Wednesday,5:13 PM,60,T-Junction,"CURVED, VIEW OBSCURED",Slope,Not Applicable,Sealed,Dry,Not Raining,Daylight,Head On,1,Driver Rider,2: MI,Give Way Sign,,,1329910.76,1656982.8,1.33E+13
2019-4784-27/05/2021,2 Metropolitan,NORTHGATE,5085,CITY OF PORT ADELAIDE ENFIELD,2,0,0,0,0,2019,May,Tuesday,1:30 PM,50,Not Divided,Straight road,Level,Not Applicable,Sealed,Dry,Not Raining,Daylight,Hit Fixed Object,1,Driver Rider,1: PDO,No Control,,,1331448.29,1679190.45,1.33E+13
2019-4785-27/05/2021,2 Metropolitan,HAPPY VALLEY,5159,CITY OF ONKAPARINGA,2,1,0,1,0,2019,May,Wednesday,5:36 PM,60,Cross Road,"CURVED, VIEW OPEN",Slope,Not Applicable,Sealed,Dry,Not Raining,Night,Hit Pedestrian,2,Pedestrian,3: SI,Traffic Signals,,,1323022.38,1653415.82,1.32E+13
2019-4786-27/05/2021,2 Metropolitan,FERRYDEN PARK,5010,CITY OF PORT ADELAIDE ENFIELD,2,0,0,0,0,2019,May,Wednesday,6:05 PM,50,Cross Road,Straight road,Level,Not Applicable,Sealed,Dry,Not Raining,Night,Right Angle,1,Driver Rider,1: PDO,Give Way Sign,,,1324823.34,1677166.23,1.32E+13
2019-4787-27/05/2021,1 City,ADELAIDE,5000,CITY OF ADELAIDE,2,1,0,0,1,2019,May,Wednesday,6:05 PM,60,Divided Road,Straight road,Level,Driveway or Entrance,Sealed,Dry,Not Raining,Night,Right Turn,2,Driver Rider,2: MI,No Control,,,1327062.79,1669129.28,1.33E+13
2019-4788-27/05/2021,2 Metropolitan,PARA HILLS WEST,5096,CITY OF SALISBURY,2,1,0,0,1,2019,May,Wednesday,5:57 PM,60,Divided Road,Straight road,Level,Not Applicable,Sealed,Dry,Not Raining,Night,Rear End,2,Driver Rider,2: MI,No Control,,,1333864.61,1684228.1,1.33E+13
2019-4789-27/05/2021,2 Metropolitan,SEATON,5023,CITY OF CHARLES STURT,2,0,0,0,0,2019,May,Wednesday,9:00 PM,60,Rail Xing,Straight road,Level,Not Applicable,Sealed,Dry,Not Raining,Night,Right Turn,1,Driver Rider,1: PDO,Traffic Signals,,,1320741.64,1674694.12,1.32E+13
2019-4790-27/05/2021,2 Metropolitan,FLAGSTAFF HILL,5159,CITY OF ONKAPARINGA,2,0,0,0,0,2019,May,Wednesday,8:50 PM,50,Not Divided,"CURVED, VIEW OPEN",Slope,Not Applicable,Sealed,Dry,Not Raining,Night,Hit Parked Vehicle,1,Driver Rider,1: PDO,No Control,,,1327186.48,1656480.18,1.33E+13
2019-4791-27/05/2021,2 Metropolitan,TRANMERE,5073,CC CAMPBELLTOWN.              ,2,0,0,0,0,2019,May,Wednesday,9:30 PM,50,Not Divided,Straight road,Level,Not Applicable,Sealed,Dry,Not Raining,Night,Hit Parked Vehicle,1,Driver Rider,1: PDO,No Control,,,1333907.15,1672888.04,1.33E+13
2019-4792-27/05/2021,2 Metropolitan,PROSPECT,5082,CITY OF PROSPECT,3,0,0,0,0,2019,May,Thursday,6:37 AM,60,Cross Road,Straight road,Level,Not Applicable,Sealed,Dry,Not Raining,Night,Right Angle,2,Driver Rider,1: PDO,Traffic Signals,,,1328862.4,1676436.07,1.33E+13
2019-4793-27/05/2021,2 Metropolitan,MODBURY HEIGHTS,5092,CITY OF TEA TREE GULLY,2,1,0,0,1,2019,May,Thursday,7:59 AM,80,Not Divided,Straight road,Slope,Not Applicable,Sealed,Dry,Not Raining,Daylight,Rear End,1,Driver Rider,2: MI,No Control,,,1335820.43,1682827.41,1.34E+13
2019-4794-27/05/2021,2 Metropolitan,WINGFIELD,5013,CITY OF PORT ADELAIDE ENFIELD,2,0,0,0,0,2019,May,Thursday,7:00 AM,60,T-Junction,Straight road,Level,Not Applicable,Sealed,Dry,Not Raining,Night,Rear End,2,Driver Rider,1: PDO,No Control,,,1324703.44,1679182.3,1.32E+13
2019-4795-27/05/2021,2 Metropolitan,ELIZABETH,5112,CITY OF PLAYFORD.,2,1,0,0,1,2019,May,Thursday,8:20 AM,50,Cross Road,"CURVED, VIEW OPEN",Level,Not Applicable,Sealed,Dry,Not Raining,Daylight,Hit Fixed Object,9,Other,2: MI,Roundabout,,,1335655.83,1693821.56,1.34E+13
2019-4796-27/05/2021,2 Metropolitan,MOUNT BARKER,5251,DC MT.BARKER.                 ,2,0,0,0,0,2019,May,Thursday,12:00 AM,60,T-Junction,Straight road,Level,Not Applicable,Sealed,Dry,Not Raining,Night,Side Swipe,2,Driver Rider,1: PDO,No Control,,,1351123.94,1654622.84,1.35E+13
2019-4797-27/05/2021,2 Metropolitan,EDWARDSTOWN,5039,CC MARION.                    ,2,0,0,0,0,2019,May,Thursday,8:00 AM,50,Not Divided,Straight road,Level,Not Applicable,Sealed,Dry,Not Raining,Daylight,Hit Parked Vehicle,2,Driver Rider,1: PDO,No Control,,,1325476.57,1664969.4,1.33E+13
2019-4798-27/05/2021,3 Country,RENMARK SOUTH,5341,DC RENMARK PARINGA            ,2,0,0,0,0,2019,May,Wednesday,12:45 PM,90,Not Divided,Straight road,Level,Not Applicable,Sealed,Dry,Not Raining,Daylight,Rear End,2,Driver Rider,1: PDO,No Control,,,1526117.4,1743240.73,1.53E+13
2019-4799-27/05/2021,2 Metropolitan,INGLE FARM,5098,CITY OF SALISBURY,2,1,0,0,1,2019,May,Thursday,9:00 AM,60,T-Junction,Straight road,Level,Not Applicable,Sealed,Dry,Not Raining,Daylight,Right Angle,2,Driver Rider,2: MI,Stop Sign,,,1333064.99,1681165.89,1.33E+13
2019-4800-27/05/2021,2 Metropolitan,FLINDERS PARK,5025,CITY OF CHARLES STURT,2,0,0,0,0,2019,May,Wednesday,3:30 PM,60,Divided Road,Straight road,Level,Not Applicable,Sealed,Dry,Not Raining,Daylight,Rear End,1,Driver Rider,1: PDO,No Control,,,1322484.87,1673118.61,1.32E+13
2019-4801-27/05/2021,2 Metropolitan,DARLINGTON,5047,CC MARION.                    ,3,0,0,0,0,2019,May,Thursday,8:51 AM,80,Divided Road,Straight road,Slope,Not Applicable,Sealed,Dry,Not Raining,Daylight,Rear End,1,Driver Rider,1: PDO,No Control,,,1324045.94,1659287.63,1.32E+13
2019-4802-27/05/2021,2 Metropolitan,INGLE FARM,5098,CITY OF SALISBURY,2,1,0,0,1,2019,May,Thursday,7:10 AM,60,Divided Road,Straight road,Level,Not Applicable,Sealed,Dry,Not Raining,Daylight,Rear End,1,Driver Rider,2: MI,No Control,,,1332964.19,1681467.13,1.33E+13
2019-4803-27/05/2021,2 Metropolitan,PARADISE,5075,CC CAMPBELLTOWN.              ,2,1,0,0,1,2019,May,Wednesday,5:05 PM,60,Cross Road,Straight road,Level,Not Applicable,Sealed,Dry,Not Raining,Daylight,Rear End,2,Driver Rider,2: MI,Traffic Signals,,,1334981.44,1676242.38,1.33E+13
2019-4804-27/05/2021,1 City,ADELAIDE,5000,CITY OF ADELAIDE,2,0,0,0,0,2019,May,Thursday,9:21 AM,50,T-Junction,Straight road,Level,Not Applicable,Sealed,Dry,Not Raining,Daylight,Rear End,2,Driver Rider,1: PDO,Traffic Signals,,,1328695.44,1670365.14,1.33E+13
2019-4805-27/05/2021,2 Metropolitan,MODBURY,5092,CITY OF TEA TREE GULLY,2,0,0,0,0,2019,May,Thursday,9:30 AM,5,Not Divided,Straight road,Level,Not Applicable,Sealed,Dry,Not Raining,Daylight,Rear End,2,Driver Rider,1: PDO,No Control,,,1336654.25,1680770.05,1.34E+13
2019-4806-27/05/2021,2 Metropolitan,HAPPY VALLEY,5159,CITY OF ONKAPARINGA,2,0,0,0,0,2019,May,Wednesday,1:20 PM,80,Divided Road,Straight road,Slope,Median Opening (not at I/S),Sealed,Dry,Not Raining,Daylight,Side Swipe,1,Driver Rider,1: PDO,No Control,,,1323138.83,1653791.39,1.32E+13
2019-4807-27/05/2021,3 Country,STOCKWELL,5355,LIGHT REGIONAL COUNCIL,2,0,0,0,0,2019,May,Wednesday,9:00 AM,110,Not Divided,"CURVED, VIEW OPEN",Level,Not Applicable,Sealed,Wet,Raining,Daylight,Head On,2,Driver Rider,1: PDO,No Control,,,1372464.42,1724717.52,1.37E+13
2019-4808-27/05/2021,2 Metropolitan,GEPPS CROSS,5094,CITY OF PORT ADELAIDE ENFIELD,2,0,0,0,0,2019,May,Thursday,8:45 AM,60,Multiple,Straight road,Level,Not Applicable,Sealed,Dry,Not Raining,Daylight,Rear End,2,Driver Rider,1: PDO,Traffic Signals,,,1328797.53,1679280.27,1.33E+13
2019-4809-27/05/2021,2 Metropolitan,SMITHFIELD,5114,CITY OF PLAYFORD.,2,0,0,0,0,2019,May,Wednesday,12:40 PM,50,Cross Road,"CURVED, VIEW OPEN",Level,Not Applicable,Sealed,Dry,Not Raining,Daylight,Right Angle,2,Driver Rider,1: PDO,Roundabout,,,1337539.39,1697379.42,1.34E+13
2019-4810-27/05/2021,2 Metropolitan,FULHAM,5024,CITY OF WEST TORRENS,2,1,0,0,1,2019,May,Thursday,10:21 AM,60,Divided Road,Straight road,Level,Driveway or Entrance,Sealed,Dry,Not Raining,Daylight,Right Angle,2,Driver Rider,2: MI,No Control,,,1320959.44,1670418.53,1.32E+13
2019-4811-27/05/2021,2 Metropolitan,BLAKEVIEW,5114,CITY OF PLAYFORD.,2,1,0,0,1,2019,May,Thursday,11:08 AM,60,Not Divided,Straight road,Slope,Not Applicable,Sealed,Dry,Not Raining,Daylight,Hit Fixed Object,1,Driver Rider,2: MI,No Control,,,1338539.13,1697483.9,1.34E+13
2019-4812-27/05/2021,2 Metropolitan,ST MARYS,5042,CC MITCHAM.                   ,2,0,0,0,0,2019,May,Thursday,8:10 AM,60,Cross Road,Straight road,Level,Not Applicable,Sealed,Dry,Not Raining,Daylight,Right Turn,2,Driver Rider,1: PDO,Traffic Signals,,,1325965.37,1663322.86,1.33E+13
2019-4813-27/05/2021,2 Metropolitan,WARRADALE,5046,CC MARION.                    ,2,0,0,0,0,2019,May,Monday,1:45 PM,25,Divided Road,Straight road,Level,Roadworks,Sealed,Dry,Not Raining,Daylight,Side Swipe,2,Driver Rider,1: PDO,No Control,,,1322674.54,1661587.62,1.32E+13
2019-4814-27/05/2021,2 Metropolitan,LONSDALE,5160,CITY OF ONKAPARINGA,2,0,0,0,0,2019,May,Thursday,12:05 PM,100,Divided Road,Straight road,Level,Not Applicable,Sealed,Dry,Not Raining,Daylight,Hit Fixed Object,1,Driver Rider,1: PDO,No Control,,,1319528.81,1650221.65,1.32E+13
2019-4815-27/05/2021,2 Metropolitan,NORTH HAVEN,5018,CITY OF PORT ADELAIDE ENFIELD,2,0,0,0,0,2019,May,Thursday,8:00 AM,60,T-Junction,Unknown,Unknown,Not Applicable,Sealed,Dry,Not Raining,Daylight,Right Angle,1,Driver Rider,1: PDO,Stop Sign,,,1319550.52,1685734.28,1.32E+13
2019-4816-27/05/2021,2 Metropolitan,FULHAM,5024,CITY OF WEST TORRENS,2,0,0,0,0,2019,May,Thursday,1:10 PM,60,Cross Road,Straight road,Level,Not Applicable,Sealed,Dry,Not Raining,Daylight,Side Swipe,2,Driver Rider,1: PDO,Traffic Signals,,,1320990.23,1670855.57,1.32E+13
2019-4817-27/05/2021,2 Metropolitan,MODBURY NORTH,5092,CITY OF TEA TREE GULLY,2,0,0,0,0,2019,May,Thursday,8:35 AM,80,Cross Road,Straight road,Level,Not Applicable,Sealed,Dry,Not Raining,Daylight,Rear End,1,Driver Rider,1: PDO,Traffic Signals,,,1335966.45,1682345.59,1.34E+13
2019-4818-27/05/2021,2 Metropolitan,SEATON,5023,CITY OF CHARLES STURT,2,0,0,0,0,2019,May,Thursday,1:15 PM,60,T-Junction,Straight road,Level,Not Applicable,Sealed,Dry,Not Raining,Daylight,Hit Fixed Object,1,Driver Rider,1: PDO,No Control,,,1319920.32,1674528.18,1.32E+13
2019-4819-27/05/2021,2 Metropolitan,GEPPS CROSS,5084,CITY OF PORT ADELAIDE ENFIELD,2,0,0,0,0,2019,May,Thursday,1:45 PM,60,Cross Road,Straight road,Level,Not Applicable,Sealed,Dry,Not Raining,Daylight,Side Swipe,1,Driver Rider,1: PDO,Traffic Signals,,,1327182.14,1679208.39,1.33E+13
2019-4820-27/05/2021,2 Metropolitan,FLINDERS PARK,5025,CITY OF CHARLES STURT,2,0,0,0,0,2019,May,Thursday,12:30 PM,60,Cross Road,Straight road,Level,Not Applicable,Sealed,Dry,Not Raining,Daylight,Right Angle,2,Driver Rider,1: PDO,Give Way Sign,,,1323099.69,1673136.79,1.32E+13
2019-4821-27/05/2021,2 Metropolitan,GILLES PLAINS,5086,CITY OF PORT ADELAIDE ENFIELD,2,1,0,0,1,2019,May,Thursday,11:30 AM,50,One Way,Straight road,Level,Driveway or Entrance,Sealed,Dry,Not Raining,Daylight,Side Swipe,1,Driver Rider,2: MI,No Control,,,1333690.4,1678099.06,1.33E+13
2019-4822-27/05/2021,2 Metropolitan,MAGILL,5072,CC CAMPBELLTOWN.              ,2,0,0,0,0,2019,May,Thursday,2:45 PM,60,Divided Road,Straight road,Level,Median Opening (not at I/S),Sealed,Dry,Not Raining,Daylight,Hit Fixed Object,1,Driver Rider,1: PDO,No Control,,,1335467.08,1672462.68,1.34E+13
2019-4823-27/05/2021,2 Metropolitan,MAWSON LAKES,5095,CITY OF SALISBURY,3,0,0,0,0,2019,May,Thursday,2:58 PM,50,Not Divided,Straight road,Level,Not Applicable,Sealed,Dry,Not Raining,Daylight,Side Swipe,1,Driver Rider,1: PDO,No Control,,,1330299.16,1683720.22,1.33E+13
2019-4824-27/05/2021,2 Metropolitan,KILBURN,5084,CITY OF PORT ADELAIDE ENFIELD,3,0,0,0,0,2019,May,Thursday,3:10 PM,60,Divided Road,Straight road,Level,Not Applicable,Sealed,Dry,Not Raining,Daylight,Rear End,1,Driver Rider,1: PDO,No Control,,,1327212.21,1677577.06,1.33E+13
2019-4825-27/05/2021,2 Metropolitan,PARK HOLME,5043,CC MARION.                    ,2,1,0,0,1,2019,May,Thursday,3:49 PM,60,T-Junction,Straight road,Level,Not Applicable,Sealed,Dry,Not Raining,Daylight,Right Turn,1,Driver Rider,2: MI,No Control,,,1324312.53,1663694.14,1.32E+13
2019-4826-27/05/2021,2 Metropolitan,UPPER STURT,5156,THE ADELAIDE HILLS COUNCIL,2,0,0,0,0,2019,May,Wednesday,10:30 PM,60,Not Divided,"CURVED, VIEW OBSCURED",Slope,Not Applicable,Sealed,Wet,Raining,Night,Hit Fixed Object,1,Other,1: PDO,No Control,,,1336358.57,1660405.98,1.34E+13
2019-4827-27/05/2021,2 Metropolitan,ONKAPARINGA HILLS,5163,CITY OF ONKAPARINGA,2,0,0,0,0,2019,May,Thursday,4:00 PM,80,T-Junction,"CURVED, VIEW OBSCURED",Crest of Hill,Not Applicable,Sealed,Dry,Not Raining,Daylight,Right Angle,2,Driver Rider,1: PDO,Give Way Sign,,,1327296.9,1650293.91,1.33E+13
2019-4828-27/05/2021,2 Metropolitan,OAKLANDS PARK,5046,CC MARION.                    ,2,0,0,0,0,2019,May,Thursday,12:30 PM,50,T-Junction,Straight road,Level,Not Applicable,Sealed,Dry,Not Raining,Daylight,Hit Parked Vehicle,1,Driver Rider,1: PDO,No Control,,,1322961.32,1661815.06,1.32E+13
2019-4829-27/05/2021,2 Metropolitan,MAWSON LAKES,5095,CITY OF SALISBURY,3,2,0,0,2,2019,May,Thursday,5:14 PM,80,Divided Road,Straight road,Level,Not Applicable,Sealed,Dry,Not Raining,Daylight,Rear End,1,Driver Rider,2: MI,No Control,,,1328703.83,1682933.45,1.33E+13
2019-4830-27/05/2021,2 Metropolitan,HAPPY VALLEY,5159,CITY OF ONKAPARINGA,2,0,0,0,0,2019,May,Thursday,1:00 PM,60,T-Junction,Straight road,Level,Not Applicable,Sealed,Dry,Not Raining,Daylight,Right Angle,1,Driver Rider,1: PDO,Stop Sign,,,1326281.49,1653501.44,1.33E+13
2019-4831-27/05/2021,2 Metropolitan,MORPHETT VALE,5162,CITY OF ONKAPARINGA,2,0,0,0,0,2019,May,Thursday,5:30 PM,60,Cross Road,Straight road,Slope,Not Applicable,Sealed,Dry,Not Raining,Night,Right Turn,1,Driver Rider,1: PDO,Give Way Sign,,,1320698.53,1649853.87,1.32E+13
2019-4832-27/05/2021,2 Metropolitan,NORWOOD,5067,"CC OF NORWOOD,PAYNEHAM & ST PETERS",2,0,0,0,0,2019,May,Thursday,5:50 PM,60,Cross Road,Straight road,Level,Not Applicable,Sealed,Dry,Not Raining,Night,Right Turn,2,Driver Rider,1: PDO,No Control,,,1331029.96,1671046.46,1.33E+13
2019-4833-27/05/2021,2 Metropolitan,PARALOWIE,5108,CITY OF SALISBURY,4,0,0,0,0,2019,May,Thursday,6:20 PM,60,T-Junction,Straight road,Level,Not Applicable,Sealed,Dry,Not Raining,Night,Rear End,1,Driver Rider,1: PDO,Roundabout,,,1328632.06,1688769.49,1.33E+13
2019-4834-27/05/2021,2 Metropolitan,EDINBURGH NORTH,5113,CITY OF PLAYFORD.,2,1,0,1,0,2019,May,Thursday,5:25 PM,60,Cross Road,Straight road,Level,Not Applicable,Sealed,Dry,Not Raining,Night,Hit Fixed Object,1,Driver Rider,3: SI,Roundabout,,,1335244.84,1695358.22,1.34E+13
2019-4835-27/05/2021,2 Metropolitan,KLEMZIG,5087,CITY OF PORT ADELAIDE ENFIELD,2,1,0,0,1,2019,May,Thursday,6:15 PM,50,Not Divided,"CURVED, VIEW OPEN",Level,Not Applicable,Sealed,Dry,Not Raining,Night,Rear End,1,Driver Rider,2: MI,No Control,,,1332209.11,1676196.41,1.33E+13
2019-4836-27/05/2021,2 Metropolitan,SHEIDOW PARK,5158,CC MARION.                    ,2,1,0,0,1,2019,May,Thursday,7:06 PM,80,T-Junction,Straight road,Level,Not Applicable,Sealed,Dry,Not Raining,Night,Right Turn,1,Driver Rider,2: MI,No Control,,,1320864.69,1654361.45,1.32E+13
2019-4837-27/05/2021,2 Metropolitan,STURT,5047,CC MARION.                    ,2,0,0,0,0,2019,May,Thursday,12:20 PM,60,Multiple,Straight road,Level,Not Applicable,Sealed,Dry,Not Raining,Daylight,Right Turn,2,Driver Rider,1: PDO,Traffic Signals,,,1323549.08,1660655.07,1.32E+13
2019-4838-27/05/2021,2 Metropolitan,RIDGEHAVEN,5097,CITY OF TEA TREE GULLY,2,0,0,0,0,2019,May,Thursday,7:30 AM,60,Cross Road,Straight road,Level,Not Applicable,Sealed,Dry,Not Raining,Daylight,Rear End,2,Driver Rider,1: PDO,Roundabout,,,1339706.32,1682460.68,1.34E+13
2019-4839-27/05/2021,2 Metropolitan,ECHUNGA,5153,DC MT.BARKER.                 ,3,1,0,0,1,2019,May,Thursday,7:30 PM,80,Not Divided,"CURVED, VIEW OBSCURED",Slope,Not Applicable,Sealed,Dry,Not Raining,Night,Hit Fixed Object,1,Driver Rider,2: MI,No Control,,,1348177.88,1651417.56,1.35E+13
2019-4840-27/05/2021,2 Metropolitan,HACKNEY,5069,"CC OF NORWOOD,PAYNEHAM & ST PETERS",2,0,0,0,0,2019,May,Thursday,5:14 PM,60,Cross Road,Straight road,Level,Not Applicable,Sealed,Dry,Not Raining,Daylight,Right Angle,1,Driver Rider,1: PDO,Traffic Signals,,,1329902.14,1671311.39,1.33E+13
2019-4841-27/05/2021,2 Metropolitan,BUCHFELDE,5118,LIGHT REGIONAL COUNCIL,2,0,0,0,0,2019,May,Thursday,7:30 PM,110,Not Divided,Straight road,Level,Not Applicable,Sealed,Dry,Not Raining,Night,Hit Animal,2,Animal,1: PDO,No Control,,,1337562.48,1705299.85,1.34E+13
2019-4842-27/05/2021,3 Country,SOLOMONTOWN,5540,PT.PIRIE CITY & DIST. COUNCIL ,2,0,0,0,0,2019,May,Thursday,9:15 PM,25,Not Divided,Straight road,Level,Not Applicable,Unsealed,Dry,Not Raining,Night,Hit Fixed Object,1,Driver Rider,1: PDO,No Control,,,1280816.28,1865172.31,1.28E+13
2019-4843-27/05/2021,2 Metropolitan,PARA HILLS,5096,CITY OF SALISBURY,2,0,0,0,0,2019,May,Friday,1:00 AM,50,T-Junction,Straight road,Level,Not Applicable,Sealed,Dry,Not Raining,Night,Hit Fixed Object,1,Driver Rider,1: PDO,No Control,,,1333460.18,1682723.22,1.33E+13
2019-4844-27/05/2021,2 Metropolitan,GEPPS CROSS,5085,CITY OF PORT ADELAIDE ENFIELD,2,0,0,0,0,2019,May,Friday,6:11 AM,60,Cross Road,Straight road,Slope,Not Applicable,Sealed,Dry,Not Raining,Night,Right Turn,1,Driver Rider,1: PDO,Traffic Signals,,,1330375.07,1679310.36,1.33E+13
2019-4845-27/05/2021,2 Metropolitan,CROMER,5235,THE ADELAIDE HILLS COUNCIL,2,0,0,0,0,2019,May,Thursday,3:45 PM,100,Cross Road,Straight road,Level,Not Applicable,Sealed,Dry,Not Raining,Daylight,Right Angle,2,Driver Rider,1: PDO,Give Way Sign,,,1361394.91,1684498.8,1.36E+13
2019-4846-27/05/2021,3 Country,MOUNT GAMBIER,5290,CC MT.GAMBIER.                ,1,1,0,1,0,2019,May,Thursday,3:30 PM,50,Not Divided,Straight road,Level,Not Applicable,Sealed,Dry,Not Raining,Daylight,Roll Over,1,Driver Rider,3: SI,No Control,,,1509491.69,1340318.73,1.51E+13
2019-4847-27/05/2021,2 Metropolitan,HAPPY VALLEY,5159,CITY OF ONKAPARINGA,2,1,0,0,1,2019,May,Friday,7:20 AM,60,T-Junction,Straight road,Level,Not Applicable,Sealed,Dry,Not Raining,Daylight,Right Angle,1,Driver Rider,2: MI,Stop Sign,,,1326281.49,1653501.44,1.33E+13
2019-4848-27/05/2021,2 Metropolitan,OAKLANDS PARK,5046,CC MARION.                    ,2,0,0,0,0,2019,May,Thursday,8:35 AM,50,Not Divided,Straight road,Level,Not Applicable,Sealed,Dry,Not Raining,Daylight,Hit Parked Vehicle,1,Driver Rider,1: PDO,No Control,,,1323388.46,1661779.43,1.32E+13
2019-4849-27/05/2021,3 Country,MIDDLEBACK RANGE,5609,CC WHYALLA.                   ,2,2,0,2,0,2019,May,Friday,6:03 AM,110,Not Divided,Straight road,Level,Not Applicable,Sealed,Dry,Not Raining,Night,Head On,1,Driver Rider,3: SI,No Control,,,1218922.74,1876486.83,1.22E+13
2019-4850-27/05/2021,2 Metropolitan,GILLMAN,5013,CITY OF PORT ADELAIDE ENFIELD,2,1,0,0,1,2019,May,Friday,7:50 AM,60,Not Divided,Straight road,Level,Not Applicable,Sealed,Dry,Not Raining,Daylight,Side Swipe,1,Driver Rider,2: MI,No Control,,,1322024.85,1680429.91,1.32E+13
2019-4851-27/05/2021,2 Metropolitan,CLOVELLY PARK,5042,CC MARION.                    ,2,0,0,0,0,2019,May,Friday,8:35 AM,60,T-Junction,Straight road,Level,Not Applicable,Sealed,Dry,Not Raining,Daylight,Right Angle,1,Driver Rider,1: PDO,No Control,,,1325460.63,1663302.73,1.33E+13
2019-4852-27/05/2021,2 Metropolitan,CUMBERLAND PARK,5041,CC MITCHAM.                   ,2,1,0,0,1,2019,May,Thursday,1:05 PM,60,T-Junction,Straight road,Level,Not Applicable,Sealed,Dry,Not Raining,Daylight,Side Swipe,2,Driver Rider,2: MI,No Control,,,1327365.28,1666195.35,1.33E+13