REPORT_ID,Stats Area,Suburb,Postcode,LGA Name,Total Units,Total Cas,Total Fats,Total SI,Total MI,Year,Month,Day,Time,Area Speed,Position Type,Horizontal Align,Vertical Align,Other Feat,Road Surface,Moisture Cond,Weather Cond,DayNight,Crash Type,Unit Resp,Entity Code,CSEF Severity,Traffic Ctrls,DUI Involved,Drugs Involved,ACCLOC_X,ACCLOC_Y,UNIQUE_LOC
2019-4853-27/05/2021,2 Metropolitan,MILLBROOK,5231,THE ADELAIDE HILLS COUNCIL,2,0,0,0,0,2019,May,Thursday,7:30 AM,80,T-Junction,"CURVED, VIEW OPEN",Level,Not Applicable,Sealed,Dry,Not Raining,Daylight,Hit Object on Road,1,Driver Rider,1: PDO,Give Way Sign,,,1349824.62,1681247.67,1.35E+13
2019-4854-27/05/2021,2 Metropolitan,WEST LAKES SHORE,5020,CITY OF CHARLES STURT,2,1,0,0,1,2019,May,Friday,8:30 AM,60,T-Junction,Straight road,Level,Not Applicable,Sealed,Dry,Not Raining,Daylight,Side Swipe,1,Driver Rider,2: MI,No Control,,,1318089.25,1676625.94,1.32E+13
2019-4855-27/05/2021,2 Metropolitan,UNDERDALE,5032,CITY OF WEST TORRENS,3,0,0,0,0,2019,May,Friday,8:25 AM,60,T-Junction,Straight road,Level,Not Applicable,Sealed,Dry,Not Raining,Daylight,Right Turn,1,Driver Rider,1: PDO,Traffic Signals,,,1323829.19,1671602.14,1.32E+13
2019-4856-27/05/2021,2 Metropolitan,HILLBANK,5112,CITY OF PLAYFORD.,2,0,0,0,0,2019,May,Friday,10:08 AM,80,Cross Road,Straight road,Level,Not Applicable,Sealed,Dry,Not Raining,Daylight,Rear End,1,Driver Rider,1: PDO,Traffic Signals,,,1336127.25,1690847.05,1.34E+13
2019-4857-27/05/2021,2 Metropolitan,OVINGHAM,5082,CITY OF CHARLES STURT,2,0,0,0,0,2019,May,Thursday,6:30 PM,60,Cross Road,Straight road,Level,Not Applicable,Sealed,Dry,Not Raining,Night,Rear End,1,Driver Rider,1: PDO,Traffic Signals,,,1327131.58,1673269.49,1.33E+13
2019-4858-27/05/2021,2 Metropolitan,GREENACRES,5086,CITY OF PORT ADELAIDE ENFIELD,2,0,0,0,0,2019,May,Friday,9:45 AM,50,T-Junction,Straight road,Level,Not Applicable,Sealed,Dry,Not Raining,Daylight,Side Swipe,1,Driver Rider,1: PDO,No Control,,,1332071.63,1677281.87,1.33E+13
2019-4859-27/05/2021,2 Metropolitan,THEBARTON,5031,CITY OF WEST TORRENS,2,0,0,0,0,2019,May,Thursday,6:30 PM,60,Divided Road,Straight road,Level,Not Applicable,Sealed,Dry,Not Raining,Night,Rear End,2,Driver Rider,1: PDO,No Control,,,1326466.78,1672535.4,1.33E+13
2019-4860-27/05/2021,2 Metropolitan,SHEIDOW PARK,5158,CC MARION.                    ,2,0,0,0,0,2019,May,Thursday,6:40 PM,50,T-Junction,Straight road,Level,Not Applicable,Sealed,Dry,Not Raining,Night,Right Angle,1,Driver Rider,1: PDO,Give Way Sign,,,1321273.24,1653827.38,1.32E+13
2019-4861-27/05/2021,2 Metropolitan,WOODVILLE SOUTH,5011,CITY OF CHARLES STURT,2,1,0,0,1,2019,May,Friday,11:20 AM,60,Divided Road,Straight road,Level,Driveway or Entrance,Sealed,Dry,Not Raining,Daylight,Right Angle,1,Driver Rider,2: MI,No Control,,,1322601.08,1675943.51,1.32E+13
2019-4862-27/05/2021,2 Metropolitan,GREEN FIELDS,5107,CITY OF SALISBURY,2,1,0,0,1,2019,May,Thursday,10:00 AM,90,T-Junction,Straight road,Level,Not Applicable,Sealed,Dry,Not Raining,Daylight,Rear End,2,Driver Rider,2: MI,Traffic Signals,,,1328656.28,1685901.86,1.33E+13
2019-4863-27/05/2021,2 Metropolitan,ROSTREVOR,5073,CC CAMPBELLTOWN.              ,2,2,0,0,2,2019,May,Thursday,10:50 AM,60,T-Junction,Straight road,Level,Not Applicable,Sealed,Dry,Not Raining,Daylight,Right Angle,2,Driver Rider,2: MI,No Control,,,1335431.99,1673762.38,1.34E+13
2019-4864-27/05/2021,2 Metropolitan,GEPPS CROSS,5094,CITY OF PORT ADELAIDE ENFIELD,2,1,0,0,1,2019,May,Thursday,5:23 PM,70,T-Junction,Straight road,Level,Not Applicable,Sealed,Dry,Not Raining,Night,Rear End,2,Driver Rider,2: MI,Traffic Signals,,,1329435.85,1680216.96,1.33E+13
2019-4865-27/05/2021,2 Metropolitan,TRANMERE,5073,CC CAMPBELLTOWN.              ,2,0,0,0,0,2019,May,Friday,12:00 PM,50,Not Divided,Straight road,Slope,Not Applicable,Sealed,Dry,Not Raining,Daylight,Hit Fixed Object,1,Driver Rider,1: PDO,No Control,,,1334264.62,1672373.84,1.33E+13
2019-4866-27/05/2021,2 Metropolitan,PASADENA,5042,CC MITCHAM.                   ,2,1,0,0,1,2019,May,Friday,7:55 AM,60,T-Junction,Straight road,Slope,Not Applicable,Sealed,Dry,Not Raining,Daylight,Right Turn,1,Driver Rider,2: MI,Give Way Sign,,,1327593.23,1663023.71,1.33E+13
2019-4867-27/05/2021,2 Metropolitan,GILBERTON,5081,WALKERVILLE TOWN COUNCIL,3,0,0,0,0,2019,May,Thursday,5:45 PM,60,Divided Road,Straight road,Level,Not Applicable,Sealed,Dry,Not Raining,Night,Rear End,1,Driver Rider,1: PDO,No Control,,,1329595.91,1673107.64,1.33E+13
2019-4868-27/05/2021,2 Metropolitan,VALE PARK,5081,WALKERVILLE TOWN COUNCIL,2,1,0,0,1,2019,May,Friday,3:24 PM,60,Cross Road,Straight road,Level,Not Applicable,Sealed,Dry,Not Raining,Daylight,Right Angle,2,Driver Rider,2: MI,Traffic Signals,,,1331192.88,1674745.74,1.33E+13
2019-4869-27/05/2021,2 Metropolitan,SALISBURY EAST,5109,CITY OF SALISBURY,2,1,0,0,1,2019,May,Friday,2:50 PM,80,Cross Road,Straight road,Level,Not Applicable,Sealed,Dry,Not Raining,Daylight,Rear End,2,Driver Rider,2: MI,Traffic Signals,,,1333277.7,1685371.45,1.33E+13
2019-4870-27/05/2021,3 Country,FLAXMAN VALLEY,5235,THE BAROSSA COUNCIL.,2,2,0,0,2,2019,May,Friday,2:39 PM,100,Not Divided,"CURVED, VIEW OBSCURED",Level,Not Applicable,Sealed,Dry,Not Raining,Daylight,Hit Fixed Object,1,Driver Rider,2: MI,No Control,,,1368717.81,1706502.75,1.37E+13
2019-4871-27/05/2021,2 Metropolitan,GLANDORE,5037,CITY OF UNLEY,2,0,0,0,0,2019,May,Wednesday,3:30 PM,60,Divided Road,Straight road,Level,Not Applicable,Sealed,Dry,Not Raining,Daylight,Side Swipe,1,Driver Rider,1: PDO,No Control,,,1325857.24,1667119.84,1.33E+13
2019-4872-27/05/2021,2 Metropolitan,REGENCY PARK,5010,CITY OF PORT ADELAIDE ENFIELD,2,0,0,0,0,2019,May,Friday,9:30 AM,60,Cross Road,Straight road,Level,Not Applicable,Sealed,Dry,Not Raining,Daylight,Rear End,1,Driver Rider,1: PDO,Traffic Signals,,,1326061.02,1676376.98,1.33E+13
2019-4873-27/05/2021,2 Metropolitan,PORT ADELAIDE,5015,CITY OF PORT ADELAIDE ENFIELD,2,1,0,0,1,2019,May,Friday,2:30 PM,60,T-Junction,Straight road,Level,Not Applicable,Sealed,Dry,Not Raining,Daylight,Rear End,2,Driver Rider,2: MI,No Control,,,1320486.5,1678923.84,1.32E+13
2019-4874-27/05/2021,2 Metropolitan,TOORAK GARDENS,5065,CITY OF BURNSIDE,2,1,0,0,1,2019,May,Friday,12:25 PM,60,T-Junction,Straight road,Level,Not Applicable,Sealed,Dry,Not Raining,Daylight,Side Swipe,2,Driver Rider,2: MI,No Control,,,1332280.75,1670292.54,1.33E+13
2019-4875-27/05/2021,2 Metropolitan,ELIZABETH SOUTH,5112,CITY OF PLAYFORD.,2,1,0,0,1,2019,May,Friday,2:34 PM,60,T-Junction,Straight road,Level,Not Applicable,Sealed,Dry,Not Raining,Daylight,Right Angle,2,Driver Rider,2: MI,No Control,,Y,1335215.14,1692411.87,1.34E+13
2019-4876-27/05/2021,2 Metropolitan,MORPHETT VALE,5162,CITY OF ONKAPARINGA,2,0,0,0,0,2019,May,Friday,4:45 PM,70,Cross Road,Straight road,Slope,Not Applicable,Sealed,Dry,Not Raining,Daylight,Rear End,1,Driver Rider,1: PDO,Traffic Signals,,,1319739.6,1650989.54,1.32E+13
2019-4877-27/05/2021,2 Metropolitan,DULWICH,5065,CITY OF BURNSIDE,2,0,0,0,0,2019,May,Wednesday,8:45 AM,60,T-Junction,Straight road,Level,Not Applicable,Sealed,Dry,Not Raining,Daylight,Right Angle,2,Driver Rider,1: PDO,No Control,,,1330656.29,1669532.66,1.33E+13
2019-4878-27/05/2021,3 Country,MOUNT GAMBIER,5290,CC MT.GAMBIER.                ,2,0,0,0,0,2019,May,Friday,4:37 PM,50,T-Junction,Straight road,Level,Not Applicable,Sealed,Dry,Not Raining,Daylight,Right Turn,1,Driver Rider,1: PDO,No Control,,,1508718.22,1341831.76,1.51E+13
2019-4879-27/05/2021,2 Metropolitan,POORAKA,5095,CITY OF SALISBURY,2,0,0,0,0,2019,May,Friday,5:45 PM,50,Not Divided,Straight road,Level,Driveway or Entrance,Sealed,Dry,Not Raining,Night,Hit Pedestrian,2,Pedestrian,1: PDO,No Control,,,1330749.71,1681985.08,1.33E+13
2019-4880-27/05/2021,2 Metropolitan,PORT ADELAIDE,5015,CITY OF PORT ADELAIDE ENFIELD,1,1,0,0,1,2019,May,Friday,5:30 PM,50,Not Divided,Straight road,Level,Not Applicable,Sealed,Dry,Not Raining,Night,Roll Over,1,Driver Rider,2: MI,No Control,,,1320937.31,1681176.88,1.32E+13
2019-4881-27/05/2021,2 Metropolitan,WINGFIELD,5013,CITY OF PORT ADELAIDE ENFIELD,4,1,0,0,1,2019,May,Friday,2:40 PM,60,Divided Road,Straight road,Level,Not Applicable,Sealed,Dry,Not Raining,Daylight,Rear End,1,Driver Rider,2: MI,No Control,,,1323981.66,1679154.33,1.32E+13
2019-4882-27/05/2021,2 Metropolitan,POORAKA,5095,CITY OF SALISBURY,2,0,0,0,0,2019,May,Friday,5:20 PM,80,T-Junction,Straight road,Level,Not Applicable,Sealed,Dry,Not Raining,Night,Right Angle,2,Driver Rider,1: PDO,Stop Sign,,,1331536.65,1683142.51,1.33E+13
2019-4883-27/05/2021,1 City,ADELAIDE,5000,CITY OF ADELAIDE,2,0,0,0,0,2019,May,Friday,6:31 PM,50,T-Junction,Straight road,Slope,Not Applicable,Sealed,Dry,Not Raining,Night,Rear End,1,Driver Rider,1: PDO,No Control,,,1328346.8,1671131.3,1.33E+13
2019-4884-27/05/2021,2 Metropolitan,GEPPS CROSS,5094,CITY OF PORT ADELAIDE ENFIELD,2,1,0,0,1,2019,May,Friday,5:58 PM,60,Divided Road,Straight road,Slope,Not Applicable,Sealed,Dry,Not Raining,Night,Side Swipe,2,Driver Rider,2: MI,No Control,,,1329055.14,1679671.72,1.33E+13
2019-4885-27/05/2021,2 Metropolitan,ASHFORD,5035,CITY OF WEST TORRENS,2,1,0,0,1,2019,May,Friday,6:18 PM,60,T-Junction,Straight road,Level,Not Applicable,Sealed,Dry,Not Raining,Night,Right Angle,1,Driver Rider,2: MI,No Control,,,1326385.5,1668265.44,1.33E+13
2019-4886-27/05/2021,2 Metropolitan,MAYLANDS,5069,"CC OF NORWOOD,PAYNEHAM & ST PETERS",4,2,0,0,2,2019,May,Friday,9:05 PM,60,Cross Road,Straight road,Level,Not Applicable,Sealed,Dry,Not Raining,Night,Right Angle,1,Driver Rider,2: MI,Traffic Signals,,,1332227.63,1671761.35,1.33E+13
2019-4887-27/05/2021,2 Metropolitan,MORPHETT VALE,5162,CITY OF ONKAPARINGA,2,0,0,0,0,2019,May,Friday,8:15 PM,60,Divided Road,Straight road,Slope,Median Opening (not at I/S),Sealed,Dry,Not Raining,Night,Hit Fixed Object,1,Driver Rider,1: PDO,No Control,Y,,1321953.16,1649133.18,1.32E+13
2019-4888-27/05/2021,2 Metropolitan,QUEENSTOWN,5014,CITY OF PORT ADELAIDE ENFIELD,2,0,0,0,0,2019,May,Friday,5:16 PM,50,Not Divided,Straight road,Level,Not Applicable,Sealed,Dry,Not Raining,Daylight,Hit Parked Vehicle,1,Driver Rider,1: PDO,No Control,,,1320568.16,1677998.71,1.32E+13
2019-4889-27/05/2021,2 Metropolitan,NORWOOD,5067,"CC OF NORWOOD,PAYNEHAM & ST PETERS",2,1,0,0,1,2019,May,Friday,9:10 PM,60,Cross Road,Straight road,Slope,Not Applicable,Sealed,Dry,Not Raining,Night,Hit Pedestrian,1,Driver Rider,2: MI,Stop Sign,Y,,1331874.28,1670398.69,1.33E+13
2019-4890-27/05/2021,3 Country,HINDMARSH VALLEY,5211,DC VICTOR HARBOR.             ,2,1,0,1,0,2019,May,Saturday,12:45 AM,100,Not Divided,"CURVED, VIEW OBSCURED",Slope,Not Applicable,Sealed,Dry,Not Raining,Night,Hit Fixed Object,1,Driver Rider,3: SI,No Control,,,1330258.16,1610407.53,1.33E+13
2019-4891-27/05/2021,3 Country,CRYSTAL BROOK,5523,PT.PIRIE CITY & DIST. COUNCIL ,3,1,0,0,1,2019,May,Saturday,7:35 AM,100,Not Divided,"CURVED, VIEW OPEN",Slope,Not Applicable,Sealed,Dry,Not Raining,Daylight,Roll Over,1,Driver Rider,2: MI,No Control,,,1300009.49,1845890.4,1.30E+13
2019-4892-27/05/2021,2 Metropolitan,UNLEY,5061,CITY OF UNLEY,2,0,0,0,0,2019,May,Saturday,12:05 AM,40,Not Divided,Straight road,Level,Not Applicable,Sealed,Dry,Not Raining,Night,Hit Parked Vehicle,1,Driver Rider,1: PDO,No Control,,,1328814.03,1667934.71,1.33E+13
2019-4893-27/05/2021,2 Metropolitan,ST PETERS,5069,"CC OF NORWOOD,PAYNEHAM & ST PETERS",2,0,0,0,0,2019,May,Saturday,9:34 AM,60,Divided Road,Straight road,Slope,Not Applicable,Sealed,Dry,Not Raining,Daylight,Rear End,2,Driver Rider,1: PDO,No Control,,,1330843.9,1672040.57,1.33E+13
2019-4894-27/05/2021,2 Metropolitan,BRIGHTON,5048,CITY OF HOLDFAST BAY,2,0,0,0,0,2019,May,Saturday,9:25 AM,60,T-Junction,Straight road,Level,Not Applicable,Sealed,Dry,Not Raining,Daylight,Right Angle,2,Driver Rider,1: PDO,No Control,,,1321321.98,1660556.03,1.32E+13
2019-4895-27/05/2021,1 City,ADELAIDE,5000,CITY OF ADELAIDE,2,1,0,0,1,2019,May,Friday,5:40 PM,60,Cross Road,Straight road,Level,Not Applicable,Sealed,Dry,Not Raining,Night,Right Turn,2,Driver Rider,2: MI,Traffic Signals,,,1327363.85,1670321.47,1.33E+13
2019-4896-27/05/2021,2 Metropolitan,PARKSIDE,5063,CITY OF UNLEY,2,1,0,1,0,2019,May,Thursday,7:45 AM,60,Not Divided,Straight road,Level,Not Applicable,Sealed,Dry,Not Raining,Daylight,Rear End,1,Driver Rider,3: SI,No Control,,,1330295.08,1668646.81,1.33E+13
2019-4897-27/05/2021,2 Metropolitan,WATERLOO CORNER,5110,CITY OF SALISBURY,2,0,0,0,0,2019,May,Saturday,8:40 AM,70,T-Junction,Straight road,Level,Not Applicable,Sealed,Dry,Not Raining,Daylight,Side Swipe,2,Driver Rider,1: PDO,Roundabout,,,1328258.79,1692163.2,1.33E+13
2019-4898-27/05/2021,2 Metropolitan,MELROSE PARK,5039,CC MITCHAM.                   ,2,0,0,0,0,2019,May,Saturday,11:10 AM,60,Cross Road,Straight road,Level,Not Applicable,Sealed,Dry,Not Raining,Daylight,Right Turn,2,Driver Rider,1: PDO,Traffic Signals,,,1325912.09,1664949,1.33E+13
2019-4899-27/05/2021,3 Country,NARACOORTE,5271,DC NARACOORTE & LUCINDALE.,2,0,0,0,0,2019,May,Saturday,1:58 PM,60,Cross Road,Straight road,Level,Not Applicable,Sealed,Dry,Not Raining,Daylight,Hit Fixed Object,9,Other,1: PDO,Give Way Sign,,,1511598.49,1436175.67,1.51E+13
2019-4900-27/05/2021,2 Metropolitan,INGLE FARM,5098,CITY OF SALISBURY,2,0,0,0,0,2019,May,Saturday,12:45 PM,50,Not Divided,Straight road,Level,Not Applicable,Sealed,Dry,Not Raining,Daylight,Hit Fixed Object,1,Driver Rider,1: PDO,No Control,,,1334058.7,1681919.36,1.33E+13
2019-4901-27/05/2021,3 Country,TUMBY BAY,5605,DC TUMBY BAY.                 ,2,2,1,1,0,2019,May,Saturday,4:30 AM,100,Not Divided,"CURVED, VIEW OPEN",Level,Not Applicable,Sealed,Dry,Not Raining,Night,Hit Fixed Object,1,Driver Rider,4: Fatal,No Control,,,1099113.08,1737086.42,1.10E+13
2019-4902-27/05/2021,3 Country,MOUNT GAMBIER,5290,CC MT.GAMBIER.                ,2,2,0,0,2,2019,May,Saturday,1:20 PM,50,Cross Road,Straight road,Bottom of Hill,Not Applicable,Sealed,Dry,Not Raining,Daylight,Right Angle,2,Driver Rider,2: MI,Give Way Sign,,,1509354.79,1341526.67,1.51E+13
2019-4903-27/05/2021,1 City,ADELAIDE,5000,CITY OF ADELAIDE,2,0,0,0,0,2019,May,Thursday,5:46 PM,50,Cross Road,Straight road,Level,Not Applicable,Sealed,Dry,Not Raining,Night,Right Turn,1,Driver Rider,1: PDO,Traffic Signals,,,1328463.96,1670516.22,1.33E+13
2019-4904-27/05/2021,2 Metropolitan,SMITHFIELD,5114,CITY OF PLAYFORD.,3,0,0,0,0,2019,May,Friday,4:15 PM,80,Divided Road,Straight road,Level,Not Applicable,Sealed,Dry,Not Raining,Daylight,Rear End,1,Driver Rider,1: PDO,No Control,,,1337780.65,1696952.53,1.34E+13
2019-4905-27/05/2021,2 Metropolitan,GAWLER EAST,5118,CT GAWLER.                    ,1,0,0,0,0,2019,May,Saturday,1:40 PM,80,T-Junction,"CURVED, VIEW OPEN",Level,Not Applicable,Sealed,Dry,Not Raining,Daylight,Roll Over,1,Driver Rider,1: PDO,Give Way Sign,,,1345776.04,1706540.78,1.35E+13
2019-4906-27/05/2021,2 Metropolitan,MODBURY NORTH,5092,CITY OF TEA TREE GULLY,2,0,0,0,0,2019,May,Saturday,3:20 PM,60,T-Junction,Straight road,Slope,Not Applicable,Sealed,Dry,Not Raining,Daylight,Hit Fixed Object,1,Driver Rider,1: PDO,No Control,,,1335452.79,1682330.71,1.34E+13
2019-4907-27/05/2021,2 Metropolitan,HOLDEN HILL,5088,CITY OF PORT ADELAIDE ENFIELD,3,0,0,0,0,2019,May,Saturday,3:26 PM,60,Cross Road,Straight road,Level,Not Applicable,Sealed,Dry,Not Raining,Daylight,Side Swipe,2,Driver Rider,1: PDO,Traffic Signals,,,1333815.87,1678085.87,1.33E+13
2019-4908-27/05/2021,2 Metropolitan,HAWTHORNDENE,5051,CC MITCHAM.                   ,2,0,0,0,0,2019,May,Friday,6:30 PM,60,T-Junction,"CURVED, VIEW OPEN",Slope,Not Applicable,Sealed,Dry,Not Raining,Night,Right Angle,1,Driver Rider,1: PDO,Stop Sign,,,1330046.87,1659778.23,1.33E+13
2019-4909-27/05/2021,2 Metropolitan,MUNNO PARA,5115,CITY OF PLAYFORD.,2,1,0,0,1,2019,May,Friday,9:30 PM,50,T-Junction,Straight road,Level,Not Applicable,Sealed,Dry,Not Raining,Night,Right Turn,2,Driver Rider,2: MI,No Control,,,1338079.83,1698072.97,1.34E+13
2019-4910-27/05/2021,2 Metropolitan,NORTHFIELD,5085,CITY OF PORT ADELAIDE ENFIELD,2,1,0,1,0,2019,May,Saturday,3:45 PM,60,T-Junction,Straight road,Crest of Hill,Not Applicable,Sealed,Dry,Not Raining,Daylight,Rear End,2,Driver Rider,3: SI,No Control,,,1330859.68,1680068.64,1.33E+13
2019-4911-27/05/2021,2 Metropolitan,PLYMPTON,5038,CITY OF WEST TORRENS,2,1,0,0,1,2019,May,Saturday,4:00 PM,60,T-Junction,Straight road,Level,Not Applicable,Sealed,Dry,Not Raining,Daylight,Side Swipe,1,Driver Rider,2: MI,No Control,,,1323649.56,1666086.57,1.32E+13
2019-4912-27/05/2021,3 Country,MIDGEE,5602,DC FRANKLIN HARBOR.           ,1,1,0,1,0,2019,May,Friday,10:34 PM,110,Not Divided,Straight road,Level,Not Applicable,Sealed,Dry,Not Raining,Night,Left Road - Out of Control,1,Driver Rider,3: SI,No Control,Y,,1191452.99,1847759.05,1.19E+13
2019-4913-27/05/2021,2 Metropolitan,HILLIER,5116,CITY OF PLAYFORD.,2,1,0,1,0,2019,May,Thursday,7:45 PM,110,Freeway,Straight road,Level,Not Applicable,Sealed,Dry,Not Raining,Night,Hit Object on Road,1,Driver Rider,3: SI,No Control,,,1336185.97,1703099.67,1.34E+13
2019-4914-27/05/2021,2 Metropolitan,PARAFIELD GARDENS,5107,CITY OF SALISBURY,2,0,0,0,0,2019,May,Saturday,11:30 PM,50,Not Divided,Straight road,Level,Not Applicable,Sealed,Dry,Not Raining,Night,Hit Parked Vehicle,1,Driver Rider,1: PDO,No Control,,,1330339.27,1684764.79,1.33E+13
2019-4915-27/05/2021,2 Metropolitan,CHANDLERS HILL,5159,CITY OF ONKAPARINGA,1,0,0,0,0,2019,May,Sunday,3:00 AM,70,Not Divided,"CURVED, VIEW OBSCURED",Level,Not Applicable,Sealed,Dry,Not Raining,Night,Roll Over,1,Driver Rider,1: PDO,No Control,,,1329362.95,1652635.12,1.33E+13
2019-4916-27/05/2021,2 Metropolitan,ELIZABETH DOWNS,5113,CITY OF PLAYFORD.,4,1,0,1,0,2019,May,Sunday,2:50 AM,50,Not Divided,Straight road,Level,Not Applicable,Sealed,Dry,Not Raining,Night,Hit Parked Vehicle,1,Driver Rider,3: SI,No Control,,Y,1337435.05,1694712.99,1.34E+13
2019-4917-27/05/2021,2 Metropolitan,SOUTH PLYMPTON,5038,CC MARION.                    ,2,1,0,0,1,2019,May,Saturday,11:45 AM,60,Cross Road,Straight road,Level,Not Applicable,Sealed,Dry,Not Raining,Daylight,Rear End,2,Driver Rider,2: MI,Traffic Signals,,,1324280.88,1665110.12,1.32E+13
2019-4918-27/05/2021,3 Country,WHYALLA NORRIE,5608,CC WHYALLA.                   ,2,0,0,0,0,2019,May,Sunday,8:15 AM,50,Not Divided,Straight road,Level,Driveway or Entrance,Sealed,Dry,Not Raining,Daylight,Right Angle,1,Driver Rider,1: PDO,No Control,,,1237396.84,1882844.55,1.24E+13
2019-4919-27/05/2021,3 Country,KOOTABERRA,5713,,2,0,0,0,0,2019,May,Saturday,10:00 AM,110,Not Divided,Straight road,Level,Driveway or Entrance,Sealed,Dry,Not Raining,Daylight,Rear End,2,Driver Rider,1: PDO,No Control,,,1233339.58,1978092.13,1.23E+13
2019-4920-27/05/2021,2 Metropolitan,SEACLIFF,5049,CITY OF HOLDFAST BAY,2,0,0,0,0,2019,May,Saturday,12:15 PM,60,Divided Road,Straight road,Slope,Not Applicable,Sealed,Dry,Not Raining,Daylight,Rear End,2,Driver Rider,1: PDO,No Control,,,1321199.11,1658844.91,1.32E+13
2019-4921-27/05/2021,2 Metropolitan,WINGFIELD,5013,CITY OF PORT ADELAIDE ENFIELD,2,0,0,0,0,2019,May,Sunday,10:30 AM,90,Freeway,Straight road,Level,Not Applicable,Sealed,Wet,Raining,Daylight,Hit Fixed Object,1,Driver Rider,1: PDO,No Control,,,1323903.22,1681026.93,1.32E+13
2019-4922-27/05/2021,2 Metropolitan,MAGILL,5072,CITY OF BURNSIDE,2,0,0,0,0,2019,May,Saturday,8:25 PM,60,Not Divided,Straight road,Level,Driveway or Entrance,Sealed,Dry,Not Raining,Night,Rear End,1,Driver Rider,1: PDO,No Control,,,1335484.6,1671797.65,1.34E+13
2019-4923-27/05/2021,2 Metropolitan,SALISBURY NORTH,5108,CITY OF SALISBURY,2,0,0,0,0,2019,May,Sunday,11:47 AM,50,T-Junction,Straight road,Level,Not Applicable,Sealed,Dry,Not Raining,Daylight,Side Swipe,2,Driver Rider,1: PDO,No Control,,,1331595.97,1690539.48,1.33E+13
2019-4924-27/05/2021,2 Metropolitan,SEMAPHORE PARK,5019,CITY OF CHARLES STURT,2,1,0,0,1,2019,May,Saturday,12:30 PM,60,Cross Road,Straight road,Level,Not Applicable,Sealed,Dry,Not Raining,Daylight,Right Angle,2,Driver Rider,2: MI,Give Way Sign,,,1317680.49,1678427.35,1.32E+13
2019-4925-27/05/2021,2 Metropolitan,WATERLOO CORNER,5110,CITY OF PLAYFORD.,2,1,0,0,1,2019,May,Sunday,12:46 PM,80,Cross Road,Straight road,Level,Not Applicable,Sealed,Wet,Raining,Daylight,Right Angle,1,Driver Rider,2: MI,Give Way Sign,,,1325927.14,1694182.2,1.33E+13
2019-4926-27/05/2021,3 Country,BURRUNGULE,5291,DISTRICT COUNCIL OF GRANT,1,0,0,0,0,2019,May,Sunday,1:00 PM,110,Not Divided,"CURVED, VIEW OPEN",Slope,Not Applicable,Sealed,Wet,Not Raining,Daylight,Roll Over,1,Driver Rider,1: PDO,No Control,,,1498599.74,1348622.2,1.50E+13
2019-4927-27/05/2021,2 Metropolitan,EDEN HILLS,5050,CC MITCHAM.                   ,2,0,0,0,0,2019,May,Saturday,9:25 PM,50,Not Divided,"CURVED, VIEW OPEN",Level,Not Applicable,Sealed,Dry,Not Raining,Night,Hit Fixed Object,1,Driver Rider,1: PDO,No Control,Y,,1328362.03,1660083.28,1.33E+13
2019-4928-27/05/2021,2 Metropolitan,GRANGE,5022,CITY OF CHARLES STURT,2,0,0,0,0,2019,May,Friday,6:30 PM,60,Divided Road,Straight road,Level,Not Applicable,Sealed,Wet,Not Raining,Night,Rear End,1,Driver Rider,1: PDO,No Control,,,1319878.92,1673047.24,1.32E+13
2019-4929-27/05/2021,2 Metropolitan,SELLICKS HILL,5174,CITY OF ONKAPARINGA,2,0,0,0,0,2019,May,Saturday,11:30 PM,80,Not Divided,Straight road,Level,Not Applicable,Sealed,Dry,Not Raining,Night,Hit Fixed Object,1,Driver Rider,1: PDO,No Control,,,1320011.09,1631230.48,1.32E+13
2019-4930-27/05/2021,2 Metropolitan,CAMPBELLTOWN,5074,CC CAMPBELLTOWN.              ,2,1,0,0,1,2019,May,Sunday,5:58 PM,60,T-Junction,Straight road,Level,Not Applicable,Sealed,Wet,Not Raining,Night,Rear End,1,Driver Rider,2: MI,No Control,,,1335399.51,1674921.05,1.34E+13
2019-4931-27/05/2021,3 Country,LANGHORNE CREEK,5255,ALEXANDRINA COUNCIL,2,1,0,0,1,2019,May,Saturday,5:00 PM,100,Not Divided,"CURVED, VIEW OPEN",Slope,Not Applicable,Sealed,Dry,Not Raining,Daylight,Rear End,2,Driver Rider,2: MI,No Control,,,1368470.92,1626211.02,1.37E+13
2019-4932-27/05/2021,2 Metropolitan,GOLDEN GROVE,5125,CITY OF TEA TREE GULLY,2,1,0,0,1,2019,May,Sunday,6:15 PM,60,Cross Road,Straight road,Level,Not Applicable,Sealed,Wet,Not Raining,Night,Right Turn,2,Driver Rider,2: MI,Traffic Signals,Y,,1337859.71,1685518.84,1.34E+13
2019-4933-27/05/2021,2 Metropolitan,ELIZABETH SOUTH,5112,CITY OF PLAYFORD.,2,0,0,0,0,2019,May,Sunday,10:00 PM,60,T-Junction,Straight road,Level,Not Applicable,Sealed,Wet,Raining,Night,Right Angle,2,Driver Rider,1: PDO,No Control,,,1334405.61,1690427.67,1.33E+13
2019-4934-27/05/2021,3 Country,TANTANOOLA,5280,WATTLE RANGE COUNCIL,2,1,0,1,0,2019,May,Sunday,8:45 PM,110,Not Divided,"CURVED, VIEW OPEN",Level,Not Applicable,Sealed,Wet,Raining,Night,Hit Fixed Object,1,Driver Rider,3: SI,No Control,,,1491371.65,1351593.45,1.49E+13
2019-4935-27/05/2021,3 Country,MIDGEE,5602,DC FRANKLIN HARBOR.           ,2,1,0,1,0,2019,May,Sunday,11:30 PM,110,Not Divided,Straight road,Level,Not Applicable,Sealed,Wet,Not Raining,Night,Hit Animal,2,Animal,3: SI,No Control,,,1190363.93,1833888.79,1.19E+13