REPORT_ID,Stats Area,Suburb,Postcode,LGA Name,Total Units,Total Cas,Total Fats,Total SI,Total MI,Year,Month,Day,Time,Area Speed,Position Type,Horizontal Align,Vertical Align,Other Feat,Road Surface,Moisture Cond,Weather Cond,DayNight,Crash Type,Unit Resp,Entity Code,CSEF Severity,Traffic Ctrls,DUI Involved,Drugs Involved,ACCLOC_X,ACCLOC_Y,UNIQUE_LOC
2019-5102-27/05/2021,2 Metropolitan,PASADENA,5042,CC MITCHAM.                   ,2,1,0,0,1,2019,May,Friday,8:12 AM,60,Divided Road,Straight road,Slope,Not Applicable,Sealed,Dry,Not Raining,Daylight,Rear End,2,Driver Rider,2: MI,No Control,,,1327586.33,1663249.88,1.33E+13
2019-5103-27/05/2021,2 Metropolitan,BELAIR,5052,CC MITCHAM.                   ,2,0,0,0,0,2019,May,Friday,10:05 AM,60,Not Divided,Straight road,Level,Not Applicable,Sealed,Dry,Not Raining,Daylight,Side Swipe,1,Driver Rider,1: PDO,No Control,,,1330425.1,1662039.2,1.33E+13
2019-5104-27/05/2021,2 Metropolitan,MODBURY,5092,CITY OF TEA TREE GULLY,2,0,0,0,0,2019,May,Friday,9:40 AM,60,Cross Road,Straight road,Level,Not Applicable,Sealed,Dry,Not Raining,Daylight,Right Turn,2,Driver Rider,1: PDO,Traffic Signals,,,1336176.33,1680596.93,1.34E+13
2019-5105-27/05/2021,2 Metropolitan,MAWSON LAKES,5095,CITY OF SALISBURY,2,1,0,0,1,2019,May,Friday,6:35 AM,90,Divided Road,Straight road,Level,"Bridge, Culvert, Causeway",Sealed,Wet,Raining,Night,Rear End,1,Driver Rider,2: MI,No Control,,,1328723.68,1683362.22,1.33E+13
2019-5106-27/05/2021,2 Metropolitan,RICHMOND,5033,CITY OF WEST TORRENS,3,0,0,0,0,2019,May,Friday,11:03 AM,60,Divided Road,Straight road,Level,Not Applicable,Sealed,Dry,Not Raining,Daylight,Rear End,1,Driver Rider,1: PDO,No Control,,,1325352.93,1668933.58,1.33E+13
2019-5107-27/05/2021,2 Metropolitan,GOLDEN GROVE,5125,CITY OF TEA TREE GULLY,2,0,0,0,0,2019,May,Friday,11:39 AM,60,T-Junction,Straight road,Level,Not Applicable,Sealed,Dry,Not Raining,Daylight,Right Turn,1,Driver Rider,1: PDO,Traffic Signals,,,1337574.11,1685175.27,1.34E+13
2019-5108-27/05/2021,2 Metropolitan,MORPHETT VALE,5162,CITY OF ONKAPARINGA,2,0,0,0,0,2019,May,Friday,11:25 AM,50,Not Divided,"CURVED, VIEW OPEN",Level,Not Applicable,Sealed,Dry,Not Raining,Daylight,Hit Fixed Object,1,Driver Rider,1: PDO,No Control,,,1322377.27,1648564.93,1.32E+13
2019-5109-27/05/2021,2 Metropolitan,MAGILL,5072,CC CAMPBELLTOWN.              ,2,0,0,0,0,2019,May,Friday,8:30 AM,50,Cross Road,Straight road,Level,Not Applicable,Sealed,Dry,Not Raining,Daylight,Right Turn,2,Driver Rider,1: PDO,Give Way Sign,,,1334847.7,1672714.49,1.33E+13
2019-5110-27/05/2021,2 Metropolitan,ROSE PARK,5067,CITY OF BURNSIDE,2,0,0,0,0,2019,May,Friday,11:41 AM,60,Divided Road,Straight road,Level,Not Applicable,Sealed,Dry,Not Raining,Daylight,Rear End,2,Driver Rider,1: PDO,No Control,,,1330643.49,1670197.86,1.33E+13
2019-5111-27/05/2021,2 Metropolitan,KENSINGTON,5068,"CC OF NORWOOD,PAYNEHAM & ST PETERS",2,0,0,0,0,2019,May,Thursday,1:30 PM,60,Cross Road,Straight road,Level,Not Applicable,Sealed,Dry,Not Raining,Daylight,Right Turn,2,Driver Rider,1: PDO,Traffic Signals,,,1332259.75,1671076.47,1.33E+13
2019-5112-27/05/2021,2 Metropolitan,CHAIN OF PONDS,5231,THE ADELAIDE HILLS COUNCIL,2,0,0,0,0,2019,May,Friday,8:50 AM,80,Not Divided,"CURVED, VIEW OBSCURED",Level,Not Applicable,Sealed,Wet,Raining,Daylight,Head On,1,Driver Rider,1: PDO,No Control,,,1351350.41,1681110.31,1.35E+13
2019-5113-27/05/2021,2 Metropolitan,PARALOWIE,5108,CITY OF SALISBURY,2,1,0,1,0,2019,May,Friday,12:12 PM,50,Divided Road,Straight road,Level,Not Applicable,Sealed,Dry,Not Raining,Daylight,Hit Fixed Object,1,Driver Rider,3: SI,No Control,,,1331780.74,1689113.15,1.33E+13
2019-5114-27/05/2021,2 Metropolitan,MILE END,5031,CITY OF WEST TORRENS,2,0,0,0,0,2019,May,Thursday,7:30 AM,60,T-Junction,Straight road,Level,Not Applicable,Sealed,Dry,Not Raining,Daylight,Right Angle,2,Driver Rider,1: PDO,No Control,,,1326627.44,1671015.08,1.33E+13
2019-5115-27/05/2021,2 Metropolitan,WARRADALE,5046,CC MARION.                    ,2,0,0,0,0,2019,May,Thursday,8:00 AM,60,Divided Road,Straight road,Level,Driveway or Entrance,Sealed,Dry,Not Raining,Daylight,Right Angle,1,Driver Rider,1: PDO,No Control,,,1322376.97,1663035.99,1.32E+13
2019-5116-27/05/2021,2 Metropolitan,PARA HILLS WEST,5096,CITY OF SALISBURY,2,0,0,0,0,2019,May,Friday,12:50 PM,60,Not Divided,Straight road,Level,Driveway or Entrance,Sealed,Dry,Not Raining,Daylight,Right Angle,2,Driver Rider,1: PDO,No Control,,,1334095.51,1684536.28,1.33E+13
2019-5117-27/05/2021,2 Metropolitan,PARAFIELD GARDENS,5107,CITY OF SALISBURY,2,1,0,0,1,2019,May,Friday,12:34 PM,50,T-Junction,Straight road,Level,Not Applicable,Sealed,Dry,Not Raining,Daylight,Right Angle,2,Driver Rider,2: MI,No Control,,,1330028.23,1687184.33,1.33E+13
2019-5118-27/05/2021,3 Country,LOWER LIGHT,5501,DC MALLALA.                   ,2,0,0,0,0,2019,May,Friday,9:58 AM,110,Divided Road,Straight road,Level,"Bridge, Culvert, Causeway",Sealed,Dry,Not Raining,Daylight,Hit Parked Vehicle,2,Driver Rider,1: PDO,No Control,,,1316622.91,1712940.8,1.32E+13
2019-5119-27/05/2021,2 Metropolitan,PARKSIDE,5063,CITY OF UNLEY,2,0,0,0,0,2019,May,Friday,8:50 AM,60,Not Divided,Straight road,Level,Not Applicable,Sealed,Wet,Not Raining,Daylight,Rear End,2,Driver Rider,1: PDO,No Control,,,1329061.07,1668842.34,1.33E+13
2019-5120-27/05/2021,2 Metropolitan,BLACKWOOD,5051,CC MITCHAM.                   ,2,1,1,0,0,2019,May,Friday,12:00 PM,50,Not Divided,Straight road,Level,Not Applicable,Sealed,Dry,Not Raining,Daylight,Hit Pedestrian,2,Pedestrian,4: Fatal,No Control,,,1329639.58,1660155.95,1.33E+13
2019-5121-27/05/2021,2 Metropolitan,ROSTREVOR,5073,CC CAMPBELLTOWN.              ,2,0,0,0,0,2019,May,Thursday,10:00 AM,50,T-Junction,"CURVED, VIEW OBSCURED",Level,Not Applicable,Sealed,Dry,Not Raining,Daylight,Hit Parked Vehicle,1,Driver Rider,1: PDO,No Control,,,1336418.1,1674500.36,1.34E+13
2019-5122-27/05/2021,3 Country,COONDAMBO,5719,,2,0,0,0,0,2019,May,Thursday,5:00 PM,110,Not Divided,Straight road,Level,Not Applicable,Sealed,Dry,Not Raining,Daylight,Hit Animal,2,Animal,1: PDO,No Control,,,1071610.52,2113137.9,1.07E+13
2019-5123-27/05/2021,2 Metropolitan,SALISBURY EAST,5109,CITY OF SALISBURY,2,1,0,0,1,2019,May,Friday,2:46 PM,50,Not Divided,Straight road,Level,Not Applicable,Sealed,Dry,Not Raining,Daylight,Hit Fixed Object,1,Driver Rider,2: MI,No Control,,,1334071.88,1685900.54,1.33E+13
2019-5124-27/05/2021,2 Metropolitan,NORWOOD,5067,"CC OF NORWOOD,PAYNEHAM & ST PETERS",2,0,0,0,0,2019,May,Friday,11:40 AM,50,Cross Road,Straight road,Level,Not Applicable,Sealed,Dry,Not Raining,Daylight,Right Angle,2,Driver Rider,1: PDO,Roundabout,,,1331864.56,1670732.76,1.33E+13
2019-5125-27/05/2021,2 Metropolitan,WOODVILLE WEST,5011,CITY OF CHARLES STURT,2,1,0,0,1,2019,May,Friday,3:00 PM,60,Multiple,Straight road,Level,Not Applicable,Sealed,Dry,Not Raining,Daylight,Right Angle,2,Driver Rider,2: MI,Traffic Signals,,,1322354.24,1676151.89,1.32E+13
2019-5126-27/05/2021,2 Metropolitan,ONKAPARINGA HILLS,5163,CITY OF ONKAPARINGA,2,0,0,0,0,2019,May,Friday,3:00 PM,80,Not Divided,"CURVED, VIEW OPEN",Level,Not Applicable,Sealed,Dry,Not Raining,Daylight,Hit Fixed Object,1,Driver Rider,1: PDO,No Control,,,1325654.33,1646372.59,1.33E+13
2019-5127-27/05/2021,2 Metropolitan,WOODVILLE NORTH,5012,CITY OF CHARLES STURT,2,1,0,0,1,2019,May,Friday,3:24 PM,60,Divided Road,Straight road,Level,Not Applicable,Sealed,Dry,Not Raining,Daylight,Hit Pedestrian,2,Pedestrian,2: MI,No Control,,,1323748.64,1676597.21,1.32E+13
2019-5128-27/05/2021,1 City,ADELAIDE,5000,CITY OF ADELAIDE,2,0,0,0,0,2019,May,Friday,3:30 PM,50,Cross Road,Straight road,Level,Not Applicable,Sealed,Dry,Not Raining,Daylight,Rear End,2,Driver Rider,1: PDO,Traffic Signals,,,1328501.78,1669879.19,1.33E+13
2019-5129-27/05/2021,2 Metropolitan,QUEENSTOWN,5014,CITY OF PORT ADELAIDE ENFIELD,3,0,0,0,0,2019,May,Friday,9:50 AM,50,Not Divided,Straight road,Level,Driveway or Entrance,Sealed,Dry,Not Raining,Daylight,Right Angle,1,Driver Rider,1: PDO,No Control,,,1320663.61,1678337.16,1.32E+13
2019-5130-27/05/2021,2 Metropolitan,NORWOOD,5067,"CC OF NORWOOD,PAYNEHAM & ST PETERS",2,0,0,0,0,2019,May,Friday,1:50 PM,60,Cross Road,"CURVED, VIEW OPEN",Level,Not Applicable,Sealed,Dry,Not Raining,Daylight,Side Swipe,1,Driver Rider,1: PDO,Roundabout,,,1330623.32,1670361.88,1.33E+13
2019-5131-27/05/2021,2 Metropolitan,LINDEN PARK,5065,CITY OF BURNSIDE,2,1,0,0,1,2019,May,Friday,3:25 PM,60,T-Junction,Straight road,Level,Not Applicable,Sealed,Dry,Not Raining,Daylight,Side Swipe,2,Driver Rider,2: MI,No Control,,,1332345.13,1668247.58,1.33E+13
2019-5132-27/05/2021,2 Metropolitan,CLAPHAM,5062,CC MITCHAM.                   ,2,1,0,1,0,2019,May,Friday,2:45 PM,60,T-Junction,Straight road,Bottom of Hill,Not Applicable,Sealed,Dry,Not Raining,Daylight,Right Turn,1,Driver Rider,3: SI,No Control,,,1328392.53,1663510.73,1.33E+13
2019-5133-27/05/2021,2 Metropolitan,PORT ADELAIDE,5015,CITY OF PORT ADELAIDE ENFIELD,2,0,0,0,0,2019,May,Friday,4:30 PM,50,Divided Road,Straight road,Level,Not Applicable,Sealed,Dry,Not Raining,Daylight,Hit Pedestrian,2,Pedestrian,1: PDO,No Control,,,1319943.32,1679680.56,1.32E+13
2019-5134-27/05/2021,1 City,ADELAIDE,5000,CITY OF ADELAIDE,2,0,0,0,0,2019,May,Friday,5:22 PM,50,T-Junction,Straight road,Level,Not Applicable,Sealed,Dry,Not Raining,Night,Right Angle,1,Driver Rider,1: PDO,No Control,,,1328820.59,1670368.74,1.33E+13
2019-5135-27/05/2021,2 Metropolitan,WINGFIELD,5013,CITY OF PORT ADELAIDE ENFIELD,2,1,0,0,1,2019,May,Friday,6:14 PM,70,Not Divided,Straight road,Level,Driveway or Entrance,Sealed,Dry,Not Raining,Night,Right Angle,2,Driver Rider,2: MI,No Control,,,1326436.5,1680231.62,1.33E+13
2019-5136-27/05/2021,2 Metropolitan,TORRENS PARK,5062,CC MITCHAM.                   ,2,1,0,0,1,2019,May,Thursday,8:15 AM,60,T-Junction,Straight road,Slope,Not Applicable,Sealed,Dry,Not Raining,Daylight,Rear End,2,Driver Rider,2: MI,No Control,,,1329626.23,1664220.37,1.33E+13
2019-5137-27/05/2021,3 Country,CLARE,5453,CLARE AND GILBERT VALLEYS DISTRICT COUNCIL,1,1,0,1,0,2019,May,Friday,3:40 PM,50,Not Divided,Straight road,Bottom of Hill,Not Applicable,Sealed,Dry,Not Raining,Daylight,Roll Over,1,Driver Rider,3: SI,No Control,,,1333280.81,1789933.11,1.33E+13
2019-5138-27/05/2021,2 Metropolitan,KILBURN,5084,CITY OF PORT ADELAIDE ENFIELD,2,0,0,0,0,2019,May,Friday,5:30 PM,60,T-Junction,Straight road,Level,Not Applicable,Sealed,Dry,Not Raining,Night,Hit Pedestrian,2,Driver Rider,1: PDO,No Control,,,1327216.79,1677388.32,1.33E+13
2019-5139-27/05/2021,2 Metropolitan,STONYFELL,5066,CITY OF BURNSIDE,2,0,0,0,0,2019,May,Friday,7:15 PM,60,T-Junction,Straight road,Slope,Not Applicable,Sealed,Dry,Not Raining,Night,Rear End,2,Driver Rider,1: PDO,No Control,,,1334731.98,1669686.17,1.33E+13
2019-5140-27/05/2021,2 Metropolitan,KURRALTA PARK,5037,CITY OF WEST TORRENS,2,1,0,0,1,2019,May,Friday,6:15 PM,60,Cross Road,Straight road,Level,Not Applicable,Sealed,Dry,Not Raining,Night,Right Turn,1,Driver Rider,2: MI,Traffic Signals,,,1325819.1,1668480.34,1.33E+13
2019-5141-27/05/2021,2 Metropolitan,GREENACRES,5086,CITY OF PORT ADELAIDE ENFIELD,2,1,0,0,1,2019,May,Friday,7:00 PM,60,T-Junction,Straight road,Level,Driveway or Entrance,Sealed,Dry,Not Raining,Night,Right Angle,2,Driver Rider,2: MI,No Control,,,1331211.66,1676580.19,1.33E+13
2019-5142-27/05/2021,2 Metropolitan,MORPHETT VALE,5162,CITY OF ONKAPARINGA,2,1,0,0,1,2019,May,Friday,2:45 PM,60,T-Junction,Straight road,Level,Not Applicable,Sealed,Dry,Not Raining,Daylight,Right Angle,1,Driver Rider,2: MI,Stop Sign,,Y,1320315.28,1651007.34,1.32E+13
2019-5143-27/05/2021,3 Country,MYPONGA,5202,DC YANKALILLA.                ,2,0,0,0,0,2019,May,Friday,6:00 PM,100,Not Divided,"CURVED, VIEW OBSCURED",Slope,Not Applicable,Sealed,Dry,Not Raining,Night,Hit Fixed Object,1,Driver Rider,1: PDO,No Control,,,1310103.17,1618670.36,1.31E+13
2019-5144-27/05/2021,2 Metropolitan,BURNSIDE,5066,CITY OF BURNSIDE,2,0,0,0,0,2019,May,Friday,10:50 PM,60,Not Divided,"CURVED, VIEW OPEN",Slope,Not Applicable,Sealed,Dry,Not Raining,Night,Hit Fixed Object,1,Driver Rider,1: PDO,No Control,,,1335041.8,1668312.36,1.34E+13
2019-5145-27/05/2021,2 Metropolitan,BELAIR,5052,CC MITCHAM.                   ,3,1,0,0,1,2019,May,Saturday,6:30 AM,60,Not Divided,"CURVED, VIEW OBSCURED",Slope,Not Applicable,Sealed,Wet,Raining,Night,Hit Object on Road,1,Driver Rider,2: MI,No Control,,,1332295.36,1660647.06,1.33E+13
2019-5146-27/05/2021,2 Metropolitan,BUCKLAND PARK,5120,CITY OF PLAYFORD.,2,1,0,0,1,2019,May,Saturday,7:01 AM,50,Cross Road,Straight road,Level,Not Applicable,Unsealed,Dry,Not Raining,Night,Right Angle,2,Driver Rider,2: MI,No Control,,,1323692.85,1698412.78,1.32E+13
2019-5147-27/05/2021,2 Metropolitan,WEST CROYDON,5008,CITY OF CHARLES STURT,2,0,0,0,0,2019,May,Thursday,8:30 PM,50,Not Divided,Straight road,Level,Driveway or Entrance,Sealed,Dry,Not Raining,Night,Hit Parked Vehicle,2,Driver Rider,1: PDO,No Control,,,1324652.94,1675084.46,1.32E+13
2019-5148-27/05/2021,2 Metropolitan,WAYVILLE,5034,CITY OF UNLEY,2,1,0,0,1,2019,May,Friday,4:40 PM,60,Not Divided,Straight road,Level,Not Applicable,Sealed,Wet,Not Raining,Daylight,Rear End,2,Driver Rider,2: MI,No Control,,,1327442.28,1668438.89,1.33E+13
2019-5149-27/05/2021,2 Metropolitan,CROYDON PARK,5008,CITY OF PORT ADELAIDE ENFIELD,2,0,0,0,0,2019,May,Friday,4:00 PM,60,Divided Road,Straight road,Level,Not Applicable,Sealed,Dry,Not Raining,Daylight,Side Swipe,1,Driver Rider,1: PDO,No Control,,,1326071.16,1675619.65,1.33E+13
2019-5150-27/05/2021,2 Metropolitan,POORAKA,5095,CITY OF SALISBURY,2,0,0,0,0,2019,May,Saturday,11:10 AM,70,Divided Road,Straight road,Level,Not Applicable,Sealed,Wet,Raining,Daylight,Rear End,2,Driver Rider,1: PDO,No Control,,,1330658.04,1682030.65,1.33E+13
2019-5151-27/05/2021,2 Metropolitan,OAKLANDS PARK,5046,CC MARION.                    ,3,1,0,0,1,2019,May,Friday,3:47 PM,60,Cross Road,Straight road,Level,Not Applicable,Sealed,Dry,Not Raining,Daylight,Rear End,1,Driver Rider,2: MI,Traffic Signals,,,1323515.9,1663116.37,1.32E+13
2019-5152-27/05/2021,2 Metropolitan,PARA HILLS WEST,5096,CITY OF SALISBURY,2,0,0,0,0,2019,May,Saturday,11:30 AM,60,Divided Road,Straight road,Level,Not Applicable,Sealed,Wet,Raining,Daylight,Hit Parked Vehicle,1,Driver Rider,1: PDO,No Control,,,1333178.91,1683362.36,1.33E+13
2019-5153-27/05/2021,2 Metropolitan,FLAGSTAFF HILL,5159,CITY OF ONKAPARINGA,2,0,0,0,0,2019,May,Saturday,11:45 AM,60,Not Divided,Straight road,Slope,Not Applicable,Sealed,Wet,Raining,Daylight,Rear End,2,Driver Rider,1: PDO,No Control,,,1324730.09,1658899.86,1.32E+13
2019-5154-27/05/2021,2 Metropolitan,MELROSE PARK,5039,CC MITCHAM.                   ,2,0,0,0,0,2019,May,Friday,5:30 PM,60,Cross Road,Straight road,Level,Not Applicable,Sealed,Dry,Not Raining,Night,Right Turn,1,Driver Rider,1: PDO,Traffic Signals,,,1325916.95,1664949.75,1.33E+13
2019-5155-27/05/2021,2 Metropolitan,HAPPY VALLEY,5159,CITY OF ONKAPARINGA,2,0,0,0,0,2019,May,Saturday,11:55 AM,60,T-Junction,Straight road,Crest of Hill,Not Applicable,Sealed,Wet,Raining,Daylight,Rear End,2,Driver Rider,1: PDO,No Control,,,1323576.28,1653409.55,1.32E+13
2019-5156-27/05/2021,2 Metropolitan,SEMAPHORE,5019,CITY OF PORT ADELAIDE ENFIELD,2,1,0,0,1,2019,May,Friday,1:30 PM,40,Cross Road,Straight road,Level,Not Applicable,Sealed,Dry,Not Raining,Daylight,Rear End,2,Driver Rider,2: MI,Traffic Signals,,,1318226.58,1680638.05,1.32E+13
2019-5157-27/05/2021,2 Metropolitan,TORRENSVILLE,5031,CITY OF WEST TORRENS,2,0,0,0,0,2019,May,Saturday,12:25 PM,60,Cross Road,Straight road,Level,Not Applicable,Sealed,Dry,Not Raining,Daylight,Hit Fixed Object,1,Driver Rider,1: PDO,Traffic Signals,,,1325754.68,1670981.93,1.33E+13
2019-5158-27/05/2021,3 Country,STRATHALBYN,5255,ALEXANDRINA COUNCIL,2,0,0,0,0,2019,May,Saturday,10:00 AM,100,Not Divided,"CURVED, VIEW OBSCURED",Level,"Bridge, Culvert, Causeway",Sealed,Wet,Not Raining,Daylight,Hit Fixed Object,1,Driver Rider,1: PDO,No Control,,,1351246.08,1629553.28,1.35E+13
2019-5159-27/05/2021,3 Country,MOUNT COMPASS,5210,ALEXANDRINA COUNCIL,2,0,0,0,0,2019,May,Saturday,11:50 AM,100,T-Junction,Straight road,Level,Not Applicable,Sealed,Wet,Raining,Daylight,Right Angle,1,Driver Rider,1: PDO,No Control,,,1329478.33,1620451.93,1.33E+13
2019-5160-27/05/2021,2 Metropolitan,CRAFERS,5152,THE ADELAIDE HILLS COUNCIL,3,0,0,0,0,2019,May,Saturday,9:47 AM,100,Interchange,Straight road,Level,Not Applicable,Sealed,Wet,Raining,Daylight,Rear End,1,Driver Rider,1: PDO,No Control,,,1338083.44,1662299.48,1.34E+13
2019-5161-27/05/2021,3 Country,GLADSTONE,5473,NORTHERN AREAS DISTRICT COUNCIL,2,1,0,1,0,2019,May,Saturday,11:20 AM,100,Not Divided,Straight road,Level,Driveway or Entrance,Sealed,Dry,Not Raining,Daylight,Side Swipe,2,Driver Rider,3: SI,No Control,,Y,1309832.22,1852559.73,1.31E+13
2019-5162-27/05/2021,2 Metropolitan,PORT ADELAIDE,5015,CITY OF PORT ADELAIDE ENFIELD,2,0,0,0,0,2019,May,Saturday,11:45 AM,60,Cross Road,Straight road,Level,Not Applicable,Sealed,Wet,Raining,Daylight,Rear End,2,Driver Rider,1: PDO,Traffic Signals,,,1320508.92,1679078.48,1.32E+13
2019-5163-27/05/2021,2 Metropolitan,WESTBOURNE PARK,5041,CC MITCHAM.                   ,2,1,0,0,1,2019,May,Saturday,1:35 PM,60,Pedestrian Crossing,Straight road,Level,Not Applicable,Sealed,Wet,Not Raining,Daylight,Rear End,2,Driver Rider,2: MI,Traffic Signals,,,1327517.33,1665848.62,1.33E+13
2019-5164-27/05/2021,2 Metropolitan,ST MARYS,5042,CC MITCHAM.                   ,2,0,0,0,0,2019,May,Wednesday,8:45 PM,50,T-Junction,Straight road,Level,Not Applicable,Sealed,Dry,Not Raining,Night,Hit Parked Vehicle,1,Driver Rider,1: PDO,No Control,,,1326642.09,1662069.32,1.33E+13
2019-5165-27/05/2021,2 Metropolitan,ROSTREVOR,5073,CC CAMPBELLTOWN.              ,2,1,0,0,1,2019,May,Friday,9:00 PM,60,T-Junction,Straight road,Level,Not Applicable,Sealed,Wet,Not Raining,Night,Right Angle,1,Driver Rider,2: MI,No Control,,,1336499.09,1674582.7,1.34E+13
2019-5166-27/05/2021,2 Metropolitan,KINGSWOOD,5062,CC MITCHAM.                   ,2,0,0,0,0,2019,May,Saturday,2:10 PM,60,Cross Road,Straight road,Level,Not Applicable,Sealed,Wet,Raining,Daylight,Right Angle,2,Driver Rider,1: PDO,Traffic Signals,,,1329135.99,1666253.56,1.33E+13
2019-5167-27/05/2021,2 Metropolitan,SOUTH PLYMPTON,5038,CC MARION.                    ,3,0,0,0,0,2019,May,Saturday,2:30 PM,60,Cross Road,Straight road,Level,Not Applicable,Sealed,Wet,Not Raining,Daylight,Rear End,2,Driver Rider,1: PDO,Traffic Signals,,,1324237.94,1666104.08,1.32E+13
2019-5168-27/05/2021,2 Metropolitan,SMITHFIELD,5114,CITY OF PLAYFORD.,3,1,0,0,1,2019,May,Saturday,1:45 PM,80,Divided Road,Straight road,Level,Not Applicable,Sealed,Dry,Not Raining,Daylight,Rear End,1,Driver Rider,2: MI,No Control,,,1337436.86,1696344.31,1.34E+13
2019-5169-27/05/2021,1 City,ADELAIDE,5000,CITY OF ADELAIDE,2,1,0,0,1,2019,May,Saturday,4:10 PM,50,Divided Road,Straight road,Level,Not Applicable,Sealed,Wet,Raining,Daylight,Hit Parked Vehicle,1,Driver Rider,2: MI,No Control,,,1327650.25,1670807.08,1.33E+13
2019-5170-27/05/2021,2 Metropolitan,KESWICK,5035,CITY OF WEST TORRENS,2,0,0,0,0,2019,May,Saturday,5:35 PM,50,Not Divided,Straight road,Level,Not Applicable,Sealed,Wet,Not Raining,Night,Right Turn,2,Driver Rider,1: PDO,No Control,,,1326189.46,1668490.18,1.33E+13
2019-5171-27/05/2021,2 Metropolitan,GEPPS CROSS,5094,CITY OF PORT ADELAIDE ENFIELD,2,2,0,0,2,2019,May,Saturday,6:02 PM,60,Cross Road,"CURVED, VIEW OPEN",Level,Not Applicable,Sealed,Wet,Raining,Night,Right Turn,2,Driver Rider,2: MI,Traffic Signals,,,1330377.17,1679315.41,1.33E+13
2019-5172-27/05/2021,3 Country,MOUNT GAMBIER,5290,CC MT.GAMBIER.                ,2,0,0,0,0,2019,May,Saturday,6:49 PM,50,Not Divided,Straight road,Level,Not Applicable,Sealed,Wet,Not Raining,Night,Hit Parked Vehicle,2,Driver Rider,1: PDO,No Control,,,1508841.6,1341774.65,1.51E+13
2019-5173-27/05/2021,2 Metropolitan,HALLETT COVE,5158,CC MARION.                    ,2,1,0,1,0,2019,May,Saturday,7:55 PM,80,T-Junction,Straight road,Level,Not Applicable,Sealed,Wet,Not Raining,Night,Right Turn,2,Driver Rider,3: SI,No Control,,,1321385.64,1654936.41,1.32E+13
2019-5174-27/05/2021,2 Metropolitan,ELIZABETH VALE,5112,CITY OF PLAYFORD.,3,0,0,0,0,2019,May,Saturday,7:20 PM,60,Cross Road,Straight road,Level,Not Applicable,Sealed,Wet,Raining,Night,Hit Fixed Object,1,Driver Rider,1: PDO,Roundabout,,,1334450.22,1689811.49,1.33E+13
2019-5175-27/05/2021,2 Metropolitan,OTTOWAY,5013,CITY OF PORT ADELAIDE ENFIELD,2,0,0,0,0,2019,May,Saturday,7:20 PM,60,Cross Road,Straight road,Level,Not Applicable,Sealed,Wet,Raining,Night,Right Angle,1,Driver Rider,1: PDO,Stop Sign,,,1322882.11,1679348.41,1.32E+13
2019-5176-27/05/2021,2 Metropolitan,OLD REYNELLA,5161,CITY OF ONKAPARINGA,2,1,0,0,1,2019,May,Sunday,12:50 AM,50,Not Divided,Straight road,Level,Not Applicable,Sealed,Dry,Not Raining,Night,Hit Fixed Object,1,Driver Rider,2: MI,No Control,Y,,1322449.62,1652451.62,1.32E+13
2019-5177-27/05/2021,2 Metropolitan,ENFIELD,5085,CITY OF PORT ADELAIDE ENFIELD,2,0,0,0,0,2019,May,Sunday,10:15 AM,60,Divided Road,Straight road,Level,Not Applicable,Sealed,Wet,Raining,Daylight,Side Swipe,1,Driver Rider,1: PDO,No Control,,,1328818.25,1678725.04,1.33E+13
2019-5178-27/05/2021,3 Country,PORT AUGUSTA,5700,CC PT.AUGUSTA.                ,3,0,0,0,0,2019,May,Sunday,10:00 AM,50,Not Divided,Straight road,Slope,Not Applicable,Sealed,Dry,Not Raining,Daylight,Side Swipe,2,Driver Rider,1: PDO,No Control,,,1260781.91,1940254.87,1.26E+13
2019-5179-27/05/2021,2 Metropolitan,WINGFIELD,5013,CITY OF PORT ADELAIDE ENFIELD,2,3,0,0,3,2019,May,Sunday,11:15 AM,60,Divided Road,Straight road,Level,Not Applicable,Sealed,Wet,Not Raining,Daylight,Rear End,1,Driver Rider,2: MI,No Control,,,1324240.59,1679161.08,1.32E+13
2019-5180-27/05/2021,2 Metropolitan,PARACOMBE,5132,THE ADELAIDE HILLS COUNCIL,2,2,0,0,2,2019,May,Sunday,1:10 AM,80,Not Divided,"CURVED, VIEW OPEN",Slope,Not Applicable,Sealed,Wet,Not Raining,Night,Hit Fixed Object,1,Driver Rider,2: MI,No Control,,,1342838.15,1679362.85,1.34E+13
2019-5181-27/05/2021,2 Metropolitan,BELAIR,5052,CC MITCHAM.                   ,2,0,0,0,0,2019,May,Sunday,11:40 AM,60,Not Divided,"CURVED, VIEW OPEN",Crest of Hill,Not Applicable,Sealed,Wet,Raining,Daylight,Hit Fixed Object,1,Driver Rider,1: PDO,No Control,,,1332680.9,1660407.88,1.33E+13
2019-5182-27/05/2021,1 City,ADELAIDE,5000,CITY OF ADELAIDE,2,0,0,0,0,2019,May,Saturday,5:30 PM,50,Cross Road,Straight road,Level,Not Applicable,Sealed,Dry,Not Raining,Night,Rear End,2,Driver Rider,1: PDO,Traffic Signals,,,1329020.91,1670834.63,1.33E+13
2019-5183-27/05/2021,2 Metropolitan,MODBURY NORTH,5092,CITY OF TEA TREE GULLY,2,1,0,0,1,2019,May,Sunday,12:10 PM,60,Cross Road,Straight road,Level,Not Applicable,Sealed,Wet,Not Raining,Daylight,Right Turn,2,Driver Rider,2: MI,Traffic Signals,,,1336150.87,1681195.09,1.34E+13