REPORT_ID,Stats Area,Suburb,Postcode,LGA Name,Total Units,Total Cas,Total Fats,Total SI,Total MI,Year,Month,Day,Time,Area Speed,Position Type,Horizontal Align,Vertical Align,Other Feat,Road Surface,Moisture Cond,Weather Cond,DayNight,Crash Type,Unit Resp,Entity Code,CSEF Severity,Traffic Ctrls,DUI Involved,Drugs Involved,ACCLOC_X,ACCLOC_Y,UNIQUE_LOC
2019-5268-27/05/2021,2 Metropolitan,MOUNT BARKER,5251,DC MT.BARKER.                 ,2,0,0,0,0,2019,May,Tuesday,7:40 AM,110,Not Divided,"CURVED, VIEW OBSCURED",Level,Not Applicable,Sealed,Wet,Not Raining,Daylight,Hit Animal,2,Animal,1: PDO,No Control,,,1352674.7,1655640.92,1.35E+13
2019-5269-27/05/2021,3 Country,WINTINNA,5723,,2,0,0,0,0,2019,May,Sunday,9:00 PM,110,Not Divided,"CURVED, VIEW OPEN",Level,Not Applicable,Sealed,Dry,Not Raining,Night,Hit Animal,2,Animal,1: PDO,No Control,,,903214.96,2466248.17,9.03E+12
2019-5270-27/05/2021,2 Metropolitan,KINGSWOOD,5062,CC MITCHAM.                   ,2,0,0,0,0,2019,May,Tuesday,10:40 AM,60,Cross Road,Straight road,Level,Not Applicable,Sealed,Dry,Not Raining,Daylight,Side Swipe,2,Driver Rider,1: PDO,Traffic Signals,,,1329135.99,1666253.56,1.33E+13
2019-5271-27/05/2021,2 Metropolitan,BEDFORD PARK,5042,CC MITCHAM.                   ,2,0,0,0,0,2019,May,Tuesday,2:20 PM,70,T-Junction,Straight road,Slope,Not Applicable,Sealed,Dry,Not Raining,Daylight,Rear End,1,Driver Rider,1: PDO,Traffic Signals,,,1325156.2,1660414.38,1.33E+13
2019-5272-27/05/2021,2 Metropolitan,ELIZABETH EAST,5112,CITY OF PLAYFORD.,4,4,0,4,0,2019,May,Tuesday,3:00 PM,80,Divided Road,Straight road,Level,Not Applicable,Sealed,Wet,Raining,Daylight,Side Swipe,1,Driver Rider,3: SI,No Control,,,1336133.77,1692016.92,1.34E+13
2019-5273-27/05/2021,2 Metropolitan,BIRKENHEAD,5015,CITY OF PORT ADELAIDE ENFIELD,2,1,0,0,1,2019,May,Tuesday,8:45 AM,60,T-Junction,Straight road,Level,Not Applicable,Sealed,Wet,Not Raining,Daylight,Rear End,2,Driver Rider,2: MI,Traffic Signals,,,1319959.07,1680684.57,1.32E+13
2019-5274-27/05/2021,2 Metropolitan,WYNN VALE,5092,CITY OF TEA TREE GULLY,2,0,0,0,0,2019,May,Tuesday,4:05 PM,70,T-Junction,Straight road,Level,Not Applicable,Sealed,Wet,Raining,Daylight,Hit Fixed Object,1,Driver Rider,1: PDO,Traffic Signals,,,1335750.14,1683084.6,1.34E+13
2019-5275-27/05/2021,2 Metropolitan,GEPPS CROSS,5085,CITY OF PORT ADELAIDE ENFIELD,2,0,0,0,0,2019,May,Tuesday,8:15 AM,60,Divided Road,Straight road,Level,Not Applicable,Sealed,Wet,Not Raining,Daylight,Hit Pedestrian,2,Pedestrian,1: PDO,No Control,,,1330404.65,1679366.39,1.33E+13
2019-5276-27/05/2021,2 Metropolitan,BEDFORD PARK,5042,CC MARION.                    ,3,0,0,0,0,2019,May,Tuesday,2:47 PM,70,T-Junction,Straight road,Slope,Not Applicable,Sealed,Dry,Not Raining,Daylight,Side Swipe,2,Driver Rider,1: PDO,Traffic Signals,,,1324843.72,1660104.42,1.32E+13
2019-5277-27/05/2021,2 Metropolitan,STURT,5047,CC MARION.                    ,2,2,0,0,2,2019,May,Tuesday,3:50 PM,60,T-Junction,Straight road,Level,Not Applicable,Sealed,Dry,Not Raining,Daylight,Side Swipe,1,Driver Rider,2: MI,No Control,,Y,1323836.41,1660663.63,1.32E+13
2019-5278-27/05/2021,2 Metropolitan,GLENALTA,5052,CC MITCHAM.                   ,2,1,0,0,1,2019,May,Tuesday,2:50 PM,60,Not Divided,Straight road,Level,Not Applicable,Sealed,Wet,Raining,Daylight,Side Swipe,2,Driver Rider,2: MI,No Control,,,1330384.18,1661423.91,1.33E+13
2019-5279-27/05/2021,2 Metropolitan,ELIZABETH GROVE,5112,CITY OF PLAYFORD.,3,1,0,0,1,2019,May,Tuesday,5:10 PM,80,Divided Road,Straight road,Level,Not Applicable,Sealed,Wet,Raining,Daylight,Rear End,1,Driver Rider,2: MI,No Control,,,1336084.19,1692207.79,1.34E+13
2019-5280-27/05/2021,2 Metropolitan,OVINGHAM,5082,CITY OF PROSPECT,4,2,0,0,2,2019,May,Tuesday,5:35 PM,60,Not Divided,Straight road,Level,Not Applicable,Sealed,Wet,Raining,Night,Rear End,1,Driver Rider,2: MI,No Control,,,1327290.73,1674124.93,1.33E+13
2019-5281-27/05/2021,2 Metropolitan,ELIZABETH PARK,5113,CITY OF PLAYFORD.,2,0,0,0,0,2019,May,Tuesday,6:04 PM,60,T-Junction,Straight road,Level,Not Applicable,Sealed,Wet,Not Raining,Night,Right Turn,1,Driver Rider,1: PDO,No Control,,,1337952.31,1694573.42,1.34E+13
2019-5282-27/05/2021,2 Metropolitan,MAWSON LAKES,5095,CITY OF SALISBURY,2,0,0,0,0,2019,May,Tuesday,4:06 PM,60,Not Divided,Straight road,Bottom of Hill,Not Applicable,Sealed,Wet,Raining,Daylight,Hit Pedestrian,1,Driver Rider,1: PDO,No Control,,,1330729.39,1683837.45,1.33E+13
2019-5283-27/05/2021,2 Metropolitan,ST MARYS,5042,CC MITCHAM.                   ,2,1,0,0,1,2019,May,Tuesday,5:30 PM,40,Cross Road,Straight road,Level,Roadworks,Sealed,Wet,Raining,Night,Rear End,2,Driver Rider,2: MI,Traffic Signals,,,1326004.51,1661277.67,1.33E+13
2019-5284-27/05/2021,2 Metropolitan,ONE TREE HILL,5114,CITY OF PLAYFORD.,2,1,0,0,1,2019,May,Tuesday,9:06 PM,100,Not Divided,"CURVED, VIEW OBSCURED",Crest of Hill,Not Applicable,Sealed,Wet,Not Raining,Night,Hit Fixed Object,1,Driver Rider,2: MI,No Control,,,1340700.1,1694073.15,1.34E+13
2019-5285-27/05/2021,2 Metropolitan,ELIZABETH DOWNS,5113,CITY OF PLAYFORD.,2,0,0,0,0,2019,May,Tuesday,12:00 PM,50,T-Junction,Straight road,Level,Not Applicable,Sealed,Wet,Raining,Daylight,Right Angle,2,Driver Rider,1: PDO,No Control,,,1337078.71,1694847.43,1.34E+13
2019-5286-27/05/2021,2 Metropolitan,BELAIR,5052,CC MITCHAM.                   ,2,0,0,0,0,2019,May,Tuesday,8:50 PM,60,Not Divided,Straight road,Level,Not Applicable,Sealed,Wet,Raining,Night,Hit Fixed Object,1,Driver Rider,1: PDO,No Control,,,1329008.36,1662363.53,1.33E+13
2019-5287-27/05/2021,2 Metropolitan,ONE TREE HILL,5114,CITY OF PLAYFORD.,2,1,0,0,1,2019,May,Tuesday,9:15 PM,100,Not Divided,"CURVED, VIEW OBSCURED",Crest of Hill,Not Applicable,Sealed,Wet,Not Raining,Night,Rear End,1,Driver Rider,2: MI,No Control,,,1340700.1,1694073.15,1.34E+13
2019-5288-27/05/2021,2 Metropolitan,BEDFORD PARK,5042,CC MITCHAM.                   ,3,0,0,0,0,2019,May,Tuesday,8:30 PM,70,T-Junction,Straight road,Level,Not Applicable,Sealed,Wet,Raining,Night,Right Angle,2,Driver Rider,1: PDO,Traffic Signals,,,1325149.68,1660407.47,1.33E+13
2019-5289-27/05/2021,2 Metropolitan,ALDINGA,5173,CITY OF ONKAPARINGA,2,0,0,0,0,2019,May,Tuesday,10:00 PM,80,T-Junction,Straight road,Level,Not Applicable,Sealed,Dry,Not Raining,Night,Hit Fixed Object,1,Driver Rider,1: PDO,Give Way Sign,Y,,1315386.24,1635481.61,1.32E+13
2019-5290-27/05/2021,2 Metropolitan,CHELTENHAM,5014,CITY OF CHARLES STURT,2,0,0,0,0,2019,May,Wednesday,6:10 AM,60,Not Divided,Straight road,Level,Not Applicable,Sealed,Wet,Raining,Night,Rear End,1,Driver Rider,1: PDO,No Control,,,1322201.47,1677059.25,1.32E+13
2019-5291-27/05/2021,2 Metropolitan,SALISBURY,5108,CITY OF SALISBURY,2,1,0,0,1,2019,May,Wednesday,8:09 AM,60,Divided Road,Straight road,Level,Not Applicable,Sealed,Dry,Not Raining,Daylight,Rear End,2,Driver Rider,2: MI,No Control,,,1332761.68,1688485.91,1.33E+13
2019-5292-27/05/2021,2 Metropolitan,MANNINGHAM,5086,CITY OF PORT ADELAIDE ENFIELD,2,0,0,0,0,2019,May,Wednesday,8:10 AM,60,T-Junction,Straight road,Level,Not Applicable,Sealed,Wet,Raining,Daylight,Right Turn,1,Driver Rider,1: PDO,No Control,,,1330469.13,1675517.37,1.33E+13
2019-5293-27/05/2021,3 Country,WHITE HILL,5254,RC MURRAY BRIDGE.             ,2,0,0,0,0,2019,May,Wednesday,7:35 AM,100,T-Junction,Straight road,Level,Not Applicable,Sealed,Dry,Not Raining,Daylight,Side Swipe,2,Driver Rider,1: PDO,No Control,,,1383986.17,1645120.26,1.38E+13
2019-5294-27/05/2021,2 Metropolitan,MILE END,5031,CITY OF WEST TORRENS,2,1,0,0,1,2019,May,Wednesday,8:50 AM,60,T-Junction,Straight road,Level,Not Applicable,Sealed,Wet,Raining,Daylight,Rear End,1,Driver Rider,2: MI,No Control,,,1326613.31,1671159.5,1.33E+13
2019-5295-27/05/2021,3 Country,RENMARK,5341,DC RENMARK PARINGA            ,2,0,0,0,0,2019,May,Wednesday,8:44 AM,60,Cross Road,Straight road,Level,Not Applicable,Sealed,Wet,Not Raining,Daylight,Side Swipe,1,Driver Rider,1: PDO,Give Way Sign,,,1528366.03,1745057.51,1.53E+13
2019-5296-27/05/2021,3 Country,WORROLONG,5291,DISTRICT COUNCIL OF GRANT,2,1,0,0,1,2019,May,Wednesday,9:14 AM,100,Cross Road,"CURVED, VIEW OPEN",Level,Not Applicable,Sealed,Wet,Raining,Daylight,Right Angle,1,Driver Rider,2: MI,Give Way Sign,,,1518174.79,1340941.64,1.52E+13
2019-5297-27/05/2021,2 Metropolitan,PARA HILLS WEST,5096,CITY OF SALISBURY,3,0,0,0,0,2019,May,Wednesday,7:45 AM,80,Divided Road,Straight road,Level,Not Applicable,Sealed,Wet,Not Raining,Daylight,Rear End,2,Driver Rider,1: PDO,No Control,,,1332482.43,1684337.81,1.33E+13
2019-5298-27/05/2021,2 Metropolitan,MITCHELL PARK,5043,CC MARION.                    ,2,0,0,0,0,2019,May,Wednesday,8:40 AM,60,Divided Road,Straight road,Level,Driveway or Entrance,Sealed,Wet,Not Raining,Daylight,Right Angle,1,Driver Rider,1: PDO,No Control,,,1324734.1,1663281.93,1.32E+13
2019-5299-27/05/2021,2 Metropolitan,REGENCY PARK,5010,CITY OF PORT ADELAIDE ENFIELD,2,0,0,0,0,2019,May,Tuesday,3:30 PM,50,Not Divided,Straight road,Level,Driveway or Entrance,Sealed,Dry,Not Raining,Daylight,Rear End,2,Driver Rider,1: PDO,No Control,,,1325940.7,1678485.21,1.33E+13
2019-5300-27/05/2021,2 Metropolitan,GEPPS CROSS,5085,CITY OF PORT ADELAIDE ENFIELD,2,0,0,0,0,2019,May,Wednesday,10:30 AM,60,Cross Road,Straight road,Level,Not Applicable,Sealed,Wet,Raining,Daylight,Hit Fixed Object,1,Driver Rider,1: PDO,Traffic Signals,,,1330377.17,1679315.41,1.33E+13
2019-5301-27/05/2021,2 Metropolitan,POORAKA,5095,CITY OF SALISBURY,2,0,0,0,0,2019,May,Friday,11:20 AM,50,Not Divided,Straight road,Level,Not Applicable,Sealed,Dry,Not Raining,Daylight,Hit Pedestrian,2,Pedestrian,1: PDO,No Control,,,1330109.66,1680876.74,1.33E+13
2019-5302-27/05/2021,2 Metropolitan,KENT TOWN,5067,"CC OF NORWOOD,PAYNEHAM & ST PETERS",2,1,0,0,1,2019,May,Tuesday,3:13 PM,60,Divided Road,Straight road,Level,Not Applicable,Sealed,Wet,Not Raining,Daylight,Rear End,2,Driver Rider,2: MI,No Control,,,1329892.19,1671277.83,1.33E+13
2019-5303-27/05/2021,2 Metropolitan,LONSDALE,5160,CITY OF ONKAPARINGA,2,0,0,0,0,2019,May,Wednesday,12:29 PM,80,T-Junction,Straight road,Level,Not Applicable,Sealed,Dry,Not Raining,Daylight,Rear End,2,Driver Rider,1: PDO,Traffic Signals,,,1318716.44,1651448.02,1.32E+13
2019-5304-27/05/2021,2 Metropolitan,VALLEY VIEW,5093,CITY OF SALISBURY,2,0,0,0,0,2019,May,Wednesday,12:25 PM,50,Not Divided,Straight road,Slope,Not Applicable,Sealed,Dry,Not Raining,Daylight,Hit Fixed Object,1,Driver Rider,1: PDO,No Control,,,1333891.99,1680113.38,1.33E+13
2019-5305-27/05/2021,2 Metropolitan,PARADISE,5075,CC CAMPBELLTOWN.              ,2,0,0,0,0,2019,May,Tuesday,8:10 AM,60,Divided Road,"CURVED, VIEW OPEN",Level,Not Applicable,Sealed,Dry,Not Raining,Daylight,Rear End,1,Driver Rider,1: PDO,No Control,,,1334618.3,1675949.57,1.33E+13
2019-5306-27/05/2021,2 Metropolitan,OAKDEN,5086,CITY OF PORT ADELAIDE ENFIELD,2,0,0,0,0,2019,May,Wednesday,1:16 PM,50,Cross Road,Straight road,Level,Roadworks,Sealed,Wet,Raining,Daylight,Right Angle,1,Driver Rider,1: PDO,Roundabout,,,1332046.12,1678084.56,1.33E+13
2019-5307-27/05/2021,2 Metropolitan,PARA HILLS WEST,5096,CITY OF SALISBURY,2,0,0,0,0,2019,May,Wednesday,1:30 PM,50,T-Junction,Straight road,Level,Not Applicable,Sealed,Dry,Not Raining,Daylight,Right Angle,2,Driver Rider,1: PDO,No Control,,,1332862.36,1683826.05,1.33E+13
2019-5308-27/05/2021,2 Metropolitan,BLAIR ATHOL,5084,CITY OF PORT ADELAIDE ENFIELD,2,0,0,0,0,2019,May,Wednesday,2:30 PM,60,T-Junction,Straight road,Level,Not Applicable,Sealed,Dry,Not Raining,Daylight,Right Angle,1,Driver Rider,1: PDO,No Control,,,1328361.66,1679263.58,1.33E+13
2019-5309-27/05/2021,3 Country,KAPUNDA,5373,LIGHT REGIONAL COUNCIL,3,0,0,0,0,2019,May,Wednesday,2:45 PM,100,Not Divided,"CURVED, VIEW OPEN",Slope,Not Applicable,Sealed,Wet,Raining,Daylight,Hit Fixed Object,1,Driver Rider,1: PDO,No Control,,,1361808.18,1736115.88,1.36E+13
2019-5310-27/05/2021,2 Metropolitan,LINDEN PARK,5065,CITY OF BURNSIDE,4,0,0,0,0,2019,May,Wednesday,3:00 PM,60,Divided Road,Straight road,Slope,Not Applicable,Sealed,Dry,Not Raining,Daylight,Rear End,1,Driver Rider,1: PDO,No Control,,,1332313.29,1669011.46,1.33E+13
2019-5311-27/05/2021,2 Metropolitan,ROSTREVOR,5073,CC CAMPBELLTOWN.              ,2,1,0,0,1,2019,May,Wednesday,2:25 PM,50,T-Junction,Straight road,Level,Not Applicable,Sealed,Dry,Not Raining,Daylight,Right Angle,2,Driver Rider,2: MI,No Control,,,1336469.43,1673220.42,1.34E+13
2019-5312-27/05/2021,2 Metropolitan,ELIZABETH,5112,CITY OF PLAYFORD.,2,0,0,0,0,2019,May,Wednesday,3:33 PM,50,Divided Road,Straight road,Level,Driveway or Entrance,Sealed,Dry,Not Raining,Daylight,Right Turn,1,Driver Rider,1: PDO,No Control,,,1335513.26,1693104.31,1.34E+13
2019-5313-27/05/2021,2 Metropolitan,YATALA VALE,5126,CITY OF TEA TREE GULLY,2,0,0,0,0,2019,May,Wednesday,4:20 PM,50,T-Junction,Straight road,Level,Not Applicable,Sealed,Dry,Not Raining,Daylight,Right Turn,2,Driver Rider,1: PDO,No Control,,,1341657.49,1684330.92,1.34E+13
2019-5314-27/05/2021,2 Metropolitan,OAKBANK,5243,THE ADELAIDE HILLS COUNCIL,3,3,0,0,3,2019,May,Tuesday,6:10 PM,60,Not Divided,Straight road,Level,Not Applicable,Sealed,Wet,Not Raining,Night,Rear End,2,Driver Rider,2: MI,No Control,,,1350342.81,1663385,1.35E+13
2019-5315-27/05/2021,2 Metropolitan,EDEN HILLS,5050,CC MITCHAM.                   ,2,0,0,0,0,2019,May,Wednesday,4:20 PM,60,Divided Road,Straight road,Level,Not Applicable,Sealed,Wet,Not Raining,Daylight,Rear End,2,Driver Rider,1: PDO,No Control,,,1326995.87,1659645.66,1.33E+13
2019-5316-27/05/2021,2 Metropolitan,ST MARYS,5042,CC MITCHAM.                   ,2,0,0,0,0,2019,May,Wednesday,12:30 PM,70,Cross Road,"CURVED, VIEW OPEN",Level,Not Applicable,Sealed,Dry,Not Raining,Daylight,Rear End,2,Driver Rider,1: PDO,Traffic Signals,,,1326011.15,1661281.91,1.33E+13
2019-5317-27/05/2021,2 Metropolitan,PARKSIDE,5063,CITY OF UNLEY,2,1,0,0,1,2019,May,Thursday,2:00 PM,60,Not Divided,Straight road,Level,Not Applicable,Sealed,Dry,Not Raining,Daylight,Hit Pedestrian,1,Pedestrian,2: MI,No Control,,,1329070.81,1668520.01,1.33E+13
2019-5318-27/05/2021,1 City,NORTH ADELAIDE,5006,CITY OF ADELAIDE,2,1,0,0,1,2019,May,Wednesday,6:47 PM,60,Cross Road,Straight road,Slope,Not Applicable,Sealed,Dry,Not Raining,Night,Hit Pedestrian,2,Driver Rider,2: MI,Traffic Signals,,,1327887.77,1671596.04,1.33E+13
2019-5319-27/05/2021,2 Metropolitan,PARAFIELD GARDENS,5107,CITY OF SALISBURY,2,0,0,0,0,2019,May,Wednesday,7:58 PM,70,Cross Road,Straight road,Level,Not Applicable,Sealed,Wet,Not Raining,Night,Right Angle,2,Driver Rider,1: PDO,Roundabout,,,1329053.39,1685667.81,1.33E+13
2019-5320-27/05/2021,3 Country,UCOLTA,5422,DC OF PETERBOROUGH,1,1,0,1,0,2019,May,Wednesday,5:00 PM,110,Not Divided,Straight road,Level,Not Applicable,Sealed,Dry,Not Raining,Daylight,Left Road - Out of Control,1,Driver Rider,3: SI,No Control,,,1372287.17,1889085.65,1.37E+13
2019-5321-27/05/2021,2 Metropolitan,WYNN VALE,5127,CITY OF TEA TREE GULLY,5,1,0,0,1,2019,May,Wednesday,5:55 PM,80,Divided Road,Straight road,Level,Not Applicable,Sealed,Wet,Not Raining,Night,Rear End,1,Driver Rider,2: MI,No Control,,,1335734.8,1683126.55,1.34E+13
2019-5322-27/05/2021,2 Metropolitan,MORPHETT VALE,5162,CITY OF ONKAPARINGA,2,0,0,0,0,2019,May,Wednesday,8:40 PM,60,Cross Road,Straight road,Level,Not Applicable,Sealed,Wet,Raining,Night,Right Angle,2,Driver Rider,1: PDO,Roundabout,,,1321901.02,1651049.42,1.32E+13
2019-5323-27/05/2021,2 Metropolitan,WAYVILLE,5034,CITY OF UNLEY,2,1,0,0,1,2019,May,Wednesday,4:00 PM,60,Cross Road,Straight road,Level,Not Applicable,Sealed,Wet,Not Raining,Daylight,Rear End,2,Driver Rider,2: MI,Traffic Signals,,,1327426.25,1668913.54,1.33E+13
2019-5324-27/05/2021,2 Metropolitan,NORWOOD,5067,"CC OF NORWOOD,PAYNEHAM & ST PETERS",3,0,0,0,0,2019,May,Wednesday,9:53 PM,50,Cross Road,Straight road,Level,Not Applicable,Sealed,Wet,Raining,Night,Hit Parked Vehicle,1,Driver Rider,1: PDO,Stop Sign,,,1331654.18,1671073.37,1.33E+13
2019-5325-27/05/2021,3 Country,WHYALLA NORRIE,5608,CC WHYALLA.                   ,2,0,0,0,0,2019,May,Wednesday,11:30 PM,60,Divided Road,Straight road,Level,Not Applicable,Sealed,Wet,Raining,Night,Hit Fixed Object,1,Driver Rider,1: PDO,No Control,,,1237729.86,1883443.8,1.24E+13
2019-5326-27/05/2021,2 Metropolitan,TORRENSVILLE,5031,CITY OF WEST TORRENS,2,0,0,0,0,2019,May,Thursday,6:30 AM,60,Cross Road,Straight road,Level,Not Applicable,Sealed,Dry,Not Raining,Night,Right Turn,1,Driver Rider,1: PDO,Traffic Signals,,Y,1325754.68,1670981.93,1.33E+13
2019-5327-27/05/2021,2 Metropolitan,PASADENA,5042,CC MITCHAM.                   ,2,1,0,0,1,2019,May,Thursday,8:10 AM,60,T-Junction,Straight road,Level,Not Applicable,Sealed,Wet,Not Raining,Daylight,Right Turn,2,Driver Rider,2: MI,Give Way Sign,,,1327593.23,1663023.71,1.33E+13
2019-5328-27/05/2021,2 Metropolitan,DARLINGTON,5047,CITY OF ONKAPARINGA,2,1,0,0,1,2019,May,Thursday,8:16 AM,80,Divided Road,"CURVED, VIEW OPEN",Slope,Not Applicable,Sealed,Wet,Not Raining,Daylight,Hit Fixed Object,1,Driver Rider,2: MI,No Control,Y,,1324101.79,1659081.91,1.32E+13
2019-5329-27/05/2021,2 Metropolitan,HAHNDORF,5245,DC MT.BARKER.                 ,2,1,0,0,1,2019,May,Thursday,8:00 AM,40,T-Junction,Straight road,Level,Not Applicable,Sealed,Wet,Raining,Daylight,Side Swipe,1,Driver Rider,2: MI,No Control,,,1347414.94,1658218.43,1.35E+13
2019-5330-27/05/2021,2 Metropolitan,SALISBURY EAST,5109,CITY OF TEA TREE GULLY,2,0,0,0,0,2019,May,Thursday,7:50 AM,60,Divided Road,Straight road,Slope,Not Applicable,Sealed,Dry,Not Raining,Daylight,Rear End,1,Driver Rider,1: PDO,No Control,,,1337598.35,1685937.34,1.34E+13
2019-5331-27/05/2021,2 Metropolitan,BURTON,5110,CITY OF SALISBURY,2,0,0,0,0,2019,May,Thursday,8:00 AM,70,Not Divided,Straight road,Level,Not Applicable,Sealed,Dry,Not Raining,Daylight,Side Swipe,1,Driver Rider,1: PDO,No Control,,Y,1329395.54,1691425.57,1.33E+13
2019-5332-27/05/2021,2 Metropolitan,HAMPSTEAD GARDENS,5086,CITY OF PORT ADELAIDE ENFIELD,2,1,0,1,0,2019,May,Thursday,9:11 AM,50,Cross Road,Straight road,Level,Not Applicable,Sealed,Dry,Not Raining,Daylight,Right Angle,2,Driver Rider,3: SI,Give Way Sign,,,1331244.72,1676017.37,1.33E+13
2019-5333-27/05/2021,2 Metropolitan,NORTH PLYMPTON,5037,CITY OF WEST TORRENS,2,0,0,0,0,2019,May,Thursday,10:00 AM,60,T-Junction,Straight road,Level,Not Applicable,Sealed,Dry,Not Raining,Daylight,Hit Fixed Object,1,Driver Rider,1: PDO,No Control,,,1322588.08,1667213.3,1.32E+13
2019-5334-27/05/2021,2 Metropolitan,PAECHTOWN,5245,DC MT.BARKER.                 ,4,2,0,0,2,2019,May,Tuesday,1:42 PM,110,Freeway,Straight road,Level,Not Applicable,Sealed,Wet,Raining,Daylight,Hit Fixed Object,1,Driver Rider,2: MI,No Control,,,1347197.73,1657975.79,1.35E+13
2019-5335-27/05/2021,2 Metropolitan,EDWARDSTOWN,5039,CC MARION.                    ,2,0,0,0,0,2019,May,Friday,10:40 AM,50,Not Divided,Straight road,Level,Not Applicable,Sealed,Dry,Not Raining,Daylight,Rear End,2,Driver Rider,1: PDO,No Control,,,1325751.65,1663388.1,1.33E+13
2019-5336-27/05/2021,2 Metropolitan,HACKNEY,5069,"CC OF NORWOOD,PAYNEHAM & ST PETERS",3,1,0,0,1,2019,May,Tuesday,1:30 PM,60,Divided Road,Straight road,Level,Not Applicable,Sealed,Wet,Not Raining,Daylight,Side Swipe,2,Driver Rider,2: MI,No Control,,,1329844.58,1671597.63,1.33E+13
2019-5337-27/05/2021,2 Metropolitan,WAYVILLE,5034,CITY OF UNLEY,2,0,0,0,0,2019,May,Thursday,11:55 AM,60,Cross Road,Straight road,Level,Not Applicable,Sealed,Dry,Not Raining,Daylight,Rear End,2,Driver Rider,1: PDO,Traffic Signals,,,1326865.31,1668904.7,1.33E+13
2019-5338-27/05/2021,2 Metropolitan,REDWOOD PARK,5097,CITY OF TEA TREE GULLY,2,1,0,0,1,2019,May,Thursday,12:30 PM,70,T-Junction,Straight road,Level,Not Applicable,Sealed,Dry,Not Raining,Daylight,Right Angle,1,Driver Rider,2: MI,No Control,,Y,1337585,1682912.72,1.34E+13
2019-5339-27/05/2021,2 Metropolitan,CAMPBELLTOWN,5074,CC CAMPBELLTOWN.              ,2,1,0,0,1,2019,May,Wednesday,9:25 AM,60,Divided Road,Straight road,Level,Not Applicable,Sealed,Wet,Raining,Daylight,Rear End,2,Driver Rider,2: MI,No Control,,,1334172.69,1675213.5,1.33E+13
2019-5340-27/05/2021,2 Metropolitan,HAPPY VALLEY,5159,CITY OF ONKAPARINGA,2,0,0,0,0,2019,May,Thursday,10:55 AM,50,Divided Road,Straight road,Level,Median Opening (not at I/S),Sealed,Dry,Not Raining,Daylight,Side Swipe,2,Driver Rider,1: PDO,No Control,,,1326293.23,1653139.89,1.33E+13
2019-5341-27/05/2021,3 Country,KARCULTABY,5654,DC STREAKY BAY.               ,2,0,0,0,0,2019,May,Thursday,5:30 AM,110,Not Divided,Straight road,Level,Not Applicable,Sealed,Dry,Not Raining,Night,Head On,1,Driver Rider,1: PDO,No Control,,,994155.45,1916036.57,9.94E+12
2019-5342-27/05/2021,2 Metropolitan,GAWLER,5118,CT GAWLER.                    ,2,1,0,0,1,2019,May,Thursday,1:20 PM,50,T-Junction,Straight road,Bottom of Hill,Not Applicable,Sealed,Dry,Not Raining,Daylight,Right Turn,2,Driver Rider,2: MI,Traffic Signals,,,1343360.57,1706588.67,1.34E+13
2019-5343-27/05/2021,2 Metropolitan,WAYVILLE,5034,CITY OF UNLEY,2,0,0,0,0,2019,May,Thursday,8:15 AM,50,Not Divided,Straight road,Level,Driveway or Entrance,Sealed,Wet,Not Raining,Daylight,Right Angle,2,Driver Rider,1: PDO,No Control,,,1327481.82,1668783.24,1.33E+13
2019-5344-27/05/2021,2 Metropolitan,PARAFIELD,5106,CITY OF SALISBURY,2,0,0,0,0,2019,May,Wednesday,4:30 PM,80,Divided Road,Straight road,Level,Not Applicable,Sealed,Wet,Not Raining,Daylight,Rear End,2,Driver Rider,1: PDO,No Control,,,1332500.34,1684393.11,1.33E+13
2019-5345-27/05/2021,2 Metropolitan,MORPHETT VALE,5162,CITY OF ONKAPARINGA,2,0,0,0,0,2019,May,Thursday,8:30 AM,50,Not Divided,Straight road,Level,Driveway or Entrance,Sealed,Dry,Not Raining,Daylight,Right Angle,1,Driver Rider,1: PDO,No Control,,,1320694.92,1650135.64,1.32E+13
2019-5346-27/05/2021,3 Country,SOLOMONTOWN,5540,PT.PIRIE CITY & DIST. COUNCIL ,2,1,1,0,0,2019,May,Thursday,12:16 PM,80,Not Divided,Straight road,Level,Driveway or Entrance,Sealed,Dry,Not Raining,Daylight,Side Swipe,1,Driver Rider,4: Fatal,No Control,,,1282045.75,1864564.45,1.28E+13
2019-5347-27/05/2021,2 Metropolitan,PARK HOLME,5043,CC MARION.                    ,2,1,0,0,1,2019,May,Thursday,3:45 PM,60,Divided Road,Straight road,Level,Not Applicable,Sealed,Dry,Not Raining,Daylight,Side Swipe,1,Driver Rider,2: MI,No Control,,,1324008.25,1663130.21,1.32E+13
2019-5348-27/05/2021,2 Metropolitan,HILLCREST,5086,CITY OF PORT ADELAIDE ENFIELD,2,0,0,0,0,2019,May,Thursday,4:47 PM,50,T-Junction,Straight road,Level,Driveway or Entrance,Sealed,Dry,Not Raining,Daylight,Right Turn,2,Driver Rider,1: PDO,No Control,,,1333692.54,1678046.93,1.33E+13
2019-5349-27/05/2021,2 Metropolitan,HENDON,5014,CITY OF CHARLES STURT,2,0,0,0,0,2019,May,Thursday,5:25 PM,60,Divided Road,Straight road,Level,Not Applicable,Sealed,Dry,Not Raining,Night,Rear End,2,Driver Rider,1: PDO,No Control,,,1320865.58,1677446.2,1.32E+13
2019-5350-27/05/2021,1 City,ADELAIDE,5000,CITY OF ADELAIDE,3,0,0,0,0,2019,May,Thursday,5:37 PM,60,T-Junction,Straight road,Level,Not Applicable,Sealed,Dry,Not Raining,Night,Right Turn,2,Driver Rider,1: PDO,Give Way Sign,,,1327377.74,1670639.77,1.33E+13