REPORT_ID,Stats Area,Suburb,Postcode,LGA Name,Total Units,Total Cas,Total Fats,Total SI,Total MI,Year,Month,Day,Time,Area Speed,Position Type,Horizontal Align,Vertical Align,Other Feat,Road Surface,Moisture Cond,Weather Cond,DayNight,Crash Type,Unit Resp,Entity Code,CSEF Severity,Traffic Ctrls,DUI Involved,Drugs Involved,ACCLOC_X,ACCLOC_Y,UNIQUE_LOC
2019-5351-27/05/2021,2 Metropolitan,RIDLEYTON,5008,CITY OF CHARLES STURT,2,0,0,0,0,2019,May,Thursday,5:42 PM,60,Cross Road,Straight road,Level,Not Applicable,Sealed,Dry,Not Raining,Night,Hit Fixed Object,1,Driver Rider,1: PDO,Stop Sign,,,1326317.87,1674576.99,1.33E+13
2019-5352-27/05/2021,2 Metropolitan,PARK HOLME,5043,CC MARION.                    ,3,0,0,0,0,2019,May,Thursday,5:35 PM,50,Not Divided,Straight road,Level,Not Applicable,Sealed,Dry,Not Raining,Night,Hit Parked Vehicle,1,Driver Rider,1: PDO,No Control,,,1324211.5,1664218.64,1.32E+13
2019-5353-27/05/2021,2 Metropolitan,NOARLUNGA CENTRE,5168,CITY OF ONKAPARINGA,2,0,0,0,0,2019,May,Thursday,6:30 PM,50,Not Divided,Straight road,Level,Driveway or Entrance,Sealed,Dry,Not Raining,Night,Hit Fixed Object,1,Driver Rider,1: PDO,No Control,,,1318675.98,1647330.99,1.32E+13
2019-5354-27/05/2021,2 Metropolitan,FULHAM,5024,CITY OF WEST TORRENS,3,0,0,0,0,2019,May,Thursday,6:10 PM,60,Cross Road,Straight road,Level,Not Applicable,Sealed,Dry,Not Raining,Night,Right Turn,1,Driver Rider,1: PDO,Traffic Signals,,,1320981.07,1670844.76,1.32E+13
2019-5355-27/05/2021,2 Metropolitan,VIRGINIA,5120,CITY OF PLAYFORD.,2,0,0,0,0,2019,May,Thursday,6:30 PM,60,Cross Road,Straight road,Level,Not Applicable,Sealed,Dry,Not Raining,Night,Right Angle,2,Driver Rider,1: PDO,Give Way Sign,,,1327930.42,1700809.33,1.33E+13
2019-5356-27/05/2021,2 Metropolitan,HAPPY VALLEY,5159,CITY OF ONKAPARINGA,2,2,0,0,2,2019,May,Wednesday,6:00 PM,60,T-Junction,Straight road,Level,Not Applicable,Sealed,Wet,Raining,Night,Rear End,1,Driver Rider,2: MI,Stop Sign,,,1326281.49,1653501.44,1.33E+13
2019-5357-27/05/2021,3 Country,WAIKERIE,5330,LOXTON WAIKERIE DISTRICT COUNCIL,2,1,1,0,0,2019,May,Thursday,5:20 PM,110,Not Divided,Straight road,Level,Not Applicable,Sealed,Dry,Not Raining,Night,Head On,1,Driver Rider,4: Fatal,No Control,,,1462705.67,1747042.29,1.46E+13
2019-5358-27/05/2021,2 Metropolitan,TUSMORE,5065,CITY OF BURNSIDE,2,1,0,0,1,2019,May,Thursday,4:00 PM,60,Divided Road,Straight road,Level,Not Applicable,Sealed,Dry,Not Raining,Daylight,Hit Fixed Object,1,Driver Rider,2: MI,No Control,,,1332313.1,1669225.13,1.33E+13
2019-5359-27/05/2021,1 City,ADELAIDE,5000,CITY OF ADELAIDE,2,1,0,0,1,2019,May,Thursday,8:55 PM,50,T-Junction,Straight road,Level,Not Applicable,Sealed,Dry,Not Raining,Night,Hit Pedestrian,2,Pedestrian,2: MI,No Control,,,1328901.98,1671145.37,1.33E+13
2019-5360-27/05/2021,2 Metropolitan,FULLARTON,5063,CITY OF UNLEY,2,1,0,0,1,2019,May,Thursday,6:20 PM,60,Cross Road,Straight road,Level,Not Applicable,Sealed,Dry,Not Raining,Night,Hit Pedestrian,2,Pedestrian,2: MI,Traffic Signals,,,1330731.84,1667482.42,1.33E+13
2019-5361-27/05/2021,2 Metropolitan,ELIZABETH NORTH,5113,CITY OF PLAYFORD.,2,0,0,0,0,2019,May,Thursday,10:45 PM,50,Not Divided,Straight road,Level,Not Applicable,Sealed,Dry,Not Raining,Night,Hit Fixed Object,1,Driver Rider,1: PDO,No Control,,,1336859.6,1695519.93,1.34E+13
2019-5362-27/05/2021,3 Country,PALMER,5237,MID MURRAY DISTRICT COUNCIL,2,1,0,1,0,2019,May,Thursday,9:50 PM,100,Not Divided,Straight road,Level,Not Applicable,Sealed,Dry,Not Raining,Night,Hit Pedestrian,2,Pedestrian,3: SI,No Control,Y,,1381134.45,1676292.55,1.38E+13
2019-5363-27/05/2021,2 Metropolitan,PARADISE,5075,CC CAMPBELLTOWN.              ,2,0,0,0,0,2019,May,Friday,5:00 AM,60,Not Divided,Straight road,Level,Not Applicable,Sealed,Dry,Not Raining,Night,Hit Fixed Object,1,Driver Rider,1: PDO,No Control,,,1336540.48,1676687.1,1.34E+13
2019-5364-27/05/2021,2 Metropolitan,GAWLER SOUTH,5118,CT GAWLER.                    ,2,0,0,0,0,2019,May,Friday,6:00 AM,50,Cross Road,Straight road,Level,Not Applicable,Sealed,Dry,Not Raining,Night,Right Angle,1,Driver Rider,1: PDO,Roundabout,,,1342934.62,1705594.27,1.34E+13
2019-5365-27/05/2021,2 Metropolitan,CUMBERLAND PARK,5041,CC MITCHAM.                   ,2,0,0,0,0,2019,May,Friday,7:23 AM,60,Divided Road,Straight road,Level,Driveway or Entrance,Sealed,Dry,Not Raining,Daylight,Hit Parked Vehicle,1,Driver Rider,1: PDO,No Control,,,1326926.17,1666181.34,1.33E+13
2019-5366-27/05/2021,2 Metropolitan,WINGFIELD,5013,CITY OF PORT ADELAIDE ENFIELD,2,0,0,0,0,2019,May,Friday,7:13 AM,60,Divided Road,Straight road,Level,Not Applicable,Sealed,Wet,Raining,Night,Hit Fixed Object,1,Driver Rider,1: PDO,No Control,,,1325846.13,1679205.48,1.33E+13
2019-5367-27/05/2021,1 City,ADELAIDE,5000,CITY OF ADELAIDE,2,1,0,0,1,2019,May,Friday,7:40 AM,50,Cross Road,Straight road,Level,Not Applicable,Sealed,Dry,Not Raining,Daylight,Side Swipe,1,Driver Rider,2: MI,No Control,,,1328678.14,1669884.01,1.33E+13
2019-5368-27/05/2021,2 Metropolitan,HAZELWOOD PARK,5066,CITY OF BURNSIDE,2,0,0,0,0,2019,May,Friday,8:35 AM,60,T-Junction,Straight road,Level,Not Applicable,Sealed,Dry,Not Raining,Daylight,Side Swipe,1,Driver Rider,1: PDO,No Control,,,1333929.4,1669428.99,1.33E+13
2019-5369-27/05/2021,2 Metropolitan,OAKDEN,5086,CITY OF PORT ADELAIDE ENFIELD,2,0,0,0,0,2019,May,Thursday,8:30 PM,50,Not Divided,Straight road,Level,Not Applicable,Sealed,Dry,Not Raining,Night,Hit Parked Vehicle,1,Driver Rider,1: PDO,No Control,,,1332143.02,1677947.75,1.33E+13
2019-5370-27/05/2021,2 Metropolitan,KENSINGTON,5068,"CC OF NORWOOD,PAYNEHAM & ST PETERS",2,2,0,0,2,2019,May,Friday,8:40 AM,60,Cross Road,Straight road,Level,Not Applicable,Sealed,Dry,Not Raining,Daylight,Right Angle,2,Driver Rider,2: MI,Give Way Sign,,,1332863.06,1671088.36,1.33E+13
2019-5371-27/05/2021,3 Country,MONBULLA,5277,WATTLE RANGE COUNCIL,2,1,0,1,0,2019,May,Friday,6:50 AM,110,Not Divided,Straight road,Level,Not Applicable,Sealed,Wet,Raining,Night,Hit Fixed Object,1,Driver Rider,3: SI,No Control,,,1505090.06,1385799.15,1.51E+13
2019-5372-27/05/2021,2 Metropolitan,SEACLIFF PARK,5049,CC MARION.                    ,2,0,0,0,0,2019,May,Friday,9:15 AM,60,T-Junction,"CURVED, VIEW OPEN",Bottom of Hill,Not Applicable,Sealed,Dry,Not Raining,Daylight,Right Turn,1,Driver Rider,1: PDO,Give Way Sign,,,1321250.75,1658411.02,1.32E+13
2019-5373-27/05/2021,2 Metropolitan,OTTOWAY,5013,CITY OF PORT ADELAIDE ENFIELD,2,2,0,0,2,2019,May,Friday,9:10 AM,60,Cross Road,Straight road,Level,Not Applicable,Sealed,Dry,Not Raining,Daylight,Right Angle,1,Driver Rider,2: MI,Stop Sign,,,1322718.98,1679683.43,1.32E+13
2019-5374-27/05/2021,2 Metropolitan,COWANDILLA,5033,CITY OF WEST TORRENS,2,0,0,0,0,2019,May,Friday,6:30 AM,60,Cross Road,Straight road,Level,Not Applicable,Sealed,Wet,Not Raining,Night,Right Turn,2,Driver Rider,1: PDO,Traffic Signals,,,1324135.56,1670033.53,1.32E+13
2019-5375-27/05/2021,2 Metropolitan,THORNGATE,5082,WALKERVILLE TOWN COUNCIL,2,1,0,0,1,2019,May,Friday,10:46 AM,60,Divided Road,Straight road,Level,Not Applicable,Sealed,Dry,Not Raining,Daylight,Rear End,1,Driver Rider,2: MI,No Control,,,1328399.15,1673725.16,1.33E+13
2019-5376-27/05/2021,2 Metropolitan,OAKLANDS PARK,5046,CC MARION.                    ,2,0,0,0,0,2019,May,Friday,11:00 AM,60,T-Junction,"CURVED, VIEW OPEN",Level,Roadworks,Sealed,Dry,Not Raining,Daylight,Side Swipe,2,Driver Rider,1: PDO,Traffic Signals,,,1322759.23,1661320.47,1.32E+13
2019-5377-27/05/2021,2 Metropolitan,BEVERLEY,5009,CITY OF CHARLES STURT,4,0,0,0,0,2019,May,Friday,8:00 AM,60,Not Divided,Straight road,Level,Not Applicable,Sealed,Wet,Not Raining,Daylight,Rear End,1,Driver Rider,1: PDO,No Control,,,1324199.28,1673363.11,1.32E+13
2019-5378-27/05/2021,2 Metropolitan,CAMDEN PARK,5038,CITY OF WEST TORRENS,2,1,0,0,1,2019,May,Tuesday,8:30 AM,50,Not Divided,Straight road,Level,Driveway or Entrance,Sealed,Dry,Not Raining,Daylight,Right Angle,2,Driver Rider,2: MI,No Control,,,1322741.67,1665740.08,1.32E+13
2019-5379-27/05/2021,3 Country,MOUNT JAGGED,5211,ALEXANDRINA COUNCIL,3,3,0,0,3,2019,May,Friday,10:00 AM,100,Not Divided,Straight road,Crest of Hill,Not Applicable,Sealed,Dry,Not Raining,Daylight,Head On,1,Driver Rider,2: MI,No Control,,,1330623.02,1611447.89,1.33E+13
2019-5380-27/05/2021,3 Country,MURRAY BRIDGE,5253,RC MURRAY BRIDGE.             ,2,1,0,0,1,2019,May,Friday,8:40 AM,50,T-Junction,Straight road,Level,Not Applicable,Sealed,Dry,Not Raining,Daylight,Hit Pedestrian,2,Pedestrian,2: MI,Give Way Sign,,,1388937.82,1646844.51,1.39E+13
2019-5381-27/05/2021,2 Metropolitan,ROSE PARK,5067,CITY OF BURNSIDE,2,1,0,0,1,2019,May,Thursday,2:00 PM,60,T-Junction,Straight road,Level,Not Applicable,Sealed,Dry,Not Raining,Daylight,Rear End,2,Driver Rider,2: MI,Traffic Signals,,,1330659.98,1669865.61,1.33E+13
2019-5382-27/05/2021,2 Metropolitan,OVINGHAM,5082,CITY OF CHARLES STURT,2,1,0,0,1,2019,May,Friday,3:05 PM,60,Cross Road,Straight road,Level,Not Applicable,Sealed,Dry,Not Raining,Daylight,Side Swipe,2,Driver Rider,2: MI,Traffic Signals,,,1327131.58,1673269.49,1.33E+13
2019-5383-27/05/2021,2 Metropolitan,ANGLE PARK,5010,CITY OF PORT ADELAIDE ENFIELD,2,0,0,0,0,2019,May,Wednesday,8:15 PM,50,Not Divided,Straight road,Level,Driveway or Entrance,Sealed,Dry,Not Raining,Night,Right Angle,2,Driver Rider,1: PDO,No Control,,,1325067.01,1678167.33,1.33E+13
2019-5384-27/05/2021,2 Metropolitan,BRIDGEWATER,5155,THE ADELAIDE HILLS COUNCIL,2,1,0,0,1,2019,May,Thursday,10:35 PM,80,Not Divided,Straight road,Slope,Not Applicable,Sealed,Dry,Not Raining,Night,Hit Animal,2,Animal,2: MI,No Control,,,1344688.43,1660099.96,1.34E+13
2019-5385-27/05/2021,3 Country,STANLEY FLAT,5453,CLARE AND GILBERT VALLEYS DISTRICT COUNCIL,2,0,0,0,0,2019,May,Friday,4:35 PM,100,Not Divided,"CURVED, VIEW OBSCURED",Slope,Not Applicable,Sealed,Wet,Raining,Daylight,Hit Fixed Object,1,Driver Rider,1: PDO,No Control,,,1332516.64,1794400.84,1.33E+13
2019-5386-27/05/2021,2 Metropolitan,MILE END,5031,CITY OF WEST TORRENS,2,0,0,0,0,2019,May,Wednesday,10:30 AM,50,Not Divided,Straight road,Level,Not Applicable,Sealed,Dry,Not Raining,Daylight,Side Swipe,1,Driver Rider,1: PDO,No Control,,,1324762.4,1670848.23,1.32E+13
2019-5387-27/05/2021,2 Metropolitan,ELIZABETH DOWNS,5113,CITY OF PLAYFORD.,2,0,0,0,0,2019,May,Friday,4:40 PM,60,Not Divided,Straight road,Level,Not Applicable,Sealed,Dry,Not Raining,Daylight,Rear End,2,Driver Rider,1: PDO,No Control,,,1337670.54,1694731.12,1.34E+13
2019-5388-27/05/2021,3 Country,MURRAY BRIDGE,5253,RC MURRAY BRIDGE.             ,2,0,0,0,0,2019,May,Thursday,9:20 PM,50,Cross Road,Straight road,Slope,Not Applicable,Sealed,Wet,Raining,Night,Right Turn,1,Driver Rider,1: PDO,Traffic Signals,,,1389097.6,1646913.83,1.39E+13
2019-5389-27/05/2021,2 Metropolitan,HOPE VALLEY,5090,CITY OF TEA TREE GULLY,2,0,0,0,0,2019,May,Sunday,1:15 PM,60,T-Junction,Straight road,Level,Not Applicable,Sealed,Wet,Raining,Daylight,Hit Fixed Object,1,Driver Rider,1: PDO,No Control,,,1337027.67,1677945.16,1.34E+13
2019-5390-27/05/2021,3 Country,STURT VALE,5417,,1,1,0,1,0,2019,May,Saturday,4:00 PM,100,Not Divided,Straight road,Level,Not Applicable,Unsealed,Dry,Not Raining,Daylight,Roll Over,1,Driver Rider,3: SI,No Control,,,1471283.16,1849043.59,1.47E+13
2019-5391-27/05/2021,2 Metropolitan,MODBURY NORTH,5092,CITY OF TEA TREE GULLY,2,1,0,0,1,2019,May,Friday,5:55 PM,60,Not Divided,Straight road,Slope,Not Applicable,Sealed,Dry,Not Raining,Night,Hit Parked Vehicle,1,Driver Rider,2: MI,No Control,,,1336825.05,1682201.12,1.34E+13
2019-5392-27/05/2021,2 Metropolitan,PAYNEHAM,5070,"CC OF NORWOOD,PAYNEHAM & ST PETERS",2,0,0,0,0,2019,May,Friday,5:30 PM,50,Not Divided,Straight road,Level,Not Applicable,Sealed,Dry,Not Raining,Night,Hit Parked Vehicle,1,Driver Rider,1: PDO,No Control,,,1332375.27,1673375.33,1.33E+13
2019-5393-27/05/2021,2 Metropolitan,PARAFIELD GARDENS,5107,CITY OF SALISBURY,4,1,0,0,1,2019,June,Saturday,5:40 PM,90,Divided Road,Straight road,Level,Not Applicable,Sealed,Dry,Not Raining,Night,Rear End,1,Driver Rider,2: MI,No Control,,,1328665.62,1686065.17,1.33E+13
2019-5394-27/05/2021,2 Metropolitan,CROYDON PARK,5008,CITY OF PORT ADELAIDE ENFIELD,2,1,0,0,1,2019,May,Friday,6:00 PM,60,T-Junction,Straight road,Level,Not Applicable,Sealed,Dry,Not Raining,Night,Right Turn,1,Driver Rider,2: MI,No Control,,,1326268.34,1676370.39,1.33E+13
2019-5395-27/05/2021,2 Metropolitan,SEFTON PARK,5083,CITY OF PROSPECT,2,0,0,0,0,2019,May,Friday,1:15 PM,60,Divided Road,Straight road,Level,Not Applicable,Sealed,Dry,Not Raining,Daylight,Rear End,1,Driver Rider,1: PDO,No Control,,,1328866.72,1676341.78,1.33E+13
2019-5396-27/05/2021,1 City,ADELAIDE,5000,CITY OF ADELAIDE,1,1,0,1,0,2019,May,Friday,7:51 PM,50,Divided Road,Straight road,Level,Not Applicable,Sealed,Dry,Not Raining,Daylight,Roll Over,1,Driver Rider,3: SI,No Control,,,1329179.07,1670849.54,1.33E+13
2019-5397-27/05/2021,2 Metropolitan,BIBARINGA,5118,CT GAWLER.                    ,2,0,0,0,0,2019,May,Friday,6:20 PM,80,Not Divided,Straight road,Level,Not Applicable,Sealed,Dry,Not Raining,Night,Rear End,2,Driver Rider,1: PDO,No Control,,,1343860.13,1703763.95,1.34E+13
2019-5398-27/05/2021,2 Metropolitan,BLACK FOREST,5035,CITY OF UNLEY,2,1,0,1,0,2019,May,Friday,5:30 PM,60,T-Junction,Straight road,Level,Not Applicable,Sealed,Dry,Not Raining,Night,Right Turn,1,Driver Rider,3: SI,Stop Sign,Y,,1325870.01,1666654.63,1.33E+13
2019-5399-27/05/2021,2 Metropolitan,BEVERLEY,5009,CITY OF CHARLES STURT,3,0,0,0,0,2019,May,Friday,7:55 PM,60,Divided Road,Straight road,Level,Driveway or Entrance,Sealed,Dry,Not Raining,Night,Right Angle,1,Driver Rider,1: PDO,No Control,,,1323539.04,1675135.97,1.32E+13
2019-5400-27/05/2021,2 Metropolitan,THEBARTON,5031,CITY OF WEST TORRENS,2,0,0,0,0,2019,May,Friday,7:00 PM,60,Cross Road,"CURVED, VIEW OPEN",Level,Not Applicable,Sealed,Dry,Not Raining,Night,Side Swipe,1,Driver Rider,1: PDO,Traffic Signals,,,1326585.27,1671527.51,1.33E+13
2019-5401-27/05/2021,3 Country,CRADOCK,5432,THE FLINDERS RANGES COUNCIL.,2,1,0,1,0,2019,May,Friday,4:20 PM,110,Not Divided,Straight road,Level,Not Applicable,Sealed,Dry,Not Raining,Daylight,Hit Animal,2,Animal,3: SI,No Control,,,1329865.67,1985483.15,1.33E+13
2019-5402-27/05/2021,3 Country,STRATHALBYN,5255,ALEXANDRINA COUNCIL,2,0,0,0,0,2019,May,Friday,6:20 AM,80,Not Divided,"CURVED, VIEW OBSCURED",Slope,Not Applicable,Sealed,Wet,Raining,Night,Hit Fixed Object,1,Driver Rider,1: PDO,No Control,,,1352601.49,1634637.83,1.35E+13
2019-5403-27/05/2021,3 Country,WHYALLA BARSON,5601,CC WHYALLA.                   ,1,1,0,0,1,2019,May,Friday,10:00 PM,60,Not Divided,Straight road,Level,Not Applicable,Sealed,Wet,Raining,Night,Roll Over,9,Other,2: MI,No Control,,,1239496.1,1885920.23,1.24E+13
2019-5404-27/05/2021,2 Metropolitan,TRINITY GARDENS,5068,"CC OF NORWOOD,PAYNEHAM & ST PETERS",3,0,0,0,0,2019,June,Saturday,1:45 AM,50,Not Divided,Straight road,Level,Not Applicable,Sealed,Dry,Not Raining,Night,Hit Parked Vehicle,2,Driver Rider,1: PDO,No Control,,,1332523.02,1672053.16,1.33E+13
2019-5405-27/05/2021,2 Metropolitan,TERINGIE,5072,THE ADELAIDE HILLS COUNCIL,2,0,0,0,0,2019,May,Friday,10:00 AM,50,Not Divided,"CURVED, VIEW OPEN",Slope,Not Applicable,Sealed,Dry,Not Raining,Daylight,Head On,2,Driver Rider,1: PDO,No Control,,,1338073.85,1671357.07,1.34E+13
2019-5406-27/05/2021,1 City,ADELAIDE,5000,CITY OF ADELAIDE,2,0,0,0,0,2019,May,Friday,5:15 PM,50,T-Junction,Straight road,Level,Not Applicable,Sealed,Dry,Not Raining,Night,Side Swipe,1,Driver Rider,1: PDO,Traffic Signals,,,1329575.18,1670547.41,1.33E+13
2019-5407-27/05/2021,1 City,NORTH ADELAIDE,5006,CITY OF ADELAIDE,2,0,0,0,0,2019,June,Saturday,12:07 PM,50,Cross Road,"CURVED, VIEW OPEN",Level,Not Applicable,Sealed,Dry,Not Raining,Daylight,Rear End,2,Driver Rider,1: PDO,Traffic Signals,,,1328075.32,1673324.19,1.33E+13
2019-5408-27/05/2021,2 Metropolitan,WINDSOR GARDENS,5087,CITY OF PORT ADELAIDE ENFIELD,3,1,0,0,1,2019,June,Saturday,12:20 PM,60,Divided Road,Straight road,Level,Not Applicable,Sealed,Dry,Not Raining,Daylight,Rear End,1,Driver Rider,2: MI,No Control,,,1333144.11,1677505.24,1.33E+13
2019-5409-27/05/2021,2 Metropolitan,POORAKA,5095,CITY OF SALISBURY,3,0,0,0,0,2019,June,Saturday,1:30 PM,70,Cross Road,Straight road,Level,Not Applicable,Sealed,Dry,Not Raining,Daylight,Rear End,1,Driver Rider,1: PDO,Traffic Signals,,,1330499.62,1681832.25,1.33E+13
2019-5410-27/05/2021,2 Metropolitan,GOODWOOD,5034,CITY OF UNLEY,2,0,0,0,0,2019,June,Saturday,12:00 PM,50,T-Junction,Straight road,Level,Not Applicable,Sealed,Dry,Not Raining,Daylight,Right Turn,1,Driver Rider,1: PDO,Stop Sign,,,1327461.02,1667778.18,1.33E+13
2019-5411-27/05/2021,2 Metropolitan,IRONBANK,5153,THE ADELAIDE HILLS COUNCIL,2,0,0,0,0,2019,May,Friday,8:15 PM,80,Not Divided,"CURVED, VIEW OBSCURED",Slope,Not Applicable,Sealed,Wet,Not Raining,Night,Hit Fixed Object,1,Driver Rider,1: PDO,No Control,,,1336269.2,1656546.34,1.34E+13
2019-5412-27/05/2021,2 Metropolitan,WELLAND,5007,CITY OF CHARLES STURT,2,1,0,0,1,2019,June,Saturday,4:00 PM,60,Divided Road,Straight road,Level,Not Applicable,Sealed,Dry,Not Raining,Daylight,Rear End,1,Driver Rider,2: MI,No Control,,,1324665.06,1674164.79,1.32E+13
2019-5413-27/05/2021,2 Metropolitan,PARAFIELD GARDENS,5107,CITY OF SALISBURY,2,0,0,0,0,2019,June,Saturday,4:41 PM,50,T-Junction,Straight road,Level,Not Applicable,Sealed,Dry,Not Raining,Daylight,Hit Fixed Object,1,Driver Rider,1: PDO,No Control,,,1330073.85,1686834.99,1.33E+13
2019-5414-27/05/2021,2 Metropolitan,HILLCREST,5086,CITY OF PORT ADELAIDE ENFIELD,2,0,0,0,0,2019,June,Saturday,5:10 PM,60,T-Junction,Straight road,Level,Not Applicable,Sealed,Dry,Not Raining,Daylight,Head On,1,Driver Rider,1: PDO,No Control,,,1333394.73,1677734.11,1.33E+13
2019-5415-27/05/2021,2 Metropolitan,INGLE FARM,5098,CITY OF SALISBURY,3,0,0,0,0,2019,June,Saturday,5:31 PM,50,Not Divided,Straight road,Slope,Not Applicable,Sealed,Dry,Not Raining,Night,Hit Parked Vehicle,1,Driver Rider,1: PDO,No Control,Y,,1331874.78,1681336.5,1.33E+13
2019-5416-27/05/2021,2 Metropolitan,GAWLER SOUTH,5118,CT GAWLER.                    ,3,0,0,0,0,2019,June,Saturday,5:23 PM,50,T-Junction,Straight road,Level,Not Applicable,Sealed,Dry,Not Raining,Night,Rear End,1,Driver Rider,1: PDO,Give Way Sign,,,1342639.5,1705603.39,1.34E+13
2019-5417-27/05/2021,2 Metropolitan,FIRLE,5070,"CC OF NORWOOD,PAYNEHAM & ST PETERS",2,0,0,0,0,2019,June,Saturday,6:01 PM,60,T-Junction,Straight road,Level,Not Applicable,Sealed,Dry,Not Raining,Night,Right Angle,2,Driver Rider,1: PDO,No Control,,,1333823.27,1672919.41,1.33E+13
2019-5418-27/05/2021,2 Metropolitan,MOUNT BARKER,5251,DC MT.BARKER.                 ,2,1,0,0,1,2019,June,Saturday,4:57 PM,110,Freeway,"CURVED, VIEW OPEN",Slope,Not Applicable,Sealed,Dry,Not Raining,Daylight,Hit Parked Vehicle,1,Driver Rider,2: MI,No Control,Y,,1349888.39,1655247.28,1.35E+13
2019-5419-27/05/2021,2 Metropolitan,TORRENSVILLE,5031,CITY OF WEST TORRENS,4,1,0,0,1,2019,June,Saturday,3:45 PM,60,Divided Road,Straight road,Level,Not Applicable,Sealed,Dry,Not Raining,Daylight,Rear End,1,Driver Rider,2: MI,No Control,,,1325704.35,1671331.72,1.33E+13
2019-5420-27/05/2021,2 Metropolitan,EDINBURGH,5111,CITY OF SALISBURY,2,0,0,0,0,2019,June,Saturday,10:18 PM,60,Not Divided,Straight road,Level,Not Applicable,Sealed,Dry,Not Raining,Night,Hit Fixed Object,1,Driver Rider,1: PDO,No Control,,,1332631.81,1691872.68,1.33E+13
2019-5421-27/05/2021,2 Metropolitan,TAPEROO,5017,CITY OF PORT ADELAIDE ENFIELD,2,0,0,0,0,2019,June,Sunday,1:00 AM,50,Not Divided,Straight road,Level,Not Applicable,Sealed,Dry,Not Raining,Night,Hit Parked Vehicle,1,Driver Rider,1: PDO,No Control,,,1319716.24,1684551.35,1.32E+13
2019-5422-27/05/2021,2 Metropolitan,SAMPSON FLAT,5114,CITY OF PLAYFORD.,2,0,0,0,0,2019,June,Sunday,2:00 AM,80,T-Junction,Straight road,Slope,Not Applicable,Sealed,Dry,Not Raining,Night,Hit Fixed Object,1,Driver Rider,1: PDO,Give Way Sign,,,1344617.37,1688786.4,1.34E+13
2019-5423-27/05/2021,2 Metropolitan,MCLAREN VALE,5171,CITY OF ONKAPARINGA,1,1,0,0,1,2019,June,Sunday,7:00 AM,80,Not Divided,"CURVED, VIEW OPEN",Level,Not Applicable,Sealed,Wet,Raining,Night,Roll Over,1,Driver Rider,2: MI,No Control,,,1324282.83,1644028.11,1.32E+13
2019-5424-27/05/2021,2 Metropolitan,WEST LAKES SHORE,5020,CITY OF CHARLES STURT,2,1,0,0,1,2019,June,Sunday,8:50 AM,60,T-Junction,Straight road,Level,Not Applicable,Sealed,Wet,Raining,Daylight,Right Angle,1,Driver Rider,2: MI,Traffic Signals,,,1317949.8,1677015.65,1.32E+13
2019-5425-27/05/2021,2 Metropolitan,ONKAPARINGA HILLS,5163,CITY OF ONKAPARINGA,2,1,0,0,1,2019,June,Sunday,9:25 AM,80,Not Divided,"CURVED, VIEW OBSCURED",Slope,Not Applicable,Sealed,Wet,Raining,Daylight,Hit Fixed Object,1,Driver Rider,2: MI,No Control,,,1325438.82,1649761.25,1.33E+13
2019-5426-27/05/2021,2 Metropolitan,ELIZABETH PARK,5113,CITY OF PLAYFORD.,1,1,0,0,1,2019,April,Sunday,12:00 PM,60,Divided Road,Straight road,Level,Not Applicable,Sealed,Unknown,Unknown,Daylight,Roll Over,1,Driver Rider,2: MI,No Control,,,1336105.03,1693314.61,1.34E+13
2019-5427-27/05/2021,2 Metropolitan,MAWSON LAKES,5095,CITY OF SALISBURY,2,0,0,0,0,2019,June,Saturday,2:30 PM,50,Not Divided,Straight road,Level,Not Applicable,Sealed,Dry,Not Raining,Daylight,Rear End,2,Driver Rider,1: PDO,No Control,,,1330200.32,1683930.02,1.33E+13
2019-5428-27/05/2021,3 Country,SHERLOCK,5301,COORONG DISTRICT COUNCIL,2,1,0,0,1,2019,June,Sunday,6:00 AM,110,Not Divided,Straight road,Level,Not Applicable,Sealed,Wet,Raining,Night,Hit Fixed Object,1,Driver Rider,2: MI,No Control,,,1439082.79,1622358.18,1.44E+13
2019-5429-27/05/2021,3 Country,CUNLIFFE,5554,COPPER COAST DISTRICT COUNCIL,2,0,0,0,0,2019,June,Saturday,6:15 AM,100,Not Divided,"CURVED, VIEW OPEN",Unknown,Not Applicable,Sealed,Dry,Not Raining,Night,Hit Object on Road,1,Driver Rider,1: PDO,No Control,,,1253641.69,1771900,1.25E+13
2019-5430-27/05/2021,2 Metropolitan,MITCHELL PARK,5043,CC MARION.                    ,2,0,0,0,0,2019,June,Sunday,1:50 PM,60,Divided Road,Straight road,Level,Not Applicable,Sealed,Wet,Raining,Daylight,Rear End,2,Driver Rider,1: PDO,No Control,,,1324351.39,1662478.22,1.32E+13
2019-5431-27/05/2021,2 Metropolitan,SOMERTON PARK,5044,CITY OF HOLDFAST BAY,2,1,0,0,1,2019,June,Sunday,2:20 PM,50,T-Junction,Straight road,Level,Not Applicable,Sealed,Dry,Not Raining,Daylight,Right Turn,1,Driver Rider,2: MI,No Control,,,1320607.48,1663236.31,1.32E+13
2019-5432-27/05/2021,2 Metropolitan,PARADISE,5075,CC CAMPBELLTOWN.              ,2,1,0,0,1,2019,June,Sunday,2:30 PM,60,Cross Road,Straight road,Level,Not Applicable,Sealed,Wet,Not Raining,Daylight,Rear End,2,Driver Rider,2: MI,Traffic Signals,,,1334986.67,1676234.42,1.33E+13
2019-5433-27/05/2021,2 Metropolitan,CHAIN OF PONDS,5231,THE ADELAIDE HILLS COUNCIL,2,0,0,0,0,2019,June,Saturday,1:15 AM,80,Not Divided,"CURVED, VIEW OBSCURED",Level,Not Applicable,Sealed,Wet,Not Raining,Night,Hit Fixed Object,1,Driver Rider,1: PDO,No Control,,,1351095.26,1681283.46,1.35E+13