REPORT_ID,Stats Area,Suburb,Postcode,LGA Name,Total Units,Total Cas,Total Fats,Total SI,Total MI,Year,Month,Day,Time,Area Speed,Position Type,Horizontal Align,Vertical Align,Other Feat,Road Surface,Moisture Cond,Weather Cond,DayNight,Crash Type,Unit Resp,Entity Code,CSEF Severity,Traffic Ctrls,DUI Involved,Drugs Involved,ACCLOC_X,ACCLOC_Y,UNIQUE_LOC
2019-5683-27/05/2021,2 Metropolitan,WOODFORDE,5072,THE ADELAIDE HILLS COUNCIL,2,0,0,0,0,2019,June,Wednesday,2:30 PM,50,Not Divided,Straight road,Level,Not Applicable,Sealed,Dry,Not Raining,Daylight,Hit Parked Vehicle,2,Driver Rider,1: PDO,No Control,,,1336367.95,1672463.7,1.34E+13
2019-5684-27/05/2021,2 Metropolitan,LOCKLEYS,5032,CITY OF WEST TORRENS,2,1,0,0,1,2019,May,Wednesday,3:00 PM,50,Cross Road,Straight road,Level,Not Applicable,Sealed,Dry,Not Raining,Daylight,Rear End,2,Driver Rider,2: MI,Give Way Sign,,,1322510.05,1670072.47,1.32E+13
2019-5685-27/05/2021,2 Metropolitan,SALISBURY PLAIN,5109,CITY OF SALISBURY,3,0,0,0,0,2019,June,Friday,3:35 PM,60,Divided Road,Straight road,Level,Not Applicable,Sealed,Dry,Not Raining,Daylight,Rear End,2,Driver Rider,1: PDO,No Control,,,1335343.77,1688202,1.34E+13
2019-5686-27/05/2021,2 Metropolitan,MITCHELL PARK,5043,CC MARION.                    ,2,1,0,0,1,2019,June,Saturday,1:30 PM,60,Divided Road,Straight road,Level,Not Applicable,Sealed,Dry,Not Raining,Daylight,Rear End,2,Driver Rider,2: MI,No Control,,,1324375.01,1661712.34,1.32E+13
2019-5687-27/05/2021,2 Metropolitan,WOODVILLE PARK,5011,CITY OF CHARLES STURT,2,0,0,0,0,2019,June,Friday,2:50 PM,60,T-Junction,Straight road,Level,Not Applicable,Sealed,Dry,Not Raining,Daylight,Rear End,1,Driver Rider,1: PDO,Traffic Signals,,,1323911.52,1674880.86,1.32E+13
2019-5688-27/05/2021,2 Metropolitan,WYNN VALE,5127,CITY OF TEA TREE GULLY,2,0,0,0,0,2019,June,Saturday,4:11 PM,60,T-Junction,Straight road,Level,Not Applicable,Sealed,Dry,Not Raining,Daylight,Right Angle,2,Driver Rider,1: PDO,Traffic Signals,,,1337386.99,1685020.75,1.34E+13
2019-5689-27/05/2021,2 Metropolitan,BLACK FOREST,5035,CITY OF UNLEY,1,1,0,1,0,2019,June,Wednesday,1:45 PM,60,T-Junction,Straight road,Level,Not Applicable,Sealed,Dry,Not Raining,Daylight,Roll Over,9,Other,3: SI,Stop Sign,,Y,1325870.01,1666654.63,1.33E+13
2019-5690-27/05/2021,2 Metropolitan,ALBERTON,5014,CITY OF PORT ADELAIDE ENFIELD,4,0,0,0,0,2019,June,Saturday,5:20 PM,60,Divided Road,Straight road,Bottom of Hill,"Bridge, Culvert, Causeway",Sealed,Dry,Not Raining,Night,Hit Fixed Object,1,Driver Rider,1: PDO,No Control,,,1320848.77,1679064.22,1.32E+13
2019-5691-27/05/2021,2 Metropolitan,GLENELG NORTH,5045,CITY OF HOLDFAST BAY,2,0,0,0,0,2019,June,Saturday,4:40 PM,60,Divided Road,"CURVED, VIEW OPEN",Level,Not Applicable,Sealed,Dry,Not Raining,Daylight,Hit Fixed Object,1,Driver Rider,1: PDO,No Control,,,1320799.49,1665723.35,1.32E+13
2019-5692-27/05/2021,3 Country,PORT GERMEIN,5495,DC MT.REMARKABLE.             ,2,4,0,0,4,2019,June,Saturday,3:00 PM,80,Cross Road,Straight road,Level,Not Applicable,Sealed,Dry,Not Raining,Daylight,Right Angle,1,Driver Rider,2: MI,Give Way Sign,,,1279971.28,1883711.66,1.28E+13
2019-5693-27/05/2021,3 Country,MOUNT GAMBIER,5290,CC MT.GAMBIER.                ,2,0,0,0,0,2019,June,Saturday,7:50 PM,50,Cross Road,Straight road,Level,Not Applicable,Sealed,Dry,Not Raining,Night,Right Turn,2,Driver Rider,1: PDO,Traffic Signals,,,1509991.76,1339982.6,1.51E+13
2019-5694-27/05/2021,2 Metropolitan,UPPER STURT,5156,CC MITCHAM.                   ,2,0,0,0,0,2019,June,Thursday,6:20 PM,60,Not Divided,Straight road,Level,Not Applicable,Sealed,Dry,Not Raining,Night,Head On,1,Driver Rider,1: PDO,No Control,,,1332960.96,1659955.31,1.33E+13
2019-5695-27/05/2021,2 Metropolitan,HOPE VALLEY,5090,CITY OF TEA TREE GULLY,6,0,0,0,0,2019,June,Saturday,7:25 PM,60,Divided Road,Straight road,Level,Not Applicable,Sealed,Dry,Not Raining,Night,Rear End,2,Driver Rider,1: PDO,No Control,,,1336659.71,1679456.04,1.34E+13
2019-5696-27/05/2021,2 Metropolitan,MAWSON LAKES,5095,CITY OF SALISBURY,2,1,0,0,1,2019,June,Saturday,7:00 PM,50,Cross Road,Straight road,Level,Not Applicable,Sealed,Dry,Not Raining,Night,Hit Pedestrian,1,Driver Rider,2: MI,Traffic Signals,,,1330469.76,1683414.48,1.33E+13
2019-5697-27/05/2021,2 Metropolitan,WOODVILLE SOUTH,5011,CITY OF CHARLES STURT,3,2,0,0,2,2019,June,Saturday,11:20 PM,60,Not Divided,Straight road,Level,Not Applicable,Sealed,Dry,Not Raining,Night,Side Swipe,2,Driver Rider,2: MI,No Control,,,1322978.43,1674576.3,1.32E+13
2019-5698-27/05/2021,2 Metropolitan,CLELAND,5152,THE ADELAIDE HILLS COUNCIL,2,1,0,0,1,2019,June,Saturday,11:40 PM,80,Not Divided,"CURVED, VIEW OPEN",Level,Not Applicable,Sealed,Dry,Not Raining,Night,Hit Fixed Object,1,Driver Rider,2: MI,No Control,,,1338715.86,1665528.52,1.34E+13
2019-5699-27/05/2021,2 Metropolitan,PROSPECT,5082,CITY OF PROSPECT,2,1,0,0,1,2019,June,Sunday,12:13 AM,60,Cross Road,Straight road,Level,Not Applicable,Sealed,Dry,Not Raining,Night,Right Angle,1,Driver Rider,2: MI,Traffic Signals,,,1328862.28,1676441.72,1.33E+13
2019-5700-27/05/2021,2 Metropolitan,KANMANTOO,5252,DC MT.BARKER.                 ,2,0,0,0,0,2019,June,Sunday,12:06 AM,100,T-Junction,Straight road,Level,Not Applicable,Sealed,Dry,Not Raining,Night,Hit Fixed Object,1,Driver Rider,1: PDO,No Control,Y,,1367664.35,1649139.88,1.37E+13
2019-5701-27/05/2021,2 Metropolitan,WARRADALE,5046,CC MARION.                    ,2,0,0,0,0,2019,June,Sunday,3:39 AM,60,Not Divided,Straight road,Level,Not Applicable,Sealed,Dry,Not Raining,Night,Hit Fixed Object,1,Driver Rider,1: PDO,No Control,,,1322729.6,1662181.75,1.32E+13
2019-5702-27/05/2021,3 Country,DINGABLEDINGA,5172,ALEXANDRINA COUNCIL,2,0,0,0,0,2019,June,Saturday,10:00 PM,100,Not Divided,Straight road,Level,Not Applicable,Sealed,Dry,Not Raining,Night,Hit Fixed Object,1,Driver Rider,1: PDO,No Control,,,1331011.01,1632766.82,1.33E+13
2019-5703-27/05/2021,2 Metropolitan,VERDUN,5245,THE ADELAIDE HILLS COUNCIL,2,0,0,0,0,2019,June,Sunday,4:50 AM,110,Interchange,Straight road,Level,Not Applicable,Sealed,Dry,Not Raining,Night,Hit Fixed Object,1,Driver Rider,1: PDO,No Control,Y,,1344896.68,1660164.17,1.34E+13
2019-5704-27/05/2021,2 Metropolitan,RIDLEYTON,5008,CITY OF CHARLES STURT,2,0,0,0,0,2019,June,Sunday,1:00 AM,50,Not Divided,Straight road,Level,Not Applicable,Sealed,Dry,Not Raining,Night,Hit Parked Vehicle,1,Driver Rider,1: PDO,No Control,,,1325965.84,1674160.94,1.33E+13
2019-5705-27/05/2021,1 City,ADELAIDE,5000,CITY OF ADELAIDE,2,0,0,0,0,2019,June,Friday,4:00 PM,60,Divided Road,Straight road,Level,Not Applicable,Sealed,Dry,Not Raining,Daylight,Rear End,2,Driver Rider,1: PDO,No Control,,,1327392.99,1670105.85,1.33E+13
2019-5706-27/05/2021,2 Metropolitan,PARA HILLS,5096,CITY OF SALISBURY,2,0,0,0,0,2019,June,Sunday,12:15 PM,60,T-Junction,Straight road,Level,Not Applicable,Sealed,Wet,Raining,Daylight,Hit Fixed Object,1,Driver Rider,1: PDO,Roundabout,,,1334460.86,1682400.51,1.33E+13
2019-5707-27/05/2021,2 Metropolitan,ABERFOYLE PARK,5159,CITY OF ONKAPARINGA,2,0,0,0,0,2019,June,Saturday,3:30 PM,50,Not Divided,Straight road,Level,Driveway or Entrance,Sealed,Dry,Not Raining,Daylight,Rear End,1,Driver Rider,1: PDO,No Control,,,1328813.88,1655262.57,1.33E+13
2019-5708-27/05/2021,3 Country,RACECOURSE BAY,5291,DISTRICT COUNCIL OF GRANT,2,1,0,0,1,2019,June,Saturday,3:00 PM,100,Not Divided,"CURVED, VIEW OBSCURED",Level,Not Applicable,Sealed,Dry,Not Raining,Daylight,Hit Fixed Object,1,Driver Rider,2: MI,No Control,,,1505482.8,1314984.56,1.51E+13
2019-5709-27/05/2021,2 Metropolitan,INGLE FARM,5098,CITY OF SALISBURY,2,0,0,0,0,2019,June,Sunday,1:30 PM,60,T-Junction,Straight road,Slope,Driveway or Entrance,Sealed,Wet,Raining,Daylight,Right Angle,1,Driver Rider,1: PDO,Stop Sign,,,1333064.99,1681165.89,1.33E+13
2019-5710-27/05/2021,2 Metropolitan,WESTBOURNE PARK,5041,CC MITCHAM.                   ,2,0,0,0,0,2019,June,Thursday,3:30 PM,60,Divided Road,Straight road,Level,Not Applicable,Sealed,Dry,Not Raining,Daylight,Side Swipe,1,Driver Rider,1: PDO,No Control,,,1327544.4,1665035.04,1.33E+13
2019-5711-27/05/2021,2 Metropolitan,SEFTON PARK,5083,CITY OF PORT ADELAIDE ENFIELD,2,0,0,0,0,2019,June,Sunday,2:27 PM,60,T-Junction,Straight road,Level,Not Applicable,Sealed,Wet,Raining,Daylight,Hit Fixed Object,1,Driver Rider,1: PDO,No Control,,,1329030.84,1676437.2,1.33E+13
2019-5712-27/05/2021,1 City,ADELAIDE,5000,CITY OF ADELAIDE,2,0,0,0,0,2019,June,Sunday,3:00 PM,50,Cross Road,Straight road,Level,Not Applicable,Sealed,Wet,Raining,Daylight,Right Angle,2,Driver Rider,1: PDO,Traffic Signals,,,1329224.36,1671166.59,1.33E+13
2019-5713-27/05/2021,2 Metropolitan,STURT,5047,CC MARION.                    ,3,1,0,0,1,2019,June,Sunday,3:22 PM,60,T-Junction,Straight road,Level,Not Applicable,Sealed,Wet,Raining,Daylight,Right Turn,2,Driver Rider,2: MI,Traffic Signals,,,1324436.61,1659891.18,1.32E+13
2019-5714-27/05/2021,2 Metropolitan,HIGHBURY,5089,CITY OF TEA TREE GULLY,2,1,0,0,1,2019,June,Sunday,3:15 PM,60,T-Junction,"CURVED, VIEW OPEN",Slope,Not Applicable,Sealed,Wet,Raining,Daylight,Hit Fixed Object,1,Driver Rider,2: MI,No Control,,,1339796.81,1679555.71,1.34E+13
2019-5715-27/05/2021,1 City,ADELAIDE,5000,CITY OF ADELAIDE,2,0,0,0,0,2019,June,Saturday,5:15 PM,50,Cross Road,Straight road,Level,Not Applicable,Sealed,Dry,Not Raining,Night,Hit Pedestrian,1,Driver Rider,1: PDO,Traffic Signals,,,1329584.36,1670218.48,1.33E+13
2019-5716-27/05/2021,3 Country,FINNISS,5255,ALEXANDRINA COUNCIL,1,1,0,0,1,2019,June,Saturday,3:55 PM,100,Not Divided,Straight road,Level,Not Applicable,Sealed,Dry,Not Raining,Daylight,Roll Over,1,Driver Rider,2: MI,No Control,,,1343907.93,1619452.42,1.34E+13
2019-5717-27/05/2021,2 Metropolitan,ELIZABETH,5112,CITY OF PLAYFORD.,2,0,0,0,0,2019,June,Sunday,4:50 PM,50,Divided Road,Straight road,Level,Driveway or Entrance,Sealed,Dry,Not Raining,Daylight,Right Angle,1,Driver Rider,1: PDO,No Control,,,1335406.03,1693143.89,1.34E+13
2019-5718-27/05/2021,2 Metropolitan,MODBURY NORTH,5092,CITY OF TEA TREE GULLY,2,1,0,0,1,2019,June,Sunday,5:17 PM,60,Not Divided,Straight road,Slope,Not Applicable,Sealed,Dry,Not Raining,Night,Hit Pedestrian,2,Pedestrian,2: MI,No Control,,,1335657.19,1682124.52,1.34E+13
2019-5719-27/05/2021,2 Metropolitan,PORT NOARLUNGA SOUTH,5167,CITY OF ONKAPARINGA,3,0,0,0,0,2019,June,Sunday,5:00 PM,60,Divided Road,Straight road,Slope,Not Applicable,Sealed,Wet,Raining,Daylight,Hit Fixed Object,1,Driver Rider,1: PDO,No Control,Y,,1316271.14,1645530.32,1.32E+13
2019-5720-27/05/2021,2 Metropolitan,REGENCY PARK,5010,CITY OF PORT ADELAIDE ENFIELD,4,0,0,0,0,2019,June,Sunday,6:30 PM,50,Not Divided,Straight road,Level,Not Applicable,Sealed,Wet,Not Raining,Night,Rear End,2,Driver Rider,1: PDO,No Control,,,1325567.33,1678030.94,1.33E+13
2019-5721-27/05/2021,3 Country,HAYBOROUGH,5211,DC VICTOR HARBOR.             ,2,1,0,0,1,2019,June,Sunday,6:45 PM,60,Cross Road,Straight road,Slope,Not Applicable,Sealed,Wet,Not Raining,Night,Right Angle,2,Driver Rider,2: MI,Give Way Sign,,,1329904.97,1602901.99,1.33E+13
2019-5722-27/05/2021,2 Metropolitan,CLARENDON,5157,CITY OF ONKAPARINGA,1,0,0,0,0,2019,June,Sunday,8:44 PM,80,Not Divided,"CURVED, VIEW OBSCURED",Slope,Not Applicable,Sealed,Wet,Not Raining,Night,Roll Over,1,Driver Rider,1: PDO,No Control,Y,,1328845.7,1651059.37,1.33E+13
2019-5723-27/05/2021,3 Country,ROXBY DOWNS,5725,,3,0,0,0,0,2019,June,Sunday,7:45 PM,100,Not Divided,Straight road,Level,Not Applicable,Sealed,Dry,Not Raining,Night,Hit Animal,2,Animal,1: PDO,No Control,,,1198142.24,2167500.57,1.20E+13
2019-5724-27/05/2021,3 Country,PINNAROO,5304,SOUTHERN MALLEE DISTRICT COUNCIL,1,0,0,0,0,2019,June,Saturday,5:30 PM,100,Not Divided,"CURVED, VIEW OPEN",Level,Not Applicable,Unsealed,Dry,Not Raining,Night,Roll Over,1,Driver Rider,1: PDO,No Control,,,1542175.6,1623480.31,1.54E+13
2019-5725-27/05/2021,2 Metropolitan,TRANMERE,5073,CC CAMPBELLTOWN.              ,2,1,0,0,1,2019,June,Sunday,1:25 PM,50,Not Divided,Straight road,Level,Not Applicable,Sealed,Wet,Raining,Daylight,Hit Fixed Object,1,Driver Rider,2: MI,No Control,,,1334368.23,1673640.29,1.33E+13
2019-5726-27/05/2021,2 Metropolitan,SALISBURY HEIGHTS,5109,CITY OF SALISBURY,2,0,0,0,0,2019,June,Sunday,12:30 PM,80,T-Junction,Straight road,Level,Not Applicable,Sealed,Wet,Raining,Daylight,Hit Fixed Object,1,Driver Rider,1: PDO,No Control,,,1335937.64,1688754.16,1.34E+13
2019-5727-27/05/2021,3 Country,KEITH,5267,DC TATIARA.                   ,1,0,0,0,0,2019,June,Monday,7:30 AM,110,Not Divided,Straight road,Level,Not Applicable,Sealed,Wet,Not Raining,Daylight,Roll Over,1,Driver Rider,1: PDO,No Control,,,1486236.27,1529266.49,1.49E+13
2019-5728-27/05/2021,2 Metropolitan,PARKSIDE,5063,CITY OF UNLEY,2,1,0,0,1,2019,June,Sunday,4:25 PM,60,Cross Road,Straight road,Level,Not Applicable,Sealed,Dry,Not Raining,Daylight,Rear End,2,Driver Rider,2: MI,Traffic Signals,,,1330707.08,1668319.59,1.33E+13
2019-5729-27/05/2021,3 Country,MAITLAND,5573,YORKE PENINSULA COUNCIL,2,1,0,0,1,2019,June,Sunday,12:30 PM,80,Not Divided,"CURVED, VIEW OPEN",Level,Not Applicable,Sealed,Wet,Raining,Daylight,Head On,1,Driver Rider,2: MI,No Control,,,1245217.07,1734828.65,1.25E+13
2019-5730-27/05/2021,2 Metropolitan,WEST BEACH,5024,CITY OF WEST TORRENS,5,4,1,1,2,2019,June,Monday,10:20 AM,50,Not Divided,Straight road,Level,Not Applicable,Sealed,Dry,Not Raining,Daylight,Hit Pedestrian,1,Driver Rider,4: Fatal,No Control,,,1319927.41,1668099.36,1.32E+13
2019-5731-27/05/2021,3 Country,ANGASTON,5353,THE BAROSSA COUNCIL.,2,0,0,0,0,2019,June,Sunday,6:45 PM,50,Not Divided,Straight road,Slope,Not Applicable,Sealed,Dry,Not Raining,Night,Hit Parked Vehicle,2,Driver Rider,1: PDO,No Control,,,1370681.75,1715792.03,1.37E+13
2019-5732-27/05/2021,2 Metropolitan,GLANDORE,5037,CC MARION.                    ,2,1,0,0,1,2019,June,Sunday,9:00 AM,50,Cross Road,Straight road,Level,Not Applicable,Sealed,Dry,Not Raining,Daylight,Right Angle,2,Driver Rider,2: MI,Give Way Sign,,,1325209.66,1666460.37,1.33E+13
2019-5733-27/05/2021,2 Metropolitan,WOODVILLE,5011,CITY OF CHARLES STURT,2,1,0,1,0,2019,June,Sunday,4:30 PM,60,Divided Road,Straight road,Level,Driveway or Entrance,Sealed,Dry,Not Raining,Daylight,Rear End,2,Driver Rider,3: SI,No Control,,,1322227.96,1676334.23,1.32E+13
2019-5734-27/05/2021,2 Metropolitan,HENLEY BEACH,5022,CITY OF CHARLES STURT,2,0,0,0,0,2019,June,Monday,1:00 PM,40,Cross Road,Straight road,Level,Not Applicable,Sealed,Dry,Not Raining,Daylight,Rear End,1,Driver Rider,1: PDO,Give Way Sign,,,1318817.37,1671996.21,1.32E+13
2019-5735-27/05/2021,2 Metropolitan,COROMANDEL VALLEY,5051,CITY OF ONKAPARINGA,3,0,0,0,0,2019,June,Monday,1:29 PM,60,Not Divided,Straight road,Slope,Driveway or Entrance,Sealed,Dry,Not Raining,Daylight,Right Angle,1,Driver Rider,1: PDO,No Control,,,1330450.77,1657866.68,1.33E+13
2019-5736-27/05/2021,3 Country,COOBER PEDY,5723,,1,0,0,0,0,2019,June,Monday,10:00 AM,110,Not Divided,Straight road,Level,Not Applicable,Sealed,Dry,Not Raining,Daylight,Other,1,Driver Rider,1: PDO,No Control,,,957340.03,2351266.48,9.57E+12
2019-5737-27/05/2021,2 Metropolitan,SEAFORD RISE,5169,CITY OF ONKAPARINGA,2,0,0,0,0,2019,June,Friday,12:54 PM,60,Cross Road,Straight road,Level,Not Applicable,Sealed,Dry,Not Raining,Daylight,Right Turn,1,Driver Rider,1: PDO,Traffic Signals,,,1317537.2,1641650.26,1.32E+13
2019-5738-27/05/2021,2 Metropolitan,PORT ADELAIDE,5015,CITY OF PORT ADELAIDE ENFIELD,2,0,0,0,0,2019,June,Monday,2:15 PM,60,T-Junction,Straight road,Level,Not Applicable,Sealed,Dry,Not Raining,Daylight,Rear End,2,Driver Rider,1: PDO,No Control,,,1320486.5,1678923.84,1.32E+13
2019-5739-27/05/2021,2 Metropolitan,THEBARTON,5031,CITY OF WEST TORRENS,2,1,0,0,1,2019,June,Thursday,1:30 PM,50,Cross Road,Straight road,Level,Not Applicable,Sealed,Dry,Not Raining,Daylight,Right Angle,1,Driver Rider,2: MI,Stop Sign,,,1326252.62,1671520.43,1.33E+13
2019-5740-27/05/2021,2 Metropolitan,CROYDON PARK,5008,CITY OF PORT ADELAIDE ENFIELD,3,0,0,0,0,2019,June,Monday,4:31 PM,50,Cross Road,Straight road,Level,Not Applicable,Sealed,Dry,Not Raining,Daylight,Rear End,1,Driver Rider,1: PDO,Give Way Sign,,,1326285.79,1675560.37,1.33E+13
2019-5741-27/05/2021,2 Metropolitan,TRANMERE,5073,CC CAMPBELLTOWN.              ,2,2,0,0,2,2019,June,Monday,5:15 PM,60,T-Junction,Straight road,Level,Not Applicable,Sealed,Dry,Not Raining,Night,Right Turn,1,Driver Rider,2: MI,Traffic Signals,,,1333834.79,1672885.54,1.33E+13
2019-5742-27/05/2021,2 Metropolitan,GLENELG,5045,CITY OF HOLDFAST BAY,2,1,0,1,0,2019,June,Monday,4:00 PM,50,Cross Road,Straight road,Level,Not Applicable,Sealed,Dry,Not Raining,Daylight,Right Turn,1,Driver Rider,3: SI,Stop Sign,,,1320441.23,1665085.23,1.32E+13
2019-5743-27/05/2021,2 Metropolitan,ALDINGA BEACH,5173,CITY OF ONKAPARINGA,2,0,0,0,0,2019,June,Monday,6:00 PM,50,Cross Road,Straight road,Level,Not Applicable,Sealed,Dry,Not Raining,Night,Right Angle,2,Driver Rider,1: PDO,Roundabout,,,1314312.27,1631985.12,1.31E+13
2019-5744-27/05/2021,2 Metropolitan,LENSWOOD,5240,THE ADELAIDE HILLS COUNCIL,2,0,0,0,0,2019,June,Monday,4:00 PM,60,Not Divided,"CURVED, VIEW OPEN",Slope,Not Applicable,Sealed,Dry,Not Raining,Daylight,Hit Fixed Object,1,Driver Rider,1: PDO,No Control,,,1349190.95,1670644.45,1.35E+13
2019-5745-27/05/2021,2 Metropolitan,ELIZABETH VALE,5112,CITY OF PLAYFORD.,2,0,0,0,0,2019,June,Monday,7:02 PM,60,T-Junction,Straight road,Level,Not Applicable,Sealed,Dry,Not Raining,Night,Right Angle,1,Driver Rider,1: PDO,No Control,,,1334996.66,1689977.18,1.34E+13
2019-5746-27/05/2021,3 Country,WAITPINGA,5211,DC VICTOR HARBOR.             ,2,2,0,2,0,2019,June,Monday,7:00 PM,100,Not Divided,"CURVED, VIEW OBSCURED",Level,Not Applicable,Sealed,Dry,Not Raining,Night,Hit Fixed Object,1,Driver Rider,3: SI,No Control,,,1317021.45,1595544.45,1.32E+13
2019-5747-27/05/2021,2 Metropolitan,DARLINGTON,5047,CC MARION.                    ,2,0,0,0,0,2019,June,Monday,6:04 PM,50,Not Divided,Straight road,Slope,Not Applicable,Sealed,Dry,Not Raining,Night,Hit Parked Vehicle,1,Driver Rider,1: PDO,No Control,,,1323898.97,1658713.61,1.32E+13
2019-5748-27/05/2021,2 Metropolitan,LEAWOOD GARDENS,5150,CC MITCHAM.                   ,2,1,0,0,1,2019,June,Monday,9:11 PM,100,T-Junction,"CURVED, VIEW OPEN",Slope,Not Applicable,Sealed,Dry,Not Raining,Night,Hit Fixed Object,1,Driver Rider,2: MI,No Control,,,1334676.37,1665852.04,1.33E+13
2019-5749-27/05/2021,2 Metropolitan,WAYVILLE,5034,CITY OF UNLEY,2,2,0,0,2,2019,June,Monday,10:45 AM,60,Cross Road,Straight road,Level,Not Applicable,Sealed,Dry,Not Raining,Daylight,Right Turn,2,Driver Rider,2: MI,Traffic Signals,,,1326893.44,1668904.96,1.33E+13
2019-5750-27/05/2021,2 Metropolitan,JUPITER CREEK,5153,DC MT.BARKER.                 ,2,2,0,0,2,2019,June,Monday,2:00 PM,80,T-Junction,Straight road,Slope,Not Applicable,Sealed,Dry,Not Raining,Daylight,Side Swipe,1,Driver Rider,2: MI,No Control,,,1342124.43,1645860.02,1.34E+13
2019-5751-27/05/2021,3 Country,BORDERTOWN,5268,DC TATIARA.                   ,2,0,0,0,0,2019,June,Tuesday,6:00 AM,50,Cross Road,Straight road,Level,Not Applicable,Sealed,Dry,Not Raining,Night,Side Swipe,1,Driver Rider,1: PDO,Stop Sign,,,1518467.61,1508617.32,1.52E+13
2019-5752-27/05/2021,2 Metropolitan,KILBURN,5084,CITY OF PORT ADELAIDE ENFIELD,2,1,0,0,1,2019,June,Tuesday,9:23 AM,60,Divided Road,Straight road,Level,Not Applicable,Sealed,Dry,Not Raining,Daylight,Rear End,2,Driver Rider,2: MI,No Control,,,1327269.64,1679219.76,1.33E+13
2019-5753-27/05/2021,2 Metropolitan,STIRLING,5152,THE ADELAIDE HILLS COUNCIL,2,0,0,0,0,2019,June,Tuesday,7:15 AM,80,Not Divided,"CURVED, VIEW OBSCURED",Slope,Not Applicable,Sealed,Wet,Raining,Night,Hit Fixed Object,1,Driver Rider,1: PDO,No Control,,,1337753.33,1661203.66,1.34E+13
2019-5754-27/05/2021,2 Metropolitan,SALISBURY,5108,CITY OF SALISBURY,4,1,0,0,1,2019,June,Tuesday,9:42 AM,25,One Way,Straight road,Level,Not Applicable,Sealed,Dry,Not Raining,Daylight,Hit Parked Vehicle,2,Driver Rider,2: MI,No Control,,,1333160.67,1688649.59,1.33E+13
2019-5755-27/05/2021,2 Metropolitan,TATACHILLA,5171,CITY OF ONKAPARINGA,4,0,0,0,0,2019,June,Tuesday,10:07 AM,100,Not Divided,Straight road,Level,Not Applicable,Sealed,Dry,Not Raining,Daylight,Other,1,Driver Rider,1: PDO,No Control,,,1320613.25,1634957.29,1.32E+13
2019-5756-27/05/2021,2 Metropolitan,PENNINGTON,5013,CITY OF CHARLES STURT,2,0,0,0,0,2019,June,Tuesday,6:00 AM,50,Not Divided,Straight road,Level,Not Applicable,Sealed,Dry,Not Raining,Night,Hit Parked Vehicle,2,Driver Rider,1: PDO,No Control,,,1322158.46,1678070.85,1.32E+13
2019-5757-27/05/2021,2 Metropolitan,GOLDEN GROVE,5125,CITY OF TEA TREE GULLY,2,1,0,0,1,2019,June,Tuesday,11:00 AM,60,T-Junction,Straight road,Slope,Not Applicable,Sealed,Dry,Not Raining,Daylight,Right Angle,1,Driver Rider,2: MI,No Control,,,1338995.83,1686245.12,1.34E+13
2019-5758-27/05/2021,2 Metropolitan,MAGILL,5072,CC CAMPBELLTOWN.              ,2,0,0,0,0,2019,June,Friday,6:53 AM,60,Cross Road,Straight road,Level,Not Applicable,Sealed,Dry,Not Raining,Night,Hit Fixed Object,1,Driver Rider,1: PDO,Traffic Signals,,,1335483.19,1671847.51,1.34E+13
2019-5759-27/05/2021,2 Metropolitan,SELLICKS BEACH,5174,CITY OF ONKAPARINGA,2,0,0,0,0,2019,June,Monday,6:10 PM,50,Not Divided,Straight road,Level,Driveway or Entrance,Sealed,Dry,Not Raining,Night,Hit Parked Vehicle,2,Driver Rider,1: PDO,No Control,,,1313374.63,1625664.88,1.31E+13
2019-5760-27/05/2021,2 Metropolitan,SEACOMBE GARDENS,5047,CC MARION.                    ,3,0,0,0,0,2019,June,Tuesday,11:30 AM,60,Divided Road,Straight road,Level,Not Applicable,Sealed,Dry,Not Raining,Daylight,Rear End,1,Driver Rider,1: PDO,No Control,,,1323180.61,1660636.4,1.32E+13
2019-5761-27/05/2021,2 Metropolitan,STIRLING,5152,THE ADELAIDE HILLS COUNCIL,2,1,0,1,0,2019,June,Tuesday,10:35 AM,80,Cross Road,Straight road,Slope,Not Applicable,Sealed,Dry,Not Raining,Daylight,Right Angle,1,Driver Rider,3: SI,Give Way Sign,,,1338291.67,1661352.9,1.34E+13
2019-5762-27/05/2021,2 Metropolitan,WALKLEY HEIGHTS,5098,CITY OF SALISBURY,2,0,0,0,0,2019,June,Tuesday,12:00 PM,70,Cross Road,Straight road,Level,Not Applicable,Sealed,Dry,Not Raining,Daylight,Rear End,2,Driver Rider,1: PDO,Traffic Signals,,,1332971.13,1680497.42,1.33E+13
2019-5763-27/05/2021,2 Metropolitan,ELIZABETH,5112,CITY OF PLAYFORD.,2,0,0,0,0,2019,June,Tuesday,11:45 AM,50,Cross Road,"CURVED, VIEW OPEN",Level,Median Opening (not at I/S),Sealed,Dry,Not Raining,Daylight,Right Angle,2,Driver Rider,1: PDO,Give Way Sign,,,1335585.45,1693769.28,1.34E+13
2019-5764-27/05/2021,2 Metropolitan,GAWLER,5118,CT GAWLER.                    ,2,0,0,0,0,2019,June,Tuesday,1:00 PM,50,Divided Road,Straight road,Level,Driveway or Entrance,Sealed,Dry,Not Raining,Daylight,Right Angle,2,Driver Rider,1: PDO,No Control,,,1343185.32,1706441.72,1.34E+13
2019-5765-27/05/2021,1 City,NORTH ADELAIDE,5006,CITY OF ADELAIDE,4,0,0,0,0,2019,June,Tuesday,2:05 PM,50,Cross Road,Straight road,Level,Not Applicable,Sealed,Dry,Not Raining,Daylight,Rear End,1,Driver Rider,1: PDO,Traffic Signals,,,1328111.74,1673172.85,1.33E+13