REPORT_ID,Stats Area,Suburb,Postcode,LGA Name,Total Units,Total Cas,Total Fats,Total SI,Total MI,Year,Month,Day,Time,Area Speed,Position Type,Horizontal Align,Vertical Align,Other Feat,Road Surface,Moisture Cond,Weather Cond,DayNight,Crash Type,Unit Resp,Entity Code,CSEF Severity,Traffic Ctrls,DUI Involved,Drugs Involved,ACCLOC_X,ACCLOC_Y,UNIQUE_LOC
2019-5766-27/05/2021,2 Metropolitan,BEDFORD PARK,5042,CC MARION.                    ,2,0,0,0,0,2019,June,Tuesday,8:00 AM,70,Divided Road,Straight road,Level,Not Applicable,Sealed,Dry,Not Raining,Daylight,Side Swipe,2,Driver Rider,1: PDO,No Control,,,1324776.12,1660100.31,1.32E+13
2019-5767-27/05/2021,2 Metropolitan,WEST LAKES,5021,CITY OF CHARLES STURT,1,1,0,0,1,2019,June,Tuesday,12:45 PM,50,T-Junction,Straight road,Level,Not Applicable,Sealed,Dry,Not Raining,Daylight,Roll Over,1,Driver Rider,2: MI,No Control,,,1318962.2,1675956.66,1.32E+13
2019-5768-27/05/2021,3 Country,SALT CREEK,5264,COORONG DISTRICT COUNCIL,2,0,0,0,0,2019,June,Tuesday,7:00 PM,110,Not Divided,Straight road,Level,Not Applicable,Sealed,Dry,Not Raining,Night,Hit Animal,2,Animal,1: PDO,No Control,,,1422311,1523012.17,1.42E+13
2019-5769-27/05/2021,2 Metropolitan,TOTNESS,5250,DC MT.BARKER.                 ,2,0,0,0,0,2019,June,Tuesday,3:00 PM,60,T-Junction,Straight road,Level,Not Applicable,Sealed,Dry,Not Raining,Daylight,Side Swipe,2,Driver Rider,1: PDO,Roundabout,,,1351073.68,1655554.69,1.35E+13
2019-5770-27/05/2021,2 Metropolitan,PORT ADELAIDE,5015,CITY OF PORT ADELAIDE ENFIELD,2,0,0,0,0,2019,June,Tuesday,3:45 PM,60,Cross Road,Straight road,Level,Not Applicable,Sealed,Dry,Not Raining,Daylight,Side Swipe,2,Driver Rider,1: PDO,Traffic Signals,,,1320508.74,1679083.32,1.32E+13
2019-5771-27/05/2021,2 Metropolitan,WEST BEACH,5024,CITY OF CHARLES STURT,2,1,0,0,1,2019,May,Friday,1:00 PM,50,T-Junction,Straight road,Level,Not Applicable,Sealed,Dry,Not Raining,Daylight,Right Angle,2,Driver Rider,2: MI,No Control,,,1319351.04,1669423.14,1.32E+13
2019-5772-27/05/2021,2 Metropolitan,EDINBURGH NORTH,5113,CITY OF PLAYFORD.,2,0,0,0,0,2019,June,Tuesday,2:45 PM,60,T-Junction,Straight road,Level,Not Applicable,Sealed,Dry,Not Raining,Daylight,Right Angle,2,Driver Rider,1: PDO,No Control,,,1335148.4,1695105.95,1.34E+13
2019-5773-27/05/2021,2 Metropolitan,PARADISE,5075,CC CAMPBELLTOWN.              ,3,0,0,0,0,2019,June,Tuesday,4:15 PM,60,Divided Road,Straight road,Level,Driveway or Entrance,Sealed,Dry,Not Raining,Daylight,Right Turn,1,Driver Rider,1: PDO,No Control,,,1334547.11,1676868.96,1.33E+13
2019-5774-27/05/2021,2 Metropolitan,INGLE FARM,5098,CITY OF SALISBURY,3,1,0,0,1,2019,June,Tuesday,5:00 PM,60,Cross Road,Straight road,Level,Not Applicable,Sealed,Dry,Not Raining,Daylight,Rear End,1,Driver Rider,2: MI,Traffic Signals,,,1332129.24,1681792.46,1.33E+13
2019-5775-27/05/2021,2 Metropolitan,BLAIR ATHOL,5084,CITY OF PORT ADELAIDE ENFIELD,2,0,0,0,0,2019,June,Tuesday,2:45 PM,50,T-Junction,Straight road,Level,Not Applicable,Sealed,Dry,Not Raining,Daylight,Side Swipe,2,Driver Rider,1: PDO,No Control,,,1328368.01,1679016.5,1.33E+13
2019-5776-27/05/2021,2 Metropolitan,GLENGOWRIE,5044,CC MARION.                    ,2,1,0,0,1,2019,June,Monday,2:00 PM,60,Not Divided,Straight road,Level,Not Applicable,Sealed,Dry,Not Raining,Daylight,Rear End,2,Driver Rider,2: MI,No Control,,,1322648.13,1664946.09,1.32E+13
2019-5777-27/05/2021,1 City,ADELAIDE,5000,CITY OF ADELAIDE,2,1,0,0,1,2019,June,Tuesday,6:30 PM,50,T-Junction,"CURVED, VIEW OPEN",Level,Not Applicable,Sealed,Dry,Not Raining,Night,Right Angle,1,Driver Rider,2: MI,Give Way Sign,,,1328549.86,1670403.5,1.33E+13
2019-5778-27/05/2021,2 Metropolitan,WATERLOO CORNER,5110,CITY OF PLAYFORD.,4,1,0,0,1,2019,June,Tuesday,6:05 PM,60,Divided Road,Straight road,Level,Roadworks,Sealed,Dry,Not Raining,Night,Side Swipe,2,Driver Rider,2: MI,No Control,,,1327114.26,1694131.71,1.33E+13
2019-5779-27/05/2021,2 Metropolitan,CAMDEN PARK,5038,CITY OF WEST TORRENS,2,1,0,0,1,2019,June,Tuesday,5:30 PM,60,Divided Road,Straight road,Level,Driveway or Entrance,Sealed,Dry,Not Raining,Night,Right Turn,1,Driver Rider,2: MI,No Control,,,1322876.43,1665564.86,1.32E+13
2019-5780-27/05/2021,2 Metropolitan,SALISBURY HEIGHTS,5109,CITY OF SALISBURY,2,0,0,0,0,2019,June,Tuesday,4:45 PM,80,Divided Road,Straight road,Level,Not Applicable,Sealed,Dry,Not Raining,Daylight,Side Swipe,2,Driver Rider,1: PDO,No Control,,,1335659.66,1688391.91,1.34E+13
2019-5781-27/05/2021,2 Metropolitan,MOUNT BARKER,5251,DC MT.BARKER.                 ,2,1,0,0,1,2019,June,Tuesday,4:30 PM,50,Not Divided,Straight road,Level,Not Applicable,Sealed,Dry,Not Raining,Daylight,Head On,2,Driver Rider,2: MI,No Control,,,1351919.96,1653137.64,1.35E+13
2019-5782-27/05/2021,2 Metropolitan,PAYNEHAM,5070,"CC OF NORWOOD,PAYNEHAM & ST PETERS",2,0,0,0,0,2019,June,Tuesday,7:20 PM,60,T-Junction,Straight road,Level,Not Applicable,Sealed,Dry,Not Raining,Night,Rear End,1,Driver Rider,1: PDO,Stop Sign,,,1332755.8,1674056.72,1.33E+13
2019-5783-27/05/2021,2 Metropolitan,SALISBURY NORTH,5108,CITY OF SALISBURY,2,0,0,0,0,2019,June,Tuesday,3:15 PM,50,Cross Road,Straight road,Level,Not Applicable,Sealed,Dry,Not Raining,Daylight,Right Angle,2,Driver Rider,1: PDO,Roundabout,,,1332404.28,1689514.2,1.33E+13
2019-5784-27/05/2021,2 Metropolitan,SEATON,5023,CITY OF CHARLES STURT,2,0,0,0,0,2019,June,Wednesday,1:10 AM,60,T-Junction,Straight road,Level,Not Applicable,Sealed,Wet,Raining,Night,Hit Fixed Object,1,Driver Rider,1: PDO,No Control,,,1319947.85,1673497.11,1.32E+13
2019-5785-27/05/2021,3 Country,GILLES DOWNS,5611,,2,0,0,0,0,2019,June,Wednesday,4:45 AM,110,Not Divided,Straight road,Level,Not Applicable,Sealed,Wet,Raining,Night,Hit Fixed Object,1,Driver Rider,1: PDO,No Control,,,1187053.62,1902732.93,1.19E+13
2019-5786-27/05/2021,2 Metropolitan,GEPPS CROSS,5094,CITY OF PORT ADELAIDE ENFIELD,2,0,0,0,0,2019,June,Wednesday,6:55 AM,70,T-Junction,Straight road,Level,Not Applicable,Sealed,Wet,Raining,Night,Hit Fixed Object,1,Driver Rider,1: PDO,Traffic Signals,,,1328755.94,1680461.5,1.33E+13
2019-5787-27/05/2021,2 Metropolitan,NEWTON,5074,CC CAMPBELLTOWN.              ,3,0,0,0,0,2019,June,Wednesday,8:05 AM,60,Cross Road,Straight road,Level,Not Applicable,Sealed,Wet,Raining,Daylight,Right Turn,1,Driver Rider,1: PDO,Traffic Signals,,,1335409.35,1674554.22,1.34E+13
2019-5788-27/05/2021,2 Metropolitan,MAWSON LAKES,5095,CITY OF SALISBURY,3,1,0,0,1,2019,June,Wednesday,7:55 AM,70,T-Junction,Straight road,Slope,Not Applicable,Sealed,Wet,Raining,Daylight,Rear End,1,Driver Rider,2: MI,No Control,,,1329050.36,1683777.7,1.33E+13
2019-5789-27/05/2021,2 Metropolitan,INGLE FARM,5098,CITY OF SALISBURY,3,0,0,0,0,2019,June,Wednesday,8:19 AM,70,Divided Road,Straight road,Crest of Hill,Not Applicable,Sealed,Wet,Raining,Daylight,Rear End,1,Driver Rider,1: PDO,No Control,,,1332335.66,1681694.96,1.33E+13
2019-5790-27/05/2021,2 Metropolitan,SALISBURY EAST,5109,CITY OF SALISBURY,2,0,0,0,0,2019,June,Wednesday,8:15 AM,60,T-Junction,Straight road,Level,Not Applicable,Sealed,Wet,Raining,Daylight,Right Angle,2,Driver Rider,1: PDO,No Control,,,1333610.1,1685123.47,1.33E+13
2019-5791-27/05/2021,2 Metropolitan,CHRISTIE BEACH,5164,CITY OF ONKAPARINGA,2,0,0,0,0,2019,June,Wednesday,8:40 AM,60,Cross Road,"CURVED, VIEW OPEN",Level,Not Applicable,Sealed,Wet,Raining,Daylight,Rear End,1,Driver Rider,1: PDO,Roundabout,,,1317355.86,1648343.09,1.32E+13
2019-5792-27/05/2021,2 Metropolitan,HOPE VALLEY,5090,CITY OF TEA TREE GULLY,2,0,0,0,0,2019,June,Wednesday,8:00 AM,60,T-Junction,Straight road,Level,Not Applicable,Sealed,Wet,Raining,Daylight,Right Turn,2,Driver Rider,1: PDO,Traffic Signals,,,1337389.22,1678140.96,1.34E+13
2019-5793-27/05/2021,2 Metropolitan,MITCHELL PARK,5043,CC MARION.                    ,4,2,0,0,2,2019,June,Wednesday,8:07 AM,60,Divided Road,Straight road,Level,Not Applicable,Sealed,Wet,Raining,Daylight,Rear End,1,Driver Rider,2: MI,No Control,,,1324348.36,1662590.96,1.32E+13
2019-5794-27/05/2021,2 Metropolitan,SALISBURY PLAIN,5109,CITY OF SALISBURY,2,1,0,0,1,2019,June,Wednesday,6:15 AM,80,T-Junction,Straight road,Level,Not Applicable,Sealed,Wet,Raining,Night,Rear End,2,Driver Rider,2: MI,No Control,,,1334926.53,1687460.5,1.33E+13
2019-5795-27/05/2021,2 Metropolitan,STIRLING,5152,THE ADELAIDE HILLS COUNCIL,2,0,0,0,0,2019,June,Wednesday,7:49 AM,90,Freeway,"CURVED, VIEW OPEN",Level,Not Applicable,Sealed,Wet,Raining,Daylight,Rear End,2,Driver Rider,1: PDO,No Control,,,1338467.39,1662082.84,1.34E+13
2019-5796-27/05/2021,2 Metropolitan,MANNINGHAM,5086,CITY OF PORT ADELAIDE ENFIELD,2,1,0,0,1,2019,June,Wednesday,6:45 AM,60,T-Junction,"CURVED, VIEW OPEN",Level,Not Applicable,Sealed,Wet,Raining,Night,Rear End,2,Driver Rider,2: MI,Traffic Signals,,,1330468.73,1675456.59,1.33E+13
2019-5797-27/05/2021,2 Metropolitan,OAKDEN,5086,CITY OF PORT ADELAIDE ENFIELD,2,0,0,0,0,2019,June,Tuesday,9:37 PM,60,Divided Road,Straight road,Level,Not Applicable,Sealed,Dry,Not Raining,Night,Side Swipe,2,Passenger,1: PDO,No Control,,,1333589.51,1678310.51,1.33E+13
2019-5798-27/05/2021,2 Metropolitan,CAMPBELLTOWN,5074,CC CAMPBELLTOWN.              ,2,1,0,0,1,2019,June,Wednesday,10:00 AM,50,Not Divided,Straight road,Level,Driveway or Entrance,Sealed,Wet,Not Raining,Daylight,Hit Fixed Object,1,Driver Rider,2: MI,No Control,,,1333780.17,1675837.99,1.33E+13
2019-5799-27/05/2021,2 Metropolitan,HINDMARSH,5007,CITY OF CHARLES STURT,2,0,0,0,0,2019,June,Wednesday,6:15 AM,60,T-Junction,Straight road,Level,Not Applicable,Sealed,Wet,Raining,Night,Side Swipe,1,Driver Rider,1: PDO,No Control,,,1325786.35,1672873.96,1.33E+13
2019-5800-27/05/2021,3 Country,PORT WAKEFIELD,5550,WAKEFIELD REGIONAL COUNCIL,2,2,0,0,2,2019,June,Tuesday,3:40 PM,100,Not Divided,Straight road,Level,Not Applicable,Sealed,Dry,Not Raining,Daylight,Head On,1,Driver Rider,2: MI,No Control,,,1290036.15,1758712.12,1.29E+13
2019-5801-27/05/2021,2 Metropolitan,SALISBURY EAST,5109,CITY OF SALISBURY,2,1,0,0,1,2019,June,Wednesday,11:00 AM,60,Cross Road,Straight road,Level,Not Applicable,Sealed,Wet,Raining,Daylight,Rear End,1,Driver Rider,2: MI,Traffic Signals,,,1334182.03,1684642.83,1.33E+13
2019-5802-27/05/2021,3 Country,LEIGHTON,5417,REGIONAL COUNCIL OF GOYDER,2,0,0,0,0,2019,June,Wednesday,10:45 AM,100,Not Divided,Straight road,Level,Not Applicable,Unsealed,Wet,Not Raining,Daylight,Hit Fixed Object,1,Driver Rider,1: PDO,No Control,,,1345983.94,1808160.5,1.35E+13
2019-5803-27/05/2021,2 Metropolitan,BOLIVAR,5110,CITY OF SALISBURY,2,0,0,0,0,2019,June,Wednesday,7:15 AM,90,Divided Road,Straight road,Level,Not Applicable,Sealed,Wet,Raining,Night,Rear End,2,Driver Rider,1: PDO,No Control,,,1328159.41,1689917.82,1.33E+13
2019-5804-27/05/2021,3 Country,HINDMARSH VALLEY,5211,DC VICTOR HARBOR.             ,2,0,0,0,0,2019,June,Wednesday,10:25 AM,100,Not Divided,"CURVED, VIEW OBSCURED",Slope,Not Applicable,Sealed,Wet,Not Raining,Daylight,Hit Fixed Object,1,Driver Rider,1: PDO,No Control,,,1330422.77,1610467.84,1.33E+13
2019-5805-27/05/2021,2 Metropolitan,HAHNDORF,5245,DC MT.BARKER.                 ,2,0,0,0,0,2019,June,Friday,12:00 PM,40,Not Divided,Straight road,Level,Not Applicable,Sealed,Dry,Not Raining,Daylight,Hit Parked Vehicle,1,Driver Rider,1: PDO,No Control,,,1347480.31,1658089.15,1.35E+13
2019-5806-27/05/2021,3 Country,MOUNT GAMBIER,5290,CC MT.GAMBIER.                ,2,1,0,0,1,2019,June,Wednesday,2:05 PM,50,Cross Road,Straight road,Level,Not Applicable,Sealed,Wet,Not Raining,Daylight,Hit Pedestrian,2,Driver Rider,2: MI,Traffic Signals,,,1510387.79,1340065.2,1.51E+13
2019-5807-27/05/2021,2 Metropolitan,HOLDEN HILL,5088,CITY OF PORT ADELAIDE ENFIELD,2,1,0,0,1,2019,June,Wednesday,2:15 PM,60,Divided Road,Straight road,Level,Not Applicable,Sealed,Dry,Not Raining,Daylight,Rear End,2,Driver Rider,2: MI,No Control,,,1334544.5,1678460.48,1.33E+13
2019-5808-27/05/2021,2 Metropolitan,EYRE,5121,CITY OF PLAYFORD.,2,0,0,0,0,2019,June,Wednesday,3:22 PM,60,T-Junction,Straight road,Level,Not Applicable,Sealed,Dry,Not Raining,Daylight,Right Angle,1,Driver Rider,1: PDO,No Control,,,1334663,1696162.77,1.33E+13
2019-5809-27/05/2021,2 Metropolitan,CLOVELLY PARK,5042,CC MARION.                    ,2,0,0,0,0,2019,June,Wednesday,4:45 PM,60,T-Junction,Straight road,Level,Not Applicable,Sealed,Dry,Not Raining,Daylight,Side Swipe,2,Driver Rider,1: PDO,Traffic Signals,,,1325985.12,1662554.43,1.33E+13
2019-5810-27/05/2021,2 Metropolitan,BURTON,5110,CITY OF SALISBURY,2,0,0,0,0,2019,June,Wednesday,4:55 PM,70,T-Junction,Straight road,Level,Not Applicable,Sealed,Wet,Not Raining,Daylight,Rear End,2,Driver Rider,1: PDO,No Control,,,1329003.74,1691736.43,1.33E+13
2019-5811-27/05/2021,2 Metropolitan,CLARENCE GARDENS,5039,CC MITCHAM.                   ,3,0,0,0,0,2019,June,Wednesday,1:35 PM,60,Divided Road,Straight road,Level,Not Applicable,Sealed,Wet,Not Raining,Daylight,Rear End,1,Driver Rider,1: PDO,No Control,,,1325901.37,1665511.59,1.33E+13
2019-5812-27/05/2021,2 Metropolitan,WALKERVILLE,5081,WALKERVILLE TOWN COUNCIL,2,0,0,0,0,2019,June,Wednesday,7:41 AM,60,Divided Road,Straight road,Level,Not Applicable,Sealed,Wet,Raining,Daylight,Side Swipe,2,Driver Rider,1: PDO,No Control,,,1330115.58,1674889.75,1.33E+13
2019-5813-27/05/2021,2 Metropolitan,GEPPS CROSS,5094,CITY OF PORT ADELAIDE ENFIELD,2,0,0,0,0,2019,June,Wednesday,5:45 PM,60,Cross Road,Straight road,Level,Not Applicable,Sealed,Dry,Not Raining,Night,Right Turn,2,Driver Rider,1: PDO,Traffic Signals,,,1327996.81,1679245.21,1.33E+13
2019-5814-27/05/2021,2 Metropolitan,EDWARDSTOWN,5039,CC MARION.                    ,2,0,0,0,0,2019,June,Wednesday,3:05 PM,60,T-Junction,Straight road,Level,Driveway or Entrance,Sealed,Dry,Not Raining,Daylight,Rear End,2,Driver Rider,1: PDO,Traffic Signals,,,1325932.87,1664392.69,1.33E+13
2019-5815-27/05/2021,2 Metropolitan,PAYNEHAM,5070,"CC OF NORWOOD,PAYNEHAM & ST PETERS",5,1,0,0,1,2019,June,Wednesday,5:16 PM,60,Divided Road,Straight road,Level,Not Applicable,Sealed,Dry,Not Raining,Night,Side Swipe,2,Driver Rider,2: MI,No Control,,,1332188.23,1673689.51,1.33E+13
2019-5816-27/05/2021,1 City,NORTH ADELAIDE,5006,CITY OF ADELAIDE,3,1,0,0,1,2019,June,Thursday,6:50 AM,50,Divided Road,Straight road,Level,Not Applicable,Sealed,Dry,Not Raining,Night,Hit Pedestrian,2,Pedestrian,2: MI,No Control,,,1328168.29,1672995.57,1.33E+13
2019-5817-27/05/2021,3 Country,WAIKERIE,5330,LOXTON WAIKERIE DISTRICT COUNCIL,1,1,0,0,1,2019,June,Monday,4:30 PM,100,Not Divided,Straight road,Level,Not Applicable,Sealed,Dry,Not Raining,Daylight,Roll Over,1,Driver Rider,2: MI,No Control,,,1459469.63,1746935.66,1.46E+13
2019-5818-27/05/2021,2 Metropolitan,URRBRAE,5064,CC MITCHAM.                   ,2,0,0,0,0,2019,June,Thursday,8:40 AM,60,Cross Road,Straight road,Level,Not Applicable,Sealed,Dry,Not Raining,Daylight,Right Turn,1,Driver Rider,1: PDO,Traffic Signals,,,1330786.89,1665600.37,1.33E+13
2019-5819-27/05/2021,2 Metropolitan,HOVE,5048,CITY OF HOLDFAST BAY,2,1,0,0,1,2019,June,Thursday,9:10 AM,60,T-Junction,Straight road,Level,Not Applicable,Sealed,Dry,Not Raining,Daylight,Right Angle,2,Driver Rider,2: MI,No Control,,,1321113.29,1661715.04,1.32E+13
2019-5820-27/05/2021,2 Metropolitan,PROSPECT,5082,CITY OF PROSPECT,3,0,0,0,0,2019,June,Thursday,8:00 AM,40,Not Divided,Straight road,Level,Not Applicable,Sealed,Dry,Not Raining,Daylight,Hit Parked Vehicle,2,Driver Rider,1: PDO,No Control,,,1327158.11,1674504.02,1.33E+13
2019-5821-27/05/2021,2 Metropolitan,OLD REYNELLA,5161,CITY OF ONKAPARINGA,2,1,0,1,0,2019,June,Thursday,8:10 AM,50,Not Divided,Straight road,Slope,Not Applicable,Sealed,Dry,Not Raining,Daylight,Hit Pedestrian,2,Pedestrian,3: SI,No Control,,,1322214.17,1652072.11,1.32E+13
2019-5822-27/05/2021,3 Country,NORA CREINA,5276,DC ROBE.                      ,2,0,0,0,0,2019,June,Wednesday,5:45 PM,100,Not Divided,Straight road,Level,Not Applicable,Unsealed,Dry,Not Raining,Night,Hit Fixed Object,1,Driver Rider,1: PDO,No Control,,,1427703.97,1409009.52,1.43E+13
2019-5823-27/05/2021,1 City,ADELAIDE,5000,CITY OF ADELAIDE,2,1,0,0,1,2019,June,Thursday,10:00 AM,50,T-Junction,Straight road,Level,Not Applicable,Sealed,Dry,Not Raining,Daylight,Side Swipe,1,Driver Rider,2: MI,Traffic Signals,,,1328866.1,1671144.24,1.33E+13
2019-5824-27/05/2021,2 Metropolitan,STEPNEY,5069,"CC OF NORWOOD,PAYNEHAM & ST PETERS",2,1,0,0,1,2019,April,Monday,7:30 AM,60,Divided Road,Straight road,Level,Not Applicable,Sealed,Dry,Not Raining,Daylight,Rear End,2,Driver Rider,2: MI,No Control,,,1331061.28,1672331.3,1.33E+13
2019-5825-27/05/2021,2 Metropolitan,KINGSWOOD,5062,CC MITCHAM.                   ,2,1,0,0,1,2019,June,Thursday,8:48 AM,50,Cross Road,Straight road,Level,Not Applicable,Sealed,Dry,Not Raining,Daylight,Right Angle,2,Driver Rider,2: MI,Stop Sign,,,1329351.34,1665578.63,1.33E+13
2019-5826-27/05/2021,2 Metropolitan,MODBURY NORTH,5092,CITY OF TEA TREE GULLY,2,0,0,0,0,2019,June,Wednesday,10:20 AM,60,Not Divided,Straight road,Bottom of Hill,Not Applicable,Sealed,Dry,Not Raining,Daylight,Side Swipe,1,Driver Rider,1: PDO,No Control,,,1336017.6,1682346.58,1.34E+13
2019-5827-27/05/2021,3 Country,TINTINARA,5266,COORONG DISTRICT COUNCIL,2,1,0,0,1,2019,June,Wednesday,12:30 PM,110,Not Divided,Straight road,Level,Not Applicable,Sealed,Wet,Raining,Daylight,Head On,1,Driver Rider,2: MI,No Control,,,1458779.58,1556726.08,1.46E+13
2019-5828-27/05/2021,2 Metropolitan,ENFIELD,5085,CITY OF PORT ADELAIDE ENFIELD,3,0,0,0,0,2019,June,Thursday,11:05 AM,60,T-Junction,Straight road,Slope,Not Applicable,Sealed,Dry,Not Raining,Daylight,Rear End,1,Driver Rider,1: PDO,No Control,,,1328844.48,1677690.06,1.33E+13
2019-5829-27/05/2021,2 Metropolitan,GRANGE,5022,CITY OF CHARLES STURT,2,1,0,0,1,2019,June,Wednesday,3:30 PM,50,Cross Road,Straight road,Level,Not Applicable,Sealed,Dry,Not Raining,Daylight,Right Angle,2,Driver Rider,2: MI,Roundabout,,,1318670.04,1673285.31,1.32E+13
2019-5830-27/05/2021,2 Metropolitan,MOUNT BARKER,5251,DC MT.BARKER.                 ,2,0,0,0,0,2019,June,Thursday,11:15 AM,50,Cross Road,Straight road,Level,Not Applicable,Sealed,Wet,Raining,Daylight,Hit Pedestrian,2,Pedestrian,1: PDO,Roundabout,,,1351832.64,1654339.89,1.35E+13
2019-5831-27/05/2021,2 Metropolitan,PROSPECT,5082,CITY OF PROSPECT,2,0,0,0,0,2019,June,Wednesday,3:20 PM,60,Divided Road,Straight road,Level,Not Applicable,Sealed,Wet,Not Raining,Daylight,Rear End,1,Driver Rider,1: PDO,No Control,,,1327329.9,1676394.93,1.33E+13
2019-5832-27/05/2021,2 Metropolitan,BELAIR,5052,CC MITCHAM.                   ,2,0,0,0,0,2019,June,Wednesday,7:00 PM,50,T-Junction,Straight road,Level,Not Applicable,Sealed,Wet,Not Raining,Night,Right Angle,2,Driver Rider,1: PDO,Roundabout,,,1329726.38,1662044.12,1.33E+13
2019-5833-27/05/2021,2 Metropolitan,SAMPSON FLAT,5114,CITY OF PLAYFORD.,2,0,0,0,0,2019,June,Thursday,12:30 PM,80,Not Divided,Straight road,Slope,Not Applicable,Sealed,Dry,Not Raining,Daylight,Hit Fixed Object,1,Driver Rider,1: PDO,No Control,,,1346255.48,1693242.89,1.35E+13
2019-5834-27/05/2021,2 Metropolitan,TORRENS PARK,5062,CC MITCHAM.                   ,2,0,0,0,0,2019,June,Thursday,1:40 PM,60,T-Junction,Straight road,Level,Not Applicable,Sealed,Dry,Not Raining,Daylight,Head On,2,Driver Rider,1: PDO,Traffic Signals,,,1329163.75,1665286.3,1.33E+13
2019-5835-27/05/2021,2 Metropolitan,KENSINGTON GARDENS,5068,CITY OF BURNSIDE,2,0,0,0,0,2019,June,Wednesday,4:30 PM,50,Cross Road,Straight road,Level,Not Applicable,Sealed,Dry,Not Raining,Daylight,Right Angle,2,Driver Rider,1: PDO,Give Way Sign,,,1334023.61,1671517.97,1.33E+13
2019-5836-27/05/2021,2 Metropolitan,GOLDEN GROVE,5125,CITY OF TEA TREE GULLY,2,2,0,0,2,2019,June,Thursday,1:50 PM,60,T-Junction,Straight road,Level,Not Applicable,Sealed,Dry,Not Raining,Daylight,Right Turn,1,Driver Rider,2: MI,Traffic Signals,,,1337574.11,1685175.27,1.34E+13
2019-5837-27/05/2021,2 Metropolitan,HINDMARSH,5007,CITY OF CHARLES STURT,3,0,0,0,0,2019,June,Wednesday,6:30 AM,60,Cross Road,Straight road,Level,Not Applicable,Sealed,Wet,Not Raining,Night,Rear End,1,Driver Rider,1: PDO,Traffic Signals,,,1326468.95,1672639.58,1.33E+13
2019-5838-27/05/2021,2 Metropolitan,PAYNEHAM,5070,"CC OF NORWOOD,PAYNEHAM & ST PETERS",2,0,0,0,0,2019,June,Thursday,2:30 PM,50,Cross Road,Straight road,Level,Not Applicable,Sealed,Dry,Not Raining,Daylight,Right Angle,1,Driver Rider,1: PDO,Stop Sign,,,1332468.84,1673209.9,1.33E+13
2019-5839-27/05/2021,2 Metropolitan,TRANMERE,5073,CC CAMPBELLTOWN.              ,3,1,0,0,1,2019,June,Thursday,12:20 PM,60,Not Divided,Straight road,Level,Not Applicable,Sealed,Dry,Not Raining,Daylight,Hit Parked Vehicle,1,Driver Rider,2: MI,No Control,Y,,1334661.18,1671825.9,1.33E+13
2019-5840-27/05/2021,2 Metropolitan,WOODVILLE SOUTH,5011,CITY OF CHARLES STURT,3,1,0,0,1,2019,June,Thursday,2:54 PM,50,Divided Road,Straight road,Level,Driveway or Entrance,Sealed,Dry,Not Raining,Daylight,Hit Pedestrian,1,Driver Rider,2: MI,No Control,,,1322571.16,1675605.9,1.32E+13
2019-5841-27/05/2021,2 Metropolitan,RIDGEHAVEN,5097,CITY OF TEA TREE GULLY,2,2,0,1,1,2019,June,Thursday,3:09 PM,60,Divided Road,"CURVED, VIEW OPEN",Level,Not Applicable,Sealed,Dry,Not Raining,Daylight,Head On,1,Driver Rider,3: SI,No Control,,,1338535.65,1681269.85,1.34E+13
2019-5842-27/05/2021,2 Metropolitan,MODBURY,5092,CITY OF TEA TREE GULLY,2,1,0,0,1,2019,June,Thursday,2:55 PM,60,Cross Road,"CURVED, VIEW OPEN",Level,Not Applicable,Sealed,Dry,Not Raining,Daylight,Rear End,2,Driver Rider,2: MI,Traffic Signals,,,1336395.9,1680602.76,1.34E+13
2019-5843-27/05/2021,2 Metropolitan,EDWARDSTOWN,5039,CC MITCHAM.                   ,3,1,0,0,1,2019,June,Thursday,1:00 PM,60,Divided Road,Straight road,Level,Not Applicable,Sealed,Dry,Not Raining,Daylight,Rear End,1,Driver Rider,2: MI,No Control,,,1325894.3,1665744.19,1.33E+13
2019-5844-27/05/2021,2 Metropolitan,WEST LAKES SHORE,5020,CITY OF CHARLES STURT,2,0,0,0,0,2019,June,Thursday,3:56 PM,60,T-Junction,Straight road,Level,Not Applicable,Sealed,Dry,Not Raining,Daylight,Rear End,2,Driver Rider,1: PDO,No Control,,,1318088.39,1677272.78,1.32E+13
2019-5845-27/05/2021,2 Metropolitan,PENFIELD,5121,CITY OF PLAYFORD.,2,0,0,0,0,2019,June,Thursday,3:33 PM,80,Multiple,"CURVED, VIEW OPEN",Level,Not Applicable,Sealed,Dry,Not Raining,Daylight,Side Swipe,2,Driver Rider,1: PDO,Roundabout,,,1331401.54,1697660.52,1.33E+13
2019-5846-27/05/2021,2 Metropolitan,MITCHELL PARK,5043,CC MARION.                    ,3,0,0,0,0,2019,June,Thursday,3:30 PM,60,T-Junction,Straight road,Level,Not Applicable,Sealed,Dry,Not Raining,Daylight,Rear End,1,Driver Rider,1: PDO,No Control,,,1324357.48,1662514.75,1.32E+13
2019-5847-27/05/2021,3 Country,BARMERA,5345,THE BERRI BARMERA COUNCIL,2,0,0,0,0,2019,June,Thursday,4:20 PM,50,Cross Road,"CURVED, VIEW OPEN",Level,Not Applicable,Sealed,Dry,Not Raining,Daylight,Right Angle,2,Driver Rider,1: PDO,Roundabout,,,1502336.01,1738042.78,1.50E+13
2019-5848-27/05/2021,2 Metropolitan,PLYMPTON,5038,CITY OF WEST TORRENS,3,1,0,0,1,2019,June,Thursday,3:15 PM,60,Cross Road,Straight road,Level,Not Applicable,Sealed,Dry,Not Raining,Daylight,Rear End,1,Driver Rider,2: MI,Traffic Signals,,,1324236.71,1666587.41,1.32E+13