REPORT_ID,Stats Area,Suburb,Postcode,LGA Name,Total Units,Total Cas,Total Fats,Total SI,Total MI,Year,Month,Day,Time,Area Speed,Position Type,Horizontal Align,Vertical Align,Other Feat,Road Surface,Moisture Cond,Weather Cond,DayNight,Crash Type,Unit Resp,Entity Code,CSEF Severity,Traffic Ctrls,DUI Involved,Drugs Involved,ACCLOC_X,ACCLOC_Y,UNIQUE_LOC
2019-6014-27/05/2021,2 Metropolitan,MARION,5043,CC MARION.                    ,2,0,0,0,0,2019,June,Tuesday,9:30 AM,60,T-Junction,Straight road,Level,Not Applicable,Sealed,Dry,Not Raining,Daylight,Right Turn,1,Driver Rider,1: PDO,Traffic Signals,,,1324366.05,1661874.49,1.32E+13
2019-6015-27/05/2021,2 Metropolitan,SEFTON PARK,5083,CITY OF PORT ADELAIDE ENFIELD,2,0,0,0,0,2019,June,Tuesday,9:55 AM,60,T-Junction,Straight road,Level,Not Applicable,Sealed,Dry,Not Raining,Daylight,Right Turn,1,Driver Rider,1: PDO,No Control,,,1329030.84,1676437.2,1.33E+13
2019-6016-27/05/2021,2 Metropolitan,GLEN OSMOND,5064,CITY OF BURNSIDE,2,0,0,0,0,2019,June,Monday,6:45 PM,60,T-Junction,Straight road,Slope,Not Applicable,Sealed,Wet,Not Raining,Night,Rear End,1,Driver Rider,1: PDO,Stop Sign,,,1332393.5,1666599.34,1.33E+13
2019-6017-27/05/2021,2 Metropolitan,ROSTREVOR,5073,CC CAMPBELLTOWN.              ,3,0,0,0,0,2019,June,Tuesday,8:30 AM,60,Cross Road,Straight road,Level,Not Applicable,Sealed,Dry,Not Raining,Daylight,Rear End,1,Driver Rider,1: PDO,Stop Sign,,,1335434.51,1673666.54,1.34E+13
2019-6018-27/05/2021,2 Metropolitan,PARADISE,5075,CC CAMPBELLTOWN.              ,2,1,0,0,1,2019,June,Tuesday,6:15 AM,60,Divided Road,Straight road,Bottom of Hill,Not Applicable,Sealed,Dry,Not Raining,Night,Rear End,2,Driver Rider,2: MI,No Control,,,1334430.27,1677025.37,1.33E+13
2019-6019-27/05/2021,2 Metropolitan,TRANMERE,5073,CC CAMPBELLTOWN.              ,2,0,0,0,0,2019,June,Tuesday,10:00 AM,60,Not Divided,Straight road,Level,Not Applicable,Sealed,Dry,Not Raining,Daylight,Hit Parked Vehicle,2,Driver Rider,1: PDO,No Control,,,1334043.24,1671809.69,1.33E+13
2019-6020-27/05/2021,2 Metropolitan,GLENELG,5045,CITY OF HOLDFAST BAY,2,0,0,0,0,2019,June,Tuesday,10:50 AM,60,Divided Road,Straight road,Level,Driveway or Entrance,Sealed,Dry,Not Raining,Daylight,Rear End,2,Driver Rider,1: PDO,No Control,,,1321035.83,1664485.25,1.32E+13
2019-6021-27/05/2021,2 Metropolitan,EDWARDSTOWN,5039,CC MARION.                    ,2,0,0,0,0,2019,June,Monday,9:08 AM,50,Not Divided,Straight road,Level,Not Applicable,Sealed,Dry,Not Raining,Daylight,Hit Parked Vehicle,2,Driver Rider,1: PDO,No Control,,,1325641.9,1664276.48,1.33E+13
2019-6022-27/05/2021,2 Metropolitan,SALISBURY SOUTH,5106,CITY OF SALISBURY,2,1,0,0,1,2019,June,Monday,4:30 PM,70,T-Junction,Straight road,Level,Not Applicable,Sealed,Dry,Not Raining,Daylight,Rear End,2,Driver Rider,2: MI,No Control,,,1332651.83,1685882.34,1.33E+13
2019-6023-27/05/2021,2 Metropolitan,HIGHBURY,5089,CITY OF TEA TREE GULLY,2,1,0,0,1,2019,January,Monday,10:40 AM,50,Not Divided,Straight road,Level,Not Applicable,Sealed,Dry,Not Raining,Daylight,Side Swipe,2,Driver Rider,2: MI,No Control,,,1337570.12,1678814.65,1.34E+13
2019-6024-27/05/2021,2 Metropolitan,UNLEY,5061,CITY OF UNLEY,2,0,0,0,0,2019,June,Tuesday,9:30 AM,50,Divided Road,Straight road,Level,Not Applicable,Sealed,Dry,Not Raining,Daylight,Side Swipe,1,Driver Rider,1: PDO,No Control,,,1328456.02,1668852.22,1.33E+13
2019-6025-27/05/2021,3 Country,QUORN,5433,THE FLINDERS RANGES COUNCIL.,1,0,0,0,0,2019,June,Monday,5:05 PM,110,Not Divided,"CURVED, VIEW OBSCURED",Slope,Not Applicable,Sealed,Dry,Not Raining,Daylight,Roll Over,1,Driver Rider,1: PDO,No Control,,,1287691.12,1958674.96,1.29E+13
2019-6026-27/05/2021,3 Country,KORUNYE,5502,DC MALLALA.                   ,1,1,0,0,1,2019,June,Tuesday,10:25 AM,100,Not Divided,Straight road,Level,Not Applicable,Sealed,Dry,Not Raining,Daylight,Left Road - Out of Control,1,Driver Rider,2: MI,No Control,,,1321825.21,1712739.62,1.32E+13
2019-6027-27/05/2021,2 Metropolitan,PENFIELD,5121,CITY OF PLAYFORD.,2,0,0,0,0,2019,June,Tuesday,12:05 PM,110,Divided Road,Straight road,Slope,"Bridge, Culvert, Causeway",Sealed,Dry,Not Raining,Daylight,Rear End,2,Driver Rider,1: PDO,No Control,,Y,1329582.65,1697463.6,1.33E+13
2019-6028-27/05/2021,2 Metropolitan,CUDLEE CREEK,5232,THE ADELAIDE HILLS COUNCIL,2,0,0,0,0,2019,June,Monday,6:30 AM,80,Not Divided,Straight road,Level,Not Applicable,Sealed,Dry,Not Raining,Night,Hit Animal,2,Animal,1: PDO,No Control,,,1351550.71,1680172.61,1.35E+13
2019-6029-27/05/2021,2 Metropolitan,WEST BEACH,5024,CITY OF WEST TORRENS,2,0,0,0,0,2019,June,Tuesday,12:15 PM,60,Not Divided,Straight road,Level,Driveway or Entrance,Sealed,Dry,Not Raining,Daylight,Right Angle,2,Driver Rider,1: PDO,No Control,,,1320354.45,1669870.69,1.32E+13
2019-6030-27/05/2021,1 City,ADELAIDE,5000,CITY OF ADELAIDE,2,1,0,0,1,2019,June,Monday,5:20 PM,60,Divided Road,Straight road,Level,Not Applicable,Sealed,Dry,Not Raining,Night,Side Swipe,2,Driver Rider,2: MI,No Control,,,1327004.57,1669051.94,1.33E+13
2019-6031-27/05/2021,2 Metropolitan,REGENCY PARK,5008,CITY OF PORT ADELAIDE ENFIELD,2,0,0,0,0,2019,June,Tuesday,1:40 PM,60,Cross Road,Straight road,Level,Not Applicable,Sealed,Dry,Not Raining,Daylight,Rear End,2,Driver Rider,1: PDO,Traffic Signals,,,1326053.17,1676365.57,1.33E+13
2019-6032-27/05/2021,1 City,ADELAIDE,5000,CITY OF ADELAIDE,2,1,0,0,1,2019,June,Tuesday,2:00 PM,50,Not Divided,Straight road,Level,Not Applicable,Sealed,Dry,Not Raining,Daylight,Rear End,1,Driver Rider,2: MI,No Control,,,1327584.36,1670955.31,1.33E+13
2019-6033-27/05/2021,2 Metropolitan,MEDINDIE,5081,WALKERVILLE TOWN COUNCIL,2,0,0,0,0,2019,June,Tuesday,2:01 PM,60,Divided Road,Straight road,Level,Not Applicable,Sealed,Dry,Not Raining,Daylight,Side Swipe,1,Driver Rider,1: PDO,No Control,,,1328841.18,1674145.87,1.33E+13
2019-6034-27/05/2021,3 Country,PINE POINT,5571,YORKE PENINSULA COUNCIL,1,1,0,0,1,2019,June,Tuesday,7:30 AM,100,Not Divided,"CURVED, VIEW OBSCURED",Crest of Hill,Not Applicable,Sealed,Wet,Not Raining,Daylight,Roll Over,1,Other,2: MI,No Control,,,1263662.13,1714505.07,1.26E+13
2019-6035-27/05/2021,1 City,NORTH ADELAIDE,5006,CITY OF ADELAIDE,2,1,0,0,1,2019,June,Tuesday,10:15 AM,50,Divided Road,Straight road,Level,Median Opening (not at I/S),Sealed,Dry,Not Raining,Daylight,Side Swipe,1,Driver Rider,2: MI,No Control,,,1328107.23,1673238.08,1.33E+13
2019-6036-27/05/2021,3 Country,UMUWA,872,,1,2,0,0,2,2019,June,Tuesday,1:30 PM,100,Not Divided,"CURVED, VIEW OPEN",Slope,Not Applicable,Unsealed,Dry,Not Raining,Daylight,Roll Over,1,Driver Rider,2: MI,No Control,,,701579.93,2605341.6,7.02E+12
2019-6037-27/05/2021,2 Metropolitan,ELIZABETH SOUTH,5112,CITY OF PLAYFORD.,2,0,0,0,0,2019,June,Tuesday,3:55 PM,60,T-Junction,Straight road,Level,Not Applicable,Sealed,Dry,Not Raining,Daylight,Right Angle,1,Driver Rider,1: PDO,No Control,,,1334383.29,1691378.99,1.33E+13
2019-6038-27/05/2021,2 Metropolitan,HENLEY BEACH,5022,CITY OF CHARLES STURT,2,0,0,0,0,2019,June,Tuesday,4:15 PM,50,T-Junction,Straight road,Level,Not Applicable,Sealed,Dry,Not Raining,Daylight,Right Angle,2,Driver Rider,1: PDO,Give Way Sign,,,1319344.55,1673033.81,1.32E+13
2019-6039-27/05/2021,2 Metropolitan,SEFTON PARK,5083,CITY OF PROSPECT,4,0,0,0,0,2019,June,Tuesday,4:20 PM,60,Divided Road,Straight road,Level,Not Applicable,Sealed,Dry,Not Raining,Daylight,Rear End,1,Driver Rider,1: PDO,No Control,,,1328874.68,1676049.83,1.33E+13
2019-6040-27/05/2021,2 Metropolitan,REGENCY PARK,5010,CITY OF PORT ADELAIDE ENFIELD,2,0,0,0,0,2019,June,Tuesday,8:35 AM,60,T-Junction,Straight road,Level,Not Applicable,Sealed,Dry,Not Raining,Daylight,Side Swipe,2,Driver Rider,1: PDO,Traffic Signals,,,1326449.52,1676375.13,1.33E+13
2019-6041-27/05/2021,2 Metropolitan,BRAHMA LODGE,5109,CITY OF SALISBURY,3,1,0,0,1,2019,June,Tuesday,4:45 PM,60,T-Junction,Straight road,Level,Not Applicable,Sealed,Dry,Not Raining,Daylight,Right Turn,1,Driver Rider,2: MI,No Control,,,1333796.55,1686444.03,1.33E+13
2019-6042-27/05/2021,2 Metropolitan,REGENCY PARK,5010,CITY OF PORT ADELAIDE ENFIELD,2,0,0,0,0,2019,June,Wednesday,9:00 AM,50,Not Divided,Straight road,Level,Not Applicable,Unsealed,Dry,Not Raining,Daylight,Hit Parked Vehicle,2,Driver Rider,1: PDO,No Control,,,1325969.22,1678487.12,1.33E+13
2019-6043-27/05/2021,2 Metropolitan,OTTOWAY,5013,CITY OF PORT ADELAIDE ENFIELD,3,0,0,0,0,2019,June,Tuesday,5:10 PM,60,Cross Road,Straight road,Level,Not Applicable,Sealed,Dry,Not Raining,Daylight,Right Angle,2,Driver Rider,1: PDO,Stop Sign,,,1322902.28,1679362.03,1.32E+13
2019-6044-27/05/2021,2 Metropolitan,GEPPS CROSS,5094,CITY OF PORT ADELAIDE ENFIELD,2,0,0,0,0,2019,June,Tuesday,5:51 PM,70,Divided Road,Straight road,Level,Not Applicable,Sealed,Dry,Not Raining,Night,Rear End,1,Driver Rider,1: PDO,No Control,,,1329230.44,1679901.48,1.33E+13
2019-6045-27/05/2021,2 Metropolitan,CLOVELLY PARK,5042,CC MARION.                    ,3,0,0,0,0,2019,June,Tuesday,6:07 PM,60,Divided Road,Straight road,Level,Not Applicable,Sealed,Dry,Not Raining,Night,Rear End,1,Driver Rider,1: PDO,No Control,,,1325910.13,1663316.29,1.33E+13
2019-6046-27/05/2021,2 Metropolitan,INGLE FARM,5098,CITY OF SALISBURY,2,1,0,0,1,2019,June,Tuesday,6:49 PM,60,T-Junction,Straight road,Level,Not Applicable,Sealed,Dry,Not Raining,Night,Right Angle,1,Driver Rider,2: MI,Traffic Signals,,,1333676.11,1681209.82,1.33E+13
2019-6047-27/05/2021,1 City,NORTH ADELAIDE,5006,CITY OF ADELAIDE,2,1,0,1,0,2019,June,Tuesday,6:40 PM,50,Not Divided,Straight road,Level,Not Applicable,Sealed,Dry,Not Raining,Night,Hit Pedestrian,2,Pedestrian,3: SI,No Control,Y,,1328939.85,1672536.13,1.33E+13
2019-6048-27/05/2021,2 Metropolitan,ELIZABETH VALE,5112,CITY OF PLAYFORD.,2,0,0,0,0,2019,June,Tuesday,10:30 AM,50,Not Divided,Straight road,Level,Not Applicable,Sealed,Dry,Not Raining,Daylight,Side Swipe,2,Driver Rider,1: PDO,No Control,,,1334964.83,1690137.05,1.33E+13
2019-6049-27/05/2021,2 Metropolitan,SALISBURY SOUTH,5106,CITY OF SALISBURY,2,0,0,0,0,2019,June,Tuesday,7:33 PM,50,Not Divided,Straight road,Level,Not Applicable,Sealed,Dry,Not Raining,Night,Rear End,2,Driver Rider,1: PDO,No Control,,,1332866.6,1686361.78,1.33E+13
2019-6050-27/05/2021,2 Metropolitan,GLANDORE,5037,CITY OF WEST TORRENS,2,1,0,1,0,2019,June,Tuesday,9:34 PM,50,Not Divided,Straight road,Level,Not Applicable,Sealed,Dry,Not Raining,Night,Hit Fixed Object,1,Driver Rider,3: SI,No Control,Y,,1325603.16,1667011.31,1.33E+13
2019-6051-27/05/2021,2 Metropolitan,EDWARDSTOWN,5039,CC MARION.                    ,2,0,0,0,0,2019,June,Wednesday,7:00 AM,60,Divided Road,Straight road,Level,Not Applicable,Sealed,Dry,Not Raining,Night,Rear End,1,Driver Rider,1: PDO,No Control,,,1325883.53,1665807.89,1.33E+13
2019-6052-27/05/2021,2 Metropolitan,SALISBURY NORTH,5108,CITY OF SALISBURY,2,0,0,0,0,2019,June,Wednesday,7:20 AM,50,T-Junction,Straight road,Level,Not Applicable,Sealed,Wet,Not Raining,Night,Hit Fixed Object,1,Driver Rider,1: PDO,No Control,,,1331724.75,1690931.95,1.33E+13
2019-6053-27/05/2021,2 Metropolitan,CROYDON PARK,5008,CITY OF PORT ADELAIDE ENFIELD,2,0,0,0,0,2019,June,Monday,10:00 PM,50,Not Divided,Straight road,Level,Not Applicable,Sealed,Wet,Not Raining,Night,Hit Fixed Object,1,Driver Rider,1: PDO,No Control,,,1325887.89,1675695.59,1.33E+13
2019-6054-27/05/2021,2 Metropolitan,PLYMPTON,5038,CITY OF WEST TORRENS,2,1,0,0,1,2019,June,Monday,8:40 AM,60,Cross Road,Straight road,Level,Not Applicable,Sealed,Dry,Not Raining,Daylight,Rear End,2,Driver Rider,2: MI,Traffic Signals,,,1324227.3,1666580.54,1.32E+13
2019-6055-27/05/2021,3 Country,SANDILANDS,5571,YORKE PENINSULA COUNCIL,2,5,0,0,5,2019,June,Wednesday,7:10 AM,100,Cross Road,Straight road,Level,Not Applicable,Unsealed,Dry,Not Raining,Night,Right Angle,2,Driver Rider,2: MI,Give Way Sign,,,1259968.22,1722056.62,1.26E+13
2019-6056-27/05/2021,1 City,NORTH ADELAIDE,5006,CITY OF ADELAIDE,2,1,0,0,1,2019,June,Tuesday,9:45 AM,50,Not Divided,Straight road,Slope,Not Applicable,Sealed,Wet,Not Raining,Daylight,Hit Fixed Object,1,Driver Rider,2: MI,No Control,,,1328573.76,1672558.18,1.33E+13
2019-6057-27/05/2021,3 Country,BRAY,5276,DC ROBE.                      ,2,0,0,0,0,2019,June,Tuesday,7:30 PM,100,Not Divided,Straight road,Level,Not Applicable,Sealed,Wet,Not Raining,Night,Hit Animal,2,Animal,1: PDO,No Control,,,1439661.35,1406228.35,1.44E+13
2019-6058-27/05/2021,2 Metropolitan,EASTWOOD,5063,CITY OF BURNSIDE,2,0,0,0,0,2019,June,Tuesday,1:20 PM,60,T-Junction,Straight road,Level,Not Applicable,Sealed,Dry,Not Raining,Daylight,Hit Parked Vehicle,2,Driver Rider,1: PDO,No Control,,,1330077.94,1668820.43,1.33E+13
2019-6059-27/05/2021,3 Country,WONUARRA,5340,DC RENMARK PARINGA            ,1,1,0,0,1,2019,June,Thursday,2:20 PM,100,Not Divided,Straight road,Level,Not Applicable,Sealed,Dry,Not Raining,Daylight,Left Road - Out of Control,1,Driver Rider,2: MI,No Control,,,1535570.25,1744147.14,1.54E+13
2019-6060-27/05/2021,2 Metropolitan,KILBURN,5084,CITY OF PORT ADELAIDE ENFIELD,2,0,0,0,0,2019,June,Wednesday,9:00 AM,50,Not Divided,Straight road,Level,Not Applicable,Sealed,Dry,Not Raining,Daylight,Side Swipe,1,Driver Rider,1: PDO,No Control,,,1327592.83,1677624.51,1.33E+13
2019-6061-27/05/2021,2 Metropolitan,PROSPECT,5082,CITY OF PROSPECT,2,2,0,1,1,2019,June,Wednesday,10:40 AM,60,T-Junction,Straight road,Level,Not Applicable,Sealed,Dry,Not Raining,Daylight,Right Angle,2,Driver Rider,3: SI,No Control,,,1328845.4,1674163.5,1.33E+13
2019-6062-27/05/2021,2 Metropolitan,MAWSON LAKES,5095,CITY OF SALISBURY,2,0,0,0,0,2019,June,Wednesday,9:45 AM,50,Not Divided,"CURVED, VIEW OPEN",Level,Not Applicable,Sealed,Dry,Not Raining,Daylight,Hit Fixed Object,1,Driver Rider,1: PDO,No Control,,,1330568.86,1682535.81,1.33E+13
2019-6063-27/05/2021,3 Country,PARAWA,5203,DC YANKALILLA.                ,2,1,0,0,1,2019,June,Wednesday,8:00 AM,100,Not Divided,"CURVED, VIEW OPEN",Level,Not Applicable,Unsealed,Wet,Not Raining,Daylight,Hit Pedestrian,2,Pedestrian,2: MI,No Control,,,1306528.89,1597853.56,1.31E+13
2019-6064-27/05/2021,2 Metropolitan,MAWSON LAKES,5095,CITY OF SALISBURY,2,0,0,0,0,2019,June,Wednesday,8:30 AM,70,Divided Road,Straight road,Level,Not Applicable,Sealed,Dry,Not Raining,Daylight,Side Swipe,2,Driver Rider,1: PDO,No Control,,,1330596.45,1681984.39,1.33E+13
2019-6065-27/05/2021,2 Metropolitan,SALISBURY EAST,5109,CITY OF SALISBURY,2,0,0,0,0,2019,June,Wednesday,11:30 AM,60,Cross Road,Straight road,Level,Not Applicable,Sealed,Dry,Not Raining,Daylight,Right Turn,1,Driver Rider,1: PDO,Traffic Signals,,,1335641.47,1686469.85,1.34E+13
2019-6066-27/05/2021,3 Country,EDILLILIE,5630,DC LOWER EYRE PENINSULA       ,3,0,0,0,0,2019,June,Tuesday,2:50 PM,110,Not Divided,Straight road,Level,Not Applicable,Sealed,Dry,Not Raining,Daylight,Side Swipe,1,Driver Rider,1: PDO,No Control,,,1064447.65,1731144.87,1.06E+13
2019-6067-27/05/2021,2 Metropolitan,GLENGOWRIE,5044,CC MARION.                    ,2,0,0,0,0,2019,June,Wednesday,9:00 AM,50,Not Divided,Straight road,Level,Driveway or Entrance,Sealed,Dry,Not Raining,Daylight,Right Angle,2,Driver Rider,1: PDO,No Control,,,1322610.45,1664458.55,1.32E+13
2019-6068-27/05/2021,2 Metropolitan,TEA TREE GULLY,5091,CITY OF TEA TREE GULLY,3,3,0,2,1,2019,June,Wednesday,1:15 PM,80,Not Divided,"CURVED, VIEW OBSCURED",Slope,Not Applicable,Sealed,Dry,Not Raining,Daylight,Hit Fixed Object,1,Driver Rider,3: SI,No Control,,,1341897.34,1681455.15,1.34E+13
2019-6069-27/05/2021,2 Metropolitan,HALLETT COVE,5158,CC MARION.                    ,4,0,0,0,0,2019,June,Wednesday,1:43 PM,80,T-Junction,Straight road,Level,Not Applicable,Sealed,Dry,Not Raining,Daylight,Rear End,1,Driver Rider,1: PDO,Traffic Signals,,,1320537.37,1654084.41,1.32E+13
2019-6070-27/05/2021,2 Metropolitan,SALISBURY EAST,5109,CITY OF SALISBURY,2,0,0,0,0,2019,June,Wednesday,1:55 PM,60,T-Junction,Straight road,Level,Not Applicable,Sealed,Dry,Not Raining,Daylight,Right Angle,2,Driver Rider,1: PDO,No Control,,,1335500.12,1686315.46,1.34E+13
2019-6071-27/05/2021,3 Country,LOXTON,5333,LOXTON WAIKERIE DISTRICT COUNCIL,2,0,0,0,0,2019,June,Wednesday,7:30 AM,60,T-Junction,Straight road,Level,Not Applicable,Sealed,Dry,Not Raining,Daylight,Right Angle,2,Driver Rider,1: PDO,Give Way Sign,,,1510772.47,1715326.45,1.51E+13
2019-6072-27/05/2021,2 Metropolitan,MOUNT BARKER,5251,DC MT.BARKER.                 ,2,0,0,0,0,2019,June,Wednesday,1:30 PM,80,Not Divided,Straight road,Bottom of Hill,Not Applicable,Unsealed,Dry,Not Raining,Daylight,Hit Fixed Object,1,Driver Rider,1: PDO,No Control,,,1351519.75,1654736.85,1.35E+13
2019-6073-27/05/2021,2 Metropolitan,KENT TOWN,5067,"CC OF NORWOOD,PAYNEHAM & ST PETERS",2,0,0,0,0,2019,June,Wednesday,8:30 AM,60,Divided Road,Straight road,Level,Not Applicable,Sealed,Dry,Not Raining,Daylight,Side Swipe,1,Driver Rider,1: PDO,No Control,,,1330593.46,1670386.53,1.33E+13
2019-6074-27/05/2021,2 Metropolitan,PROSPECT,5082,CITY OF PROSPECT,2,1,0,0,1,2019,June,Wednesday,11:45 AM,60,T-Junction,Straight road,Level,Not Applicable,Sealed,Dry,Not Raining,Daylight,Rear End,2,Driver Rider,2: MI,No Control,,,1327238,1676552.01,1.33E+13
2019-6075-27/05/2021,2 Metropolitan,DRY CREEK,5094,CITY OF PORT ADELAIDE ENFIELD,2,0,0,0,0,2019,May,Wednesday,10:00 PM,90,Divided Road,Straight road,Level,Roadworks,Sealed,Dry,Not Raining,Night,Rear End,1,Driver Rider,1: PDO,No Control,,,1325977.43,1681087.55,1.33E+13
2019-6076-27/05/2021,2 Metropolitan,MUNNO PARA,5115,CITY OF PLAYFORD.,2,1,0,0,1,2019,June,Wednesday,2:39 PM,60,Cross Road,Straight road,Level,Not Applicable,Sealed,Dry,Not Raining,Daylight,Rear End,2,Driver Rider,2: MI,Traffic Signals,,,1336684.28,1698535.93,1.34E+13
2019-6077-27/05/2021,2 Metropolitan,MORPHETT VALE,5162,CITY OF ONKAPARINGA,2,0,0,0,0,2019,June,Wednesday,11:00 AM,60,Not Divided,Straight road,Level,Driveway or Entrance,Sealed,Dry,Not Raining,Daylight,Right Angle,1,Driver Rider,1: PDO,No Control,,,1322356.34,1648738.72,1.32E+13
2019-6078-27/05/2021,2 Metropolitan,GLYNDE,5070,"CC OF NORWOOD,PAYNEHAM & ST PETERS",2,0,0,0,0,2019,June,Tuesday,5:03 PM,60,Divided Road,Straight road,Level,Not Applicable,Sealed,Dry,Not Raining,Daylight,Rear End,1,Driver Rider,1: PDO,No Control,,,1333661.36,1674471.05,1.33E+13
2019-6079-27/05/2021,2 Metropolitan,ELIZABETH SOUTH,5112,CITY OF PLAYFORD.,2,0,0,0,0,2019,June,Wednesday,4:30 PM,60,Cross Road,Straight road,Level,Not Applicable,Sealed,Dry,Not Raining,Daylight,Right Turn,1,Driver Rider,1: PDO,Traffic Signals,,,1334852.25,1691772.94,1.33E+13
2019-6080-27/05/2021,2 Metropolitan,CAVAN,5094,CITY OF SALISBURY,3,0,0,0,0,2019,June,Wednesday,4:42 PM,80,Divided Road,Straight road,Level,Not Applicable,Sealed,Dry,Not Raining,Daylight,Rear End,1,Driver Rider,1: PDO,No Control,,,1328713.47,1681803.61,1.33E+13
2019-6081-27/05/2021,2 Metropolitan,OVINGHAM,5082,CITY OF PROSPECT,2,0,0,0,0,2019,June,Tuesday,3:40 PM,60,Cross Road,Straight road,Level,Not Applicable,Sealed,Dry,Not Raining,Daylight,Rear End,2,Driver Rider,1: PDO,Traffic Signals,,,1327269.55,1673850.25,1.33E+13
2019-6082-27/05/2021,2 Metropolitan,WOODVILLE NORTH,5012,CITY OF CHARLES STURT,2,2,0,0,2,2019,June,Wednesday,5:30 PM,50,Not Divided,Straight road,Level,Not Applicable,Sealed,Dry,Not Raining,Night,Head On,2,Driver Rider,2: MI,No Control,,,1323428.15,1677229.71,1.32E+13
2019-6083-27/05/2021,3 Country,HINDMARSH VALLEY,5211,DC VICTOR HARBOR.             ,2,0,0,0,0,2019,June,Wednesday,5:20 PM,100,Not Divided,Straight road,Slope,Not Applicable,Sealed,Dry,Not Raining,Night,Hit Animal,2,Animal,1: PDO,No Control,,,1326887.67,1613079,1.33E+13
2019-6084-27/05/2021,2 Metropolitan,GLENELG NORTH,5045,CITY OF HOLDFAST BAY,2,1,0,0,1,2019,June,Wednesday,5:44 PM,60,Divided Road,Straight road,Level,Median Opening (not at I/S),Sealed,Dry,Not Raining,Night,Right Turn,1,Driver Rider,2: MI,No Control,,,1321572.67,1665337.63,1.32E+13
2019-6085-27/05/2021,2 Metropolitan,WOODVILLE SOUTH,5011,CITY OF CHARLES STURT,3,1,0,0,1,2019,June,Wednesday,5:20 PM,50,Divided Road,Straight road,Level,Not Applicable,Sealed,Dry,Not Raining,Night,Rear End,1,Driver Rider,2: MI,No Control,,,1322429.25,1675413.02,1.32E+13
2019-6086-27/05/2021,2 Metropolitan,CAVAN,5094,CITY OF SALISBURY,3,0,0,0,0,2019,June,Wednesday,4:50 PM,70,Divided Road,Straight road,Level,Not Applicable,Sealed,Dry,Not Raining,Daylight,Rear End,1,Driver Rider,1: PDO,No Control,,,1328721.89,1681485.41,1.33E+13
2019-6087-27/05/2021,2 Metropolitan,SEFTON PARK,5083,CITY OF PROSPECT,3,0,0,0,0,2019,June,Wednesday,6:15 PM,60,T-Junction,Straight road,Level,Not Applicable,Sealed,Dry,Not Raining,Night,Rear End,1,Driver Rider,1: PDO,No Control,,,1328882.07,1675778.89,1.33E+13
2019-6088-27/05/2021,2 Metropolitan,MUNNO PARA,5115,CITY OF PLAYFORD.,2,0,0,0,0,2019,June,Wednesday,6:48 PM,90,Divided Road,Straight road,Level,Not Applicable,Sealed,Dry,Not Raining,Night,Side Swipe,2,Driver Rider,1: PDO,No Control,,,1338783.51,1698832.83,1.34E+13
2019-6089-27/05/2021,2 Metropolitan,WOODVILLE NORTH,5012,CITY OF PORT ADELAIDE ENFIELD,2,0,0,0,0,2019,June,Wednesday,7:00 PM,60,Cross Road,Straight road,Level,Not Applicable,Sealed,Dry,Not Raining,Night,Rear End,2,Driver Rider,1: PDO,Traffic Signals,,,1323944.81,1677840.39,1.32E+13
2019-6090-27/05/2021,2 Metropolitan,WOODVILLE SOUTH,5011,CITY OF CHARLES STURT,2,1,0,1,0,2019,June,Wednesday,7:15 PM,60,Cross Road,Straight road,Level,Not Applicable,Sealed,Dry,Not Raining,Night,Rear End,2,Driver Rider,3: SI,Traffic Signals,,,1322735.23,1675828.1,1.32E+13
2019-6091-27/05/2021,3 Country,BERRI,5343,THE BERRI BARMERA COUNCIL,2,1,0,0,1,2019,June,Wednesday,7:07 PM,110,Not Divided,Straight road,Level,Not Applicable,Sealed,Dry,Not Raining,Night,Hit Fixed Object,1,Driver Rider,2: MI,No Control,,,1514169.23,1734859.3,1.51E+13
2019-6092-27/05/2021,2 Metropolitan,CHRISTIE DOWNS,5164,CITY OF ONKAPARINGA,2,1,0,0,1,2019,June,Wednesday,8:10 PM,60,Divided Road,Straight road,Slope,Not Applicable,Sealed,Dry,Not Raining,Night,Hit Pedestrian,2,Pedestrian,2: MI,No Control,Y,,1318662.55,1648631.22,1.32E+13
2019-6093-27/05/2021,2 Metropolitan,CROYDON PARK,5008,CITY OF PORT ADELAIDE ENFIELD,3,1,0,1,0,2019,June,Wednesday,7:30 PM,60,Cross Road,Straight road,Slope,Not Applicable,Sealed,Dry,Not Raining,Night,Rear End,2,Driver Rider,3: SI,Traffic Signals,,,1326072.19,1675556.17,1.33E+13
2019-6094-27/05/2021,2 Metropolitan,CLELAND,5152,THE ADELAIDE HILLS COUNCIL,3,0,0,0,0,2019,June,Wednesday,8:19 PM,80,Not Divided,"CURVED, VIEW OBSCURED",Level,Not Applicable,Sealed,Wet,Not Raining,Night,Hit Fixed Object,1,Driver Rider,1: PDO,No Control,,,1338440.81,1665825.34,1.34E+13
2019-6095-27/05/2021,3 Country,BURRA,5417,REGIONAL COUNCIL OF GOYDER,2,0,0,0,0,2019,June,Wednesday,7:10 PM,100,Not Divided,Straight road,Level,Not Applicable,Sealed,Dry,Not Raining,Night,Hit Object on Road,1,Driver Rider,1: PDO,No Control,,,1361463.92,1806109.85,1.36E+13
2019-6096-27/05/2021,2 Metropolitan,FLAGSTAFF HILL,5159,CITY OF ONKAPARINGA,3,1,0,0,1,2019,June,Wednesday,10:20 PM,60,Not Divided,"CURVED, VIEW OBSCURED",Slope,Not Applicable,Sealed,Dry,Not Raining,Night,Hit Fixed Object,1,Driver Rider,2: MI,No Control,,,1329503.56,1656063.19,1.33E+13