REPORT_ID,Stats Area,Suburb,Postcode,LGA Name,Total Units,Total Cas,Total Fats,Total SI,Total MI,Year,Month,Day,Time,Area Speed,Position Type,Horizontal Align,Vertical Align,Other Feat,Road Surface,Moisture Cond,Weather Cond,DayNight,Crash Type,Unit Resp,Entity Code,CSEF Severity,Traffic Ctrls,DUI Involved,Drugs Involved,ACCLOC_X,ACCLOC_Y,UNIQUE_LOC
2019-6263-27/05/2021,2 Metropolitan,WOODVILLE NORTH,5012,CITY OF CHARLES STURT,2,0,0,0,0,2019,June,Monday,12:00 PM,50,Not Divided,Straight road,Level,Not Applicable,Sealed,Dry,Not Raining,Daylight,Hit Parked Vehicle,2,Driver Rider,1: PDO,No Control,,,1323428.28,1677828.55,1.32E+13
2019-6264-27/05/2021,2 Metropolitan,MALVERN,5061,CITY OF UNLEY,2,0,0,0,0,2019,June,Monday,4:36 PM,60,T-Junction,Straight road,Level,Not Applicable,Sealed,Dry,Not Raining,Daylight,Right Turn,1,Driver Rider,1: PDO,No Control,,,1329133.1,1666356.05,1.33E+13
2019-6265-27/05/2021,2 Metropolitan,DAVOREN PARK,5113,CITY OF PLAYFORD.,2,1,0,0,1,2019,June,Monday,5:00 PM,60,T-Junction,Straight road,Level,Not Applicable,Sealed,Dry,Not Raining,Daylight,Side Swipe,1,Driver Rider,2: MI,No Control,,,1336449.38,1696958.46,1.34E+13
2019-6266-27/05/2021,2 Metropolitan,HINDMARSH,5007,CITY OF CHARLES STURT,2,2,0,0,2,2019,June,Monday,6:12 PM,60,Divided Road,Straight road,Level,Not Applicable,Sealed,Dry,Not Raining,Night,Rear End,1,Driver Rider,2: MI,No Control,,,1326052.14,1672965.2,1.33E+13
2019-6267-27/05/2021,2 Metropolitan,MUNNO PARA,5115,CITY OF PLAYFORD.,3,1,0,0,1,2019,June,Monday,5:50 PM,90,Divided Road,Straight road,Level,Not Applicable,Sealed,Dry,Not Raining,Night,Rear End,1,Driver Rider,2: MI,No Control,,,1338305.9,1697880.84,1.34E+13
2019-6268-27/05/2021,2 Metropolitan,ROSSLYN PARK,5072,CITY OF BURNSIDE,2,0,0,0,0,2019,June,Sunday,10:30 AM,60,Cross Road,"CURVED, VIEW OPEN",Slope,Not Applicable,Sealed,Dry,Not Raining,Daylight,Right Angle,1,Driver Rider,1: PDO,Roundabout,,,1335514.58,1670588.35,1.34E+13
2019-6269-27/05/2021,2 Metropolitan,GLOBE DERBY PARK,5110,CITY OF SALISBURY,2,0,0,0,0,2019,June,Monday,5:45 PM,80,Divided Road,Straight road,Level,Roadworks,Sealed,Dry,Not Raining,Night,Rear End,2,Driver Rider,1: PDO,No Control,,,1328637.88,1684962.97,1.33E+13
2019-6270-27/05/2021,1 City,NORTH ADELAIDE,5006,CITY OF ADELAIDE,2,1,0,0,1,2019,June,Monday,4:20 PM,50,Cross Road,Straight road,Level,Not Applicable,Sealed,Dry,Not Raining,Daylight,Hit Pedestrian,1,Driver Rider,2: MI,Traffic Signals,,,1327864.76,1672479.43,1.33E+13
2019-6271-27/05/2021,2 Metropolitan,KESWICK TERMINAL,5035,CITY OF WEST TORRENS,2,1,0,0,1,2019,June,Monday,2:35 PM,60,Cross Road,Straight road,Level,Not Applicable,Sealed,Dry,Not Raining,Daylight,Rear End,2,Driver Rider,2: MI,Traffic Signals,,,1326431.95,1668966.24,1.33E+13
2019-6272-27/05/2021,2 Metropolitan,FULHAM GARDENS,5024,CITY OF CHARLES STURT,3,2,0,0,2,2019,June,Thursday,3:45 PM,60,Divided Road,Straight road,Level,Not Applicable,Sealed,Dry,Not Raining,Daylight,Rear End,2,Driver Rider,2: MI,No Control,,,1320751.68,1673078.92,1.32E+13
2019-6273-27/05/2021,2 Metropolitan,MAWSON LAKES,5095,CITY OF SALISBURY,2,0,0,0,0,2019,June,Monday,6:47 PM,60,Cross Road,Straight road,Level,Not Applicable,Sealed,Dry,Not Raining,Night,Right Turn,1,Driver Rider,1: PDO,Traffic Signals,,,1329566.06,1684422.81,1.33E+13
2019-6274-27/05/2021,2 Metropolitan,MILE END,5031,CITY OF WEST TORRENS,2,1,0,0,1,2019,June,Monday,6:50 PM,60,T-Junction,Straight road,Level,Not Applicable,Sealed,Dry,Not Raining,Night,Right Angle,2,Driver Rider,2: MI,No Control,,,1326607.18,1671159.3,1.33E+13
2019-6275-27/05/2021,2 Metropolitan,KILBURN,5084,CITY OF PORT ADELAIDE ENFIELD,3,1,0,0,1,2019,June,Monday,5:13 PM,60,Divided Road,Straight road,Level,Not Applicable,Sealed,Dry,Not Raining,Night,Rear End,1,Driver Rider,2: MI,No Control,,,1327236.67,1679216.05,1.33E+13
2019-6276-27/05/2021,2 Metropolitan,WOODVILLE NORTH,5012,CITY OF PORT ADELAIDE ENFIELD,2,0,0,0,0,2019,June,Monday,11:00 PM,60,Not Divided,Straight road,Level,Not Applicable,Sealed,Dry,Not Raining,Night,Hit Parked Vehicle,1,Driver Rider,1: PDO,No Control,,,1323960.31,1677208.2,1.32E+13
2019-6277-27/05/2021,2 Metropolitan,KESWICK,5035,CITY OF WEST TORRENS,2,0,0,0,0,2019,June,Monday,9:25 PM,60,T-Junction,Straight road,Level,Driveway or Entrance,Sealed,Dry,Not Raining,Night,Right Angle,2,Driver Rider,1: PDO,Give Way Sign,,,1326655.96,1668971.85,1.33E+13
2019-6278-27/05/2021,2 Metropolitan,OAKDEN,5086,CITY OF PORT ADELAIDE ENFIELD,3,0,0,0,0,2019,June,Tuesday,4:00 AM,70,Divided Road,Straight road,Slope,Not Applicable,Sealed,Dry,Not Raining,Night,Hit Fixed Object,1,Driver Rider,1: PDO,No Control,,,1332235.84,1679303.74,1.33E+13
2019-6279-27/05/2021,2 Metropolitan,TATACHILLA,5171,CITY OF ONKAPARINGA,2,0,0,0,0,2019,June,Tuesday,6:56 AM,90,Not Divided,Straight road,Slope,Not Applicable,Sealed,Dry,Not Raining,Night,Rear End,2,Driver Rider,1: PDO,No Control,,,1317651.17,1638016.61,1.32E+13
2019-6280-27/05/2021,2 Metropolitan,SALISBURY HEIGHTS,5109,CITY OF SALISBURY,2,0,0,0,0,2019,June,Tuesday,8:10 AM,60,T-Junction,Straight road,Slope,Not Applicable,Sealed,Dry,Not Raining,Daylight,Right Angle,2,Driver Rider,1: PDO,No Control,,,1336035.73,1687838.45,1.34E+13
2019-6281-27/05/2021,2 Metropolitan,ST AGNES,5097,CITY OF TEA TREE GULLY,2,1,0,0,1,2019,June,Tuesday,8:30 AM,60,Not Divided,Straight road,Slope,Not Applicable,Sealed,Dry,Not Raining,Daylight,Rear End,2,Driver Rider,2: MI,No Control,,,1339733.7,1681539.94,1.34E+13
2019-6282-27/05/2021,2 Metropolitan,ST PETERS,5069,"CC OF NORWOOD,PAYNEHAM & ST PETERS",2,0,0,0,0,2019,June,Monday,11:45 AM,60,Not Divided,Straight road,Level,Not Applicable,Sealed,Dry,Not Raining,Daylight,Hit Fixed Object,1,Driver Rider,1: PDO,No Control,,,1330783.32,1672836.06,1.33E+13
2019-6283-27/05/2021,2 Metropolitan,STIRLING,5152,THE ADELAIDE HILLS COUNCIL,3,0,0,0,0,2019,June,Tuesday,8:10 AM,100,Freeway,Straight road,Level,Not Applicable,Sealed,Dry,Not Raining,Daylight,Rear End,1,Driver Rider,1: PDO,No Control,,,1339251.66,1661978.31,1.34E+13
2019-6284-27/05/2021,3 Country,WHITE HILL,5254,RC MURRAY BRIDGE.             ,2,0,0,0,0,2019,June,Monday,9:45 AM,100,Not Divided,Straight road,Crest of Hill,Not Applicable,Sealed,Dry,Not Raining,Daylight,Hit Animal,2,Animal,1: PDO,No Control,,,1383319.61,1645343.24,1.38E+13
2019-6285-27/05/2021,2 Metropolitan,DAVOREN PARK,5113,CITY OF PLAYFORD.,2,0,0,0,0,2019,June,Tuesday,8:20 AM,60,Cross Road,Straight road,Level,Not Applicable,Sealed,Dry,Not Raining,Daylight,Right Angle,2,Driver Rider,1: PDO,Roundabout,,,1335599.18,1696373.36,1.34E+13
2019-6286-27/05/2021,2 Metropolitan,PARALOWIE,5108,CITY OF SALISBURY,2,0,0,0,0,2019,June,Tuesday,8:30 AM,90,Divided Road,Straight road,Level,Not Applicable,Sealed,Dry,Not Raining,Daylight,Rear End,1,Driver Rider,1: PDO,No Control,,,1328449.58,1688726.74,1.33E+13
2019-6287-27/05/2021,2 Metropolitan,GILBERTON,5006,WALKERVILLE TOWN COUNCIL,2,0,0,0,0,2019,June,Tuesday,8:05 AM,60,Cross Road,Straight road,Level,Not Applicable,Sealed,Dry,Not Raining,Daylight,Right Turn,1,Driver Rider,1: PDO,Traffic Signals,,,1329707.81,1672509.77,1.33E+13
2019-6288-27/05/2021,2 Metropolitan,NOARLUNGA DOWNS,5168,CITY OF ONKAPARINGA,2,1,0,0,1,2019,June,Tuesday,9:24 AM,50,T-Junction,Straight road,Level,Not Applicable,Sealed,Dry,Not Raining,Daylight,Right Angle,2,Driver Rider,2: MI,No Control,,,1318891.92,1646123.43,1.32E+13
2019-6289-27/05/2021,2 Metropolitan,SALISBURY PARK,5109,CITY OF SALISBURY,2,1,0,0,1,2019,June,Tuesday,8:24 AM,80,Divided Road,Straight road,Level,Not Applicable,Sealed,Dry,Not Raining,Daylight,Rear End,2,Driver Rider,2: MI,No Control,,,1335486.43,1688168.76,1.34E+13
2019-6290-27/05/2021,2 Metropolitan,ELIZABETH NORTH,5113,CITY OF PLAYFORD.,2,1,0,0,1,2019,June,Monday,8:45 AM,80,Cross Road,Straight road,Level,Not Applicable,Sealed,Dry,Not Raining,Daylight,Rear End,2,Driver Rider,2: MI,Traffic Signals,,,1336943,1695475.26,1.34E+13
2019-6291-27/05/2021,2 Metropolitan,GLOBE DERBY PARK,5110,CITY OF SALISBURY,2,1,0,0,1,2019,June,Tuesday,7:40 AM,90,Divided Road,Straight road,Level,Not Applicable,Sealed,Dry,Not Raining,Daylight,Rear End,2,Driver Rider,2: MI,No Control,,,1328592.41,1687547.07,1.33E+13
2019-6292-27/05/2021,2 Metropolitan,GULFVIEW HEIGHTS,5096,CITY OF SALISBURY,2,0,0,0,0,2019,June,Tuesday,12:06 PM,60,T-Junction,"CURVED, VIEW OPEN",Level,Not Applicable,Sealed,Dry,Not Raining,Daylight,Hit Fixed Object,1,Driver Rider,1: PDO,No Control,,,1334426.81,1684341.95,1.33E+13
2019-6293-27/05/2021,2 Metropolitan,REGENCY PARK,5010,CITY OF PORT ADELAIDE ENFIELD,2,1,0,0,1,2019,June,Tuesday,8:50 AM,60,Divided Road,Straight road,Level,Not Applicable,Sealed,Dry,Not Raining,Daylight,Rear End,1,Driver Rider,2: MI,No Control,,,1326025.36,1676375.69,1.33E+13
2019-6294-27/05/2021,2 Metropolitan,CROYDON PARK,5010,CITY OF PORT ADELAIDE ENFIELD,2,0,0,0,0,2019,June,Tuesday,12:45 PM,60,T-Junction,Straight road,Level,Not Applicable,Sealed,Dry,Not Raining,Daylight,Side Swipe,1,Driver Rider,1: PDO,No Control,,,1326268.34,1676370.39,1.33E+13
2019-6295-27/05/2021,2 Metropolitan,MITCHELL PARK,5043,CC MARION.                    ,2,0,0,0,0,2019,June,Tuesday,2:30 PM,60,T-Junction,Straight road,Level,Not Applicable,Sealed,Dry,Not Raining,Daylight,Side Swipe,2,Driver Rider,1: PDO,No Control,,,1324346.13,1662514.39,1.32E+13
2019-6296-27/05/2021,2 Metropolitan,DAW PARK,5041,CC MITCHAM.                   ,7,2,0,0,2,2019,June,Tuesday,12:58 PM,50,Cross Road,Straight road,Level,Not Applicable,Sealed,Dry,Not Raining,Daylight,Head On,1,Driver Rider,2: MI,Give Way Sign,,Y,1326728.99,1664611.74,1.33E+13
2019-6297-27/05/2021,1 City,ADELAIDE,5000,CITY OF ADELAIDE,2,0,0,0,0,2019,June,Tuesday,9:00 AM,50,Cross Road,Straight road,Level,Not Applicable,Sealed,Dry,Not Raining,Daylight,Side Swipe,2,Driver Rider,1: PDO,Traffic Signals,,,1327925.66,1670500.3,1.33E+13
2019-6298-27/05/2021,2 Metropolitan,WINGFIELD,5013,CITY OF PORT ADELAIDE ENFIELD,2,0,0,0,0,2019,June,Tuesday,12:30 PM,60,T-Junction,Straight road,Level,Not Applicable,Sealed,Dry,Not Raining,Daylight,Side Swipe,1,Driver Rider,1: PDO,Give Way Sign,,,1325127.17,1679192.45,1.33E+13
2019-6299-27/05/2021,2 Metropolitan,WOODVILLE NORTH,5012,CITY OF CHARLES STURT,2,0,0,0,0,2019,June,Tuesday,2:40 PM,60,Divided Road,Straight road,Level,Not Applicable,Sealed,Dry,Not Raining,Daylight,Rear End,2,Driver Rider,1: PDO,No Control,,,1323764.84,1676596.3,1.32E+13
2019-6300-27/05/2021,2 Metropolitan,WOODVILLE NORTH,5012,CITY OF CHARLES STURT,3,1,0,0,1,2019,June,Tuesday,2:35 PM,60,Divided Road,Straight road,Level,Not Applicable,Sealed,Dry,Not Raining,Daylight,Rear End,1,Driver Rider,2: MI,No Control,,,1323936.64,1676459.36,1.32E+13
2019-6301-27/05/2021,2 Metropolitan,NORWOOD,5067,"CC OF NORWOOD,PAYNEHAM & ST PETERS",2,0,0,0,0,2019,June,Tuesday,4:00 PM,50,Divided Road,Straight road,Level,Driveway or Entrance,Sealed,Dry,Not Raining,Daylight,Right Angle,1,Driver Rider,1: PDO,No Control,,,1331431.42,1671698.22,1.33E+13
2019-6302-27/05/2021,2 Metropolitan,KENSINGTON GARDENS,5068,CITY OF BURNSIDE,2,0,0,0,0,2019,June,Tuesday,3:50 PM,60,Not Divided,Straight road,Level,Not Applicable,Sealed,Dry,Not Raining,Daylight,Side Swipe,2,Driver Rider,1: PDO,No Control,,,1334298.3,1670472.17,1.33E+13
2019-6303-27/05/2021,2 Metropolitan,SEACLIFF PARK,5049,CITY OF HOLDFAST BAY,2,0,0,0,0,2019,June,Tuesday,3:50 PM,60,T-Junction,Straight road,Slope,Not Applicable,Sealed,Dry,Not Raining,Daylight,Right Turn,2,Driver Rider,1: PDO,Traffic Signals,,,1321187.59,1659325.76,1.32E+13
2019-6304-27/05/2021,3 Country,PROSPECT HILL,5201,ALEXANDRINA COUNCIL,1,0,0,0,0,2019,June,Sunday,1:45 PM,80,Not Divided,"CURVED, VIEW OPEN",Level,Not Applicable,Unsealed,Dry,Not Raining,Daylight,Left Road - Out of Control,1,Driver Rider,1: PDO,No Control,,,1339413.94,1635676.32,1.34E+13
2019-6305-27/05/2021,2 Metropolitan,RICHMOND,5033,CITY OF WEST TORRENS,3,1,0,0,1,2019,June,Tuesday,4:27 PM,50,Not Divided,Straight road,Level,Not Applicable,Sealed,Dry,Not Raining,Daylight,Hit Parked Vehicle,1,Driver Rider,2: MI,No Control,,,1324496.67,1669328.74,1.32E+13
2019-6306-27/05/2021,2 Metropolitan,ST AGNES,5097,CITY OF TEA TREE GULLY,2,0,0,0,0,2019,June,Tuesday,4:40 PM,60,Not Divided,Straight road,Level,Driveway or Entrance,Sealed,Dry,Not Raining,Daylight,Right Turn,1,Driver Rider,1: PDO,No Control,,,1338953.6,1680689.48,1.34E+13
2019-6307-27/05/2021,2 Metropolitan,PARK HOLME,5043,CC MARION.                    ,2,0,0,0,0,2019,June,Tuesday,4:50 PM,50,Not Divided,Straight road,Level,Not Applicable,Sealed,Dry,Not Raining,Daylight,Hit Fixed Object,1,Driver Rider,1: PDO,No Control,,,1323995.25,1663897.67,1.32E+13
2019-6308-27/05/2021,2 Metropolitan,LOCKLEYS,5032,CITY OF WEST TORRENS,2,0,0,0,0,2019,June,Tuesday,5:20 PM,60,T-Junction,Straight road,Level,Not Applicable,Sealed,Dry,Not Raining,Night,Right Angle,2,Driver Rider,1: PDO,No Control,,,1322293.44,1670808.3,1.32E+13
2019-6309-27/05/2021,2 Metropolitan,SEAFORD,5169,CITY OF ONKAPARINGA,2,0,0,0,0,2019,June,Tuesday,5:30 PM,60,Divided Road,Straight road,Level,Not Applicable,Sealed,Dry,Not Raining,Night,Hit Fixed Object,1,Driver Rider,1: PDO,No Control,,,1317311.11,1642791.27,1.32E+13
2019-6310-27/05/2021,2 Metropolitan,HAZELWOOD PARK,5066,CITY OF BURNSIDE,2,0,0,0,0,2019,June,Tuesday,4:47 PM,60,Cross Road,Straight road,Slope,Not Applicable,Sealed,Dry,Not Raining,Daylight,Right Angle,1,Driver Rider,1: PDO,Roundabout,,,1333935.99,1669099.19,1.33E+13
2019-6311-27/05/2021,2 Metropolitan,ALDINGA,5173,CITY OF ONKAPARINGA,2,1,0,1,0,2019,June,Tuesday,4:30 PM,80,Not Divided,Straight road,Level,Not Applicable,Sealed,Dry,Not Raining,Daylight,Hit Fixed Object,1,Driver Rider,3: SI,No Control,Y,,1315635.79,1635486.22,1.32E+13
2019-6312-27/05/2021,3 Country,PORT LINCOLN,5606,CC PT.LINCOLN.                ,2,0,0,0,0,2019,June,Tuesday,3:15 PM,60,Cross Road,Straight road,Level,Not Applicable,Sealed,Dry,Not Raining,Daylight,Right Turn,1,Driver Rider,1: PDO,Give Way Sign,,,1077926.08,1696463.78,1.08E+13
2019-6313-27/05/2021,2 Metropolitan,EDINBURGH,5111,CITY OF SALISBURY,2,0,0,0,0,2019,June,Tuesday,7:30 AM,60,Not Divided,Straight road,Level,Driveway or Entrance,Sealed,Dry,Not Raining,Daylight,Side Swipe,2,Driver Rider,1: PDO,No Control,,,1332600.74,1691147.27,1.33E+13
2019-6314-27/05/2021,2 Metropolitan,KINGSWOOD,5062,CC MITCHAM.                   ,2,0,0,0,0,2019,June,Monday,7:20 AM,60,Cross Road,Straight road,Level,Not Applicable,Sealed,Dry,Not Raining,Night,Side Swipe,2,Driver Rider,1: PDO,Traffic Signals,,,1329136.35,1666242.69,1.33E+13
2019-6315-27/05/2021,3 Country,MURRAY BRIDGE,5253,RC MURRAY BRIDGE.             ,2,1,0,0,1,2019,June,Tuesday,5:30 PM,50,T-Junction,Straight road,Level,Not Applicable,Sealed,Dry,Not Raining,Night,Right Angle,1,Driver Rider,2: MI,No Control,,,1389199,1646706.79,1.39E+13
2019-6316-27/05/2021,2 Metropolitan,NETHERBY,5062,CC MITCHAM.                   ,2,0,0,0,0,2019,June,Tuesday,6:20 PM,60,Not Divided,Straight road,Level,Not Applicable,Sealed,Dry,Not Raining,Night,Hit Parked Vehicle,1,Driver Rider,1: PDO,No Control,,,1330676.45,1666290.45,1.33E+13
2019-6317-27/05/2021,2 Metropolitan,GILBERTON,5081,WALKERVILLE TOWN COUNCIL,2,0,0,0,0,2019,June,Tuesday,7:10 PM,60,T-Junction,Straight road,Slope,Not Applicable,Sealed,Dry,Not Raining,Night,Side Swipe,1,Driver Rider,1: PDO,Stop Sign,,,1329447.28,1673716.53,1.33E+13
2019-6318-27/05/2021,2 Metropolitan,CHRISTIES BEACH,5165,CITY OF ONKAPARINGA,2,0,0,0,0,2019,June,Friday,12:20 PM,60,Divided Road,Straight road,Level,Driveway or Entrance,Sealed,Dry,Not Raining,Daylight,Hit Pedestrian,1,Driver Rider,1: PDO,No Control,,,1316895.82,1647416.48,1.32E+13
2019-6319-27/05/2021,2 Metropolitan,GEPPS CROSS,5094,CITY OF PORT ADELAIDE ENFIELD,2,0,0,0,0,2019,June,Tuesday,8:51 PM,60,T-Junction,Straight road,Level,Not Applicable,Sealed,Dry,Not Raining,Night,Right Angle,1,Driver Rider,1: PDO,No Control,,,1328978.95,1679284.48,1.33E+13
2019-6320-27/05/2021,3 Country,THOMPSON BEACH,5501,DC MALLALA.                   ,2,1,0,0,1,2019,June,Tuesday,4:10 PM,100,Not Divided,"CURVED, VIEW OPEN",Level,Not Applicable,Sealed,Dry,Not Raining,Daylight,Side Swipe,2,Driver Rider,2: MI,No Control,,,1300455.8,1720501.33,1.30E+13
2019-6321-27/05/2021,2 Metropolitan,ELIZABETH NORTH,5113,CITY OF PLAYFORD.,2,1,0,0,1,2019,June,Tuesday,10:00 PM,50,T-Junction,Straight road,Level,Not Applicable,Sealed,Dry,Not Raining,Night,Rear End,2,Driver Rider,2: MI,No Control,,Y,1336413.72,1695413.7,1.34E+13
2019-6322-27/05/2021,2 Metropolitan,ANGLE VALE,5117,CITY OF PLAYFORD.,2,1,0,0,1,2019,June,Tuesday,11:00 PM,50,Not Divided,Straight road,Level,Not Applicable,Sealed,Dry,Not Raining,Night,Hit Fixed Object,1,Driver Rider,2: MI,No Control,,Y,1334414.77,1700470.4,1.33E+13
2019-6323-27/05/2021,2 Metropolitan,ALDINGA,5173,CITY OF ONKAPARINGA,1,1,0,0,1,2019,June,Tuesday,11:54 PM,70,T-Junction,Straight road,Level,Not Applicable,Sealed,Dry,Not Raining,Night,Other,1,Driver Rider,2: MI,Roundabout,,,1316812.99,1633134.17,1.32E+13
2019-6324-27/05/2021,2 Metropolitan,ANGLE VALE,5117,CITY OF PLAYFORD.,3,1,0,0,1,2019,June,Wednesday,6:22 AM,60,Not Divided,Straight road,Level,Not Applicable,Sealed,Dry,Not Raining,Night,Head On,1,Driver Rider,2: MI,No Control,,,1333606.6,1701433.68,1.33E+13
2019-6325-27/05/2021,2 Metropolitan,PARALOWIE,5108,CITY OF SALISBURY,2,0,0,0,0,2019,June,Wednesday,6:15 AM,60,T-Junction,"CURVED, VIEW OPEN",Level,Not Applicable,Sealed,Dry,Not Raining,Night,Side Swipe,2,Driver Rider,1: PDO,Roundabout,,,1328632.06,1688769.49,1.33E+13
2019-6326-27/05/2021,2 Metropolitan,WEST LAKES,5021,CITY OF CHARLES STURT,2,0,0,0,0,2019,June,Wednesday,7:45 AM,60,T-Junction,Straight road,Level,Not Applicable,Sealed,Dry,Not Raining,Daylight,Right Angle,2,Driver Rider,1: PDO,Stop Sign,,,1319881.45,1676395.69,1.32E+13
2019-6327-27/05/2021,2 Metropolitan,MORPHETTVILLE,5043,CC MARION.                    ,2,1,0,0,1,2019,June,Wednesday,7:25 AM,50,Not Divided,Straight road,Level,Not Applicable,Sealed,Dry,Not Raining,Daylight,Hit Parked Vehicle,1,Driver Rider,2: MI,No Control,,,1323057.33,1664518.23,1.32E+13
2019-6328-27/05/2021,2 Metropolitan,SALISBURY DOWNS,5108,CITY OF SALISBURY,2,0,0,0,0,2019,June,Monday,6:58 AM,60,Cross Road,Straight road,Level,Not Applicable,Sealed,Dry,Not Raining,Night,Right Turn,2,Driver Rider,1: PDO,Traffic Signals,,,1331452.34,1686817.44,1.33E+13
2019-6329-27/05/2021,2 Metropolitan,BEULAH PARK,5067,CITY OF BURNSIDE,2,0,0,0,0,2019,June,Wednesday,8:32 AM,50,Not Divided,Straight road,Level,Driveway or Entrance,Sealed,Dry,Not Raining,Daylight,Hit Fixed Object,1,Driver Rider,1: PDO,No Control,,,1332957.13,1671196.74,1.33E+13
2019-6330-27/05/2021,2 Metropolitan,PENNINGTON,5013,CITY OF CHARLES STURT,3,0,0,0,0,2019,June,Wednesday,8:20 AM,50,Cross Road,"CURVED, VIEW OPEN",Level,Road hump or Slow point,Sealed,Dry,Not Raining,Daylight,Hit Fixed Object,1,Driver Rider,1: PDO,Roundabout,,,1322883.11,1678261.64,1.32E+13
2019-6331-27/05/2021,2 Metropolitan,CUMBERLAND PARK,5041,CC MITCHAM.                   ,2,0,0,0,0,2019,June,Tuesday,3:45 PM,60,Cross Road,Straight road,Level,Not Applicable,Sealed,Dry,Not Raining,Daylight,Right Angle,2,Driver Rider,1: PDO,Traffic Signals,,,1326684.05,1666174.93,1.33E+13
2019-6332-27/05/2021,2 Metropolitan,SEAFORD MEADOWS,5169,CITY OF ONKAPARINGA,2,0,0,0,0,2019,June,Tuesday,3:15 PM,60,Cross Road,Straight road,Slope,Not Applicable,Sealed,Dry,Not Raining,Daylight,Rear End,2,Driver Rider,1: PDO,Traffic Signals,,,1318114,1642829.74,1.32E+13
2019-6333-27/05/2021,2 Metropolitan,LONSDALE,5160,CITY OF ONKAPARINGA,2,0,0,0,0,2019,June,Wednesday,6:55 AM,80,Cross Road,Straight road,Level,Not Applicable,Sealed,Dry,Not Raining,Night,Head On,1,Driver Rider,1: PDO,Traffic Signals,,,1317823.83,1649782.83,1.32E+13
2019-6334-27/05/2021,2 Metropolitan,FULHAM,5024,CITY OF WEST TORRENS,2,0,0,0,0,2019,June,Wednesday,9:15 AM,60,Divided Road,Straight road,Level,Not Applicable,Sealed,Dry,Not Raining,Daylight,Rear End,2,Driver Rider,1: PDO,No Control,,,1320979.8,1670814.36,1.32E+13
2019-6335-27/05/2021,1 City,ADELAIDE,5000,CITY OF ADELAIDE,2,0,0,0,0,2019,June,Wednesday,8:10 AM,60,T-Junction,Straight road,Level,Not Applicable,Sealed,Dry,Not Raining,Daylight,Side Swipe,2,Driver Rider,1: PDO,Traffic Signals,,,1327359.49,1670486.3,1.33E+13
2019-6336-27/05/2021,2 Metropolitan,CAMDEN PARK,5038,CITY OF WEST TORRENS,2,0,0,0,0,2019,June,Wednesday,8:30 AM,50,Divided Road,Straight road,Level,Driveway or Entrance,Sealed,Dry,Not Raining,Daylight,Right Angle,2,Driver Rider,1: PDO,No Control,,,1323328.42,1666022.38,1.32E+13
2019-6337-27/05/2021,2 Metropolitan,BOLIVAR,5110,CITY OF SALISBURY,3,0,0,0,0,2019,June,Wednesday,10:39 AM,90,Divided Road,Straight road,Level,Not Applicable,Sealed,Dry,Not Raining,Daylight,Rear End,1,Driver Rider,1: PDO,No Control,,,1328449.06,1688647.21,1.33E+13
2019-6338-27/05/2021,2 Metropolitan,GLENELG EAST,5045,CITY OF HOLDFAST BAY,2,0,0,0,0,2019,June,Monday,10:00 AM,60,Divided Road,Straight road,Level,Not Applicable,Sealed,Dry,Not Raining,Daylight,Side Swipe,2,Driver Rider,1: PDO,No Control,,,1321010,1665145.38,1.32E+13
2019-6339-27/05/2021,2 Metropolitan,NORTH ADELAIDE,5006,WALKERVILLE TOWN COUNCIL,2,0,0,0,0,2019,June,Tuesday,8:30 PM,60,T-Junction,"CURVED, VIEW OPEN",Level,Not Applicable,Sealed,Dry,Not Raining,Night,Right Angle,2,Driver Rider,1: PDO,No Control,,,1328746.17,1673528.95,1.33E+13
2019-6340-27/05/2021,2 Metropolitan,CRAFERS WEST,5152,THE ADELAIDE HILLS COUNCIL,2,0,0,0,0,2019,June,Tuesday,2:45 PM,50,Not Divided,Straight road,Slope,Not Applicable,Sealed,Dry,Not Raining,Daylight,Hit Fixed Object,1,Driver Rider,1: PDO,No Control,,,1336275.31,1661101.44,1.34E+13
2019-6341-27/05/2021,2 Metropolitan,ELIZABETH,5112,CITY OF PLAYFORD.,2,1,0,0,1,2019,June,Wednesday,11:41 AM,50,Cross Road,Straight road,Level,Not Applicable,Sealed,Dry,Not Raining,Daylight,Right Angle,1,Driver Rider,2: MI,Give Way Sign,,,1335358.25,1693627.52,1.34E+13
2019-6342-27/05/2021,2 Metropolitan,GLYNDE,5070,"CC OF NORWOOD,PAYNEHAM & ST PETERS",2,0,0,0,0,2019,June,Tuesday,5:35 PM,60,Divided Road,Straight road,Level,Not Applicable,Sealed,Dry,Not Raining,Night,Rear End,1,Driver Rider,1: PDO,No Control,,,1333700.67,1674489.53,1.33E+13
2019-6343-27/05/2021,2 Metropolitan,ELIZABETH,5112,CITY OF PLAYFORD.,2,1,0,0,1,2019,June,Wednesday,9:00 AM,80,Divided Road,Straight road,Level,Not Applicable,Sealed,Dry,Not Raining,Daylight,Rear End,2,Driver Rider,2: MI,No Control,,,1335945.21,1693213.85,1.34E+13
2019-6344-27/05/2021,2 Metropolitan,LOCKLEYS,5032,CITY OF WEST TORRENS,3,0,0,0,0,2019,June,Tuesday,5:15 PM,60,Cross Road,Straight road,Level,Not Applicable,Sealed,Dry,Not Raining,Night,Rear End,1,Driver Rider,1: PDO,Traffic Signals,,,1320928.35,1669976.7,1.32E+13
2019-6345-27/05/2021,2 Metropolitan,WINDSOR GARDENS,5087,CITY OF PORT ADELAIDE ENFIELD,4,0,0,0,0,2019,June,Wednesday,12:10 PM,60,Divided Road,Straight road,Level,Not Applicable,Sealed,Dry,Not Raining,Daylight,Rear End,1,Driver Rider,1: PDO,No Control,,,1333614.4,1677922.27,1.33E+13