REPORT_ID,Stats Area,Suburb,Postcode,LGA Name,Total Units,Total Cas,Total Fats,Total SI,Total MI,Year,Month,Day,Time,Area Speed,Position Type,Horizontal Align,Vertical Align,Other Feat,Road Surface,Moisture Cond,Weather Cond,DayNight,Crash Type,Unit Resp,Entity Code,CSEF Severity,Traffic Ctrls,DUI Involved,Drugs Involved,ACCLOC_X,ACCLOC_Y,UNIQUE_LOC
2019-6346-27/05/2021,2 Metropolitan,HAZELWOOD PARK,5066,CITY OF BURNSIDE,2,0,0,0,0,2019,June,Tuesday,2:00 PM,60,Cross Road,"CURVED, VIEW OPEN",Slope,Not Applicable,Sealed,Dry,Not Raining,Daylight,Right Angle,2,Driver Rider,1: PDO,Roundabout,,,1333935.99,1669099.19,1.33E+13
2019-6347-27/05/2021,2 Metropolitan,ROYSTON PARK,5070,"CC OF NORWOOD,PAYNEHAM & ST PETERS",3,0,0,0,0,2019,June,Wednesday,12:00 PM,60,Cross Road,Straight road,Level,Not Applicable,Sealed,Dry,Not Raining,Daylight,Rear End,2,Driver Rider,1: PDO,Stop Sign,,,1331903.53,1673452.04,1.33E+13
2019-6348-27/05/2021,3 Country,ALFORD,5555,BARUNGA WEST DISTRICT COUNCIL,1,2,0,1,1,2019,June,Wednesday,11:30 AM,100,Not Divided,Straight road,Level,Not Applicable,Sealed,Dry,Not Raining,Daylight,Roll Over,1,Driver Rider,3: SI,No Control,,,1263057.55,1800406.61,1.26E+13
2019-6349-27/05/2021,2 Metropolitan,PORT ADELAIDE,5015,CITY OF PORT ADELAIDE ENFIELD,2,0,0,0,0,2019,June,Wednesday,11:15 AM,50,Not Divided,Straight road,Level,Not Applicable,Sealed,Dry,Not Raining,Daylight,Hit Parked Vehicle,2,Driver Rider,1: PDO,No Control,,,1319896.32,1678821.59,1.32E+13
2019-6350-27/05/2021,2 Metropolitan,KLEMZIG,5087,CITY OF PORT ADELAIDE ENFIELD,2,0,0,0,0,2019,June,Tuesday,5:40 PM,60,Divided Road,Straight road,Level,Not Applicable,Sealed,Dry,Not Raining,Night,Rear End,1,Driver Rider,1: PDO,No Control,,,1331559.76,1676149.99,1.33E+13
2019-6351-27/05/2021,1 City,NORTH ADELAIDE,5006,CITY OF ADELAIDE,2,0,0,0,0,2019,June,Tuesday,2:43 PM,50,Cross Road,Straight road,Level,Not Applicable,Sealed,Dry,Not Raining,Daylight,Hit Pedestrian,2,Driver Rider,1: PDO,Traffic Signals,,,1328435.22,1672204.38,1.33E+13
2019-6352-27/05/2021,2 Metropolitan,TORRENSVILLE,5031,CITY OF WEST TORRENS,2,2,0,0,2,2019,June,Tuesday,6:20 PM,60,Divided Road,Straight road,Level,Not Applicable,Sealed,Dry,Not Raining,Night,Rear End,2,Driver Rider,2: MI,No Control,,,1324532.41,1670959.95,1.32E+13
2019-6353-27/05/2021,1 City,ADELAIDE,5000,CITY OF ADELAIDE,2,1,0,0,1,2019,June,Wednesday,1:35 PM,60,T-Junction,Straight road,Level,Not Applicable,Sealed,Dry,Not Raining,Daylight,Right Turn,2,Driver Rider,2: MI,Traffic Signals,,,1327391.56,1670156.91,1.33E+13
2019-6354-27/05/2021,2 Metropolitan,SALISBURY EAST,5109,CITY OF SALISBURY,2,0,0,0,0,2019,June,Wednesday,3:20 PM,80,Cross Road,Straight road,Level,Not Applicable,Sealed,Dry,Not Raining,Daylight,Rear End,1,Driver Rider,1: PDO,Traffic Signals,,,1333993.29,1686288.21,1.33E+13
2019-6355-27/05/2021,2 Metropolitan,PARADISE,5075,CC CAMPBELLTOWN.              ,3,2,0,0,2,2019,June,Wednesday,3:45 PM,60,Divided Road,Straight road,Level,Not Applicable,Sealed,Dry,Not Raining,Daylight,Rear End,2,Driver Rider,2: MI,No Control,,,1334626.88,1676748.37,1.33E+13
2019-6356-27/05/2021,2 Metropolitan,WOODVILLE NORTH,5012,CITY OF CHARLES STURT,2,0,0,0,0,2019,June,Wednesday,3:58 PM,60,T-Junction,Straight road,Level,Not Applicable,Sealed,Dry,Not Raining,Daylight,Right Angle,1,Driver Rider,1: PDO,No Control,,,1323076.99,1677139.12,1.32E+13
2019-6357-27/05/2021,1 City,ADELAIDE,5000,CITY OF ADELAIDE,2,1,0,0,1,2019,June,Wednesday,3:15 PM,50,T-Junction,Straight road,Level,Not Applicable,Sealed,Dry,Not Raining,Daylight,Hit Pedestrian,2,Pedestrian,2: MI,No Control,,,1328889.52,1670370.33,1.33E+13
2019-6358-27/05/2021,2 Metropolitan,STEPNEY,5069,"CC OF NORWOOD,PAYNEHAM & ST PETERS",2,1,0,0,1,2019,June,Wednesday,5:35 PM,60,Multiple,Straight road,Level,Not Applicable,Sealed,Dry,Not Raining,Night,Head On,1,Driver Rider,2: MI,Traffic Signals,,,1330600.73,1671714.93,1.33E+13
2019-6359-27/05/2021,2 Metropolitan,ROSE PARK,5067,CITY OF BURNSIDE,2,0,0,0,0,2019,June,Wednesday,5:45 PM,60,T-Junction,Straight road,Level,Not Applicable,Sealed,Dry,Not Raining,Night,Right Angle,2,Driver Rider,1: PDO,Stop Sign,,,1330721.03,1670364.66,1.33E+13
2019-6360-27/05/2021,2 Metropolitan,MAWSON LAKES,5095,CITY OF SALISBURY,2,0,0,0,0,2019,June,Wednesday,3:30 PM,60,Not Divided,Straight road,Level,Driveway or Entrance,Sealed,Dry,Not Raining,Daylight,Right Angle,2,Driver Rider,1: PDO,No Control,,,1329465.07,1684472.28,1.33E+13
2019-6361-27/05/2021,2 Metropolitan,GEPPS CROSS,5094,CITY OF PORT ADELAIDE ENFIELD,2,0,0,0,0,2019,June,Wednesday,4:20 PM,70,T-Junction,Straight road,Level,Not Applicable,Sealed,Dry,Not Raining,Daylight,Right Angle,2,Driver Rider,1: PDO,Traffic Signals,,,1329540.02,1680415.9,1.33E+13
2019-6362-27/05/2021,2 Metropolitan,GLYNDE,5070,"CC OF NORWOOD,PAYNEHAM & ST PETERS",2,1,0,0,1,2019,June,Wednesday,6:10 PM,60,Cross Road,"CURVED, VIEW OPEN",Level,Not Applicable,Sealed,Dry,Not Raining,Night,Right Turn,1,Driver Rider,2: MI,Traffic Signals,,,1333785.54,1674516.59,1.33E+13
2019-6363-27/05/2021,2 Metropolitan,HOPE VALLEY,5090,CITY OF TEA TREE GULLY,2,0,0,0,0,2019,June,Wednesday,5:58 PM,60,T-Junction,Straight road,Crest of Hill,Not Applicable,Sealed,Dry,Not Raining,Night,Right Turn,2,Driver Rider,1: PDO,No Control,,,1338085.86,1679313.99,1.34E+13
2019-6364-27/05/2021,2 Metropolitan,DRY CREEK,5094,CITY OF SALISBURY,2,0,0,0,0,2019,June,Wednesday,7:00 PM,80,T-Junction,Straight road,Level,Not Applicable,Sealed,Dry,Not Raining,Night,Rear End,2,Driver Rider,1: PDO,Traffic Signals,,,1328672.58,1683237.82,1.33E+13
2019-6365-27/05/2021,3 Country,SANDY CREEK,5350,THE BAROSSA COUNCIL.,2,1,0,0,1,2019,June,Wednesday,8:05 PM,90,Not Divided,"CURVED, VIEW OPEN",Level,Not Applicable,Sealed,Dry,Not Raining,Night,Hit Fixed Object,1,Driver Rider,2: MI,No Control,,,1352441.39,1706164.26,1.35E+13
2019-6366-27/05/2021,2 Metropolitan,ROSEWORTHY,5371,LIGHT REGIONAL COUNCIL,2,0,0,0,0,2019,June,Thursday,12:55 AM,50,T-Junction,Straight road,Level,Not Applicable,Sealed,Dry,Not Raining,Night,Hit Fixed Object,1,Driver Rider,1: PDO,No Control,,,1343109.22,1713629.47,1.34E+13
2019-6367-27/05/2021,2 Metropolitan,HOLDEN HILL,5088,CITY OF TEA TREE GULLY,2,1,0,1,0,2019,June,Thursday,6:30 AM,60,T-Junction,Straight road,Bottom of Hill,Not Applicable,Sealed,Dry,Not Raining,Night,Right Angle,2,Driver Rider,3: SI,Give Way Sign,,,1335081.04,1678894.68,1.34E+13
2019-6368-27/05/2021,3 Country,CURRENCY CREEK,5214,ALEXANDRINA COUNCIL,2,0,0,0,0,2019,June,Friday,9:30 PM,50,Not Divided,"CURVED, VIEW OBSCURED",Bottom of Hill,"Bridge, Culvert, Causeway",Sealed,Dry,Not Raining,Night,Hit Fixed Object,1,Driver Rider,1: PDO,No Control,Y,,1344958.64,1615677.01,1.34E+13
2019-6369-27/05/2021,2 Metropolitan,RENOWN PARK,5008,CITY OF CHARLES STURT,2,0,0,0,0,2019,June,Thursday,6:00 AM,50,Not Divided,Straight road,Level,Not Applicable,Sealed,Dry,Not Raining,Night,Hit Parked Vehicle,1,Driver Rider,1: PDO,No Control,,,1326968.43,1674614.86,1.33E+13
2019-6370-27/05/2021,2 Metropolitan,EASTWOOD,5063,CITY OF BURNSIDE,2,1,0,1,0,2019,June,Thursday,7:55 AM,60,Divided Road,Straight road,Level,Not Applicable,Sealed,Dry,Not Raining,Daylight,Hit Pedestrian,2,Pedestrian,3: SI,No Control,,,1330075.89,1668989.77,1.33E+13
2019-6371-27/05/2021,2 Metropolitan,ELIZABETH NORTH,5113,CITY OF PLAYFORD.,2,1,0,0,1,2019,June,Thursday,8:30 AM,60,Divided Road,Straight road,Level,Not Applicable,Sealed,Dry,Not Raining,Daylight,Right Angle,2,Driver Rider,2: MI,No Control,,,1336120.77,1694836.45,1.34E+13
2019-6372-27/05/2021,2 Metropolitan,ELIZABETH VALE,5112,CITY OF PLAYFORD.,2,0,0,0,0,2019,June,Thursday,9:15 AM,50,Cross Road,"CURVED, VIEW OPEN",Level,Not Applicable,Sealed,Dry,Not Raining,Daylight,Rear End,2,Driver Rider,1: PDO,Roundabout,,,1334450.22,1689811.49,1.33E+13
2019-6373-27/05/2021,2 Metropolitan,KURRALTA PARK,5037,CITY OF WEST TORRENS,2,0,0,0,0,2019,June,Thursday,8:55 AM,60,Divided Road,Straight road,Level,Not Applicable,Sealed,Dry,Not Raining,Daylight,Rear End,1,Driver Rider,1: PDO,No Control,,,1325724.19,1667676.33,1.33E+13
2019-6374-27/05/2021,2 Metropolitan,PENFIELD GARDENS,5121,CITY OF PLAYFORD.,3,1,0,0,1,2019,June,Thursday,8:20 AM,90,T-Junction,Straight road,Level,Not Applicable,Sealed,Dry,Not Raining,Daylight,Side Swipe,2,Driver Rider,2: MI,No Control,,,1331613.48,1701754.1,1.33E+13
2019-6375-27/05/2021,2 Metropolitan,SALISBURY DOWNS,5108,CITY OF SALISBURY,2,0,0,0,0,2019,June,Thursday,8:50 AM,50,T-Junction,Straight road,Level,Not Applicable,Sealed,Dry,Not Raining,Daylight,Right Angle,2,Driver Rider,1: PDO,Give Way Sign,,,1331587.84,1688193.63,1.33E+13
2019-6376-27/05/2021,2 Metropolitan,PROSPECT,5082,CITY OF PROSPECT,2,0,0,0,0,2019,June,Wednesday,4:15 PM,60,T-Junction,Straight road,Level,Not Applicable,Sealed,Dry,Not Raining,Daylight,Right Angle,2,Driver Rider,1: PDO,No Control,,,1327234.65,1676659.71,1.33E+13
2019-6377-27/05/2021,2 Metropolitan,STONYFELL,5066,CITY OF BURNSIDE,3,1,0,0,1,2019,June,Wednesday,8:50 AM,60,Pedestrian Crossing,Straight road,Level,Not Applicable,Sealed,Dry,Not Raining,Daylight,Rear End,2,Driver Rider,2: MI,Traffic Signals,,,1334716.83,1670045.16,1.33E+13
2019-6378-27/05/2021,3 Country,PETERSVILLE,5571,YORKE PENINSULA COUNCIL,2,0,0,0,0,2019,June,Wednesday,3:15 PM,100,Not Divided,Straight road,Level,Not Applicable,Unsealed,Dry,Not Raining,Daylight,Hit Fixed Object,1,Driver Rider,1: PDO,No Control,,,1264321.67,1742149.08,1.26E+13
2019-6379-27/05/2021,2 Metropolitan,RICHMOND,5033,CITY OF WEST TORRENS,2,0,0,0,0,2019,June,Thursday,10:30 AM,50,Not Divided,Straight road,Level,Not Applicable,Sealed,Dry,Not Raining,Daylight,Rear End,1,Driver Rider,1: PDO,No Control,,,1325557.13,1669110.59,1.33E+13
2019-6380-27/05/2021,3 Country,MOUNT OBSERVATION,5255,ALEXANDRINA COUNCIL,2,0,0,0,0,2019,June,Thursday,6:50 AM,100,Not Divided,"CURVED, VIEW OPEN",Level,Not Applicable,Sealed,Dry,Not Raining,Night,Hit Animal,2,Animal,1: PDO,No Control,,,1340589.15,1625225.68,1.34E+13
2019-6381-27/05/2021,2 Metropolitan,TRANMERE,5073,CC CAMPBELLTOWN.              ,2,1,0,0,1,2019,June,Tuesday,12:30 PM,60,Not Divided,Straight road,Level,Not Applicable,Sealed,Dry,Not Raining,Daylight,Rear End,1,Driver Rider,2: MI,No Control,,,1334548.5,1671822.94,1.33E+13
2019-6382-27/05/2021,2 Metropolitan,SALISBURY HEIGHTS,5109,CITY OF SALISBURY,2,0,0,0,0,2019,June,Thursday,9:05 AM,80,Divided Road,Straight road,Level,Not Applicable,Sealed,Dry,Not Raining,Daylight,Rear End,2,Driver Rider,1: PDO,No Control,,,1336312.31,1689372.2,1.34E+13
2019-6383-27/05/2021,2 Metropolitan,SOUTH PLYMPTON,5038,CC MARION.                    ,2,1,0,0,1,2019,June,Thursday,11:12 AM,60,Cross Road,Straight road,Level,Not Applicable,Sealed,Dry,Not Raining,Daylight,Rear End,1,Driver Rider,2: MI,Traffic Signals,,,1324270.97,1665104.26,1.32E+13
2019-6384-27/05/2021,2 Metropolitan,PROSPECT,5082,CITY OF PROSPECT,3,0,0,0,0,2019,June,Thursday,11:47 AM,60,Divided Road,Straight road,Level,Median Opening (not at I/S),Sealed,Dry,Not Raining,Daylight,Rear End,2,Driver Rider,1: PDO,No Control,,,1328694.32,1674020.99,1.33E+13
2019-6385-27/05/2021,3 Country,PORT PIRIE,5540,PT.PIRIE CITY & DIST. COUNCIL ,2,1,0,0,1,2019,June,Thursday,10:45 AM,50,Cross Road,Straight road,Level,Not Applicable,Sealed,Dry,Not Raining,Daylight,Hit Pedestrian,2,Pedestrian,2: MI,Roundabout,,,1280001.37,1865634.4,1.28E+13
2019-6386-27/05/2021,2 Metropolitan,CHARLESTON,5244,THE ADELAIDE HILLS COUNCIL,2,0,0,0,0,2019,June,Wednesday,1:30 PM,100,Not Divided,Straight road,Level,"Bridge, Culvert, Causeway",Sealed,Dry,Not Raining,Daylight,Head On,2,Driver Rider,1: PDO,No Control,,,1357207.41,1671943.8,1.36E+13
2019-6387-27/05/2021,2 Metropolitan,SMITHFIELD,5114,CITY OF PLAYFORD.,2,0,0,0,0,2019,June,Wednesday,4:00 PM,50,T-Junction,"CURVED, VIEW OPEN",Level,Not Applicable,Sealed,Dry,Not Raining,Daylight,Rear End,1,Driver Rider,1: PDO,No Control,,,1337526.67,1697026.77,1.34E+13
2019-6388-27/05/2021,2 Metropolitan,FLINDERS PARK,5025,CITY OF CHARLES STURT,2,0,0,0,0,2019,June,Wednesday,3:30 PM,60,Cross Road,Straight road,Level,Not Applicable,Sealed,Dry,Not Raining,Daylight,Rear End,2,Driver Rider,1: PDO,Traffic Signals,,,1323665.75,1673163.02,1.32E+13
2019-6389-27/05/2021,1 City,ADELAIDE,5000,CITY OF ADELAIDE,2,0,0,0,0,2019,June,Thursday,2:00 PM,50,Divided Road,Straight road,Level,Not Applicable,Sealed,Dry,Not Raining,Daylight,Rear End,2,Driver Rider,1: PDO,No Control,,,1328034.5,1670334.91,1.33E+13
2019-6390-27/05/2021,2 Metropolitan,DOVER GARDENS,5048,CC MARION.                    ,2,0,0,0,0,2019,June,Thursday,3:00 PM,60,Cross Road,Straight road,Level,Not Applicable,Sealed,Dry,Not Raining,Daylight,Right Turn,1,Driver Rider,1: PDO,Traffic Signals,,,1322776.93,1660610.37,1.32E+13
2019-6391-27/05/2021,2 Metropolitan,SALISBURY EAST,5109,CITY OF SALISBURY,2,1,0,0,1,2019,June,Friday,8:20 AM,60,Cross Road,Straight road,Level,Not Applicable,Sealed,Dry,Not Raining,Daylight,Right Angle,2,Driver Rider,2: MI,Traffic Signals,,,1334189.82,1684652.72,1.33E+13
2019-6392-27/05/2021,2 Metropolitan,HAMPSTEAD GARDENS,5086,CITY OF PORT ADELAIDE ENFIELD,3,0,0,0,0,2019,June,Thursday,3:32 PM,60,Divided Road,Straight road,Level,Not Applicable,Sealed,Dry,Not Raining,Daylight,Rear End,1,Driver Rider,1: PDO,No Control,,,1331953.42,1676606.87,1.33E+13
2019-6393-27/05/2021,2 Metropolitan,THE RANGE,5172,CITY OF ONKAPARINGA,2,1,0,0,1,2019,June,Thursday,3:29 PM,80,Cross Road,"CURVED, VIEW OPEN",Level,Not Applicable,Sealed,Dry,Not Raining,Daylight,Hit Fixed Object,1,Driver Rider,2: MI,Give Way Sign,,,1330070.93,1636460.96,1.33E+13
2019-6394-27/05/2021,2 Metropolitan,KESWICK,5035,CITY OF WEST TORRENS,2,0,0,0,0,2019,June,Thursday,3:40 PM,60,T-Junction,Straight road,Level,Not Applicable,Sealed,Dry,Not Raining,Daylight,Right Turn,1,Driver Rider,1: PDO,No Control,,,1326549.31,1668969.26,1.33E+13
2019-6395-27/05/2021,2 Metropolitan,UPPER STURT,5156,CC MITCHAM.                   ,2,1,0,0,1,2019,June,Wednesday,4:43 PM,60,Not Divided,Straight road,Crest of Hill,Not Applicable,Sealed,Dry,Not Raining,Daylight,Rear End,2,Driver Rider,2: MI,No Control,,,1334468.86,1659451.89,1.33E+13
2019-6396-27/05/2021,2 Metropolitan,GAWLER BELT,5118,LIGHT REGIONAL COUNCIL,2,0,0,0,0,2019,June,Thursday,4:15 PM,110,Divided Road,Straight road,Level,Not Applicable,Sealed,Dry,Not Raining,Daylight,Hit Fixed Object,1,Driver Rider,1: PDO,No Control,,,1342882.62,1709113.96,1.34E+13
2019-6397-27/05/2021,2 Metropolitan,SOUTH PLYMPTON,5038,CC MARION.                    ,2,1,0,0,1,2019,June,Thursday,3:52 PM,60,Cross Road,Straight road,Level,Not Applicable,Sealed,Dry,Not Raining,Daylight,Right Turn,2,Driver Rider,2: MI,Traffic Signals,,,1324247.86,1666104.37,1.32E+13
2019-6398-27/05/2021,2 Metropolitan,MUNNO PARA,5115,CITY OF PLAYFORD.,2,0,0,0,0,2019,June,Thursday,5:50 PM,60,Divided Road,Straight road,Level,Not Applicable,Sealed,Dry,Not Raining,Night,Rear End,1,Driver Rider,1: PDO,No Control,,,1337779.54,1697989.39,1.34E+13
2019-6399-27/05/2021,2 Metropolitan,LEABROOK,5068,CITY OF BURNSIDE,2,0,0,0,0,2019,June,Thursday,5:47 PM,60,Cross Road,Straight road,Level,Not Applicable,Sealed,Dry,Not Raining,Night,Right Angle,1,Driver Rider,1: PDO,Traffic Signals,,,1333899.19,1670462.72,1.33E+13
2019-6400-27/05/2021,2 Metropolitan,HOPE VALLEY,5090,CITY OF TEA TREE GULLY,3,1,0,0,1,2019,June,Thursday,6:05 PM,60,T-Junction,Straight road,Crest of Hill,Not Applicable,Sealed,Dry,Not Raining,Night,Right Angle,2,Driver Rider,2: MI,No Control,,,1338097.39,1679009.39,1.34E+13
2019-6401-27/05/2021,2 Metropolitan,NORWOOD,5067,"CC OF NORWOOD,PAYNEHAM & ST PETERS",2,0,0,0,0,2019,June,Thursday,7:00 PM,60,Cross Road,Straight road,Level,Not Applicable,Sealed,Dry,Not Raining,Night,Right Angle,1,Driver Rider,1: PDO,Stop Sign,,,1331874.28,1670398.69,1.33E+13
2019-6402-27/05/2021,3 Country,WHYALLA,5600,CC WHYALLA.                   ,2,0,0,0,0,2019,June,Thursday,5:11 PM,60,Cross Road,Straight road,Level,Not Applicable,Unsealed,Dry,Not Raining,Daylight,Right Angle,1,Driver Rider,1: PDO,Give Way Sign,,,1239467.5,1883186.01,1.24E+13
2019-6403-27/05/2021,2 Metropolitan,BALHANNAH,5242,THE ADELAIDE HILLS COUNCIL,2,0,0,0,0,2019,June,Thursday,5:45 PM,80,Not Divided,Straight road,Bottom of Hill,Not Applicable,Sealed,Dry,Not Raining,Night,Hit Fixed Object,1,Driver Rider,1: PDO,No Control,,,1346188.37,1663451.22,1.35E+13
2019-6404-27/05/2021,2 Metropolitan,HALLETT COVE,5158,CC MARION.                    ,2,1,0,0,1,2019,June,Wednesday,1:15 PM,50,Divided Road,Straight road,Level,Driveway or Entrance,Sealed,Dry,Not Raining,Daylight,Right Angle,2,Driver Rider,2: MI,No Control,,,1320237.39,1653978.48,1.32E+13
2019-6405-27/05/2021,2 Metropolitan,GAWLER SOUTH,5118,CT GAWLER.                    ,2,1,0,0,1,2019,June,Thursday,8:55 PM,50,T-Junction,Straight road,Level,Not Applicable,Sealed,Dry,Not Raining,Night,Right Angle,1,Driver Rider,2: MI,No Control,,,1343088.4,1705805.71,1.34E+13
2019-6406-27/05/2021,3 Country,MOUNT GAMBIER,5290,CC MT.GAMBIER.                ,3,1,0,0,1,2019,June,Thursday,9:15 PM,50,Cross Road,Straight road,Level,Not Applicable,Sealed,Dry,Not Raining,Night,Right Angle,2,Driver Rider,2: MI,Give Way Sign,,,1509929.03,1339849.75,1.51E+13
2019-6407-27/05/2021,3 Country,ASHBOURNE,5157,ALEXANDRINA COUNCIL,4,0,0,0,0,2019,June,Thursday,2:30 PM,100,Not Divided,Straight road,Level,"Bridge, Culvert, Causeway",Sealed,Dry,Not Raining,Daylight,Hit Fixed Object,1,Driver Rider,1: PDO,No Control,,,1341080.32,1628361.54,1.34E+13
2019-6408-27/05/2021,2 Metropolitan,ROSSLYN PARK,5072,CITY OF BURNSIDE,2,0,0,0,0,2019,June,Thursday,10:10 PM,60,Cross Road,Straight road,Slope,Not Applicable,Sealed,Dry,Not Raining,Night,Right Angle,1,Driver Rider,1: PDO,Roundabout,,,1335500.57,1671157.56,1.34E+13
2019-6409-27/05/2021,2 Metropolitan,GLENELG EAST,5045,CITY OF HOLDFAST BAY,2,1,0,1,0,2019,June,Thursday,11:30 PM,60,Divided Road,Straight road,Level,Not Applicable,Sealed,Dry,Not Raining,Night,Hit Fixed Object,1,Driver Rider,3: SI,No Control,,,1321024.99,1664979.79,1.32E+13
2019-6410-27/05/2021,2 Metropolitan,OAKDEN,5086,CITY OF PORT ADELAIDE ENFIELD,3,0,0,0,0,2019,June,Friday,7:05 AM,70,Divided Road,Straight road,Level,Not Applicable,Sealed,Dry,Not Raining,Night,Rear End,1,Driver Rider,1: PDO,No Control,,,1332594.37,1679324.4,1.33E+13
2019-6411-27/05/2021,2 Metropolitan,CROYDON PARK,5008,CITY OF PORT ADELAIDE ENFIELD,2,0,0,0,0,2019,June,Friday,8:01 AM,60,Cross Road,Straight road,Level,Not Applicable,Sealed,Dry,Not Raining,Daylight,Right Turn,1,Driver Rider,1: PDO,Traffic Signals,,,1326082.02,1675556.39,1.33E+13
2019-6412-27/05/2021,2 Metropolitan,NORWOOD,5067,"CC OF NORWOOD,PAYNEHAM & ST PETERS",3,0,0,0,0,2019,June,Friday,7:40 AM,60,Divided Road,Straight road,Slope,Not Applicable,Sealed,Dry,Not Raining,Daylight,Rear End,1,Driver Rider,1: PDO,No Control,,,1332258.02,1671116.04,1.33E+13
2019-6413-27/05/2021,2 Metropolitan,TORRENS PARK,5062,CC MITCHAM.                   ,2,0,0,0,0,2019,June,Friday,8:20 AM,60,T-Junction,Straight road,Slope,Not Applicable,Sealed,Dry,Not Raining,Daylight,Right Angle,2,Driver Rider,1: PDO,Give Way Sign,,,1329215.75,1663423.47,1.33E+13
2019-6414-27/05/2021,2 Metropolitan,GLENELG SOUTH,5045,CITY OF HOLDFAST BAY,2,0,0,0,0,2019,June,Thursday,6:30 PM,50,Cross Road,Straight road,Level,Not Applicable,Sealed,Dry,Not Raining,Night,Right Angle,1,Driver Rider,1: PDO,Stop Sign,,,1320830.32,1663765.12,1.32E+13
2019-6415-27/05/2021,2 Metropolitan,SALISBURY NORTH,5108,CITY OF SALISBURY,2,1,0,0,1,2019,June,Friday,8:45 AM,50,Cross Road,"CURVED, VIEW OPEN",Level,Not Applicable,Sealed,Dry,Not Raining,Daylight,Right Angle,2,Driver Rider,2: MI,Give Way Sign,,,1332609.95,1690193.38,1.33E+13
2019-6416-27/05/2021,1 City,ADELAIDE,5000,CITY OF ADELAIDE,2,0,0,0,0,2019,June,Thursday,5:21 PM,50,Cross Road,Straight road,Level,Not Applicable,Sealed,Dry,Not Raining,Night,Right Turn,2,Driver Rider,1: PDO,Traffic Signals,,,1329034.22,1670362.17,1.33E+13
2019-6417-27/05/2021,2 Metropolitan,CLOVELLY PARK,5042,CC MARION.                    ,2,1,0,1,0,2019,June,Thursday,12:30 PM,50,T-Junction,Straight road,Level,Not Applicable,Sealed,Dry,Not Raining,Daylight,Right Angle,2,Driver Rider,3: SI,No Control,,,1325769.73,1662649.74,1.33E+13
2019-6418-27/05/2021,3 Country,WELBOURN HILL,5724,,1,1,0,0,1,2019,June,Thursday,5:30 PM,110,T-Junction,Straight road,Level,Not Applicable,Sealed,Dry,Not Raining,Night,Roll Over,1,Driver Rider,2: MI,No Control,,,863797.8,2518552.37,8.64E+12
2019-6419-27/05/2021,2 Metropolitan,ST AGNES,5097,CITY OF TEA TREE GULLY,2,1,0,0,1,2019,June,Friday,3:55 PM,60,Cross Road,Straight road,Level,Not Applicable,Sealed,Dry,Not Raining,Daylight,Rear End,2,Driver Rider,2: MI,Traffic Signals,,,1339724.11,1681912.39,1.34E+13
2019-6420-27/05/2021,2 Metropolitan,KIDMAN PARK,5025,CITY OF CHARLES STURT,2,0,0,0,0,2019,June,Friday,10:27 AM,60,T-Junction,Straight road,Level,Not Applicable,Sealed,Dry,Not Raining,Daylight,Right Angle,1,Driver Rider,1: PDO,No Control,,,1321925.02,1673111.13,1.32E+13
2019-6421-27/05/2021,2 Metropolitan,NEWTON,5074,CC CAMPBELLTOWN.              ,2,0,0,0,0,2019,June,Friday,10:03 AM,60,T-Junction,Straight road,Level,Not Applicable,Sealed,Dry,Not Raining,Daylight,Right Angle,2,Driver Rider,1: PDO,Stop Sign,,,1337017.24,1675378.51,1.34E+13
2019-6422-27/05/2021,2 Metropolitan,ELIZABETH VALE,5112,CITY OF PLAYFORD.,2,1,0,1,0,2019,June,Friday,11:04 AM,60,T-Junction,Straight road,Level,Not Applicable,Sealed,Dry,Not Raining,Daylight,Hit Pedestrian,2,Pedestrian,3: SI,No Control,,,1335254.54,1690056.88,1.34E+13
2019-6423-27/05/2021,2 Metropolitan,OAKLANDS PARK,5046,CC MARION.                    ,3,1,1,0,0,2019,June,Friday,8:57 AM,10,Other,Straight road,Level,Not Applicable,Sealed,Dry,Not Raining,Daylight,Hit Parked Vehicle,1,Driver Rider,4: Fatal,No Control,,,1323289.91,1660692.88,1.32E+13
2019-6424-27/05/2021,2 Metropolitan,MORPHETT VALE,5162,CITY OF ONKAPARINGA,2,3,0,0,3,2019,June,Friday,11:15 AM,60,Cross Road,Straight road,Level,Not Applicable,Sealed,Dry,Not Raining,Daylight,Right Turn,2,Driver Rider,2: MI,Traffic Signals,,,1320740.69,1651011.75,1.32E+13
2019-6425-27/05/2021,3 Country,TANUNDA,5352,THE BAROSSA COUNCIL.,3,0,0,0,0,2019,June,Friday,12:55 PM,50,Not Divided,Straight road,Level,Not Applicable,Sealed,Dry,Not Raining,Daylight,Side Swipe,1,Driver Rider,1: PDO,No Control,,,1362327.42,1713546.89,1.36E+13
2019-6426-27/05/2021,2 Metropolitan,PLYMPTON PARK,5038,CC MARION.                    ,3,0,0,0,0,2019,July,Tuesday,4:36 PM,50,T-Junction,Straight road,Level,Not Applicable,Sealed,Dry,Not Raining,Daylight,Rear End,1,Driver Rider,1: PDO,No Control,,,1323741.22,1664739.04,1.32E+13
2019-6427-27/05/2021,1 City,ADELAIDE,5000,CITY OF ADELAIDE,2,0,0,0,0,2019,June,Friday,12:30 PM,50,T-Junction,Straight road,Level,Not Applicable,Sealed,Dry,Not Raining,Daylight,Side Swipe,1,Driver Rider,1: PDO,No Control,,,1327928.7,1670388.38,1.33E+13