REPORT_ID,Stats Area,Suburb,Postcode,LGA Name,Total Units,Total Cas,Total Fats,Total SI,Total MI,Year,Month,Day,Time,Area Speed,Position Type,Horizontal Align,Vertical Align,Other Feat,Road Surface,Moisture Cond,Weather Cond,DayNight,Crash Type,Unit Resp,Entity Code,CSEF Severity,Traffic Ctrls,DUI Involved,Drugs Involved,ACCLOC_X,ACCLOC_Y,UNIQUE_LOC
2019-6512-27/05/2021,2 Metropolitan,EDINBURGH NORTH,5113,CITY OF PLAYFORD.,2,0,0,0,0,2019,July,Monday,8:20 AM,60,Cross Road,Straight road,Level,Not Applicable,Sealed,Dry,Not Raining,Daylight,Hit Pedestrian,1,Driver Rider,1: PDO,Roundabout,,,1335244.84,1695358.22,1.34E+13
2019-6513-27/05/2021,3 Country,NORTH YELTA,5558,COPPER COAST DISTRICT COUNCIL,3,0,0,0,0,2019,June,Sunday,4:30 PM,100,Not Divided,Straight road,Level,Not Applicable,Sealed,Dry,Not Raining,Daylight,Hit Fixed Object,1,Driver Rider,1: PDO,No Control,,,1242136.49,1769275.8,1.24E+13
2019-6514-27/05/2021,2 Metropolitan,THEBARTON,5031,CITY OF WEST TORRENS,2,1,0,0,1,2019,July,Monday,10:51 AM,60,Divided Road,Straight road,Level,Driveway or Entrance,Sealed,Dry,Not Raining,Daylight,Side Swipe,1,Driver Rider,2: MI,No Control,,,1326530.69,1671915.75,1.33E+13
2019-6515-27/05/2021,1 City,ADELAIDE,5000,CITY OF ADELAIDE,2,1,0,0,1,2019,July,Monday,11:25 AM,50,Divided Road,Straight road,Level,Not Applicable,Sealed,Dry,Not Raining,Daylight,Hit Pedestrian,2,Pedestrian,2: MI,No Control,,,1328735.38,1671151.09,1.33E+13
2019-6516-27/05/2021,2 Metropolitan,MUNNO PARA,5115,CITY OF PLAYFORD.,2,0,0,0,0,2019,May,Monday,11:00 AM,50,Not Divided,Straight road,Level,Not Applicable,Sealed,Dry,Not Raining,Daylight,Hit Pedestrian,2,Driver Rider,1: PDO,No Control,,,1336761.42,1698662.65,1.34E+13
2019-6517-27/05/2021,2 Metropolitan,NAILSWORTH,5083,CITY OF PROSPECT,2,0,0,0,0,2019,July,Monday,8:20 AM,60,T-Junction,Straight road,Level,Not Applicable,Sealed,Dry,Not Raining,Daylight,Right Turn,2,Driver Rider,1: PDO,Stop Sign,,,1328909.36,1675084.2,1.33E+13
2019-6518-27/05/2021,2 Metropolitan,WOODVILLE SOUTH,5011,CITY OF CHARLES STURT,2,0,0,0,0,2019,July,Monday,11:59 AM,60,Divided Road,Straight road,Level,Not Applicable,Sealed,Dry,Not Raining,Daylight,Rear End,1,Driver Rider,1: PDO,No Control,,,1322751.21,1675814.26,1.32E+13
2019-6519-27/05/2021,2 Metropolitan,FERRYDEN PARK,5010,CITY OF PORT ADELAIDE ENFIELD,2,1,0,0,1,2019,July,Monday,1:16 PM,60,Divided Road,Straight road,Level,Not Applicable,Sealed,Dry,Not Raining,Daylight,Side Swipe,1,Driver Rider,2: MI,No Control,,,1325209.43,1676354.19,1.33E+13
2019-6520-27/05/2021,2 Metropolitan,KINGS PARK,5034,CITY OF UNLEY,2,0,0,0,0,2019,July,Monday,1:35 PM,60,Divided Road,Straight road,Level,Driveway or Entrance,Sealed,Dry,Not Raining,Daylight,Right Angle,2,Driver Rider,1: PDO,No Control,,,1327505.99,1666268.02,1.33E+13
2019-6521-27/05/2021,3 Country,MOUNT GAMBIER,5290,CC MT.GAMBIER.                ,2,0,0,0,0,2019,July,Monday,2:30 PM,60,T-Junction,Straight road,Level,Not Applicable,Sealed,Dry,Not Raining,Daylight,Right Angle,2,Driver Rider,1: PDO,No Control,,,1511396.45,1338826.26,1.51E+13
2019-6522-27/05/2021,2 Metropolitan,MITCHELL PARK,5043,CC MARION.                    ,2,0,0,0,0,2019,July,Monday,2:00 PM,60,T-Junction,Straight road,Level,Not Applicable,Sealed,Dry,Not Raining,Daylight,Right Angle,1,Driver Rider,1: PDO,No Control,,,1324357.48,1662514.75,1.32E+13
2019-6523-27/05/2021,3 Country,BORDERTOWN,5268,DC TATIARA.                   ,2,2,0,1,1,2019,June,Wednesday,3:15 PM,50,Cross Road,Straight road,Level,Not Applicable,Sealed,Dry,Not Raining,Daylight,Right Angle,1,Driver Rider,3: SI,Give Way Sign,,,1517032.26,1507914.54,1.52E+13
2019-6524-27/05/2021,2 Metropolitan,SEACLIFF PARK,5049,CITY OF HOLDFAST BAY,2,0,0,0,0,2019,June,Friday,8:55 AM,60,T-Junction,Straight road,Slope,Not Applicable,Sealed,Dry,Not Raining,Daylight,Right Turn,2,Driver Rider,1: PDO,Traffic Signals,,,1321187.59,1659325.76,1.32E+13
2019-6525-27/05/2021,2 Metropolitan,PARAFIELD GARDENS,5107,CITY OF SALISBURY,2,0,0,0,0,2019,July,Monday,7:52 AM,60,Divided Road,Straight road,Level,Not Applicable,Sealed,Dry,Not Raining,Daylight,Rear End,2,Driver Rider,1: PDO,No Control,,,1331347.21,1686702.96,1.33E+13
2019-6526-27/05/2021,2 Metropolitan,CROYDON PARK,5008,CITY OF PORT ADELAIDE ENFIELD,2,0,0,0,0,2019,July,Monday,5:53 PM,60,Divided Road,Straight road,Level,Not Applicable,Sealed,Dry,Not Raining,Night,Side Swipe,2,Driver Rider,1: PDO,No Control,,,1326068.94,1675781.27,1.33E+13
2019-6527-27/05/2021,2 Metropolitan,HENLEY BEACH,5022,CITY OF CHARLES STURT,2,1,0,1,0,2019,July,Monday,6:30 PM,50,Cross Road,Straight road,Level,Not Applicable,Sealed,Dry,Not Raining,Night,Right Angle,1,Driver Rider,3: SI,Give Way Sign,,,1319330.99,1672006.57,1.32E+13
2019-6528-27/05/2021,2 Metropolitan,NORWOOD,5067,"CC OF NORWOOD,PAYNEHAM & ST PETERS",2,0,0,0,0,2019,July,Monday,6:57 PM,60,Not Divided,Straight road,Level,Not Applicable,Sealed,Dry,Not Raining,Night,Hit Parked Vehicle,1,Driver Rider,1: PDO,No Control,,,1331746.02,1670396.27,1.33E+13
2019-6529-27/05/2021,2 Metropolitan,TENNYSON,5022,CITY OF CHARLES STURT,1,1,0,1,0,2019,June,Sunday,9:30 PM,60,Divided Road,Straight road,Level,Not Applicable,Sealed,Wet,Raining,Night,Other,1,Driver Rider,3: SI,No Control,,Y,1318176.6,1676153.99,1.32E+13
2019-6530-27/05/2021,2 Metropolitan,DAVOREN PARK,5113,CITY OF PLAYFORD.,2,0,0,0,0,2019,July,Monday,8:55 PM,60,Cross Road,Straight road,Level,Not Applicable,Sealed,Dry,Not Raining,Night,Right Angle,2,Driver Rider,1: PDO,Roundabout,,,1335599.18,1696373.36,1.34E+13
2019-6531-27/05/2021,2 Metropolitan,SURREY DOWNS,5126,CITY OF TEA TREE GULLY,2,0,0,0,0,2019,July,Monday,11:50 PM,50,Not Divided,"CURVED, VIEW OPEN",Level,Not Applicable,Sealed,Dry,Not Raining,Night,Hit Parked Vehicle,1,Driver Rider,1: PDO,No Control,,,1338777.27,1683968.03,1.34E+13
2019-6532-27/05/2021,2 Metropolitan,HACKHAM,5163,CITY OF ONKAPARINGA,3,0,0,0,0,2019,July,Monday,2:05 PM,50,Not Divided,"CURVED, VIEW OPEN",Level,Not Applicable,Sealed,Dry,Not Raining,Daylight,Hit Parked Vehicle,1,Driver Rider,1: PDO,No Control,,Y,1321822.16,1646487.08,1.32E+13
2019-6533-27/05/2021,2 Metropolitan,CROYDON PARK,5008,CITY OF PORT ADELAIDE ENFIELD,2,0,0,0,0,2019,July,Tuesday,10:40 AM,60,Divided Road,Straight road,Level,Driveway or Entrance,Sealed,Dry,Not Raining,Daylight,Right Angle,2,Driver Rider,1: PDO,No Control,,,1326073.37,1675996.25,1.33E+13
2019-6534-27/05/2021,2 Metropolitan,ALBERTON,5014,CITY OF PORT ADELAIDE ENFIELD,2,1,0,0,1,2019,July,Tuesday,9:50 AM,40,T-Junction,Straight road,Level,Not Applicable,Sealed,Dry,Not Raining,Daylight,Right Angle,2,Driver Rider,2: MI,No Control,,,1320683.53,1679022.92,1.32E+13
2019-6535-27/05/2021,2 Metropolitan,ELIZABETH VALE,5112,CITY OF PLAYFORD.,3,0,0,0,0,2019,July,Monday,5:00 PM,80,Divided Road,Straight road,Level,Not Applicable,Sealed,Dry,Not Raining,Daylight,Rear End,1,Driver Rider,1: PDO,No Control,,,1336128.78,1690747.88,1.34E+13
2019-6536-27/05/2021,2 Metropolitan,TORRENSVILLE,5031,CITY OF WEST TORRENS,2,0,0,0,0,2019,July,Tuesday,1:23 PM,60,Divided Road,Straight road,Level,Not Applicable,Sealed,Dry,Not Raining,Daylight,Side Swipe,2,Driver Rider,1: PDO,No Control,,,1325457.4,1671954.45,1.33E+13
2019-6537-27/05/2021,2 Metropolitan,VALLEY VIEW,5093,CITY OF TEA TREE GULLY,3,2,0,0,2,2019,July,Tuesday,1:27 PM,60,Cross Road,Straight road,Level,Not Applicable,Sealed,Dry,Not Raining,Daylight,Rear End,1,Driver Rider,2: MI,Traffic Signals,,,1335297.49,1679399.6,1.34E+13
2019-6538-27/05/2021,2 Metropolitan,ELIZABETH GROVE,5112,CITY OF PLAYFORD.,2,0,0,0,0,2019,July,Tuesday,1:50 PM,80,Cross Road,Straight road,Level,Not Applicable,Sealed,Dry,Not Raining,Daylight,Rear End,1,Driver Rider,1: PDO,Traffic Signals,,,1336080.31,1692236.44,1.34E+13
2019-6539-27/05/2021,2 Metropolitan,GLOBE DERBY PARK,5110,CITY OF SALISBURY,2,0,0,0,0,2019,July,Tuesday,12:20 PM,90,Divided Road,Straight road,Level,Not Applicable,Sealed,Dry,Not Raining,Daylight,Side Swipe,2,Driver Rider,1: PDO,No Control,,,1328605.5,1687285.12,1.33E+13
2019-6540-27/05/2021,2 Metropolitan,MAWSON LAKES,5095,CITY OF SALISBURY,2,0,0,0,0,2019,July,Tuesday,3:00 PM,50,Cross Road,Straight road,Level,Not Applicable,Sealed,Dry,Not Raining,Daylight,Right Turn,2,Driver Rider,1: PDO,Traffic Signals,,,1330469.76,1683414.48,1.33E+13
2019-6541-27/05/2021,2 Metropolitan,MODBURY,5092,CITY OF TEA TREE GULLY,2,0,0,0,0,2019,July,Tuesday,3:14 PM,60,Divided Road,"CURVED, VIEW OPEN",Level,Not Applicable,Sealed,Dry,Not Raining,Daylight,Side Swipe,1,Driver Rider,1: PDO,No Control,,,1336619.84,1680790.71,1.34E+13
2019-6542-27/05/2021,2 Metropolitan,WILLUNGA,5172,CITY OF ONKAPARINGA,2,0,0,0,0,2019,July,Monday,6:20 PM,80,Not Divided,Straight road,Level,Not Applicable,Sealed,Dry,Not Raining,Night,Hit Animal,2,Animal,1: PDO,No Control,,,1321427.28,1634789.34,1.32E+13
2019-6543-27/05/2021,2 Metropolitan,SALISBURY,5108,CITY OF SALISBURY,2,2,0,0,2,2019,July,Tuesday,3:54 PM,60,T-Junction,Straight road,Level,Not Applicable,Sealed,Dry,Not Raining,Daylight,Right Turn,2,Driver Rider,2: MI,No Control,,,1333449.7,1689383.07,1.33E+13
2019-6544-27/05/2021,2 Metropolitan,FAIRVIEW PARK,5126,CITY OF TEA TREE GULLY,2,1,0,0,1,2019,July,Monday,2:15 PM,50,T-Junction,Straight road,Level,Not Applicable,Sealed,Dry,Not Raining,Daylight,Right Angle,1,Driver Rider,2: MI,No Control,,,1339843.32,1683615.62,1.34E+13
2019-6545-27/05/2021,2 Metropolitan,HAMPSTEAD GARDENS,5086,CITY OF PORT ADELAIDE ENFIELD,2,1,0,0,1,2019,July,Monday,5:45 PM,60,Divided Road,Straight road,Level,Not Applicable,Sealed,Dry,Not Raining,Night,Rear End,2,Driver Rider,2: MI,No Control,,,1332002,1676608.23,1.33E+13
2019-6546-27/05/2021,2 Metropolitan,CRAFERS,5152,THE ADELAIDE HILLS COUNCIL,2,0,0,0,0,2019,July,Tuesday,6:30 PM,60,Not Divided,Straight road,Slope,Not Applicable,Sealed,Dry,Not Raining,Night,Hit Animal,2,Animal,1: PDO,No Control,,,1338283.47,1664581.38,1.34E+13
2019-6547-27/05/2021,2 Metropolitan,BEDFORD PARK,5042,CC MITCHAM.                   ,3,0,0,0,0,2019,July,Tuesday,6:30 PM,60,Divided Road,Straight road,Level,Not Applicable,Sealed,Dry,Not Raining,Night,Rear End,1,Driver Rider,1: PDO,No Control,,,1325778.24,1660718.19,1.33E+13
2019-6548-27/05/2021,2 Metropolitan,MORPHETT VALE,5162,CITY OF ONKAPARINGA,2,0,0,0,0,2019,July,Tuesday,5:30 PM,60,Cross Road,Straight road,Level,Not Applicable,Sealed,Dry,Not Raining,Night,Right Turn,1,Driver Rider,1: PDO,Traffic Signals,,,1320740.69,1651011.75,1.32E+13
2019-6549-27/05/2021,2 Metropolitan,SEACLIFF PARK,5049,CITY OF HOLDFAST BAY,3,0,0,0,0,2019,July,Tuesday,5:30 PM,60,T-Junction,Straight road,Slope,Not Applicable,Sealed,Dry,Not Raining,Night,Right Turn,1,Driver Rider,1: PDO,Traffic Signals,,,1321187.59,1659325.76,1.32E+13
2019-6550-27/05/2021,2 Metropolitan,SALISBURY,5108,CITY OF SALISBURY,2,0,0,0,0,2019,July,Tuesday,6:12 PM,40,Not Divided,Straight road,Level,Driveway or Entrance,Sealed,Dry,Not Raining,Night,Rear End,1,Driver Rider,1: PDO,No Control,,,1333048.38,1688610.76,1.33E+13
2019-6551-27/05/2021,2 Metropolitan,NORWOOD,5067,"CC OF NORWOOD,PAYNEHAM & ST PETERS",2,1,0,0,1,2019,July,Tuesday,7:00 PM,60,Cross Road,Straight road,Level,Not Applicable,Sealed,Dry,Not Raining,Night,Right Angle,1,Driver Rider,2: MI,Traffic Signals,,,1332238.2,1671421.89,1.33E+13
2019-6552-27/05/2021,2 Metropolitan,SALISBURY,5108,CITY OF SALISBURY,2,0,0,0,0,2019,July,Tuesday,8:35 PM,50,Divided Road,Straight road,Level,Driveway or Entrance,Sealed,Dry,Not Raining,Night,Rear End,2,Driver Rider,1: PDO,No Control,,,1333540.99,1688732.41,1.33E+13
2019-6553-27/05/2021,2 Metropolitan,LITTLEHAMPTON,5250,DC MT.BARKER.                 ,2,0,0,0,0,2019,July,Tuesday,7:30 PM,50,T-Junction,Straight road,Bottom of Hill,Not Applicable,Sealed,Dry,Not Raining,Night,Hit Fixed Object,1,Driver Rider,1: PDO,Give Way Sign,,,1353542.68,1657077.02,1.35E+13
2019-6554-27/05/2021,3 Country,MURRAY BRIDGE,5253,RC MURRAY BRIDGE.             ,2,0,0,0,0,2019,July,Tuesday,9:10 PM,50,Cross Road,Straight road,Level,Not Applicable,Sealed,Dry,Not Raining,Night,Right Angle,2,Driver Rider,1: PDO,Give Way Sign,Y,,1388016.7,1647269.43,1.39E+13
2019-6555-27/05/2021,2 Metropolitan,REEVES PLAINS,5502,DC MALLALA.                   ,2,1,0,0,1,2019,July,Tuesday,9:20 PM,100,Not Divided,Straight road,Level,Not Applicable,Sealed,Dry,Not Raining,Night,Hit Fixed Object,1,Driver Rider,2: MI,No Control,,,1330803.62,1707741.76,1.33E+13
2019-6556-27/05/2021,2 Metropolitan,WARD BELT,5118,LIGHT REGIONAL COUNCIL,1,2,0,0,2,2019,July,Tuesday,9:46 PM,80,Not Divided,Straight road,Level,Not Applicable,Unsealed,Dry,Not Raining,Night,Roll Over,1,Driver Rider,2: MI,No Control,,,1340369.16,1707318.78,1.34E+13
2019-6557-27/05/2021,2 Metropolitan,SEMAPHORE PARK,5019,CITY OF PORT ADELAIDE ENFIELD,2,0,0,0,0,2019,July,Wednesday,12:37 AM,60,Not Divided,Straight road,Level,Not Applicable,Sealed,Dry,Not Raining,Night,Hit Parked Vehicle,1,Driver Rider,1: PDO,No Control,,,1318027.2,1679337.27,1.32E+13
2019-6558-27/05/2021,2 Metropolitan,GLENELG NORTH,5045,CITY OF HOLDFAST BAY,2,1,0,0,1,2019,July,Wednesday,1:00 AM,50,T-Junction,Straight road,Level,Not Applicable,Sealed,Dry,Not Raining,Night,Hit Fixed Object,1,Driver Rider,2: MI,No Control,,,1320617.15,1665312.56,1.32E+13
2019-6559-27/05/2021,2 Metropolitan,PARALOWIE,5108,CITY OF SALISBURY,2,0,0,0,0,2019,July,Wednesday,1:25 AM,50,T-Junction,"CURVED, VIEW OPEN",Level,Not Applicable,Sealed,Dry,Not Raining,Night,Hit Fixed Object,1,Driver Rider,1: PDO,No Control,,,1330947.7,1690079,1.33E+13
2019-6560-27/05/2021,2 Metropolitan,GULFVIEW HEIGHTS,5096,CITY OF SALISBURY,2,0,0,0,0,2019,July,Wednesday,2:12 AM,60,T-Junction,Straight road,Slope,Not Applicable,Sealed,Dry,Not Raining,Night,Hit Fixed Object,1,Driver Rider,1: PDO,No Control,Y,,1334426.81,1684341.95,1.33E+13
2019-6561-27/05/2021,2 Metropolitan,LOCKLEYS,5032,CITY OF WEST TORRENS,2,0,0,0,0,2019,July,Wednesday,5:35 AM,60,Divided Road,Straight road,Level,Not Applicable,Sealed,Dry,Not Raining,Night,Rear End,1,Driver Rider,1: PDO,No Control,,,1320940.43,1670115.67,1.32E+13
2019-6562-27/05/2021,2 Metropolitan,HUMBUG SCRUB,5114,CITY OF PLAYFORD.,2,0,0,0,0,2019,July,Wednesday,5:50 AM,100,Not Divided,"CURVED, VIEW OBSCURED",Slope,Not Applicable,Sealed,Dry,Not Raining,Night,Hit Fixed Object,9,Other,1: PDO,No Control,,,1349771.82,1694493.76,1.35E+13
2019-6563-27/05/2021,2 Metropolitan,KESWICK,5035,CITY OF WEST TORRENS,2,0,0,0,0,2019,July,Wednesday,7:20 AM,60,Divided Road,Straight road,Level,Not Applicable,Sealed,Dry,Not Raining,Night,Side Swipe,1,Driver Rider,1: PDO,No Control,,,1325809.91,1668792.26,1.33E+13
2019-6564-27/05/2021,2 Metropolitan,KENSINGTON,5068,"CC OF NORWOOD,PAYNEHAM & ST PETERS",3,0,0,0,0,2019,July,Wednesday,8:29 AM,50,T-Junction,Straight road,Level,Roadworks,Sealed,Dry,Not Raining,Daylight,Hit Parked Vehicle,1,Driver Rider,1: PDO,No Control,,,1333062.52,1670919.39,1.33E+13
2019-6565-27/05/2021,2 Metropolitan,BEULAH PARK,5067,CITY OF BURNSIDE,2,0,0,0,0,2019,July,Tuesday,8:15 PM,60,Not Divided,Straight road,Level,Not Applicable,Sealed,Dry,Not Raining,Night,Side Swipe,2,Driver Rider,1: PDO,No Control,,,1332243.66,1671558.65,1.33E+13
2019-6566-27/05/2021,2 Metropolitan,COROMANDEL EAST,5157,CITY OF ONKAPARINGA,2,1,0,0,1,2019,July,Wednesday,7:40 AM,80,Not Divided,Straight road,Slope,Not Applicable,Sealed,Dry,Not Raining,Daylight,Hit Animal,2,Animal,2: MI,No Control,,,1333575.41,1657562.97,1.33E+13
2019-6567-27/05/2021,2 Metropolitan,GAWLER BELT,5118,LIGHT REGIONAL COUNCIL,2,0,0,0,0,2019,July,Tuesday,3:35 PM,80,T-Junction,"CURVED, VIEW OBSCURED",Bottom of Hill,Not Applicable,Sealed,Dry,Not Raining,Daylight,Rear End,2,Driver Rider,1: PDO,Give Way Sign,,,1343193.19,1709546.95,1.34E+13
2019-6568-27/05/2021,2 Metropolitan,SOUTH BRIGHTON,5048,CITY OF HOLDFAST BAY,2,0,0,0,0,2019,July,Wednesday,10:10 AM,60,T-Junction,Straight road,Level,Not Applicable,Sealed,Dry,Not Raining,Daylight,Right Angle,1,Driver Rider,1: PDO,No Control,,,1321162.95,1660174.3,1.32E+13
2019-6569-27/05/2021,2 Metropolitan,MAGILL,5072,CC CAMPBELLTOWN.              ,3,0,0,0,0,2019,July,Wednesday,10:35 AM,60,T-Junction,Straight road,Slope,Not Applicable,Sealed,Dry,Not Raining,Daylight,Right Angle,1,Driver Rider,1: PDO,No Control,,,1335120.78,1671837.96,1.34E+13
2019-6570-27/05/2021,3 Country,MOUNT GAMBIER,5290,CC MT.GAMBIER.                ,2,0,0,0,0,2019,July,Wednesday,4:15 AM,50,Not Divided,Straight road,Level,Driveway or Entrance,Sealed,Wet,Not Raining,Night,Hit Parked Vehicle,1,Driver Rider,1: PDO,No Control,,,1510733.71,1338680.94,1.51E+13
2019-6571-27/05/2021,1 City,ADELAIDE,5000,CITY OF ADELAIDE,2,0,0,0,0,2019,July,Wednesday,9:22 AM,50,Divided Road,Straight road,Level,Not Applicable,Sealed,Dry,Not Raining,Daylight,Side Swipe,1,Driver Rider,1: PDO,No Control,,,1328516.63,1671136.25,1.33E+13
2019-6572-27/05/2021,2 Metropolitan,VALLEY VIEW,5093,CITY OF PORT ADELAIDE ENFIELD,2,0,0,0,0,2019,July,Tuesday,4:00 PM,60,T-Junction,Straight road,Level,Not Applicable,Sealed,Dry,Not Raining,Daylight,Right Turn,2,Driver Rider,1: PDO,Traffic Signals,,,1334550.17,1679386.94,1.33E+13
2019-6573-27/05/2021,2 Metropolitan,GLENELG EAST,5045,CITY OF HOLDFAST BAY,2,0,0,0,0,2019,June,Thursday,2:30 PM,50,Not Divided,Straight road,Level,Not Applicable,Sealed,Dry,Not Raining,Daylight,Right Angle,2,Driver Rider,1: PDO,No Control,,,1321092.8,1664920.11,1.32E+13
2019-6574-27/05/2021,2 Metropolitan,POORAKA,5095,CITY OF SALISBURY,2,0,0,0,0,2019,July,Wednesday,5:30 AM,70,T-Junction,"CURVED, VIEW OPEN",Level,Not Applicable,Sealed,Dry,Not Raining,Night,Side Swipe,1,Driver Rider,1: PDO,Traffic Signals,,,1330341.99,1681645.83,1.33E+13
2019-6575-27/05/2021,2 Metropolitan,ELIZABETH PARK,5113,CITY OF PLAYFORD.,2,0,0,0,0,2019,July,Wednesday,2:15 PM,60,Divided Road,Straight road,Level,Not Applicable,Sealed,Dry,Not Raining,Daylight,Rear End,2,Driver Rider,1: PDO,No Control,,,1336247.97,1693362.55,1.34E+13
2019-6576-27/05/2021,2 Metropolitan,NORTH HAVEN,5018,CITY OF PORT ADELAIDE ENFIELD,2,1,0,0,1,2019,July,Tuesday,5:50 PM,60,Not Divided,Straight road,Level,Not Applicable,Sealed,Wet,Raining,Night,Hit Fixed Object,1,Driver Rider,2: MI,No Control,,,1318618.05,1686925.69,1.32E+13
2019-6577-27/05/2021,3 Country,ORROROO,5431,DC OF ORROROO/CARRIETON,2,1,0,0,1,2019,July,Wednesday,11:55 AM,60,Not Divided,Straight road,Level,Driveway or Entrance,Unsealed,Dry,Not Raining,Daylight,Hit Pedestrian,1,Driver Rider,2: MI,No Control,,,1337697.42,1913157.86,1.34E+13
2019-6578-27/05/2021,2 Metropolitan,EVANDALE,5069,"CC OF NORWOOD,PAYNEHAM & ST PETERS",2,0,0,0,0,2019,July,Wednesday,12:50 PM,50,T-Junction,Straight road,Level,Not Applicable,Sealed,Dry,Not Raining,Daylight,Right Angle,2,Driver Rider,1: PDO,No Control,,,1331631.62,1672825.14,1.33E+13
2019-6579-27/05/2021,2 Metropolitan,MAWSON LAKES,5095,CITY OF SALISBURY,2,0,0,0,0,2019,July,Wednesday,3:45 PM,70,Divided Road,Straight road,Level,Not Applicable,Sealed,Dry,Not Raining,Daylight,Rear End,2,Driver Rider,1: PDO,No Control,,,1329134.59,1683885.29,1.33E+13
2019-6580-27/05/2021,3 Country,MURRAY BRIDGE,5253,RC MURRAY BRIDGE.             ,2,0,0,0,0,2019,July,Wednesday,3:05 PM,50,Cross Road,Straight road,Slope,Not Applicable,Sealed,Dry,Not Raining,Daylight,Right Turn,2,Driver Rider,1: PDO,Give Way Sign,,,1389372.14,1646826.6,1.39E+13
2019-6581-27/05/2021,2 Metropolitan,SALISBURY EAST,5109,CITY OF SALISBURY,2,0,0,0,0,2019,July,Wednesday,3:30 PM,60,Cross Road,Straight road,Level,Not Applicable,Sealed,Dry,Not Raining,Daylight,Rear End,2,Driver Rider,1: PDO,Traffic Signals,,,1333289.2,1685362.95,1.33E+13
2019-6582-27/05/2021,2 Metropolitan,FULHAM GARDENS,5024,CITY OF CHARLES STURT,2,1,0,0,1,2019,July,Wednesday,4:33 PM,60,Divided Road,Straight road,Level,Not Applicable,Sealed,Dry,Not Raining,Daylight,Hit Parked Vehicle,1,Driver Rider,2: MI,No Control,,,1320905.85,1671093.29,1.32E+13
2019-6583-27/05/2021,2 Metropolitan,ABERFOYLE PARK,5159,CITY OF ONKAPARINGA,1,1,0,1,0,2019,July,Wednesday,2:10 PM,60,Not Divided,Straight road,Slope,Not Applicable,Sealed,Dry,Not Raining,Daylight,Roll Over,1,Driver Rider,3: SI,No Control,,,1328731.38,1655362.19,1.33E+13
2019-6584-27/05/2021,2 Metropolitan,GILLES PLAINS,5086,CITY OF PORT ADELAIDE ENFIELD,3,0,0,0,0,2019,July,Wednesday,4:45 PM,50,T-Junction,Straight road,Level,Not Applicable,Sealed,Dry,Not Raining,Daylight,Right Angle,2,Driver Rider,1: PDO,No Control,,,1334246.97,1679279.72,1.33E+13
2019-6585-27/05/2021,2 Metropolitan,PARADISE,5075,CC CAMPBELLTOWN.              ,2,0,0,0,0,2019,July,Wednesday,5:10 PM,60,T-Junction,Straight road,Level,Not Applicable,Sealed,Dry,Not Raining,Daylight,Right Angle,2,Driver Rider,1: PDO,No Control,,,1335332.41,1675923.66,1.34E+13
2019-6586-27/05/2021,2 Metropolitan,SEATON,5023,CITY OF CHARLES STURT,3,0,0,0,0,2019,July,Wednesday,5:45 PM,60,T-Junction,Straight road,Level,Not Applicable,Sealed,Dry,Not Raining,Night,Rear End,1,Driver Rider,1: PDO,No Control,,,1320709.92,1675884.05,1.32E+13
2019-6587-27/05/2021,2 Metropolitan,GILLES PLAINS,5086,CITY OF PORT ADELAIDE ENFIELD,2,0,0,0,0,2019,July,Wednesday,6:30 PM,60,T-Junction,Straight road,Level,Not Applicable,Sealed,Dry,Not Raining,Night,Right Angle,2,Driver Rider,1: PDO,Stop Sign,,,1333652.43,1679359.16,1.33E+13
2019-6588-27/05/2021,2 Metropolitan,FULLARTON,5063,CITY OF UNLEY,2,2,0,0,2,2019,July,Wednesday,6:25 PM,60,Cross Road,Straight road,Level,Not Applicable,Sealed,Dry,Not Raining,Night,Right Turn,1,Driver Rider,2: MI,Traffic Signals,,,1330731.84,1667482.42,1.33E+13
2019-6589-27/05/2021,2 Metropolitan,EDWARDSTOWN,5039,CC MARION.                    ,3,0,0,0,0,2019,July,Thursday,2:03 AM,50,T-Junction,Straight road,Level,Not Applicable,Sealed,Dry,Not Raining,Night,Hit Fixed Object,1,Driver Rider,1: PDO,No Control,,,1325296.78,1665073.8,1.33E+13
2019-6590-27/05/2021,2 Metropolitan,MILE END,5031,CITY OF WEST TORRENS,2,1,0,0,1,2019,July,Thursday,8:40 AM,50,T-Junction,Straight road,Level,Not Applicable,Sealed,Dry,Not Raining,Daylight,Right Angle,1,Driver Rider,2: MI,Traffic Signals,,,1326176.06,1670989.9,1.33E+13
2019-6591-27/05/2021,2 Metropolitan,WEST HINDMARSH,5007,CITY OF CHARLES STURT,2,0,0,0,0,2019,July,Thursday,10:10 AM,60,Cross Road,Straight road,Level,Not Applicable,Sealed,Dry,Not Raining,Daylight,Right Angle,2,Driver Rider,1: PDO,Give Way Sign,,,1324994.09,1673199.93,1.32E+13
2019-6592-27/05/2021,2 Metropolitan,UNLEY,5061,CITY OF UNLEY,2,0,0,0,0,2019,July,Wednesday,12:30 PM,60,Cross Road,Straight road,Level,Not Applicable,Sealed,Dry,Not Raining,Daylight,Right Angle,2,Driver Rider,1: PDO,Stop Sign,,,1329081.13,1668154.19,1.33E+13
2019-6593-27/05/2021,2 Metropolitan,POORAKA,5095,CITY OF SALISBURY,2,2,0,0,2,2019,July,Thursday,11:00 AM,50,Not Divided,"CURVED, VIEW OPEN",Level,Not Applicable,Sealed,Dry,Not Raining,Daylight,Hit Fixed Object,1,Driver Rider,2: MI,No Control,,,1332140.92,1682049.43,1.33E+13