REPORT_ID,Stats Area,Suburb,Postcode,LGA Name,Total Units,Total Cas,Total Fats,Total SI,Total MI,Year,Month,Day,Time,Area Speed,Position Type,Horizontal Align,Vertical Align,Other Feat,Road Surface,Moisture Cond,Weather Cond,DayNight,Crash Type,Unit Resp,Entity Code,CSEF Severity,Traffic Ctrls,DUI Involved,Drugs Involved,ACCLOC_X,ACCLOC_Y,UNIQUE_LOC
2019-6678-27/05/2021,2 Metropolitan,ROYAL PARK,5014,CITY OF CHARLES STURT,2,1,0,0,1,2019,July,Saturday,11:55 AM,50,Not Divided,Straight road,Level,Not Applicable,Sealed,Dry,Not Raining,Daylight,Hit Parked Vehicle,2,Driver Rider,2: MI,No Control,,,1320531.62,1676817.49,1.32E+13
2019-6679-27/05/2021,2 Metropolitan,WOODSIDE,5244,THE ADELAIDE HILLS COUNCIL,2,2,0,0,2,2019,July,Saturday,3:35 PM,60,Cross Road,Straight road,Level,Not Applicable,Sealed,Dry,Not Raining,Daylight,Rear End,1,Driver Rider,2: MI,No Control,,,1354212.91,1668518.08,1.35E+13
2019-6680-27/05/2021,2 Metropolitan,PARA HILLS WEST,5096,CITY OF SALISBURY,3,1,0,0,1,2019,July,Saturday,2:07 PM,60,Divided Road,Straight road,Level,Not Applicable,Sealed,Dry,Not Raining,Daylight,Hit Fixed Object,1,Driver Rider,2: MI,No Control,,,1334158.74,1684600.13,1.33E+13
2019-6681-27/05/2021,1 City,ADELAIDE,5000,CITY OF ADELAIDE,2,0,0,0,0,2019,July,Saturday,1:00 PM,50,Divided Road,Straight road,Level,Not Applicable,Sealed,Dry,Not Raining,Daylight,Rear End,1,Driver Rider,1: PDO,No Control,,,1328038.3,1670335.03,1.33E+13
2019-6682-27/05/2021,2 Metropolitan,FULLARTON,5063,CITY OF UNLEY,2,0,0,0,0,2019,July,Saturday,3:39 PM,60,Cross Road,Straight road,Level,Not Applicable,Sealed,Dry,Not Raining,Daylight,Right Turn,2,Driver Rider,1: PDO,Traffic Signals,,,1330731.84,1667482.42,1.33E+13
2019-6683-27/05/2021,3 Country,MONARTO SOUTH,5254,RC MURRAY BRIDGE.             ,2,0,0,0,0,2019,July,Saturday,5:11 PM,100,Cross Road,Straight road,Level,Not Applicable,Sealed,Dry,Not Raining,Daylight,Right Angle,2,Driver Rider,1: PDO,Stop Sign,,,1375952.72,1647660.43,1.38E+13
2019-6684-27/05/2021,2 Metropolitan,ELIZABETH VALE,5112,CITY OF PLAYFORD.,2,0,0,0,0,2019,July,Saturday,5:35 PM,60,T-Junction,Straight road,Level,Not Applicable,Sealed,Dry,Not Raining,Night,Rear End,2,Driver Rider,1: PDO,No Control,,,1335254.54,1690056.88,1.34E+13
2019-6685-27/05/2021,2 Metropolitan,SOUTH PLYMPTON,5038,CC MARION.                    ,2,0,0,0,0,2019,July,Saturday,2:40 PM,60,Pedestrian Crossing,Straight road,Level,Not Applicable,Sealed,Dry,Not Raining,Daylight,Rear End,2,Driver Rider,1: PDO,Traffic Signals,,,1324251.77,1665647.27,1.32E+13
2019-6686-27/05/2021,3 Country,TAILEM BEND,5260,COORONG DISTRICT COUNCIL,2,1,1,0,0,2019,July,Saturday,12:10 PM,50,Not Divided,Straight road,Level,Driveway or Entrance,Unsealed,Dry,Not Raining,Daylight,Hit Pedestrian,1,Driver Rider,4: Fatal,No Control,,,1405868.89,1631415.46,1.41E+13
2019-6687-27/05/2021,3 Country,WILGENA,5719,,1,1,0,1,0,2019,July,Friday,9:00 PM,110,Not Divided,Straight road,Level,Not Applicable,Sealed,Dry,Not Raining,Night,Roll Over,1,Driver Rider,3: SI,No Control,,,1032353.2,2177824.78,1.03E+13
2019-6688-27/05/2021,2 Metropolitan,NORWOOD,5067,"CC OF NORWOOD,PAYNEHAM & ST PETERS",2,1,0,0,1,2019,July,Saturday,10:45 PM,50,Cross Road,Straight road,Level,Not Applicable,Sealed,Wet,Raining,Night,Hit Pedestrian,1,Driver Rider,2: MI,Traffic Signals,,,1331854.23,1671077.71,1.33E+13
2019-6689-27/05/2021,2 Metropolitan,WALKERVILLE,5081,WALKERVILLE TOWN COUNCIL,2,0,0,0,0,2019,July,Saturday,10:54 PM,60,Not Divided,Straight road,Level,Not Applicable,Sealed,Dry,Not Raining,Night,Hit Parked Vehicle,1,Driver Rider,1: PDO,No Control,,,1330041,1673659.14,1.33E+13
2019-6690-27/05/2021,2 Metropolitan,PETERHEAD,5016,CITY OF PORT ADELAIDE ENFIELD,2,0,0,0,0,2019,July,Sunday,4:40 AM,50,Other,Straight road,Level,Not Applicable,Sealed,Wet,Raining,Night,Hit Fixed Object,1,Driver Rider,1: PDO,No Control,,,1319377.81,1681567.08,1.32E+13
2019-6691-27/05/2021,2 Metropolitan,GEPPS CROSS,5094,CITY OF PORT ADELAIDE ENFIELD,2,1,0,0,1,2019,July,Saturday,1:19 PM,60,Cross Road,Straight road,Level,Not Applicable,Sealed,Dry,Not Raining,Daylight,Right Turn,2,Driver Rider,2: MI,Traffic Signals,,,1330377.17,1679315.41,1.33E+13
2019-6692-27/05/2021,3 Country,ROWLAND FLAT,5352,THE BAROSSA COUNCIL.,2,0,0,0,0,2019,July,Saturday,5:45 PM,90,Not Divided,Straight road,Slope,Not Applicable,Sealed,Dry,Not Raining,Night,Hit Animal,2,Animal,1: PDO,No Control,,,1360966.64,1709492.13,1.36E+13
2019-6693-27/05/2021,2 Metropolitan,CHERRY GARDENS,5157,CITY OF ONKAPARINGA,2,0,0,0,0,2019,July,Saturday,7:30 PM,60,Not Divided,Straight road,Level,Not Applicable,Sealed,Dry,Not Raining,Night,Hit Animal,2,Animal,1: PDO,No Control,,,1330531.8,1654486.38,1.33E+13
2019-6694-27/05/2021,3 Country,WELLINGTON,5259,RC MURRAY BRIDGE.             ,2,0,0,0,0,2019,July,Saturday,3:25 PM,100,Not Divided,Straight road,Level,Driveway or Entrance,Sealed,Dry,Not Raining,Daylight,Rear End,1,Driver Rider,1: PDO,No Control,,,1397593.57,1625767.72,1.40E+13
2019-6695-27/05/2021,2 Metropolitan,SEFTON PARK,5083,CITY OF PORT ADELAIDE ENFIELD,2,0,0,0,0,2019,July,Sunday,12:11 PM,60,T-Junction,Straight road,Level,Not Applicable,Sealed,Dry,Not Raining,Daylight,Right Angle,2,Driver Rider,1: PDO,No Control,,,1329030.84,1676437.2,1.33E+13
2019-6696-27/05/2021,2 Metropolitan,FITZROY,5082,CITY OF PROSPECT,2,0,0,0,0,2019,July,Saturday,10:00 PM,60,Cross Road,Straight road,Level,Not Applicable,Sealed,Wet,Not Raining,Night,Rear End,1,Driver Rider,1: PDO,Traffic Signals,,,1327525.74,1673625.28,1.33E+13
2019-6697-27/05/2021,3 Country,NARACOORTE,5271,DC NARACOORTE & LUCINDALE.,2,0,0,0,0,2019,July,Sunday,1:00 AM,60,T-Junction,Straight road,Level,Not Applicable,Sealed,Dry,Not Raining,Night,Hit Fixed Object,1,Driver Rider,1: PDO,No Control,,,1509522.16,1436935.05,1.51E+13
2019-6698-27/05/2021,2 Metropolitan,CROYDON PARK,5008,CITY OF PORT ADELAIDE ENFIELD,3,0,0,0,0,2019,July,Sunday,12:25 PM,60,Divided Road,Straight road,Level,Not Applicable,Sealed,Dry,Not Raining,Daylight,Rear End,1,Driver Rider,1: PDO,No Control,,,1326054.07,1676343.3,1.33E+13
2019-6699-27/05/2021,2 Metropolitan,HINDMARSH,5007,CITY OF CHARLES STURT,2,0,0,0,0,2019,July,Sunday,12:15 PM,60,Divided Road,Straight road,Level,Not Applicable,Sealed,Dry,Not Raining,Daylight,Rear End,2,Driver Rider,1: PDO,No Control,,,1325620.04,1673401.05,1.33E+13
2019-6700-27/05/2021,2 Metropolitan,NORTHFIELD,5085,CITY OF PORT ADELAIDE ENFIELD,2,1,0,1,0,2019,July,Sunday,10:57 AM,60,T-Junction,Straight road,Level,Not Applicable,Sealed,Dry,Not Raining,Daylight,Right Turn,1,Driver Rider,3: SI,No Control,,,1330402.07,1678326.47,1.33E+13
2019-6701-27/05/2021,1 City,NORTH ADELAIDE,5006,CITY OF ADELAIDE,2,0,0,0,0,2019,July,Saturday,3:25 PM,50,Divided Road,Straight road,Level,Not Applicable,Sealed,Dry,Not Raining,Daylight,Rear End,1,Driver Rider,1: PDO,No Control,,,1329423.33,1672561.77,1.33E+13
2019-6702-27/05/2021,2 Metropolitan,OLD NOARLUNGA,5168,CITY OF ONKAPARINGA,2,1,0,0,1,2019,July,Sunday,1:44 PM,60,Not Divided,Straight road,Level,Not Applicable,Sealed,Dry,Not Raining,Daylight,Rear End,2,Driver Rider,2: MI,No Control,,,1317984.45,1642264.1,1.32E+13
2019-6703-27/05/2021,2 Metropolitan,NAILSWORTH,5083,CITY OF PROSPECT,2,0,0,0,0,2019,July,Sunday,4:50 PM,60,T-Junction,Straight road,Level,Not Applicable,Sealed,Dry,Not Raining,Daylight,Right Angle,2,Driver Rider,1: PDO,Stop Sign,,,1328915.5,1674838.62,1.33E+13
2019-6704-27/05/2021,3 Country,WITJIRA,5734,,1,1,0,1,0,2019,July,Sunday,9:30 AM,100,Not Divided,Straight road,Level,Not Applicable,Unsealed,Dry,Not Raining,Daylight,Roll Over,1,Driver Rider,3: SI,No Control,,,1106590.66,2631814.87,1.11E+13
2019-6705-27/05/2021,2 Metropolitan,FIRLE,5070,"CC OF NORWOOD,PAYNEHAM & ST PETERS",2,1,0,0,1,2019,July,Sunday,1:00 PM,60,T-Junction,Straight road,Level,Not Applicable,Sealed,Dry,Not Raining,Daylight,Right Angle,2,Driver Rider,2: MI,Stop Sign,,,1333828.96,1672697.56,1.33E+13
2019-6706-27/05/2021,2 Metropolitan,PLYMPTON PARK,5038,CC MARION.                    ,2,0,0,0,0,2019,July,Sunday,6:00 PM,50,Not Divided,Straight road,Level,Not Applicable,Sealed,Dry,Not Raining,Night,Hit Parked Vehicle,1,Driver Rider,1: PDO,No Control,,,1324125.53,1664977.04,1.32E+13
2019-6707-27/05/2021,2 Metropolitan,DAVOREN PARK,5113,CITY OF PLAYFORD.,2,1,0,0,1,2019,July,Sunday,6:31 PM,60,Not Divided,Straight road,Level,Not Applicable,Sealed,Dry,Not Raining,Night,Hit Pedestrian,2,Pedestrian,2: MI,No Control,Y,,1335564.54,1695481.21,1.34E+13
2019-6708-27/05/2021,3 Country,NARACOORTE,5271,DC NARACOORTE & LUCINDALE.,2,0,0,0,0,2019,July,Sunday,5:45 PM,100,Not Divided,"CURVED, VIEW OBSCURED",Level,Not Applicable,Sealed,Wet,Not Raining,Night,Hit Fixed Object,1,Driver Rider,1: PDO,No Control,,,1514069.77,1440490.68,1.51E+13
2019-6709-27/05/2021,2 Metropolitan,SALISBURY DOWNS,5108,CITY OF SALISBURY,2,0,0,0,0,2019,July,Monday,3:25 AM,50,Not Divided,Straight road,Level,Not Applicable,Sealed,Dry,Not Raining,Night,Hit Fixed Object,1,Driver Rider,1: PDO,No Control,,,1332252.28,1687668.93,1.33E+13
2019-6710-27/05/2021,3 Country,VICTOR HARBOR,5211,DC VICTOR HARBOR.             ,2,0,0,0,0,2019,July,Monday,6:20 AM,50,Not Divided,Straight road,Level,Not Applicable,Sealed,Dry,Not Raining,Night,Hit Fixed Object,1,Driver Rider,1: PDO,No Control,,,1327511.74,1600593.4,1.33E+13
2019-6711-27/05/2021,3 Country,CLINTON,5570,YORKE PENINSULA COUNCIL,2,1,0,0,1,2019,July,Monday,3:45 AM,100,T-Junction,"CURVED, VIEW OPEN",Level,Not Applicable,Sealed,Wet,Raining,Night,Hit Fixed Object,1,Driver Rider,2: MI,No Control,,,1275401.92,1747822.42,1.28E+13
2019-6712-27/05/2021,1 City,NORTH ADELAIDE,5006,CITY OF ADELAIDE,2,1,0,1,0,2019,July,Monday,7:30 AM,50,T-Junction,"CURVED, VIEW OPEN",Slope,Not Applicable,Sealed,Wet,Raining,Daylight,Right Angle,1,Driver Rider,3: SI,No Control,,Y,1328470.47,1672343.26,1.33E+13
2019-6713-27/05/2021,2 Metropolitan,WILLASTON,5118,LIGHT REGIONAL COUNCIL,2,0,0,0,0,2019,July,Monday,8:00 AM,110,Divided Road,Straight road,Level,"Bridge, Culvert, Causeway",Sealed,Dry,Not Raining,Daylight,Hit Fixed Object,1,Driver Rider,1: PDO,No Control,,,1343210.72,1709420.06,1.34E+13
2019-6714-27/05/2021,1 City,ADELAIDE,5000,CITY OF ADELAIDE,2,0,0,0,0,2019,July,Monday,8:30 AM,50,Cross Road,Straight road,Level,Not Applicable,Sealed,Dry,Not Raining,Daylight,Right Turn,2,Driver Rider,1: PDO,Traffic Signals,,,1329235.96,1670842.02,1.33E+13
2019-6715-27/05/2021,2 Metropolitan,MAWSON LAKES,5095,CITY OF SALISBURY,2,0,0,0,0,2019,July,Monday,8:00 AM,70,Divided Road,Straight road,Level,Not Applicable,Sealed,Dry,Not Raining,Daylight,Rear End,2,Driver Rider,1: PDO,No Control,,,1329441.5,1684269.75,1.33E+13
2019-6716-27/05/2021,2 Metropolitan,PARKSIDE,5063,CITY OF UNLEY,2,1,0,1,0,2019,July,Monday,8:30 AM,60,Not Divided,Straight road,Level,Not Applicable,Sealed,Dry,Not Raining,Daylight,Hit Pedestrian,2,Pedestrian,3: SI,No Control,,,1330201.12,1668722.45,1.33E+13
2019-6717-27/05/2021,2 Metropolitan,BLAIR ATHOL,5084,CITY OF PORT ADELAIDE ENFIELD,2,1,0,1,0,2019,July,Monday,9:20 AM,50,Not Divided,Straight road,Slope,Roadworks,Sealed,Wet,Raining,Daylight,Hit Pedestrian,2,Pedestrian,3: SI,No Control,,,1328788.01,1677753.93,1.33E+13
2019-6718-27/05/2021,3 Country,MURRAY BRIDGE EAST,5253,RC MURRAY BRIDGE.             ,2,0,0,0,0,2019,July,Monday,6:10 AM,60,Not Divided,Straight road,Level,Not Applicable,Sealed,Wet,Not Raining,Night,Rear End,2,Driver Rider,1: PDO,No Control,,,1391174.32,1647686.04,1.39E+13
2019-6719-27/05/2021,2 Metropolitan,TAPEROO,5017,CITY OF PORT ADELAIDE ENFIELD,3,0,0,0,0,2019,July,Monday,10:30 AM,60,Cross Road,Straight road,Level,Not Applicable,Sealed,Dry,Not Raining,Daylight,Right Angle,1,Driver Rider,1: PDO,Give Way Sign,,,1319467.94,1683563.08,1.32E+13
2019-6720-27/05/2021,2 Metropolitan,MEDINDIE,5081,WALKERVILLE TOWN COUNCIL,2,0,0,0,0,2019,June,Friday,6:00 PM,50,Not Divided,Straight road,Slope,Not Applicable,Sealed,Dry,Not Raining,Night,Hit Parked Vehicle,2,Driver Rider,1: PDO,No Control,,,1328663.01,1673589.56,1.33E+13
2019-6721-27/05/2021,2 Metropolitan,BEVERLEY,5009,CITY OF CHARLES STURT,2,0,0,0,0,2019,July,Monday,10:58 AM,60,Divided Road,Straight road,Level,Driveway or Entrance,Sealed,Wet,Not Raining,Daylight,Hit Fixed Object,1,Driver Rider,1: PDO,No Control,,,1323847.02,1674869.16,1.32E+13
2019-6722-27/05/2021,2 Metropolitan,PARACOMBE,5132,THE ADELAIDE HILLS COUNCIL,2,0,0,0,0,2019,July,Sunday,2:00 PM,80,Not Divided,"CURVED, VIEW OBSCURED",Slope,Not Applicable,Sealed,Wet,Raining,Daylight,Head On,2,Driver Rider,1: PDO,No Control,,,1344075.16,1676961.21,1.34E+13
2019-6723-27/05/2021,2 Metropolitan,WHITES VALLEY,5172,CITY OF ONKAPARINGA,2,1,0,0,1,2019,July,Monday,11:27 AM,80,Cross Road,Straight road,Level,Not Applicable,Sealed,Dry,Not Raining,Daylight,Right Angle,2,Driver Rider,2: MI,Give Way Sign,,,1320139.7,1632399.02,1.32E+13
2019-6724-27/05/2021,2 Metropolitan,DRY CREEK,5094,CITY OF SALISBURY,2,0,0,0,0,2019,July,Monday,11:50 AM,90,Divided Road,"CURVED, VIEW OPEN",Level,Not Applicable,Sealed,Dry,Not Raining,Daylight,Side Swipe,1,Driver Rider,1: PDO,No Control,,,1327423.25,1681296.84,1.33E+13
2019-6725-27/05/2021,2 Metropolitan,ST MARYS,5042,CC MITCHAM.                   ,2,0,0,0,0,2019,July,Thursday,4:15 PM,60,Divided Road,Straight road,Level,Roadworks,Sealed,Dry,Not Raining,Daylight,Side Swipe,2,Driver Rider,1: PDO,No Control,,,1326012.1,1661382.92,1.33E+13
2019-6726-27/05/2021,2 Metropolitan,RICHMOND,5033,CITY OF WEST TORRENS,2,0,0,0,0,2019,July,Monday,12:40 PM,50,Not Divided,Straight road,Level,Driveway or Entrance,Sealed,Dry,Not Raining,Daylight,Hit Pedestrian,1,Driver Rider,1: PDO,No Control,,,1325374.3,1669428.82,1.33E+13
2019-6727-27/05/2021,3 Country,PEEBINGA,5304,LOXTON WAIKERIE DISTRICT COUNCIL,1,1,0,0,1,2019,July,Sunday,8:30 AM,100,Not Divided,Straight road,Level,Not Applicable,Unsealed,Wet,Raining,Daylight,Left Road - Out of Control,1,Driver Rider,2: MI,No Control,,,1539679,1660574.91,1.54E+13
2019-6728-27/05/2021,3 Country,COONALPYN,5265,COORONG DISTRICT COUNCIL,2,2,0,0,2,2019,July,Monday,10:10 AM,110,T-Junction,Straight road,Level,Not Applicable,Sealed,Dry,Not Raining,Daylight,Rear End,2,Driver Rider,2: MI,No Control,,,1439683.44,1580212.41,1.44E+13
2019-6729-27/05/2021,2 Metropolitan,CAMDEN PARK,5038,CITY OF WEST TORRENS,2,1,0,1,0,2019,July,Monday,1:18 PM,60,T-Junction,Straight road,Level,Not Applicable,Sealed,Dry,Not Raining,Daylight,Right Angle,1,Driver Rider,3: SI,No Control,,,1322603.38,1666590.72,1.32E+13
2019-6730-27/05/2021,2 Metropolitan,NORTHFIELD,5085,CITY OF PORT ADELAIDE ENFIELD,2,0,0,0,0,2019,July,Monday,1:10 PM,60,Divided Road,Straight road,Level,Not Applicable,Sealed,Dry,Not Raining,Daylight,Hit Fixed Object,1,Driver Rider,1: PDO,No Control,,,1330377.73,1678967.5,1.33E+13
2019-6731-27/05/2021,2 Metropolitan,NETLEY,5037,CITY OF WEST TORRENS,2,0,0,0,0,2019,July,Monday,1:25 PM,60,Divided Road,Straight road,Level,Driveway or Entrance,Sealed,Dry,Not Raining,Daylight,Right Angle,1,Driver Rider,1: PDO,No Control,,,1324183.74,1668617.13,1.32E+13
2019-6732-27/05/2021,2 Metropolitan,HINDMARSH,5007,CITY OF CHARLES STURT,2,0,0,0,0,2019,July,Monday,10:40 AM,40,Not Divided,Straight road,Level,Driveway or Entrance,Sealed,Wet,Not Raining,Daylight,Right Angle,2,Driver Rider,1: PDO,No Control,,,1325783.22,1673034.36,1.33E+13
2019-6733-27/05/2021,2 Metropolitan,NORTH HAVEN,5018,CITY OF PORT ADELAIDE ENFIELD,3,1,0,0,1,2019,July,Monday,2:50 PM,50,Divided Road,"CURVED, VIEW OBSCURED",Level,Not Applicable,Sealed,Dry,Not Raining,Daylight,Hit Fixed Object,1,Driver Rider,2: MI,No Control,,Y,1319719.91,1685758.9,1.32E+13
2019-6734-27/05/2021,2 Metropolitan,WINGFIELD,5013,CITY OF PORT ADELAIDE ENFIELD,2,0,0,0,0,2019,July,Monday,10:10 AM,50,Divided Road,Straight road,Level,Not Applicable,Sealed,Dry,Not Raining,Daylight,Side Swipe,2,Driver Rider,1: PDO,No Control,,,1323909.96,1679199.09,1.32E+13
2019-6735-27/05/2021,2 Metropolitan,WINGFIELD,5013,CITY OF PORT ADELAIDE ENFIELD,2,0,0,0,0,2019,July,Monday,3:31 PM,60,Cross Road,Straight road,Level,Not Applicable,Sealed,Dry,Not Raining,Daylight,Right Angle,2,Driver Rider,1: PDO,Traffic Signals,,,1324323.58,1679172.9,1.32E+13
2019-6736-27/05/2021,2 Metropolitan,ASCOT PARK,5043,CC MARION.                    ,2,0,0,0,0,2019,July,Monday,1:35 PM,50,Not Divided,Straight road,Level,Not Applicable,Sealed,Dry,Not Raining,Daylight,Head On,2,Driver Rider,1: PDO,No Control,,,1325070.06,1663721.28,1.33E+13
2019-6737-27/05/2021,2 Metropolitan,PARALOWIE,5108,CITY OF SALISBURY,2,0,0,0,0,2019,July,Monday,4:00 PM,90,Divided Road,Straight road,Level,Not Applicable,Sealed,Dry,Not Raining,Daylight,Rear End,2,Driver Rider,1: PDO,No Control,,,1328447.25,1688736.26,1.33E+13
2019-6738-27/05/2021,2 Metropolitan,ADELAIDE AIRPORT,5950,CITY OF WEST TORRENS,2,0,0,0,0,2019,July,Monday,4:15 PM,50,Cross Road,Straight road,Level,Not Applicable,Sealed,Dry,Not Raining,Daylight,Side Swipe,1,Driver Rider,1: PDO,Roundabout,,,1322516.26,1669812.8,1.32E+13
2019-6739-27/05/2021,3 Country,MALLALA,5502,DC MALLALA.                   ,2,0,0,0,0,2019,July,Wednesday,9:25 AM,110,Not Divided,Straight road,Level,Not Applicable,Sealed,Dry,Not Raining,Daylight,Rear End,2,Driver Rider,1: PDO,No Control,,,1322062.37,1725902.38,1.32E+13
2019-6740-27/05/2021,2 Metropolitan,GAWLER SOUTH,5118,CT GAWLER.                    ,2,0,0,0,0,2019,July,Monday,7:30 AM,50,Not Divided,Straight road,Level,Not Applicable,Sealed,Dry,Not Raining,Daylight,Hit Parked Vehicle,1,Driver Rider,1: PDO,No Control,,,1343687.26,1704108.64,1.34E+13
2019-6741-27/05/2021,2 Metropolitan,HAWTHORNDENE,5051,CC MITCHAM.                   ,2,0,0,0,0,2019,July,Monday,5:27 PM,60,T-Junction,"CURVED, VIEW OPEN",Slope,Not Applicable,Sealed,Dry,Not Raining,Night,Right Angle,2,Driver Rider,1: PDO,Stop Sign,,,1330046.87,1659778.23,1.33E+13
2019-6742-27/05/2021,2 Metropolitan,POORAKA,5095,CITY OF SALISBURY,2,0,0,0,0,2019,July,Monday,5:36 PM,70,Divided Road,Straight road,Level,Not Applicable,Sealed,Dry,Not Raining,Night,Rear End,1,Driver Rider,1: PDO,No Control,,,1332094.64,1681802.22,1.33E+13
2019-6743-27/05/2021,2 Metropolitan,THEBARTON,5031,CITY OF WEST TORRENS,2,0,0,0,0,2019,July,Monday,2:55 PM,60,Divided Road,Straight road,Level,Not Applicable,Sealed,Dry,Not Raining,Daylight,Rear End,2,Driver Rider,1: PDO,No Control,,,1326534.95,1671874.48,1.33E+13
2019-6744-27/05/2021,2 Metropolitan,BRIGHTON,5048,CITY OF HOLDFAST BAY,2,1,0,0,1,2019,July,Monday,5:50 PM,50,Cross Road,"CURVED, VIEW OPEN",Level,Not Applicable,Sealed,Dry,Not Raining,Night,Right Angle,1,Driver Rider,2: MI,Stop Sign,,,1320805.5,1660798.51,1.32E+13
2019-6745-27/05/2021,2 Metropolitan,STURT,5047,CC MARION.                    ,4,0,0,0,0,2019,July,Monday,7:40 PM,100,Ramp On,"CURVED, VIEW OBSCURED",Slope,Not Applicable,Sealed,Dry,Not Raining,Night,Hit Object on Road,9,Other,1: PDO,No Control,,,1324364.16,1659814.64,1.32E+13
2019-6746-27/05/2021,2 Metropolitan,HIGHBURY,5089,CITY OF TEA TREE GULLY,2,0,0,0,0,2019,July,Monday,6:40 PM,50,T-Junction,Straight road,Level,Not Applicable,Sealed,Dry,Not Raining,Night,Right Angle,2,Driver Rider,1: PDO,No Control,,,1338340.35,1678355.94,1.34E+13
2019-6747-27/05/2021,2 Metropolitan,REGENCY PARK,5010,CITY OF PORT ADELAIDE ENFIELD,2,1,0,0,1,2019,July,Monday,1:10 PM,60,Cross Road,Straight road,Level,Not Applicable,Sealed,Dry,Not Raining,Daylight,Rear End,2,Driver Rider,2: MI,Traffic Signals,,,1326067.73,1676378.46,1.33E+13
2019-6748-27/05/2021,3 Country,NURIOOTPA,5355,THE BAROSSA COUNCIL.,2,0,0,0,0,2019,July,Monday,10:30 PM,50,Not Divided,"CURVED, VIEW OPEN",Level,Not Applicable,Sealed,Dry,Not Raining,Night,Hit Fixed Object,1,Driver Rider,1: PDO,No Control,,Y,1365938.72,1719717.6,1.37E+13
2019-6749-27/05/2021,2 Metropolitan,CLELAND,5152,THE ADELAIDE HILLS COUNCIL,3,0,0,0,0,2019,July,Monday,10:40 PM,80,Not Divided,"CURVED, VIEW OPEN",Level,Not Applicable,Sealed,Dry,Not Raining,Night,Hit Fixed Object,1,Driver Rider,1: PDO,No Control,,,1338691.6,1666023.52,1.34E+13
2019-6750-27/05/2021,2 Metropolitan,GREEN FIELDS,5107,CITY OF SALISBURY,3,0,0,0,0,2019,July,Tuesday,6:30 AM,90,T-Junction,Straight road,Level,Not Applicable,Sealed,Dry,Not Raining,Night,Rear End,1,Driver Rider,1: PDO,Traffic Signals,,,1328674.22,1685896.53,1.33E+13
2019-6751-27/05/2021,2 Metropolitan,STEPNEY,5069,"CC OF NORWOOD,PAYNEHAM & ST PETERS",2,1,0,0,1,2019,July,Tuesday,7:00 AM,60,Multiple,"CURVED, VIEW OPEN",Level,Not Applicable,Sealed,Dry,Not Raining,Night,Rear End,2,Driver Rider,2: MI,Traffic Signals,,,1330600.73,1671714.93,1.33E+13
2019-6752-27/05/2021,2 Metropolitan,URRBRAE,5064,CC MITCHAM.                   ,2,1,0,0,1,2019,July,Monday,12:00 PM,60,Not Divided,Straight road,Level,Not Applicable,Sealed,Wet,Not Raining,Daylight,Rear End,2,Driver Rider,2: MI,No Control,,,1331008.22,1666297.8,1.33E+13
2019-6753-27/05/2021,2 Metropolitan,PARA HILLS,5096,CITY OF SALISBURY,2,1,0,0,1,2019,July,Sunday,4:45 PM,60,T-Junction,Straight road,Level,Not Applicable,Sealed,Dry,Not Raining,Daylight,Right Angle,1,Driver Rider,2: MI,No Control,,,1334414.48,1683863.95,1.33E+13
2019-6754-27/05/2021,2 Metropolitan,ST MARYS,5042,CC MITCHAM.                   ,2,0,0,0,0,2019,July,Tuesday,9:45 AM,60,Divided Road,Straight road,Level,Not Applicable,Sealed,Dry,Not Raining,Daylight,Rear End,2,Driver Rider,1: PDO,No Control,,,1325990.72,1662357.44,1.33E+13
2019-6755-27/05/2021,2 Metropolitan,WALKERVILLE,5081,WALKERVILLE TOWN COUNCIL,2,1,0,0,1,2019,July,Tuesday,6:15 AM,60,Cross Road,Straight road,Level,Not Applicable,Sealed,Dry,Not Raining,Night,Rear End,2,Driver Rider,2: MI,Traffic Signals,,,1329737.51,1674554.59,1.33E+13
2019-6756-27/05/2021,2 Metropolitan,SALISBURY DOWNS,5108,CITY OF SALISBURY,2,0,0,0,0,2019,July,Tuesday,10:35 AM,60,Divided Road,Straight road,Level,Driveway or Entrance,Sealed,Dry,Not Raining,Daylight,Rear End,1,Driver Rider,1: PDO,No Control,,,1331482.98,1686857.21,1.33E+13
2019-6757-27/05/2021,2 Metropolitan,PENNINGTON,5013,CITY OF PORT ADELAIDE ENFIELD,2,0,0,0,0,2019,July,Tuesday,11:05 AM,60,T-Junction,Straight road,Level,Not Applicable,Sealed,Dry,Not Raining,Daylight,Right Angle,2,Driver Rider,1: PDO,No Control,,,1322728.25,1679125.51,1.32E+13
2019-6758-27/05/2021,2 Metropolitan,PORT ADELAIDE,5015,CITY OF PORT ADELAIDE ENFIELD,2,0,0,0,0,2019,July,Tuesday,10:50 AM,60,Cross Road,Straight road,Level,Not Applicable,Sealed,Dry,Not Raining,Daylight,Side Swipe,1,Driver Rider,1: PDO,Traffic Signals,,,1320480.89,1679072.79,1.32E+13
2019-6759-27/05/2021,2 Metropolitan,INGLE FARM,5098,CITY OF SALISBURY,2,0,0,0,0,2019,July,Tuesday,12:10 PM,60,T-Junction,Straight road,Level,Not Applicable,Sealed,Dry,Not Raining,Daylight,Right Angle,1,Driver Rider,1: PDO,No Control,,,1333551.89,1681257.32,1.33E+13
2019-6760-27/05/2021,2 Metropolitan,FULLARTON,5063,CITY OF UNLEY,2,0,0,0,0,2019,July,Monday,7:30 PM,60,Not Divided,Straight road,Level,Not Applicable,Sealed,Dry,Not Raining,Night,Side Swipe,2,Driver Rider,1: PDO,No Control,,,1331394.24,1667796.7,1.33E+13