REPORT_ID,Stats Area,Suburb,Postcode,LGA Name,Total Units,Total Cas,Total Fats,Total SI,Total MI,Year,Month,Day,Time,Area Speed,Position Type,Horizontal Align,Vertical Align,Other Feat,Road Surface,Moisture Cond,Weather Cond,DayNight,Crash Type,Unit Resp,Entity Code,CSEF Severity,Traffic Ctrls,DUI Involved,Drugs Involved,ACCLOC_X,ACCLOC_Y,UNIQUE_LOC
2019-6761-27/05/2021,2 Metropolitan,RICHMOND,5033,CITY OF WEST TORRENS,4,1,0,0,1,2019,July,Tuesday,1:40 PM,60,Not Divided,Straight road,Level,Not Applicable,Sealed,Dry,Not Raining,Daylight,Hit Parked Vehicle,1,Driver Rider,2: MI,No Control,,Y,1325661.12,1669287.12,1.33E+13
2019-6762-27/05/2021,2 Metropolitan,KENSINGTON PARK,5068,CITY OF BURNSIDE,3,0,0,0,0,2019,July,Tuesday,2:00 PM,60,Cross Road,Straight road,Level,Not Applicable,Sealed,Dry,Not Raining,Daylight,Right Angle,1,Driver Rider,1: PDO,Traffic Signals,,,1333879.5,1671121.63,1.33E+13
2019-6763-27/05/2021,3 Country,CAVETON,5291,DISTRICT COUNCIL OF GRANT,2,0,0,0,0,2019,July,Tuesday,2:00 PM,110,Not Divided,Straight road,Slope,Not Applicable,Sealed,Dry,Not Raining,Daylight,Head On,1,Driver Rider,1: PDO,No Control,,,1511865.42,1326728.58,1.51E+13
2019-6764-27/05/2021,2 Metropolitan,EYRE,5121,CITY OF PLAYFORD.,2,1,0,0,1,2019,July,Tuesday,2:22 PM,80,Cross Road,Straight road,Level,Not Applicable,Sealed,Dry,Not Raining,Daylight,Hit Pedestrian,1,Pedestrian,2: MI,Roundabout,,,1335023.61,1696798.79,1.34E+13
2019-6765-27/05/2021,3 Country,WHYALLA,5600,CC WHYALLA.                   ,2,0,0,0,0,2019,July,Monday,1:27 PM,50,Cross Road,Straight road,Slope,Not Applicable,Sealed,Dry,Not Raining,Daylight,Right Angle,2,Driver Rider,1: PDO,Give Way Sign,,,1239834.29,1883505.9,1.24E+13
2019-6766-27/05/2021,2 Metropolitan,BEDFORD PARK,5042,CC MITCHAM.                   ,2,0,0,0,0,2019,July,Tuesday,3:40 PM,70,Cross Road,Straight road,Level,Not Applicable,Sealed,Dry,Not Raining,Daylight,Side Swipe,1,Driver Rider,1: PDO,Traffic Signals,,,1325382.69,1660660.13,1.33E+13
2019-6767-27/05/2021,3 Country,MOUNT GAMBIER,5290,CC MT.GAMBIER.                ,2,0,0,0,0,2019,July,Tuesday,3:30 PM,60,Cross Road,Straight road,Level,Not Applicable,Sealed,Dry,Not Raining,Daylight,Right Angle,2,Driver Rider,1: PDO,Roundabout,,,1508779.68,1341470.69,1.51E+13
2019-6768-27/05/2021,2 Metropolitan,NORWOOD,5067,"CC OF NORWOOD,PAYNEHAM & ST PETERS",2,0,0,0,0,2019,July,Tuesday,2:00 PM,50,Not Divided,Straight road,Level,Not Applicable,Sealed,Dry,Not Raining,Daylight,Side Swipe,2,Driver Rider,1: PDO,No Control,,,1331847,1671331.11,1.33E+13
2019-6769-27/05/2021,2 Metropolitan,ELIZABETH VALE,5112,CITY OF PLAYFORD.,2,1,0,0,1,2019,July,Tuesday,3:50 PM,60,Not Divided,Straight road,Level,Not Applicable,Sealed,Dry,Not Raining,Daylight,Hit Fixed Object,1,Driver Rider,2: MI,No Control,,,1335569.06,1690150.86,1.34E+13
2019-6770-27/05/2021,2 Metropolitan,MAYLANDS,5069,"CC OF NORWOOD,PAYNEHAM & ST PETERS",2,0,0,0,0,2019,July,Tuesday,4:20 PM,60,Divided Road,Straight road,Level,Driveway or Entrance,Sealed,Dry,Not Raining,Daylight,Rear End,2,Driver Rider,1: PDO,No Control,,,1332224.66,1672296.13,1.33E+13
2019-6771-27/05/2021,2 Metropolitan,ELIZABETH,5112,CITY OF PLAYFORD.,2,0,0,0,0,2019,July,Tuesday,5:10 PM,50,T-Junction,Straight road,Level,Not Applicable,Sealed,Dry,Not Raining,Daylight,Right Angle,2,Driver Rider,1: PDO,No Control,,,1335917.6,1692275.6,1.34E+13
2019-6772-27/05/2021,3 Country,TANUNDA,5352,THE BAROSSA COUNCIL.,2,1,0,0,1,2019,July,Tuesday,4:50 PM,50,Not Divided,Straight road,Level,Not Applicable,Sealed,Dry,Not Raining,Daylight,Hit Parked Vehicle,1,Driver Rider,2: MI,No Control,,,1363667.6,1714601.76,1.36E+13
2019-6773-27/05/2021,2 Metropolitan,BLAIR ATHOL,5084,CITY OF PORT ADELAIDE ENFIELD,2,0,0,0,0,2019,July,Tuesday,5:51 PM,60,T-Junction,Straight road,Level,Not Applicable,Sealed,Dry,Not Raining,Night,Right Angle,2,Driver Rider,1: PDO,No Control,,,1328361.66,1679263.58,1.33E+13
2019-6774-27/05/2021,3 Country,WITERA,5671,DC STREAKY BAY.               ,2,1,0,1,0,2019,July,Tuesday,10:00 AM,110,Not Divided,Straight road,Level,Not Applicable,Sealed,Dry,Not Raining,Daylight,Hit Fixed Object,1,Driver Rider,3: SI,No Control,,,965214.18,1875416.9,9.65E+12
2019-6775-27/05/2021,2 Metropolitan,GEPPS CROSS,5094,CITY OF PORT ADELAIDE ENFIELD,2,0,0,0,0,2019,July,Tuesday,3:55 PM,60,Cross Road,Straight road,Level,Not Applicable,Sealed,Dry,Not Raining,Daylight,Right Turn,1,Driver Rider,1: PDO,Traffic Signals,,,1330372.74,1679303.24,1.33E+13
2019-6776-27/05/2021,2 Metropolitan,SEAFORD RISE,5169,CITY OF ONKAPARINGA,2,3,0,0,3,2019,July,Tuesday,5:08 PM,60,T-Junction,Straight road,Level,Not Applicable,Unsealed,Dry,Not Raining,Daylight,Right Turn,1,Driver Rider,2: MI,Traffic Signals,,,1316917.28,1641583.8,1.32E+13
2019-6777-27/05/2021,1 City,ADELAIDE,5000,CITY OF ADELAIDE,3,0,0,0,0,2019,July,Tuesday,4:54 PM,50,Divided Road,Straight road,Level,Median Opening (not at I/S),Sealed,Dry,Not Raining,Daylight,Rear End,1,Driver Rider,1: PDO,No Control,,,1327608.24,1670332.16,1.33E+13
2019-6778-27/05/2021,3 Country,MOUNT JAGGED,5211,ALEXANDRINA COUNCIL,2,4,0,0,4,2019,July,Tuesday,7:33 PM,100,Not Divided,"CURVED, VIEW OPEN",Slope,Not Applicable,Sealed,Dry,Not Raining,Night,Hit Fixed Object,1,Driver Rider,2: MI,No Control,,Y,1330308.45,1613808.11,1.33E+13
2019-6779-27/05/2021,2 Metropolitan,STIRLING,5152,THE ADELAIDE HILLS COUNCIL,2,0,0,0,0,2019,July,Tuesday,10:20 PM,110,Freeway,"CURVED, VIEW OBSCURED",Slope,Not Applicable,Sealed,Dry,Not Raining,Night,Hit Animal,2,Animal,1: PDO,No Control,,,1340604.42,1662646.43,1.34E+13
2019-6780-27/05/2021,2 Metropolitan,VALE PARK,5081,WALKERVILLE TOWN COUNCIL,2,1,0,0,1,2019,July,Tuesday,10:45 PM,50,Not Divided,"CURVED, VIEW OBSCURED",Unknown,Not Applicable,Unsealed,Wet,Not Raining,Night,Hit Fixed Object,1,Driver Rider,2: MI,No Control,Y,,1331561.68,1674722.41,1.33E+13
2019-6781-27/05/2021,3 Country,MURRAY BRIDGE,5253,RC MURRAY BRIDGE.             ,2,1,1,0,0,2019,July,Wednesday,3:15 AM,50,T-Junction,Straight road,Level,Not Applicable,Sealed,Dry,Not Raining,Night,Hit Pedestrian,2,Pedestrian,4: Fatal,No Control,,,1388524.69,1646661.4,1.39E+13
2019-6782-27/05/2021,2 Metropolitan,BEVERLEY,5009,CITY OF CHARLES STURT,2,0,0,0,0,2019,July,Tuesday,12:46 PM,60,T-Junction,Straight road,Level,Not Applicable,Sealed,Dry,Not Raining,Daylight,Side Swipe,1,Driver Rider,1: PDO,No Control,,,1323777.86,1674929.08,1.32E+13
2019-6783-27/05/2021,2 Metropolitan,PLYMPTON,5038,CITY OF WEST TORRENS,2,1,0,0,1,2019,July,Wednesday,6:55 AM,60,Cross Road,Straight road,Level,Not Applicable,Sealed,Dry,Not Raining,Night,Rear End,2,Driver Rider,2: MI,Traffic Signals,,,1324227.97,1666559.26,1.32E+13
2019-6784-27/05/2021,2 Metropolitan,CHELTENHAM,5014,CITY OF CHARLES STURT,2,0,0,0,0,2019,July,Wednesday,9:10 AM,60,Cross Road,Straight road,Level,Not Applicable,Sealed,Dry,Not Raining,Daylight,Rear End,1,Driver Rider,1: PDO,Traffic Signals,,,1322118.29,1676363.89,1.32E+13
2019-6785-27/05/2021,2 Metropolitan,ELIZABETH,5112,CITY OF PLAYFORD.,2,0,0,0,0,2019,July,Tuesday,11:35 AM,50,Divided Road,Straight road,Level,Driveway or Entrance,Sealed,Dry,Not Raining,Daylight,Side Swipe,1,Driver Rider,1: PDO,No Control,,,1335525.27,1693076.51,1.34E+13
2019-6786-27/05/2021,3 Country,MIRANDA,5700,CC PT.AUGUSTA.                ,2,2,0,1,1,2019,July,Tuesday,3:20 PM,110,Not Divided,Straight road,Level,Not Applicable,Sealed,Dry,Not Raining,Daylight,Hit Fixed Object,1,Driver Rider,3: SI,No Control,,,1276574.84,1907984.81,1.28E+13
2019-6787-27/05/2021,2 Metropolitan,STIRLING,5152,THE ADELAIDE HILLS COUNCIL,2,0,0,0,0,2019,May,Friday,1:00 PM,50,Not Divided,Straight road,Level,Not Applicable,Sealed,Dry,Not Raining,Daylight,Hit Fixed Object,1,Driver Rider,1: PDO,No Control,,,1338755.23,1661471.35,1.34E+13
2019-6788-27/05/2021,2 Metropolitan,FULHAM GARDENS,5024,CITY OF CHARLES STURT,2,0,0,0,0,2019,July,Wednesday,8:00 AM,60,Divided Road,Straight road,Level,Median Opening (not at I/S),Sealed,Dry,Not Raining,Daylight,Side Swipe,2,Driver Rider,1: PDO,No Control,,,1320966.48,1673085.01,1.32E+13
2019-6789-27/05/2021,2 Metropolitan,ELIZABETH NORTH,5113,CITY OF PLAYFORD.,2,2,0,0,2,2019,July,Wednesday,11:05 AM,80,Cross Road,Straight road,Level,Not Applicable,Sealed,Dry,Not Raining,Daylight,Rear End,2,Driver Rider,2: MI,Traffic Signals,,,1336943,1695475.26,1.34E+13
2019-6790-27/05/2021,2 Metropolitan,NEW PORT,5015,CITY OF PORT ADELAIDE ENFIELD,2,0,0,0,0,2019,July,Tuesday,5:50 PM,60,Divided Road,Straight road,Level,Median Opening (not at I/S),Sealed,Dry,Not Raining,Night,Rear End,1,Driver Rider,1: PDO,No Control,,,1319814.3,1680430.48,1.32E+13
2019-6791-27/05/2021,2 Metropolitan,HINDMARSH,5007,CITY OF CHARLES STURT,2,0,0,0,0,2019,July,Wednesday,9:45 AM,60,T-Junction,Straight road,Level,Not Applicable,Sealed,Dry,Not Raining,Daylight,Right Angle,2,Driver Rider,1: PDO,No Control,,,1325569.24,1673049.69,1.33E+13
2019-6792-27/05/2021,3 Country,NURIOOTPA,5355,THE BAROSSA COUNCIL.,2,0,0,0,0,2019,July,Wednesday,12:55 PM,60,Cross Road,Straight road,Level,Not Applicable,Sealed,Dry,Not Raining,Daylight,Right Angle,2,Driver Rider,1: PDO,Give Way Sign,,,1365347.68,1719916.25,1.37E+13
2019-6793-27/05/2021,2 Metropolitan,STEPNEY,5069,"CC OF NORWOOD,PAYNEHAM & ST PETERS",2,0,0,0,0,2019,July,Tuesday,6:40 PM,60,Cross Road,Straight road,Level,Not Applicable,Sealed,Dry,Not Raining,Night,Side Swipe,1,Driver Rider,1: PDO,Traffic Signals,,,1331113.37,1672400.35,1.33E+13
2019-6794-27/05/2021,3 Country,PORT PIRIE SOUTH,5540,PT.PIRIE CITY & DIST. COUNCIL ,2,0,0,0,0,2019,July,Wednesday,12:50 PM,50,Cross Road,Straight road,Level,Not Applicable,Sealed,Dry,Not Raining,Daylight,Right Angle,1,Driver Rider,1: PDO,Roundabout,,,1280050.26,1864423.69,1.28E+13
2019-6795-27/05/2021,2 Metropolitan,ST MARYS,5042,CC MARION.                    ,2,0,0,0,0,2019,July,Wednesday,10:18 AM,50,Divided Road,Straight road,Level,Roadworks,Sealed,Dry,Not Raining,Daylight,Side Swipe,1,Driver Rider,1: PDO,No Control,,,1325981.29,1662374.29,1.33E+13
2019-6796-27/05/2021,2 Metropolitan,COWANDILLA,5033,CITY OF WEST TORRENS,2,0,0,0,0,2019,July,Tuesday,5:15 PM,50,Not Divided,Straight road,Level,Not Applicable,Sealed,Dry,Not Raining,Daylight,Hit Parked Vehicle,1,Driver Rider,1: PDO,No Control,,,1324537.32,1670175.15,1.32E+13
2019-6797-27/05/2021,2 Metropolitan,WINGFIELD,5013,CITY OF PORT ADELAIDE ENFIELD,2,0,0,0,0,2019,July,Wednesday,1:00 PM,50,Cross Road,Straight road,Level,Not Applicable,Sealed,Dry,Not Raining,Daylight,Right Angle,1,Driver Rider,1: PDO,Give Way Sign,,,1325093.84,1680651.46,1.33E+13
2019-6798-27/05/2021,2 Metropolitan,PROSPECT,5082,CITY OF PROSPECT,2,0,0,0,0,2019,June,Saturday,1:54 PM,60,Cross Road,Straight road,Level,Not Applicable,Sealed,Dry,Not Raining,Daylight,Rear End,2,Driver Rider,1: PDO,Traffic Signals,,,1328059.62,1676423.15,1.33E+13
2019-6799-27/05/2021,3 Country,TAILEM BEND,5260,COORONG DISTRICT COUNCIL,2,0,0,0,0,2019,July,Wednesday,3:00 PM,60,T-Junction,Straight road,Level,Not Applicable,Sealed,Dry,Not Raining,Daylight,Right Angle,1,Driver Rider,1: PDO,No Control,,,1404736.05,1631469.02,1.40E+13
2019-6800-27/05/2021,2 Metropolitan,MELROSE PARK,5039,CC MARION.                    ,2,0,0,0,0,2019,July,Wednesday,11:30 AM,60,Divided Road,Straight road,Level,Not Applicable,Sealed,Dry,Not Raining,Daylight,Side Swipe,2,Driver Rider,1: PDO,No Control,,,1325931.97,1664094.55,1.33E+13
2019-6801-27/05/2021,2 Metropolitan,KINGSWOOD,5062,CC MITCHAM.                   ,2,1,0,0,1,2019,July,Wednesday,2:23 PM,50,Cross Road,Straight road,Level,Not Applicable,Sealed,Wet,Raining,Daylight,Right Angle,2,Driver Rider,2: MI,Stop Sign,,,1329351.34,1665578.63,1.33E+13
2019-6802-27/05/2021,2 Metropolitan,CUDLEE CREEK,5232,THE ADELAIDE HILLS COUNCIL,2,0,0,0,0,2019,July,Wednesday,3:15 PM,80,Not Divided,"CURVED, VIEW OPEN",Slope,Not Applicable,Sealed,Wet,Raining,Daylight,Hit Fixed Object,1,Driver Rider,1: PDO,No Control,,,1351289.97,1677619.14,1.35E+13
2019-6803-27/05/2021,3 Country,TRURO,5356,MID MURRAY DISTRICT COUNCIL,2,1,0,1,0,2019,July,Wednesday,3:30 PM,110,Not Divided,Straight road,Bottom of Hill,Not Applicable,Sealed,Dry,Not Raining,Daylight,Rear End,1,Driver Rider,3: SI,No Control,,,1391146.03,1726581.01,1.39E+13
2019-6804-27/05/2021,2 Metropolitan,OVINGHAM,5082,CITY OF PROSPECT,2,0,0,0,0,2019,July,Wednesday,3:00 PM,60,Rail Crossing,Straight road,Level,Not Applicable,Sealed,Wet,Not Raining,Daylight,Hit Fixed Object,1,Driver Rider,1: PDO,Rail Xing-Traffic Signals,,,1327163.35,1673925.3,1.33E+13
2019-6805-27/05/2021,1 City,ADELAIDE,5000,CITY OF ADELAIDE,3,0,0,0,0,2019,July,Wednesday,4:48 PM,50,T-Junction,Straight road,Level,Not Applicable,Sealed,Wet,Raining,Daylight,Right Turn,1,Driver Rider,1: PDO,Give Way Sign,,,1327377.74,1670639.77,1.33E+13
2019-6806-27/05/2021,1 City,ADELAIDE,5000,CITY OF ADELAIDE,2,0,0,0,0,2019,July,Wednesday,3:45 PM,60,Cross Road,Straight road,Level,Not Applicable,Sealed,Dry,Not Raining,Daylight,Side Swipe,1,Driver Rider,1: PDO,Traffic Signals,,,1327364.13,1670312.87,1.33E+13
2019-6807-27/05/2021,2 Metropolitan,WOODVILLE GARDENS,5012,CITY OF PORT ADELAIDE ENFIELD,2,0,0,0,0,2019,July,Wednesday,5:45 PM,50,Not Divided,"CURVED, VIEW OPEN",Level,Not Applicable,Sealed,Wet,Raining,Night,Hit Fixed Object,1,Driver Rider,1: PDO,No Control,,,1324731.93,1677624.77,1.32E+13
2019-6808-27/05/2021,3 Country,SHEA-OAK LOG,5371,LIGHT REGIONAL COUNCIL,3,2,0,0,2,2019,July,Wednesday,3:05 PM,110,T-Junction,Straight road,Crest of Hill,Not Applicable,Sealed,Dry,Not Raining,Daylight,Right Turn,1,Driver Rider,2: MI,No Control,,,1347458.7,1713695.88,1.35E+13
2019-6809-27/05/2021,1 City,ADELAIDE,5000,CITY OF ADELAIDE,2,1,0,0,1,2019,July,Wednesday,6:15 PM,50,Cross Road,Straight road,Level,Not Applicable,Sealed,Wet,Raining,Night,Hit Pedestrian,1,Driver Rider,2: MI,Traffic Signals,,,1329580.17,1670383.05,1.33E+13
2019-6810-27/05/2021,2 Metropolitan,HALLETT COVE,5158,CC MARION.                    ,2,0,0,0,0,2019,July,Wednesday,3:08 PM,80,Divided Road,Straight road,Level,Not Applicable,Sealed,Wet,Not Raining,Daylight,Hit Object on Road,1,Driver Rider,1: PDO,No Control,,,1320195.73,1653805.9,1.32E+13
2019-6811-27/05/2021,2 Metropolitan,FINDON,5023,CITY OF CHARLES STURT,2,0,0,0,0,2019,July,Wednesday,6:35 PM,60,T-Junction,Straight road,Level,Not Applicable,Sealed,Wet,Raining,Night,Right Angle,1,Driver Rider,1: PDO,No Control,,,1322386.96,1674581.88,1.32E+13
2019-6812-27/05/2021,2 Metropolitan,SALISBURY DOWNS,5108,CITY OF SALISBURY,2,1,0,0,1,2019,July,Wednesday,7:00 PM,50,Divided Road,Straight road,Level,Driveway or Entrance,Sealed,Wet,Raining,Night,Right Angle,2,Driver Rider,2: MI,Roundabout,,,1331205.27,1688133.24,1.33E+13
2019-6813-27/05/2021,2 Metropolitan,HOPE VALLEY,5090,CITY OF TEA TREE GULLY,2,0,0,0,0,2019,July,Wednesday,7:06 PM,60,Divided Road,Straight road,Level,Not Applicable,Sealed,Wet,Raining,Night,Hit Fixed Object,1,Driver Rider,1: PDO,No Control,,,1337246.94,1679466.04,1.34E+13
2019-6814-27/05/2021,2 Metropolitan,DOVER GARDENS,5048,CC MARION.                    ,2,0,0,0,0,2019,July,Wednesday,7:38 PM,60,Cross Road,Straight road,Level,Not Applicable,Sealed,Wet,Raining,Night,Right Turn,1,Driver Rider,1: PDO,Traffic Signals,,,1322776.93,1660610.37,1.32E+13
2019-6815-27/05/2021,2 Metropolitan,SELLICKS HILL,5174,CITY OF ONKAPARINGA,2,0,0,0,0,2019,July,Wednesday,9:00 PM,90,Not Divided,Straight road,Slope,Not Applicable,Sealed,Wet,Unknown,Night,Hit Animal,2,Animal,1: PDO,No Control,,,1315571.77,1629000.81,1.32E+13
2019-6816-27/05/2021,2 Metropolitan,MILE END,5031,CITY OF WEST TORRENS,2,1,0,0,1,2019,July,Wednesday,8:52 PM,60,T-Junction,Straight road,Level,Not Applicable,Sealed,Wet,Raining,Night,Right Turn,2,Driver Rider,2: MI,Traffic Signals,,,1326279.99,1670246.25,1.33E+13
2019-6817-27/05/2021,3 Country,MOUNT MCINTYRE,5279,WATTLE RANGE COUNCIL,2,1,0,1,0,2019,July,Wednesday,5:49 PM,100,Not Divided,Straight road,Level,Not Applicable,Sealed,Wet,Raining,Night,Hit Object on Road,1,Driver Rider,3: SI,No Control,,,1488857.27,1373582.87,1.49E+13
2019-6818-27/05/2021,3 Country,TAILEM BEND,5260,COORONG DISTRICT COUNCIL,2,2,0,1,1,2019,July,Wednesday,7:00 PM,110,T-Junction,Straight road,Level,Driveway or Entrance,Sealed,Wet,Raining,Night,Right Angle,1,Driver Rider,3: SI,Give Way Sign,,,1408874.75,1625620.07,1.41E+13
2019-6819-27/05/2021,3 Country,PORT AUGUSTA WEST,5700,CC PT.AUGUSTA.                ,2,0,0,0,0,2019,July,Wednesday,9:03 PM,60,T-Junction,"CURVED, VIEW OPEN",Level,Not Applicable,Sealed,Dry,Not Raining,Night,Right Turn,2,Driver Rider,1: PDO,No Control,,,1258120.25,1943580.73,1.26E+13
2019-6820-27/05/2021,2 Metropolitan,TUSMORE,5065,CITY OF BURNSIDE,2,0,0,0,0,2019,July,Wednesday,10:50 PM,60,Cross Road,Straight road,Slope,Not Applicable,Sealed,Wet,Raining,Night,Hit Fixed Object,1,Driver Rider,1: PDO,Traffic Signals,,,1332323.44,1669056.96,1.33E+13
2019-6821-27/05/2021,3 Country,STRATHALBYN,5255,ALEXANDRINA COUNCIL,3,1,0,0,1,2019,July,Thursday,5:10 AM,100,Not Divided,Straight road,Slope,Not Applicable,Sealed,Wet,Raining,Night,Hit Fixed Object,1,Driver Rider,2: MI,No Control,,,1354135.94,1637278.51,1.35E+13
2019-6822-27/05/2021,3 Country,PORT AUGUSTA WEST,5700,CC PT.AUGUSTA.                ,2,1,0,0,1,2019,July,Thursday,5:45 AM,50,Not Divided,Straight road,Slope,Not Applicable,Sealed,Dry,Not Raining,Night,Hit Pedestrian,2,Pedestrian,2: MI,No Control,,,1258682.22,1943376.16,1.26E+13
2019-6823-27/05/2021,2 Metropolitan,NOARLUNGA DOWNS,5168,CITY OF ONKAPARINGA,3,1,0,0,1,2019,July,Thursday,6:00 AM,80,T-Junction,"CURVED, VIEW OPEN",Level,Not Applicable,Sealed,Wet,Raining,Night,Side Swipe,2,Driver Rider,2: MI,Traffic Signals,,,1319267.72,1644317.67,1.32E+13
2019-6824-27/05/2021,2 Metropolitan,SOMERTON PARK,5044,CITY OF HOLDFAST BAY,3,0,0,0,0,2019,July,Thursday,6:20 AM,60,Divided Road,Straight road,Level,Not Applicable,Sealed,Wet,Raining,Night,Hit Fixed Object,1,Driver Rider,1: PDO,No Control,,,1321067.44,1663425.55,1.32E+13
2019-6825-27/05/2021,2 Metropolitan,ST MARYS,5042,CC MITCHAM.                   ,4,0,0,0,0,2019,July,Thursday,6:35 AM,60,Cross Road,Straight road,Level,Not Applicable,Sealed,Wet,Not Raining,Night,Right Turn,1,Driver Rider,1: PDO,Traffic Signals,,,1325956.16,1663317.85,1.33E+13
2019-6826-27/05/2021,2 Metropolitan,SALISBURY PLAIN,5109,CITY OF SALISBURY,2,0,0,0,0,2019,July,Thursday,6:30 AM,60,Cross Road,Straight road,Level,Not Applicable,Sealed,Wet,Not Raining,Night,Rear End,2,Driver Rider,1: PDO,Traffic Signals,,,1334718.19,1687196.62,1.33E+13
2019-6827-27/05/2021,2 Metropolitan,MILE END,5031,CITY OF WEST TORRENS,2,0,0,0,0,2019,July,Thursday,7:30 AM,60,T-Junction,"CURVED, VIEW OPEN",Level,Not Applicable,Sealed,Wet,Raining,Daylight,Rear End,1,Driver Rider,1: PDO,Traffic Signals,,,1326279.99,1670246.25,1.33E+13
2019-6828-27/05/2021,2 Metropolitan,ENFIELD,5085,CITY OF PORT ADELAIDE ENFIELD,2,1,0,0,1,2019,July,Wednesday,2:00 PM,60,Divided Road,Straight road,Level,Not Applicable,Sealed,Dry,Not Raining,Daylight,Side Swipe,1,Driver Rider,2: MI,No Control,,,1328797.61,1679178.35,1.33E+13
2019-6829-27/05/2021,2 Metropolitan,VALLEY VIEW,5093,CITY OF TEA TREE GULLY,2,0,0,0,0,2019,July,Thursday,9:28 AM,60,Cross Road,Straight road,Slope,Not Applicable,Sealed,Dry,Not Raining,Daylight,Right Angle,1,Driver Rider,1: PDO,Roundabout,,,1335704.92,1680585.16,1.34E+13
2019-6830-27/05/2021,3 Country,MARION BAY,5575,YORKE PENINSULA COUNCIL,1,0,0,0,0,2019,May,Saturday,11:30 PM,50,Not Divided,Straight road,Level,Not Applicable,Sealed,Dry,Not Raining,Night,Roll Over,1,Driver Rider,1: PDO,No Control,,,1179771.58,1638722.71,1.18E+13
2019-6831-27/05/2021,2 Metropolitan,HINDMARSH,5007,CITY OF CHARLES STURT,2,0,0,0,0,2019,July,Thursday,7:15 AM,60,Cross Road,Straight road,Level,Not Applicable,Sealed,Wet,Not Raining,Night,Rear End,2,Driver Rider,1: PDO,Traffic Signals,,,1326468.95,1672639.58,1.33E+13
2019-6832-27/05/2021,2 Metropolitan,ALBERT PARK,5014,CITY OF CHARLES STURT,2,0,0,0,0,2019,July,Thursday,10:09 AM,60,T-Junction,Straight road,Level,Not Applicable,Sealed,Wet,Raining,Daylight,Right Angle,2,Driver Rider,1: PDO,Give Way Sign,,,1321872.5,1676089.78,1.32E+13
2019-6833-27/05/2021,2 Metropolitan,GULFVIEW HEIGHTS,5096,CITY OF SALISBURY,2,0,0,0,0,2019,July,Wednesday,9:30 PM,50,Not Divided,"CURVED, VIEW OPEN",Slope,Not Applicable,Sealed,Wet,Not Raining,Night,Hit Fixed Object,1,Driver Rider,1: PDO,No Control,,,1334968.62,1684411.07,1.33E+13
2019-6834-27/05/2021,3 Country,WAIKERIE,5330,LOXTON WAIKERIE DISTRICT COUNCIL,2,0,0,0,0,2019,July,Thursday,10:44 AM,80,T-Junction,Straight road,Level,Not Applicable,Sealed,Dry,Not Raining,Daylight,Right Angle,2,Driver Rider,1: PDO,Give Way Sign,,,1457276.34,1745982.49,1.46E+13
2019-6835-27/05/2021,2 Metropolitan,PARAFIELD,5106,CITY OF SALISBURY,2,2,0,0,2,2019,July,Friday,11:00 AM,80,Cross Road,Straight road,Level,Not Applicable,Sealed,Wet,Raining,Daylight,Right Turn,1,Driver Rider,2: MI,Traffic Signals,,,1332521.09,1684419.56,1.33E+13
2019-6836-27/05/2021,2 Metropolitan,HILLCREST,5086,CITY OF PORT ADELAIDE ENFIELD,2,1,0,0,1,2019,July,Thursday,11:32 AM,50,Not Divided,Straight road,Level,Driveway or Entrance,Sealed,Wet,Raining,Daylight,Side Swipe,1,Driver Rider,2: MI,No Control,,,1333691.75,1678066.2,1.33E+13
2019-6837-27/05/2021,3 Country,TARLEE,5411,CLARE AND GILBERT VALLEYS DISTRICT COUNCIL,2,0,0,0,0,2019,July,Thursday,11:00 AM,100,Cross Road,Straight road,Level,Not Applicable,Sealed,Wet,Not Raining,Daylight,Right Angle,2,Driver Rider,1: PDO,Give Way Sign,,,1345816.67,1743046.06,1.35E+13
2019-6838-27/05/2021,2 Metropolitan,ALBERT PARK,5014,CITY OF CHARLES STURT,2,0,0,0,0,2019,July,Thursday,12:45 PM,60,T-Junction,Straight road,Level,Not Applicable,Sealed,Dry,Not Raining,Daylight,Rear End,1,Driver Rider,1: PDO,No Control,,,1321266.79,1677098.77,1.32E+13
2019-6839-27/05/2021,2 Metropolitan,ELIZABETH VALE,5112,CITY OF PLAYFORD.,2,2,0,0,2,2019,July,Thursday,1:00 PM,60,T-Junction,Straight road,Level,Not Applicable,Sealed,Wet,Not Raining,Daylight,Right Angle,2,Driver Rider,2: MI,No Control,,,1335254.54,1690056.88,1.34E+13
2019-6840-27/05/2021,2 Metropolitan,GAWLER EAST,5118,CT GAWLER.                    ,2,1,0,0,1,2019,July,Thursday,11:40 AM,50,Not Divided,Straight road,Slope,Not Applicable,Sealed,Wet,Raining,Daylight,Hit Fixed Object,1,Driver Rider,2: MI,No Control,,,1344285.99,1705767.45,1.34E+13
2019-6841-27/05/2021,2 Metropolitan,DRY CREEK,5094,CITY OF PORT ADELAIDE ENFIELD,2,0,0,0,0,2019,July,Tuesday,2:00 PM,60,Not Divided,Straight road,Level,Not Applicable,Sealed,Dry,Not Raining,Daylight,Side Swipe,2,Driver Rider,1: PDO,No Control,,,1327163.45,1679677.96,1.33E+13
2019-6842-27/05/2021,3 Country,MANNA HILL,5440,,1,0,0,0,0,2019,July,Wednesday,2:00 PM,110,Not Divided,Straight road,Level,Not Applicable,Sealed,Dry,Not Raining,Daylight,Other,1,Driver Rider,1: PDO,No Control,,,1469215.55,1941669.5,1.47E+13