REPORT_ID,Stats Area,Suburb,Postcode,LGA Name,Total Units,Total Cas,Total Fats,Total SI,Total MI,Year,Month,Day,Time,Area Speed,Position Type,Horizontal Align,Vertical Align,Other Feat,Road Surface,Moisture Cond,Weather Cond,DayNight,Crash Type,Unit Resp,Entity Code,CSEF Severity,Traffic Ctrls,DUI Involved,Drugs Involved,ACCLOC_X,ACCLOC_Y,UNIQUE_LOC
2019-7093-27/05/2021,2 Metropolitan,BURNSIDE,5066,CITY OF BURNSIDE,2,0,0,0,0,2019,July,Wednesday,7:05 PM,60,T-Junction,Straight road,Level,Not Applicable,Sealed,Wet,Raining,Night,Rear End,2,Driver Rider,1: PDO,Give Way Sign,,,1333931.36,1669299.02,1.33E+13
2019-7094-27/05/2021,2 Metropolitan,GOLDEN GROVE,5125,CITY OF TEA TREE GULLY,2,1,0,0,1,2019,July,Thursday,7:40 PM,60,Cross Road,Straight road,Level,Not Applicable,Unsealed,Dry,Not Raining,Night,Right Angle,2,Driver Rider,2: MI,Traffic Signals,,,1337896.36,1685362.7,1.34E+13
2019-7095-27/05/2021,2 Metropolitan,WYNN VALE,5127,CITY OF TEA TREE GULLY,2,0,0,0,0,2019,July,Thursday,8:00 PM,70,T-Junction,"CURVED, VIEW OPEN",Level,Not Applicable,Sealed,Dry,Not Raining,Night,Rear End,2,Driver Rider,1: PDO,Traffic Signals,,,1336671.92,1683912.93,1.34E+13
2019-7096-27/05/2021,3 Country,JABUK,5301,SOUTHERN MALLEE DISTRICT COUNCIL,2,0,0,0,0,2019,July,Thursday,9:00 PM,110,Not Divided,"CURVED, VIEW OPEN",Level,Not Applicable,Sealed,Dry,Not Raining,Night,Hit Fixed Object,1,Driver Rider,1: PDO,No Control,,,1461633.67,1615354.34,1.46E+13
2019-7097-27/05/2021,3 Country,RENMARK,5341,DC RENMARK PARINGA            ,2,0,0,0,0,2019,July,Thursday,6:55 PM,50,Cross Road,Straight road,Level,Not Applicable,Sealed,Dry,Not Raining,Night,Right Angle,2,Driver Rider,1: PDO,Stop Sign,,,1528964.58,1745263.43,1.53E+13
2019-7098-27/05/2021,2 Metropolitan,REGENCY PARK,5010,CITY OF PORT ADELAIDE ENFIELD,2,3,0,2,1,2019,July,Thursday,8:41 PM,60,Cross Road,Straight road,Level,Not Applicable,Sealed,Dry,Not Raining,Night,Right Turn,1,Driver Rider,3: SI,Traffic Signals,,,1326053.17,1676365.57,1.33E+13
2019-7099-27/05/2021,2 Metropolitan,WEST LAKES,5021,CITY OF CHARLES STURT,2,0,0,0,0,2019,July,Friday,4:30 AM,60,Divided Road,Straight road,Level,Not Applicable,Sealed,Dry,Not Raining,Night,Hit Fixed Object,1,Driver Rider,1: PDO,No Control,,,1318610.71,1676726.86,1.32E+13
2019-7100-27/05/2021,2 Metropolitan,WEST CROYDON,5008,CITY OF CHARLES STURT,2,0,0,0,0,2019,July,Thursday,5:30 PM,50,Not Divided,Straight road,Level,Not Applicable,Sealed,Dry,Unknown,Night,Hit Parked Vehicle,2,Driver Rider,1: PDO,No Control,,,1324823.84,1674777.5,1.32E+13
2019-7101-27/05/2021,2 Metropolitan,BLAIR ATHOL,5084,CITY OF PORT ADELAIDE ENFIELD,2,0,0,0,0,2019,July,Friday,8:35 AM,60,T-Junction,Straight road,Level,Not Applicable,Sealed,Dry,Not Raining,Daylight,Right Angle,2,Driver Rider,1: PDO,No Control,,,1328820.2,1678260.17,1.33E+13
2019-7102-27/05/2021,2 Metropolitan,NORWOOD,5067,"CC OF NORWOOD,PAYNEHAM & ST PETERS",2,0,0,0,0,2019,July,Friday,11:20 AM,50,Cross Road,Straight road,Level,Not Applicable,Sealed,Dry,Not Raining,Daylight,Rear End,2,Driver Rider,1: PDO,Traffic Signals,,,1331451.37,1671057.66,1.33E+13
2019-7103-27/05/2021,2 Metropolitan,KIDMAN PARK,5025,CITY OF CHARLES STURT,3,0,0,0,0,2019,July,Friday,8:00 AM,60,Not Divided,Straight road,Level,Not Applicable,Sealed,Dry,Not Raining,Daylight,Rear End,1,Driver Rider,1: PDO,No Control,,,1322520.35,1672368.09,1.32E+13
2019-7104-27/05/2021,2 Metropolitan,MODBURY,5092,CITY OF TEA TREE GULLY,2,0,0,0,0,2019,July,Thursday,5:20 PM,60,Divided Road,Straight road,Level,Driveway or Entrance,Sealed,Dry,Not Raining,Daylight,Hit Parked Vehicle,1,Driver Rider,1: PDO,No Control,,,1335997.77,1680220.61,1.34E+13
2019-7105-27/05/2021,2 Metropolitan,BEDFORD PARK,5042,CC MITCHAM.                   ,3,0,0,0,0,2019,July,Friday,10:25 AM,70,Cross Road,Straight road,Level,Not Applicable,Sealed,Dry,Not Raining,Daylight,Rear End,1,Driver Rider,1: PDO,Traffic Signals,,,1325382.69,1660660.13,1.33E+13
2019-7106-27/05/2021,2 Metropolitan,CAMDEN PARK,5038,CITY OF WEST TORRENS,2,1,0,0,1,2019,July,Wednesday,11:59 AM,60,Divided Road,Straight road,Level,Driveway or Entrance,Sealed,Dry,Not Raining,Daylight,Right Turn,1,Driver Rider,2: MI,No Control,,,1322871.59,1665561.23,1.32E+13
2019-7107-27/05/2021,2 Metropolitan,SALISBURY SOUTH,5106,CITY OF SALISBURY,6,0,0,0,0,2019,July,Friday,10:35 AM,60,Divided Road,Straight road,Level,Not Applicable,Sealed,Dry,Not Raining,Daylight,Rear End,1,Driver Rider,1: PDO,No Control,,,1333239.84,1685418.37,1.33E+13
2019-7108-27/05/2021,2 Metropolitan,SALISBURY SOUTH,5106,CITY OF SALISBURY,2,0,0,0,0,2019,July,Friday,9:50 AM,70,Cross Road,Straight road,Level,Not Applicable,Sealed,Dry,Not Raining,Daylight,Rear End,1,Driver Rider,1: PDO,Traffic Signals,,,1332370.05,1686105.3,1.33E+13
2019-7109-27/05/2021,3 Country,PENOLA,5277,WATTLE RANGE COUNCIL,2,0,0,0,0,2019,July,Friday,3:15 AM,110,Not Divided,Straight road,Level,Not Applicable,Sealed,Dry,Not Raining,Night,Hit Animal,2,Animal,1: PDO,No Control,,,1515207.75,1388936.66,1.52E+13
2019-7110-27/05/2021,2 Metropolitan,VALLEY VIEW,5093,CITY OF PORT ADELAIDE ENFIELD,2,1,0,0,1,2019,July,Friday,11:40 AM,60,Divided Road,Straight road,Level,Not Applicable,Sealed,Dry,Not Raining,Daylight,Hit Fixed Object,1,Driver Rider,2: MI,No Control,,,1333711.76,1679349.35,1.33E+13
2019-7111-27/05/2021,2 Metropolitan,WALKERVILLE,5081,WALKERVILLE TOWN COUNCIL,2,0,0,0,0,2019,July,Friday,9:44 AM,50,Not Divided,Straight road,Level,Not Applicable,Sealed,Dry,Not Raining,Daylight,Hit Parked Vehicle,2,Driver Rider,1: PDO,No Control,,,1330090.13,1673867.56,1.33E+13
2019-7112-27/05/2021,2 Metropolitan,MAGILL,5072,CC CAMPBELLTOWN.              ,2,1,0,0,1,2019,July,Friday,10:10 AM,60,Not Divided,Straight road,Slope,Not Applicable,Sealed,Dry,Not Raining,Daylight,Hit Parked Vehicle,1,Driver Rider,2: MI,No Control,,,1335461.96,1672653.81,1.34E+13
2019-7113-27/05/2021,2 Metropolitan,BLACKWOOD,5051,CC MITCHAM.                   ,2,0,0,0,0,2019,July,Friday,9:00 AM,50,Not Divided,Straight road,Level,Not Applicable,Sealed,Dry,Not Raining,Daylight,Side Swipe,2,Driver Rider,1: PDO,No Control,,,1329635.74,1660392.51,1.33E+13
2019-7114-27/05/2021,1 City,ADELAIDE,5000,CITY OF ADELAIDE,2,1,0,0,1,2019,July,Friday,12:30 PM,50,Not Divided,Straight road,Level,Not Applicable,Sealed,Dry,Not Raining,Daylight,Side Swipe,1,Driver Rider,2: MI,No Control,,,1328600.65,1670673.99,1.33E+13
2019-7115-27/05/2021,3 Country,PORT ELLIOT,5212,ALEXANDRINA COUNCIL,2,0,0,0,0,2019,July,Friday,9:20 AM,50,Not Divided,Straight road,Level,Not Applicable,Sealed,Dry,Not Raining,Daylight,Hit Parked Vehicle,2,Driver Rider,1: PDO,No Control,,,1333489.66,1603653.06,1.33E+13
2019-7116-27/05/2021,2 Metropolitan,REYNELLA,5161,CITY OF ONKAPARINGA,3,1,0,0,1,2019,July,Friday,10:52 AM,80,Divided Road,"CURVED, VIEW OPEN",Level,Not Applicable,Sealed,Dry,Not Raining,Daylight,Hit Fixed Object,1,Driver Rider,2: MI,No Control,,,1322231.32,1652726.7,1.32E+13
2019-7117-27/05/2021,2 Metropolitan,GLANDORE,5037,CC MARION.                    ,2,0,0,0,0,2019,July,Friday,11:50 AM,60,Divided Road,Straight road,Level,Not Applicable,Sealed,Dry,Not Raining,Daylight,Side Swipe,1,Driver Rider,1: PDO,No Control,,,1325862.77,1666537.72,1.33E+13
2019-7118-27/05/2021,2 Metropolitan,COROMANDEL EAST,5157,CITY OF ONKAPARINGA,2,0,0,0,0,2019,July,Thursday,10:00 PM,80,Not Divided,Straight road,Level,Not Applicable,Sealed,Dry,Not Raining,Night,Hit Animal,2,Animal,1: PDO,No Control,,,1333820.14,1657346.37,1.33E+13
2019-7119-27/05/2021,3 Country,TINTINARA,5266,COORONG DISTRICT COUNCIL,2,0,0,0,0,2019,July,Friday,12:20 PM,60,Cross Road,Straight road,Level,Not Applicable,Sealed,Dry,Not Raining,Daylight,Right Angle,1,Driver Rider,1: PDO,Give Way Sign,,,1456241.88,1559304.7,1.46E+13
2019-7120-27/05/2021,2 Metropolitan,MARDEN,5070,"CC OF NORWOOD,PAYNEHAM & ST PETERS",2,0,0,0,0,2019,April,Wednesday,8:20 AM,50,Not Divided,Straight road,Level,Driveway or Entrance,Sealed,Dry,Not Raining,Daylight,Right Angle,1,Driver Rider,1: PDO,No Control,,,1332157.48,1674059.29,1.33E+13
2019-7121-27/05/2021,2 Metropolitan,SALISBURY EAST,5109,CITY OF SALISBURY,2,0,0,0,0,2019,July,Friday,1:55 PM,60,T-Junction,Straight road,Level,Not Applicable,Sealed,Dry,Not Raining,Daylight,Right Angle,2,Driver Rider,1: PDO,No Control,,,1333610.1,1685123.47,1.33E+13
2019-7122-27/05/2021,2 Metropolitan,GEPPS CROSS,5094,CITY OF PORT ADELAIDE ENFIELD,2,1,0,0,1,2019,July,Friday,7:25 AM,60,Not Divided,Straight road,Crest of Hill,Not Applicable,Sealed,Dry,Not Raining,Daylight,Rear End,1,Driver Rider,2: MI,No Control,,,1330634.21,1679719.04,1.33E+13
2019-7123-27/05/2021,2 Metropolitan,ST MARYS,5042,CC MITCHAM.                   ,4,3,0,0,3,2019,July,Friday,2:20 PM,60,Divided Road,Straight road,Level,Not Applicable,Sealed,Dry,Not Raining,Daylight,Rear End,1,Driver Rider,2: MI,No Control,,,1326008.23,1661585.64,1.33E+13
2019-7124-27/05/2021,2 Metropolitan,SMITHFIELD PLAINS,5114,CITY OF PLAYFORD.,2,0,0,0,0,2019,July,Friday,2:44 PM,50,T-Junction,Straight road,Level,Not Applicable,Sealed,Dry,Not Raining,Daylight,Right Angle,2,Driver Rider,1: PDO,No Control,,,1336899.06,1697749.75,1.34E+13
2019-7125-27/05/2021,2 Metropolitan,EYRE,5121,CITY OF PLAYFORD.,1,1,0,0,1,2019,July,Friday,3:13 PM,80,Not Divided,Straight road,Level,Not Applicable,Sealed,Dry,Not Raining,Daylight,Roll Over,1,Driver Rider,2: MI,No Control,,,1334941.36,1696844.96,1.33E+13
2019-7126-27/05/2021,2 Metropolitan,CUMBERLAND PARK,5041,CC MITCHAM.                   ,2,0,0,0,0,2019,July,Friday,3:25 PM,60,Divided Road,Straight road,Level,Not Applicable,Sealed,Dry,Not Raining,Daylight,Rear End,2,Driver Rider,1: PDO,No Control,,,1326829.26,1666178.83,1.33E+13
2019-7127-27/05/2021,2 Metropolitan,SALISBURY EAST,5109,CITY OF SALISBURY,4,0,0,0,0,2019,July,Friday,3:45 PM,80,Divided Road,Straight road,Level,Not Applicable,Sealed,Dry,Not Raining,Daylight,Rear End,1,Driver Rider,1: PDO,No Control,,,1333314.89,1685395.49,1.33E+13
2019-7128-27/05/2021,2 Metropolitan,ELIZABETH SOUTH,5112,CITY OF PLAYFORD.,2,1,0,0,1,2019,July,Friday,5:18 PM,60,Divided Road,Straight road,Level,Not Applicable,Sealed,Dry,Not Raining,Daylight,Rear End,1,Driver Rider,2: MI,No Control,,,1334411.22,1690046.74,1.33E+13
2019-7129-27/05/2021,2 Metropolitan,PROSPECT,5082,CITY OF PROSPECT,2,0,0,0,0,2019,July,Friday,5:00 PM,60,Divided Road,Straight road,Slope,Not Applicable,Sealed,Dry,Not Raining,Daylight,Side Swipe,1,Driver Rider,1: PDO,No Control,,,1328116.71,1676424.75,1.33E+13
2019-7130-27/05/2021,2 Metropolitan,LITTLEHAMPTON,5250,DC MT.BARKER.                 ,1,0,0,0,0,2019,July,Friday,2:10 PM,80,Not Divided,"CURVED, VIEW OPEN",Level,Not Applicable,Sealed,Dry,Not Raining,Daylight,Left Road - Out of Control,1,Driver Rider,1: PDO,No Control,,,1352107.68,1657563.38,1.35E+13
2019-7131-27/05/2021,2 Metropolitan,SEATON,5023,CITY OF CHARLES STURT,2,0,0,0,0,2019,July,Friday,2:45 PM,60,T-Junction,Straight road,Level,Not Applicable,Sealed,Dry,Not Raining,Daylight,Side Swipe,2,Driver Rider,1: PDO,Traffic Signals,,,1320746.99,1674887.01,1.32E+13
2019-7132-27/05/2021,2 Metropolitan,SUMMERTOWN,5141,THE ADELAIDE HILLS COUNCIL,2,1,0,0,1,2019,July,Friday,5:17 PM,80,Not Divided,"CURVED, VIEW OPEN",Slope,Not Applicable,Sealed,Dry,Not Raining,Daylight,Head On,1,Driver Rider,2: MI,No Control,,,1338814.04,1666550.15,1.34E+13
2019-7133-27/05/2021,2 Metropolitan,TORRENSVILLE,5031,CITY OF WEST TORRENS,2,1,0,1,0,2019,July,Friday,6:35 PM,60,Cross Road,Straight road,Level,Not Applicable,Sealed,Dry,Not Raining,Night,Right Turn,1,Driver Rider,3: SI,Traffic Signals,,,1325754.68,1670981.93,1.33E+13
2019-7134-27/05/2021,1 City,ADELAIDE,5000,CITY OF ADELAIDE,2,1,0,1,0,2019,July,Friday,6:10 PM,50,Cross Road,Straight road,Level,Not Applicable,Sealed,Dry,Not Raining,Night,Right Turn,1,Driver Rider,3: SI,Traffic Signals,,,1327978.27,1670807.29,1.33E+13
2019-7135-27/05/2021,1 City,ADELAIDE,5000,CITY OF ADELAIDE,3,0,0,0,0,2019,July,Friday,6:10 PM,60,Divided Road,Straight road,Level,Not Applicable,Sealed,Dry,Not Raining,Night,Side Swipe,1,Driver Rider,1: PDO,No Control,,,1327380.12,1669800.69,1.33E+13
2019-7136-27/05/2021,2 Metropolitan,PARA HILLS WEST,5096,CITY OF SALISBURY,2,1,0,0,1,2019,July,Friday,5:49 PM,60,T-Junction,Straight road,Level,Not Applicable,Sealed,Dry,Not Raining,Night,Right Angle,1,Driver Rider,2: MI,No Control,,,1332609.88,1684350.16,1.33E+13
2019-7137-27/05/2021,1 City,ADELAIDE,5000,CITY OF ADELAIDE,2,0,0,0,0,2019,July,Friday,10:30 PM,60,Divided Road,Straight road,Level,Not Applicable,Sealed,Dry,Not Raining,Night,Hit Parked Vehicle,1,Driver Rider,1: PDO,No Control,,,1329802.7,1670696.25,1.33E+13
2019-7138-27/05/2021,3 Country,PENOLA,5277,WATTLE RANGE COUNCIL,3,0,0,0,0,2019,July,Friday,10:20 PM,60,Not Divided,Straight road,Level,Not Applicable,Sealed,Dry,Not Raining,Night,Hit Fixed Object,1,Driver Rider,1: PDO,No Control,,,1517807.28,1390523.45,1.52E+13
2019-7139-27/05/2021,1 City,ADELAIDE,5000,CITY OF ADELAIDE,2,1,0,0,1,2019,July,Friday,11:45 PM,50,Divided Road,Straight road,Level,Not Applicable,Sealed,Dry,Not Raining,Night,Hit Pedestrian,2,Pedestrian,2: MI,No Control,,,1327950.08,1669774.34,1.33E+13
2019-7140-27/05/2021,2 Metropolitan,TRANMERE,5073,"CC OF NORWOOD,PAYNEHAM & ST PETERS",2,0,0,0,0,2019,July,Friday,3:30 PM,60,Divided Road,Straight road,Level,Not Applicable,Sealed,Dry,Not Raining,Daylight,Side Swipe,2,Driver Rider,1: PDO,No Control,,,1333833.88,1672533.01,1.33E+13
2019-7141-27/05/2021,3 Country,BURDETT,5253,RC MURRAY BRIDGE.             ,2,0,0,0,0,2019,July,Friday,3:45 PM,110,T-Junction,Straight road,Level,Not Applicable,Sealed,Dry,Not Raining,Daylight,Right Angle,2,Driver Rider,1: PDO,Give Way Sign,,,1396281.69,1651741.46,1.40E+13
2019-7142-27/05/2021,2 Metropolitan,GLENELG NORTH,5045,CITY OF HOLDFAST BAY,2,2,0,0,2,2019,July,Friday,8:45 PM,50,Cross Road,Straight road,Level,Not Applicable,Sealed,Dry,Not Raining,Night,Right Angle,2,Driver Rider,2: MI,Roundabout,,,1320786.48,1665315.19,1.32E+13
2019-7143-27/05/2021,2 Metropolitan,HALLETT COVE,5158,CC MARION.                    ,2,0,0,0,0,2019,July,Saturday,10:58 AM,50,Not Divided,"CURVED, VIEW OPEN",Level,Not Applicable,Sealed,Dry,Not Raining,Daylight,Head On,2,Driver Rider,1: PDO,No Control,,,1319502.76,1653260.28,1.32E+13
2019-7144-27/05/2021,2 Metropolitan,WINGFIELD,5013,CITY OF PORT ADELAIDE ENFIELD,2,0,0,0,0,2019,July,Saturday,10:56 AM,60,Cross Road,Straight road,Level,Not Applicable,Sealed,Dry,Not Raining,Daylight,Right Angle,1,Driver Rider,1: PDO,Traffic Signals,,,1323910.63,1679162.4,1.32E+13
2019-7145-27/05/2021,2 Metropolitan,WALKERVILLE,5081,WALKERVILLE TOWN COUNCIL,2,0,0,0,0,2019,July,Saturday,11:00 AM,60,Cross Road,Straight road,Level,Not Applicable,Sealed,Dry,Not Raining,Daylight,Right Angle,1,Driver Rider,1: PDO,Traffic Signals,,,1329936.35,1673777.08,1.33E+13
2019-7146-27/05/2021,2 Metropolitan,STIRLING,5152,THE ADELAIDE HILLS COUNCIL,2,0,0,0,0,2019,July,Thursday,8:15 PM,60,T-Junction,"CURVED, VIEW OBSCURED",Slope,Not Applicable,Sealed,Dry,Not Raining,Night,Rear End,1,Driver Rider,1: PDO,No Control,,,1338783.47,1661765.64,1.34E+13
2019-7147-27/05/2021,2 Metropolitan,WALKERVILLE,5081,WALKERVILLE TOWN COUNCIL,2,0,0,0,0,2019,July,Saturday,11:25 AM,60,Divided Road,Straight road,Level,Not Applicable,Sealed,Dry,Not Raining,Daylight,Hit Parked Vehicle,1,Driver Rider,1: PDO,No Control,,,1330142.47,1673531.87,1.33E+13
2019-7148-27/05/2021,2 Metropolitan,POORAKA,5095,CITY OF SALISBURY,2,0,0,0,0,2019,July,Friday,3:30 PM,70,Divided Road,Straight road,Level,Not Applicable,Sealed,Dry,Not Raining,Daylight,Side Swipe,1,Driver Rider,1: PDO,No Control,,,1331328.63,1681823.75,1.33E+13
2019-7149-27/05/2021,2 Metropolitan,REGENCY PARK,5010,CITY OF PORT ADELAIDE ENFIELD,2,0,0,0,0,2019,July,Saturday,10:00 AM,90,Divided Road,Straight road,Level,Not Applicable,Sealed,Dry,Not Raining,Daylight,Side Swipe,2,Driver Rider,1: PDO,No Control,,,1326046.76,1676632.57,1.33E+13
2019-7150-27/05/2021,2 Metropolitan,PARK HOLME,5043,CC MARION.                    ,3,0,0,0,0,2019,July,Saturday,12:58 PM,60,Divided Road,Straight road,Level,Not Applicable,Sealed,Dry,Not Raining,Daylight,Rear End,1,Driver Rider,1: PDO,No Control,,,1324320.71,1663724.46,1.32E+13
2019-7151-27/05/2021,2 Metropolitan,ASCOT PARK,5043,CC MARION.                    ,2,1,0,1,0,2019,July,Saturday,12:35 PM,110,Not Divided,Straight road,Level,Driveway or Entrance,Sealed,Dry,Not Raining,Daylight,Hit Parked Vehicle,1,Driver Rider,3: SI,No Control,,,1324905.17,1664038.65,1.32E+13
2019-7152-27/05/2021,2 Metropolitan,GLENSIDE,5065,CITY OF BURNSIDE,2,0,0,0,0,2019,July,Saturday,10:50 AM,50,Cross Road,Straight road,Level,Not Applicable,Sealed,Dry,Not Raining,Daylight,Right Angle,2,Driver Rider,1: PDO,Roundabout,,,1331530.53,1668346.45,1.33E+13
2019-7153-27/05/2021,2 Metropolitan,WALKERVILLE,5081,WALKERVILLE TOWN COUNCIL,2,0,0,0,0,2019,July,Saturday,11:00 AM,50,T-Junction,Straight road,Level,Not Applicable,Sealed,Dry,Not Raining,Daylight,Hit Parked Vehicle,1,Driver Rider,1: PDO,No Control,,,1330630.85,1675000.47,1.33E+13
2019-7154-27/05/2021,2 Metropolitan,WOODVILLE,5011,CITY OF CHARLES STURT,2,0,0,0,0,2019,July,Saturday,12:10 PM,50,Not Divided,Straight road,Level,Driveway or Entrance,Sealed,Dry,Not Raining,Daylight,Right Angle,1,Driver Rider,1: PDO,No Control,,,1323195.81,1676369.59,1.32E+13
2019-7155-27/05/2021,2 Metropolitan,HACKNEY,5069,"CC OF NORWOOD,PAYNEHAM & ST PETERS",2,1,0,0,1,2019,July,Saturday,12:30 PM,60,Divided Road,Straight road,Level,Not Applicable,Sealed,Dry,Not Raining,Daylight,Rear End,1,Driver Rider,2: MI,No Control,,,1329896.49,1671346.77,1.33E+13
2019-7156-27/05/2021,2 Metropolitan,WATTLE PARK,5066,CITY OF BURNSIDE,3,1,0,0,1,2019,July,Saturday,4:00 PM,50,Not Divided,Straight road,Slope,Driveway or Entrance,Sealed,Dry,Not Raining,Daylight,Hit Pedestrian,2,Pedestrian,2: MI,No Control,,,1335766.32,1669901.63,1.34E+13
2019-7157-27/05/2021,2 Metropolitan,TORRENS PARK,5062,CC MITCHAM.                   ,2,0,0,0,0,2019,July,Saturday,2:15 PM,60,Cross Road,"CURVED, VIEW OPEN",Slope,Not Applicable,Sealed,Dry,Not Raining,Daylight,Right Angle,1,Driver Rider,1: PDO,Roundabout,,,1330012.26,1664229.65,1.33E+13
2019-7158-27/05/2021,2 Metropolitan,THEBARTON,5031,CITY OF WEST TORRENS,3,0,0,0,0,2019,July,Saturday,2:12 PM,60,Divided Road,Straight road,Slope,Not Applicable,Sealed,Dry,Not Raining,Daylight,Rear End,2,Driver Rider,1: PDO,No Control,,,1326524.03,1671981.11,1.33E+13
2019-7159-27/05/2021,2 Metropolitan,RIDLEYTON,5008,CITY OF CHARLES STURT,2,0,0,0,0,2019,July,Thursday,8:12 PM,60,Cross Road,Straight road,Level,Not Applicable,Sealed,Dry,Not Raining,Night,Right Turn,2,Driver Rider,1: PDO,Traffic Signals,,,1325915.28,1674895.89,1.33E+13
2019-7160-27/05/2021,2 Metropolitan,O'HALLORAN HILL,5158,CITY OF ONKAPARINGA,2,0,0,0,0,2019,July,Saturday,5:00 PM,80,Divided Road,"CURVED, VIEW OBSCURED",Slope,Not Applicable,Sealed,Dry,Not Raining,Daylight,Hit Fixed Object,1,Driver Rider,1: PDO,No Control,,,1324364.27,1658184.81,1.32E+13
2019-7161-27/05/2021,2 Metropolitan,MODBURY NORTH,5092,CITY OF TEA TREE GULLY,2,0,0,0,0,2019,July,Saturday,3:55 PM,60,Cross Road,Straight road,Level,Not Applicable,Sealed,Dry,Not Raining,Daylight,Rear End,2,Driver Rider,1: PDO,Traffic Signals,,,1336848.16,1681212.44,1.34E+13
2019-7162-27/05/2021,1 City,ADELAIDE,5000,CITY OF ADELAIDE,2,1,0,0,1,2019,July,Friday,11:00 PM,50,Cross Road,Straight road,Level,Not Applicable,Sealed,Dry,Not Raining,Night,Rear End,2,Driver Rider,2: MI,Traffic Signals,,,1328452.6,1671147.69,1.33E+13
2019-7163-27/05/2021,3 Country,BLYTH,5462,WAKEFIELD REGIONAL COUNCIL,2,0,0,0,0,2019,July,Wednesday,2:20 PM,100,Not Divided,"CURVED, VIEW OPEN",Level,Not Applicable,Sealed,Dry,Not Raining,Daylight,Hit Fixed Object,1,Driver Rider,1: PDO,No Control,,,1320007.43,1789977.28,1.32E+13
2019-7164-27/05/2021,3 Country,NORMANVILLE,5204,DC YANKALILLA.                ,2,0,0,0,0,2019,July,Saturday,11:42 AM,50,Not Divided,Straight road,Level,Not Applicable,Sealed,Dry,Not Raining,Daylight,Hit Parked Vehicle,2,Driver Rider,1: PDO,No Control,,,1301009.78,1613716.5,1.30E+13
2019-7165-27/05/2021,2 Metropolitan,PARADISE,5075,CC CAMPBELLTOWN.              ,2,1,0,0,1,2019,July,Saturday,6:16 PM,50,Not Divided,Straight road,Level,Not Applicable,Sealed,Dry,Not Raining,Night,Hit Fixed Object,1,Driver Rider,2: MI,No Control,,,1335324.35,1676247.78,1.34E+13
2019-7166-27/05/2021,2 Metropolitan,DARLINGTON,5047,CITY OF ONKAPARINGA,2,0,0,0,0,2019,July,Saturday,2:36 PM,80,Divided Road,Straight road,Slope,Not Applicable,Sealed,Dry,Not Raining,Daylight,Hit Fixed Object,1,Driver Rider,1: PDO,No Control,Y,,1324211.48,1658897.99,1.32E+13
2019-7167-27/05/2021,2 Metropolitan,HOLDEN HILL,5088,CITY OF PORT ADELAIDE ENFIELD,2,1,0,1,0,2019,July,Saturday,6:04 PM,60,Divided Road,Straight road,Slope,Not Applicable,Sealed,Dry,Not Raining,Night,Hit Pedestrian,2,Pedestrian,3: SI,No Control,,,1334531.08,1678451.85,1.33E+13
2019-7168-27/05/2021,2 Metropolitan,SOUTH PLYMPTON,5038,CC MARION.                    ,2,1,0,0,1,2019,July,Friday,9:33 AM,60,Divided Road,Straight road,Level,Not Applicable,Sealed,Dry,Not Raining,Daylight,Hit Fixed Object,1,Driver Rider,2: MI,No Control,,,1324650.4,1666126.98,1.32E+13
2019-7169-27/05/2021,2 Metropolitan,SOUTH PLYMPTON,5038,CC MARION.                    ,2,0,0,0,0,2019,July,Saturday,5:55 PM,60,Divided Road,Straight road,Level,Not Applicable,Sealed,Dry,Not Raining,Night,Rear End,1,Driver Rider,1: PDO,No Control,,,1324285.51,1664612.45,1.32E+13
2019-7170-27/05/2021,2 Metropolitan,PARAFIELD GARDENS,5107,CITY OF SALISBURY,2,0,0,0,0,2019,July,Saturday,8:38 PM,50,Not Divided,Straight road,Level,Not Applicable,Sealed,Dry,Not Raining,Night,Hit Fixed Object,1,Driver Rider,1: PDO,No Control,,,1330324.25,1686158.34,1.33E+13
2019-7171-27/05/2021,2 Metropolitan,EVANSTON GARDENS,5116,CT GAWLER.                    ,2,4,0,0,4,2019,July,Saturday,9:44 PM,80,Not Divided,Straight road,Level,Not Applicable,Sealed,Dry,Not Raining,Night,Hit Fixed Object,1,Driver Rider,2: MI,No Control,Y,,1340921.32,1704015.55,1.34E+13
2019-7172-27/05/2021,2 Metropolitan,MOUNT BARKER,5251,DC MT.BARKER.                 ,2,1,0,0,1,2019,July,Thursday,7:30 PM,60,Cross Road,Straight road,Level,Not Applicable,Sealed,Dry,Not Raining,Night,Right Turn,2,Driver Rider,2: MI,Traffic Signals,,,1351314.75,1654262.86,1.35E+13
2019-7173-27/05/2021,2 Metropolitan,EYRE,5121,CITY OF PLAYFORD.,3,5,0,0,5,2019,July,Saturday,10:15 PM,60,Cross Road,Straight road,Level,Not Applicable,Sealed,Dry,Not Raining,Night,Right Angle,1,Driver Rider,2: MI,Stop Sign,,,1334450.71,1695787.2,1.33E+13
2019-7174-27/05/2021,2 Metropolitan,O'HALLORAN HILL,5158,CC MARION.                    ,2,0,0,0,0,2019,July,Sunday,12:10 AM,70,Not Divided,Straight road,Level,Not Applicable,Sealed,Dry,Not Raining,Night,Hit Fixed Object,1,Driver Rider,1: PDO,No Control,,,1323590.45,1656602.28,1.32E+13