REPORT_ID,Stats Area,Suburb,Postcode,LGA Name,Total Units,Total Cas,Total Fats,Total SI,Total MI,Year,Month,Day,Time,Area Speed,Position Type,Horizontal Align,Vertical Align,Other Feat,Road Surface,Moisture Cond,Weather Cond,DayNight,Crash Type,Unit Resp,Entity Code,CSEF Severity,Traffic Ctrls,DUI Involved,Drugs Involved,ACCLOC_X,ACCLOC_Y,UNIQUE_LOC
2019-7175-27/05/2021,2 Metropolitan,BURTON,5110,CITY OF SALISBURY,2,0,0,0,0,2019,July,Sunday,1:30 AM,50,T-Junction,Straight road,Level,Not Applicable,Sealed,Dry,Not Raining,Night,Hit Fixed Object,1,Driver Rider,1: PDO,No Control,,,1329374.26,1691268.8,1.33E+13
2019-7176-27/05/2021,2 Metropolitan,WINDSOR GARDENS,5087,CITY OF PORT ADELAIDE ENFIELD,2,0,0,0,0,2019,July,Sunday,6:25 AM,50,Not Divided,Straight road,Level,Not Applicable,Sealed,Dry,Not Raining,Night,Hit Fixed Object,1,Driver Rider,1: PDO,No Control,,,1333770.95,1677549.49,1.33E+13
2019-7177-27/05/2021,2 Metropolitan,WILLASTON,5118,CT GAWLER.                    ,2,1,0,0,1,2019,July,Sunday,9:05 AM,50,Cross Road,Straight road,Level,Not Applicable,Sealed,Dry,Not Raining,Daylight,Right Angle,1,Driver Rider,2: MI,Give Way Sign,,,1342991.72,1707820.5,1.34E+13
2019-7178-27/05/2021,3 Country,CLIFTON HILLS STATION,5733,,1,2,0,0,2,2019,July,Saturday,1:30 PM,100,Not Divided,Straight road,Level,Not Applicable,Unsealed,Dry,Not Raining,Daylight,Roll Over,1,Other,2: MI,No Control,,,1372656.9,2520152.97,1.37E+13
2019-7179-27/05/2021,2 Metropolitan,BIRDWOOD,5234,THE ADELAIDE HILLS COUNCIL,2,0,0,0,0,2019,July,Saturday,4:30 PM,100,Not Divided,"CURVED, VIEW OPEN",Level,Not Applicable,Sealed,Dry,Not Raining,Daylight,Hit Fixed Object,1,Driver Rider,1: PDO,No Control,,,1364714.95,1682894.69,1.36E+13
2019-7180-27/05/2021,2 Metropolitan,CHRISTIE DOWNS,5164,CITY OF ONKAPARINGA,2,2,0,0,2,2019,July,Sunday,11:19 AM,60,T-Junction,Straight road,Level,Not Applicable,Sealed,Dry,Not Raining,Daylight,Right Angle,2,Driver Rider,2: MI,Traffic Signals,,,1318513.27,1647464.88,1.32E+13
2019-7181-27/05/2021,2 Metropolitan,CLARENDON,5157,CITY OF ONKAPARINGA,2,0,0,0,0,2019,July,Sunday,12:00 PM,60,T-Junction,Straight road,Slope,Not Applicable,Sealed,Dry,Not Raining,Daylight,Rear End,1,Driver Rider,1: PDO,No Control,,,1329747.25,1650279.51,1.33E+13
2019-7182-27/05/2021,2 Metropolitan,MITCHELL PARK,5043,CC MARION.                    ,3,0,0,0,0,2019,July,Sunday,10:00 AM,60,Divided Road,Straight road,Level,Not Applicable,Sealed,Dry,Not Raining,Daylight,Side Swipe,1,Driver Rider,1: PDO,No Control,,,1324367.65,1662153.99,1.32E+13
2019-7183-27/05/2021,2 Metropolitan,LOBETHAL,5241,THE ADELAIDE HILLS COUNCIL,2,1,0,0,1,2019,July,Sunday,11:46 AM,80,Not Divided,"CURVED, VIEW OPEN",Crest of Hill,Not Applicable,Sealed,Dry,Not Raining,Daylight,Hit Fixed Object,1,Driver Rider,2: MI,No Control,,,1353019.97,1673585.32,1.35E+13
2019-7184-27/05/2021,3 Country,PORT WAKEFIELD,5550,WAKEFIELD REGIONAL COUNCIL,2,0,0,0,0,2019,July,Sunday,12:00 PM,110,Divided Road,Straight road,Level,Not Applicable,Sealed,Wet,Raining,Daylight,Hit Fixed Object,1,Driver Rider,1: PDO,No Control,,,1292984.7,1750807.81,1.29E+13
2019-7185-27/05/2021,2 Metropolitan,BROOKLYN PARK,5032,CITY OF WEST TORRENS,1,0,0,0,0,2019,July,Sunday,1:00 PM,50,Cross Road,Straight road,Level,Not Applicable,Sealed,Dry,Not Raining,Daylight,Roll Over,1,Driver Rider,1: PDO,Traffic Signals,,,1323129.01,1670083.9,1.32E+13
2019-7186-27/05/2021,2 Metropolitan,BALHANNAH,5242,THE ADELAIDE HILLS COUNCIL,2,1,0,0,1,2019,July,Sunday,11:30 AM,80,Not Divided,Straight road,Crest of Hill,Not Applicable,Sealed,Dry,Not Raining,Daylight,Rear End,2,Driver Rider,2: MI,No Control,,,1350507.22,1660682.38,1.35E+13
2019-7187-27/05/2021,3 Country,FURNER,5280,WATTLE RANGE COUNCIL,1,1,0,0,1,2019,July,Sunday,8:00 AM,100,Not Divided,"CURVED, VIEW OBSCURED",Level,Not Applicable,Unsealed,Dry,Not Raining,Daylight,Roll Over,1,Driver Rider,2: MI,No Control,,,1476937.06,1382827.99,1.48E+13
2019-7188-27/05/2021,3 Country,GAMMON RANGES,5732,,1,0,0,0,0,2019,July,Sunday,10:15 AM,100,Not Divided,"CURVED, VIEW OPEN",Slope,Not Applicable,Unsealed,Dry,Not Raining,Daylight,Roll Over,1,Driver Rider,1: PDO,No Control,,,1393617.03,2149440.65,1.39E+13
2019-7189-27/05/2021,2 Metropolitan,ELIZABETH,5112,CITY OF PLAYFORD.,2,0,0,0,0,2019,July,Sunday,2:30 PM,60,T-Junction,Straight road,Level,Not Applicable,Sealed,Dry,Not Raining,Daylight,Rear End,1,Driver Rider,1: PDO,Give Way Sign,,,1335808.03,1693779.92,1.34E+13
2019-7190-27/05/2021,2 Metropolitan,PROSPECT,5082,CITY OF PROSPECT,2,0,0,0,0,2019,July,Sunday,12:30 PM,60,Divided Road,Straight road,Level,Not Applicable,Sealed,Dry,Not Raining,Daylight,Rear End,1,Driver Rider,1: PDO,No Control,,,1327825.14,1676415.58,1.33E+13
2019-7191-27/05/2021,2 Metropolitan,CAVAN,5094,CITY OF SALISBURY,2,0,0,0,0,2019,July,Sunday,3:00 PM,70,Divided Road,Straight road,Level,Not Applicable,Sealed,Dry,Not Raining,Daylight,Rear End,2,Driver Rider,1: PDO,No Control,,,1328723.03,1681437.92,1.33E+13
2019-7192-27/05/2021,2 Metropolitan,REGENCY PARK,5010,CITY OF PORT ADELAIDE ENFIELD,2,0,0,0,0,2019,July,Sunday,3:00 PM,60,Divided Road,Straight road,Level,Not Applicable,Sealed,Dry,Not Raining,Daylight,Side Swipe,2,Driver Rider,1: PDO,No Control,,,1326586.92,1676378.35,1.33E+13
2019-7193-27/05/2021,2 Metropolitan,VALE PARK,5081,WALKERVILLE TOWN COUNCIL,2,1,0,0,1,2019,July,Sunday,3:40 PM,60,Cross Road,Straight road,Level,Not Applicable,Sealed,Dry,Not Raining,Daylight,Right Turn,1,Driver Rider,2: MI,Traffic Signals,,,1330645.93,1675348.15,1.33E+13
2019-7194-27/05/2021,2 Metropolitan,GOLDEN GROVE,5125,CITY OF TEA TREE GULLY,2,0,0,0,0,2019,July,Sunday,3:12 PM,60,Cross Road,Straight road,Level,Not Applicable,Sealed,Dry,Not Raining,Daylight,Rear End,2,Driver Rider,1: PDO,Traffic Signals,,,1337892.14,1685350.36,1.34E+13
2019-7195-27/05/2021,3 Country,TANUNDA,5352,THE BAROSSA COUNCIL.,2,4,0,0,4,2019,July,Sunday,2:15 PM,80,T-Junction,"CURVED, VIEW OPEN",Level,Not Applicable,Sealed,Dry,Not Raining,Daylight,Right Angle,2,Driver Rider,2: MI,Give Way Sign,,,1364899.95,1715663.34,1.36E+13
2019-7196-27/05/2021,3 Country,PYGERY,5652,DC WUDINNA. (DC LE HUNTE.),1,0,0,0,0,2019,July,Friday,8:00 PM,110,Not Divided,Straight road,Level,Not Applicable,Sealed,Dry,Not Raining,Night,Left Road - Out of Control,1,Driver Rider,1: PDO,No Control,,,1037083.23,1887078.97,1.04E+13
2019-7197-27/05/2021,2 Metropolitan,WEST BEACH,5024,CITY OF CHARLES STURT,2,0,0,0,0,2019,July,Sunday,5:45 PM,50,Divided Road,Straight road,Level,Driveway or Entrance,Sealed,Dry,Not Raining,Night,Right Angle,1,Driver Rider,1: PDO,No Control,,,1319324.14,1669654.32,1.32E+13
2019-7198-27/05/2021,2 Metropolitan,SMITHFIELD,5114,CITY OF PLAYFORD.,2,0,0,0,0,2019,July,Sunday,5:18 PM,80,Divided Road,Straight road,Level,Not Applicable,Sealed,Dry,Not Raining,Daylight,Rear End,2,Driver Rider,1: PDO,No Control,,,1337733.59,1696869.55,1.34E+13
2019-7199-27/05/2021,3 Country,GRACE PLAINS,5502,WAKEFIELD REGIONAL COUNCIL,1,0,0,0,0,2019,July,Sunday,4:45 PM,100,Cross Road,Straight road,Level,Not Applicable,Unsealed,Dry,Not Raining,Daylight,Left Road - Out of Control,1,Driver Rider,1: PDO,Give Way Sign,,,1320743.39,1735305.52,1.32E+13
2019-7200-27/05/2021,2 Metropolitan,PROSPECT,5082,CITY OF PROSPECT,2,0,0,0,0,2019,July,Sunday,6:30 PM,60,Cross Road,Straight road,Level,Not Applicable,Sealed,Dry,Not Raining,Night,Right Turn,1,Driver Rider,1: PDO,Traffic Signals,,,1328862.28,1676441.72,1.33E+13
2019-7201-27/05/2021,2 Metropolitan,MEDINDIE,5081,WALKERVILLE TOWN COUNCIL,3,1,0,1,0,2019,July,Sunday,7:10 PM,60,Multiple,"CURVED, VIEW OPEN",Level,Not Applicable,Sealed,Dry,Not Raining,Night,Hit Fixed Object,1,Driver Rider,3: SI,Traffic Signals,Y,,1329427.23,1673281.86,1.33E+13
2019-7202-27/05/2021,2 Metropolitan,ELIZABETH,5112,CITY OF PLAYFORD.,2,1,0,0,1,2019,July,Sunday,7:43 PM,60,Not Divided,Straight road,Level,Not Applicable,Sealed,Dry,Not Raining,Night,Hit Fixed Object,1,Driver Rider,2: MI,No Control,,,1335253.36,1692479.27,1.34E+13
2019-7203-27/05/2021,2 Metropolitan,HAPPY VALLEY,5159,CITY OF ONKAPARINGA,2,0,0,0,0,2019,July,Sunday,9:20 PM,80,Not Divided,"CURVED, VIEW OPEN",Slope,Not Applicable,Sealed,Dry,Not Raining,Night,Rear End,1,Driver Rider,1: PDO,No Control,,,1325628.82,1656790.72,1.33E+13
2019-7204-27/05/2021,2 Metropolitan,WOODSIDE,5244,THE ADELAIDE HILLS COUNCIL,2,1,0,0,1,2019,July,Sunday,7:40 PM,80,Not Divided,Straight road,Level,Not Applicable,Sealed,Dry,Not Raining,Night,Rear End,2,Driver Rider,2: MI,No Control,,,1354138.63,1665368.32,1.35E+13
2019-7205-27/05/2021,3 Country,WUNKAR,5311,LOXTON WAIKERIE DISTRICT COUNCIL,2,0,0,0,0,2019,July,Sunday,10:10 PM,110,Not Divided,Straight road,Level,Not Applicable,Sealed,Dry,Not Raining,Night,Roll Over,1,Driver Rider,1: PDO,No Control,,,1482390.79,1712183.15,1.48E+13
2019-7206-27/05/2021,2 Metropolitan,CROYDON,5008,CITY OF CHARLES STURT,2,2,0,0,2,2019,July,Monday,6:53 AM,60,Cross Road,Straight road,Level,Not Applicable,Sealed,Dry,Not Raining,Night,Right Turn,1,Driver Rider,2: MI,Traffic Signals,,,1325500.48,1673450.96,1.33E+13
2019-7207-27/05/2021,2 Metropolitan,FULLARTON,5063,CITY OF UNLEY,2,1,0,0,1,2019,July,Monday,8:25 AM,60,Not Divided,Straight road,Slope,Driveway or Entrance,Sealed,Dry,Not Raining,Daylight,Right Angle,1,Driver Rider,2: MI,No Control,,,1331585.64,1667613.27,1.33E+13
2019-7208-27/05/2021,2 Metropolitan,HACKNEY,5069,"CC OF NORWOOD,PAYNEHAM & ST PETERS",2,0,0,0,0,2019,July,Monday,8:20 AM,60,Not Divided,Straight road,Level,Not Applicable,Sealed,Dry,Not Raining,Daylight,Hit Parked Vehicle,2,Driver Rider,1: PDO,No Control,,,1330140.77,1671450.62,1.33E+13
2019-7209-27/05/2021,2 Metropolitan,VIRGINIA,5120,CITY OF PLAYFORD.,2,0,0,0,0,2019,July,Monday,8:20 AM,90,T-Junction,"CURVED, VIEW OPEN",Level,Not Applicable,Sealed,Dry,Not Raining,Daylight,Right Turn,1,Driver Rider,1: PDO,Give Way Sign,,,1326421.71,1696569.21,1.33E+13
2019-7210-27/05/2021,3 Country,KAINTON,5552,YORKE PENINSULA COUNCIL,2,0,0,0,0,2019,July,Monday,7:30 AM,100,Not Divided,Straight road,Crest of Hill,Not Applicable,Sealed,Dry,Not Raining,Daylight,Rear End,2,Driver Rider,1: PDO,No Control,,,1267323.03,1761405.2,1.27E+13
2019-7211-27/05/2021,2 Metropolitan,PLYMPTON,5038,CITY OF WEST TORRENS,2,0,0,0,0,2019,July,Wednesday,1:00 PM,60,Divided Road,Straight road,Level,Not Applicable,Sealed,Dry,Not Raining,Daylight,Rear End,1,Driver Rider,1: PDO,No Control,,,1324145.01,1666519.6,1.32E+13
2019-7212-27/05/2021,2 Metropolitan,KENTON VALLEY,5233,THE ADELAIDE HILLS COUNCIL,3,1,0,0,1,2019,July,Sunday,6:00 PM,80,Not Divided,Straight road,Level,Not Applicable,Sealed,Dry,Not Raining,Night,Rear End,1,Driver Rider,2: MI,No Control,,,1353101.43,1676944.86,1.35E+13
2019-7213-27/05/2021,2 Metropolitan,WOODVILLE PARK,5011,CITY OF CHARLES STURT,2,0,0,0,0,2019,July,Monday,11:40 AM,60,Cross Road,Straight road,Level,Roadworks,Sealed,Dry,Not Raining,Daylight,Side Swipe,2,Driver Rider,1: PDO,Stop Sign,,,1323639.76,1675115.69,1.32E+13
2019-7214-27/05/2021,2 Metropolitan,GEPPS CROSS,5094,CITY OF PORT ADELAIDE ENFIELD,2,1,0,0,1,2019,July,Monday,8:10 AM,60,Divided Road,Straight road,Level,Not Applicable,Sealed,Dry,Not Raining,Daylight,Rear End,1,Driver Rider,2: MI,No Control,,,1327487.88,1679235.25,1.33E+13
2019-7215-27/05/2021,2 Metropolitan,KURRULTA PARK,5037,CITY OF WEST TORRENS,3,1,0,0,1,2019,July,Monday,12:20 PM,60,Cross Road,Straight road,Level,Not Applicable,Sealed,Dry,Not Raining,Daylight,Side Swipe,1,Driver Rider,2: MI,Traffic Signals,,,1325778.61,1667717.09,1.33E+13
2019-7216-27/05/2021,2 Metropolitan,SEATON,5023,CITY OF CHARLES STURT,2,0,0,0,0,2019,July,Monday,7:15 AM,60,Divided Road,Straight road,Level,Not Applicable,Sealed,Dry,Not Raining,Night,Rear End,2,Driver Rider,1: PDO,No Control,,,1320704.48,1676032.27,1.32E+13
2019-7217-27/05/2021,2 Metropolitan,SELLICKS BEACH,5174,CITY OF ONKAPARINGA,2,0,0,0,0,2019,July,Monday,1:30 PM,90,T-Junction,"CURVED, VIEW OPEN",Level,Not Applicable,Sealed,Dry,Not Raining,Daylight,Hit Fixed Object,1,Driver Rider,1: PDO,Give Way Sign,,,1314447.17,1625141.23,1.31E+13
2019-7218-27/05/2021,2 Metropolitan,WAYVILLE,5034,CITY OF UNLEY,2,1,0,0,1,2019,July,Friday,4:45 PM,40,Not Divided,Straight road,Level,Not Applicable,Sealed,Dry,Not Raining,Daylight,Side Swipe,2,Driver Rider,2: MI,No Control,,,1327053.17,1668166.12,1.33E+13
2019-7219-27/05/2021,2 Metropolitan,CHANDLERS HILL,5159,CITY OF ONKAPARINGA,2,1,0,0,1,2019,July,Friday,12:30 PM,80,T-Junction,"CURVED, VIEW OPEN",Slope,Not Applicable,Sealed,Dry,Not Raining,Daylight,Right Angle,2,Driver Rider,2: MI,No Control,,,1328742.27,1651264.92,1.33E+13
2019-7220-27/05/2021,2 Metropolitan,HILLBANK,5112,CITY OF PLAYFORD.,2,0,0,0,0,2019,July,Monday,2:54 PM,50,Not Divided,"CURVED, VIEW OPEN",Slope,Not Applicable,Sealed,Dry,Not Raining,Daylight,Hit Parked Vehicle,1,Driver Rider,1: PDO,No Control,,,1336942.63,1691769.57,1.34E+13
2019-7221-27/05/2021,2 Metropolitan,ROYAL PARK,5014,CITY OF CHARLES STURT,2,3,0,0,3,2019,July,Monday,3:05 PM,60,Cross Road,Straight road,Level,Not Applicable,Sealed,Dry,Not Raining,Daylight,Right Angle,1,Driver Rider,2: MI,Traffic Signals,,,1320681.7,1677608.59,1.32E+13
2019-7222-27/05/2021,3 Country,CULTANA,5700,,2,2,0,0,2,2019,July,Monday,3:19 PM,110,Not Divided,Straight road,Level,Not Applicable,Sealed,Dry,Not Raining,Daylight,Hit Fixed Object,1,Driver Rider,2: MI,No Control,,,1237074.08,1909682.69,1.24E+13
2019-7223-27/05/2021,2 Metropolitan,ELIZABETH SOUTH,5112,CITY OF PLAYFORD.,2,0,0,0,0,2019,July,Monday,4:10 PM,60,Cross Road,Straight road,Level,Not Applicable,Sealed,Dry,Not Raining,Daylight,Right Turn,2,Driver Rider,1: PDO,Traffic Signals,,,1334852.25,1691772.94,1.33E+13
2019-7224-27/05/2021,3 Country,WHYALLA NORRIE,5608,CC WHYALLA.                   ,2,0,0,0,0,2019,July,Monday,4:55 PM,60,Cross Road,Straight road,Level,Not Applicable,Sealed,Dry,Not Raining,Daylight,Right Angle,2,Driver Rider,1: PDO,Give Way Sign,,,1237020.02,1884803.53,1.24E+13
2019-7225-27/05/2021,2 Metropolitan,URRBRAE,5064,CC MITCHAM.                   ,2,0,0,0,0,2019,July,Monday,7:50 AM,60,Not Divided,Straight road,Level,Not Applicable,Sealed,Dry,Not Raining,Daylight,Rear End,2,Driver Rider,1: PDO,No Control,,,1330774.5,1666088.63,1.33E+13
2019-7226-27/05/2021,3 Country,PORT AUGUSTA,5700,CC PT.AUGUSTA.                ,2,0,0,0,0,2019,July,Monday,6:52 PM,50,Cross Road,Straight road,Level,Not Applicable,Sealed,Dry,Not Raining,Night,Right Angle,2,Driver Rider,1: PDO,Give Way Sign,,,1259085.32,1942394.01,1.26E+13
2019-7227-27/05/2021,2 Metropolitan,GILBERTON,5081,WALKERVILLE TOWN COUNCIL,3,0,0,0,0,2019,July,Monday,6:10 PM,60,Cross Road,Straight road,Level,Not Applicable,Sealed,Dry,Not Raining,Night,Right Turn,1,Driver Rider,1: PDO,Traffic Signals,,,1329718.02,1672506.06,1.33E+13
2019-7228-27/05/2021,2 Metropolitan,O'HALLORAN HILL,5158,CC MARION.                    ,2,0,0,0,0,2019,July,Monday,5:00 PM,100,Divided Road,"CURVED, VIEW OBSCURED",Crest of Hill,Not Applicable,Sealed,Dry,Not Raining,Daylight,Rear End,1,Driver Rider,1: PDO,No Control,,,1323039.81,1656160.35,1.32E+13
2019-7229-27/05/2021,2 Metropolitan,NORWOOD,5067,"CC OF NORWOOD,PAYNEHAM & ST PETERS",2,0,0,0,0,2019,July,Monday,11:15 AM,60,T-Junction,Straight road,Slope,Not Applicable,Sealed,Dry,Not Raining,Daylight,Right Turn,2,Driver Rider,1: PDO,Stop Sign,,,1331671.16,1670394.85,1.33E+13
2019-7230-27/05/2021,2 Metropolitan,TWO WELLS,5501,DC MALLALA.                   ,2,0,0,0,0,2019,July,Monday,5:35 PM,100,Not Divided,Straight road,Level,Not Applicable,Sealed,Dry,Not Raining,Night,Rear End,2,Driver Rider,1: PDO,No Control,,,1322421.82,1704206.16,1.32E+13
2019-7231-27/05/2021,1 City,NORTH ADELAIDE,5006,CITY OF ADELAIDE,2,0,0,0,0,2019,July,Tuesday,5:00 AM,50,Not Divided,Straight road,Level,Not Applicable,Sealed,Wet,Raining,Night,Hit Fixed Object,1,Driver Rider,1: PDO,No Control,,,1328933.11,1672531.95,1.33E+13
2019-7232-27/05/2021,2 Metropolitan,KUDLA,5115,CT GAWLER.                    ,2,1,1,0,0,2019,July,Tuesday,4:25 AM,80,Not Divided,Straight road,Level,Not Applicable,Sealed,Wet,Not Raining,Night,Hit Fixed Object,1,Driver Rider,4: Fatal,No Control,,,1339259.2,1701648.1,1.34E+13
2019-7233-27/05/2021,2 Metropolitan,WINGFIELD,5013,CITY OF PORT ADELAIDE ENFIELD,2,0,0,0,0,2019,July,Tuesday,7:13 AM,60,T-Junction,Straight road,Level,Not Applicable,Sealed,Wet,Raining,Night,Rear End,2,Driver Rider,1: PDO,Traffic Signals,,,1323875.31,1680533.39,1.32E+13
2019-7234-27/05/2021,2 Metropolitan,NORWOOD,5067,"CC OF NORWOOD,PAYNEHAM & ST PETERS",1,1,0,0,1,2019,July,Tuesday,7:45 AM,60,Not Divided,Straight road,Level,Not Applicable,Sealed,Wet,Raining,Daylight,Roll Over,1,Driver Rider,2: MI,No Control,,Y,1331578.51,1670392.47,1.33E+13
2019-7235-27/05/2021,2 Metropolitan,PARKSIDE,5063,CITY OF UNLEY,2,0,0,0,0,2019,July,Tuesday,5:30 AM,60,Cross Road,Straight road,Level,Not Applicable,Sealed,Wet,Raining,Night,Rear End,1,Driver Rider,1: PDO,Traffic Signals,,,1330707.08,1668319.59,1.33E+13
2019-7236-27/05/2021,2 Metropolitan,STEPNEY,5069,"CC OF NORWOOD,PAYNEHAM & ST PETERS",2,0,0,0,0,2019,July,Tuesday,8:30 AM,50,Cross Road,Straight road,Level,Not Applicable,Sealed,Wet,Raining,Daylight,Right Angle,1,Driver Rider,1: PDO,Stop Sign,,,1331042.2,1671945.42,1.33E+13
2019-7237-27/05/2021,2 Metropolitan,FULHAM,5024,CITY OF WEST TORRENS,2,0,0,0,0,2019,July,Tuesday,8:40 AM,60,Cross Road,Straight road,Level,Driveway or Entrance,Sealed,Dry,Not Raining,Daylight,Side Swipe,2,Driver Rider,1: PDO,Traffic Signals,,,1320990.23,1670855.57,1.32E+13
2019-7238-27/05/2021,2 Metropolitan,PORT ADELAIDE,5015,CITY OF PORT ADELAIDE ENFIELD,2,0,0,0,0,2019,July,Tuesday,9:00 AM,60,Cross Road,Straight road,Level,Not Applicable,Sealed,Wet,Unknown,Daylight,Rear End,1,Driver Rider,1: PDO,Traffic Signals,,,1319837.28,1679071.49,1.32E+13
2019-7239-27/05/2021,2 Metropolitan,GLEN OSMOND,5064,CITY OF BURNSIDE,2,0,0,0,0,2019,July,Tuesday,7:45 AM,60,Divided Road,Straight road,Level,Not Applicable,Sealed,Wet,Raining,Daylight,Rear End,2,Driver Rider,1: PDO,No Control,,,1332365.41,1667129.02,1.33E+13
2019-7240-27/05/2021,2 Metropolitan,SEAFORD RISE,5169,CITY OF ONKAPARINGA,2,0,0,0,0,2019,July,Tuesday,9:27 AM,60,Cross Road,Straight road,Level,Not Applicable,Sealed,Dry,Not Raining,Daylight,Right Turn,1,Driver Rider,1: PDO,Traffic Signals,,,1317537.2,1641650.26,1.32E+13
2019-7241-27/05/2021,2 Metropolitan,HILLBANK,5112,CITY OF PLAYFORD.,3,0,0,0,0,2019,July,Tuesday,9:55 AM,80,Divided Road,Straight road,Level,Not Applicable,Sealed,Dry,Not Raining,Daylight,Rear End,1,Driver Rider,1: PDO,No Control,,,1336155.18,1690548.98,1.34E+13
2019-7242-27/05/2021,2 Metropolitan,CRAFERS WEST,5152,THE ADELAIDE HILLS COUNCIL,2,1,0,0,1,2019,July,Monday,4:30 PM,100,Freeway,"CURVED, VIEW OBSCURED",Slope,Not Applicable,Sealed,Wet,Raining,Daylight,Rear End,1,Driver Rider,2: MI,No Control,,,1337371.79,1662649.83,1.34E+13
2019-7243-27/05/2021,2 Metropolitan,NORTHFIELD,5085,CITY OF PORT ADELAIDE ENFIELD,2,0,0,0,0,2019,July,Tuesday,7:40 AM,60,Divided Road,Straight road,Level,Not Applicable,Sealed,Wet,Raining,Daylight,Rear End,2,Driver Rider,1: PDO,No Control,,,1330372.6,1678889.34,1.33E+13
2019-7244-27/05/2021,2 Metropolitan,ST MARYS,5042,CC MITCHAM.                   ,2,1,0,0,1,2019,July,Tuesday,10:30 AM,60,Divided Road,Straight road,Level,Not Applicable,Sealed,Dry,Not Raining,Daylight,Rear End,1,Driver Rider,2: MI,No Control,,,1325963.13,1663010.94,1.33E+13
2019-7245-27/05/2021,2 Metropolitan,SOUTH PLYMPTON,5038,CC MARION.                    ,2,0,0,0,0,2019,July,Monday,4:30 PM,60,Divided Road,Straight road,Level,Not Applicable,Sealed,Dry,Not Raining,Daylight,Rear End,2,Driver Rider,1: PDO,No Control,,,1324272.07,1665067.12,1.32E+13
2019-7246-27/05/2021,2 Metropolitan,URRBRAE,5064,CC MITCHAM.                   ,2,0,0,0,0,2019,July,Tuesday,10:53 AM,60,Not Divided,Straight road,Level,Not Applicable,Sealed,Dry,Not Raining,Daylight,Side Swipe,1,Driver Rider,1: PDO,No Control,,,1330777.05,1665988.25,1.33E+13
2019-7247-27/05/2021,1 City,ADELAIDE,5000,CITY OF ADELAIDE,3,0,0,0,0,2019,July,Tuesday,11:00 AM,50,T-Junction,Straight road,Level,Not Applicable,Sealed,Dry,Not Raining,Daylight,Hit Parked Vehicle,1,Driver Rider,1: PDO,No Control,,,1327538.32,1671108.73,1.33E+13
2019-7248-27/05/2021,3 Country,RENMARK,5341,DC RENMARK PARINGA            ,2,0,0,0,0,2019,July,Tuesday,11:10 AM,50,Cross Road,Straight road,Level,Not Applicable,Sealed,Dry,Not Raining,Daylight,Right Angle,2,Driver Rider,1: PDO,Give Way Sign,,,1528742.41,1745347.32,1.53E+13
2019-7249-27/05/2021,2 Metropolitan,DAVOREN PARK,5113,CITY OF PLAYFORD.,2,0,0,0,0,2019,July,Tuesday,12:30 PM,60,Cross Road,Straight road,Level,Not Applicable,Sealed,Dry,Not Raining,Daylight,Right Turn,1,Driver Rider,1: PDO,Stop Sign,,,1335882.34,1697185.72,1.34E+13
2019-7250-27/05/2021,2 Metropolitan,UNLEY,5061,CITY OF UNLEY,3,0,0,0,0,2019,July,Tuesday,11:25 AM,60,Not Divided,Straight road,Level,Not Applicable,Sealed,Dry,Not Raining,Daylight,Side Swipe,1,Driver Rider,1: PDO,No Control,,,1329080.32,1668182.88,1.33E+13
2019-7251-27/05/2021,2 Metropolitan,SUMMERTOWN,5141,THE ADELAIDE HILLS COUNCIL,2,0,0,0,0,2019,July,Tuesday,10:22 AM,80,Not Divided,"CURVED, VIEW OPEN",Slope,Not Applicable,Sealed,Wet,Not Raining,Daylight,Hit Fixed Object,1,Driver Rider,1: PDO,No Control,,,1340654.47,1665943.31,1.34E+13
2019-7252-27/05/2021,2 Metropolitan,SHEIDOW PARK,5158,CC MARION.                    ,2,1,0,0,1,2019,July,Tuesday,1:10 PM,80,T-Junction,Straight road,Slope,Not Applicable,Sealed,Dry,Not Raining,Daylight,Right Angle,1,Driver Rider,2: MI,Traffic Signals,,,1321177.96,1654686.82,1.32E+13
2019-7253-27/05/2021,2 Metropolitan,OAKDEN,5086,CITY OF PORT ADELAIDE ENFIELD,3,0,0,0,0,2019,July,Tuesday,1:00 PM,70,Divided Road,Straight road,Level,Not Applicable,Sealed,Dry,Not Raining,Daylight,Rear End,1,Driver Rider,1: PDO,No Control,,,1332164.29,1679301.44,1.33E+13
2019-7254-27/05/2021,2 Metropolitan,WALKERVILLE,5081,WALKERVILLE TOWN COUNCIL,3,0,0,0,0,2019,July,Tuesday,1:00 PM,50,Cross Road,Straight road,Level,Not Applicable,Sealed,Dry,Not Raining,Daylight,Right Angle,1,Driver Rider,1: PDO,Stop Sign,,,1329846.43,1674150.61,1.33E+13
2019-7255-27/05/2021,1 City,NORTH ADELAIDE,5006,CITY OF ADELAIDE,2,1,0,0,1,2019,July,Monday,8:00 PM,50,Cross Road,Straight road,Level,Not Applicable,Sealed,Wet,Raining,Night,Hit Pedestrian,2,Driver Rider,2: MI,Traffic Signals,,,1328199.35,1672877.08,1.33E+13
2019-7256-27/05/2021,2 Metropolitan,MANNINGHAM,5086,CITY OF PORT ADELAIDE ENFIELD,2,0,0,0,0,2019,July,Tuesday,1:35 PM,60,Divided Road,Straight road,Level,Driveway or Entrance,Sealed,Dry,Not Raining,Daylight,Right Angle,1,Driver Rider,1: PDO,No Control,,,1330456.28,1676233.85,1.33E+13
2019-7257-27/05/2021,2 Metropolitan,PARALOWIE,5108,CITY OF SALISBURY,2,0,0,0,0,2019,July,Thursday,12:50 PM,60,Divided Road,Straight road,Level,Not Applicable,Sealed,Dry,Not Raining,Daylight,Rear End,2,Driver Rider,1: PDO,No Control,,,1330913.22,1690221.85,1.33E+13