REPORT_ID,Stats Area,Suburb,Postcode,LGA Name,Total Units,Total Cas,Total Fats,Total SI,Total MI,Year,Month,Day,Time,Area Speed,Position Type,Horizontal Align,Vertical Align,Other Feat,Road Surface,Moisture Cond,Weather Cond,DayNight,Crash Type,Unit Resp,Entity Code,CSEF Severity,Traffic Ctrls,DUI Involved,Drugs Involved,ACCLOC_X,ACCLOC_Y,UNIQUE_LOC
2019-7341-27/05/2021,2 Metropolitan,SOUTH BRIGHTON,5048,CITY OF HOLDFAST BAY,2,0,0,0,0,2019,July,Thursday,11:30 AM,60,T-Junction,Straight road,Level,Not Applicable,Sealed,Dry,Not Raining,Daylight,Side Swipe,2,Driver Rider,1: PDO,No Control,,,1321152.76,1660173.94,1.32E+13
2019-7342-27/05/2021,2 Metropolitan,PASADENA,5042,CC MITCHAM.                   ,2,0,0,0,0,2019,July,Thursday,12:30 PM,60,T-Junction,Straight road,Level,Not Applicable,Sealed,Dry,Not Raining,Daylight,Rear End,1,Driver Rider,1: PDO,Traffic Signals,,,1327304.21,1662221.6,1.33E+13
2019-7343-27/05/2021,3 Country,WHYALLA NORRIE,5608,CC WHYALLA.                   ,2,2,0,1,1,2019,July,Thursday,1:25 PM,50,Not Divided,Straight road,Level,Not Applicable,Sealed,Dry,Not Raining,Daylight,Side Swipe,1,Driver Rider,3: SI,No Control,,,1236466.92,1885132.78,1.24E+13
2019-7344-27/05/2021,2 Metropolitan,HOVE,5048,CITY OF HOLDFAST BAY,2,1,0,0,1,2019,July,Wednesday,10:30 PM,50,Not Divided,Straight road,Level,Not Applicable,Sealed,Dry,Not Raining,Night,Hit Fixed Object,1,Driver Rider,2: MI,No Control,,,1321010.68,1661646.67,1.32E+13
2019-7345-27/05/2021,2 Metropolitan,SOUTH BRIGHTON,5048,CITY OF HOLDFAST BAY,3,0,0,0,0,2019,July,Thursday,1:50 PM,60,Divided Road,Straight road,Level,Not Applicable,Sealed,Dry,Not Raining,Daylight,Hit Parked Vehicle,1,Driver Rider,1: PDO,No Control,,,1321163.85,1660133.29,1.32E+13
2019-7346-27/05/2021,2 Metropolitan,NOARLUNGA CENTRE,5168,CITY OF ONKAPARINGA,2,0,0,0,0,2019,July,Wednesday,1:05 PM,50,Not Divided,Straight road,Level,Driveway or Entrance,Sealed,Dry,Not Raining,Daylight,Right Angle,2,Driver Rider,1: PDO,No Control,,,1317978.25,1647266.93,1.32E+13
2019-7347-27/05/2021,2 Metropolitan,BRAHMA LODGE,5109,CITY OF SALISBURY,2,0,0,0,0,2019,July,Thursday,2:45 PM,50,Divided Road,Straight road,Level,Not Applicable,Sealed,Dry,Not Raining,Daylight,Hit Fixed Object,1,Driver Rider,1: PDO,No Control,,,1333792.86,1687897.05,1.33E+13
2019-7348-27/05/2021,2 Metropolitan,NOARLUNGA CENTRE,5168,CITY OF ONKAPARINGA,3,0,0,0,0,2019,July,Thursday,3:30 PM,60,Divided Road,Straight road,Level,Not Applicable,Sealed,Dry,Not Raining,Daylight,Rear End,1,Driver Rider,1: PDO,No Control,,,1318988.67,1647480.27,1.32E+13
2019-7349-27/05/2021,2 Metropolitan,WINGFIELD,5013,CITY OF PORT ADELAIDE ENFIELD,2,0,0,0,0,2019,July,Thursday,3:20 PM,90,Freeway,Straight road,Level,Not Applicable,Sealed,Dry,Not Raining,Daylight,Side Swipe,2,Driver Rider,1: PDO,No Control,,,1325501.38,1680146.44,1.33E+13
2019-7350-27/05/2021,3 Country,FLAXMAN VALLEY,5235,THE BAROSSA COUNCIL.,2,0,0,0,0,2019,July,Thursday,3:45 PM,100,Not Divided,"CURVED, VIEW OBSCURED",Slope,Not Applicable,Sealed,Dry,Not Raining,Daylight,Head On,1,Driver Rider,1: PDO,No Control,,,1368717.81,1706502.75,1.37E+13
2019-7351-27/05/2021,2 Metropolitan,ENFIELD,5085,CITY OF PORT ADELAIDE ENFIELD,2,1,0,0,1,2019,July,Thursday,3:50 PM,60,T-Junction,Straight road,Level,Not Applicable,Sealed,Dry,Not Raining,Daylight,Hit Pedestrian,1,Driver Rider,2: MI,No Control,,,1328840.03,1677862.04,1.33E+13
2019-7352-27/05/2021,3 Country,MAITLAND,5573,YORKE PENINSULA COUNCIL,2,1,0,0,1,2019,July,Thursday,3:50 PM,100,Cross Road,Straight road,Slope,Not Applicable,Sealed,Dry,Not Raining,Daylight,Right Angle,1,Driver Rider,2: MI,Give Way Sign,,,1254319.38,1744828.53,1.25E+13
2019-7353-27/05/2021,2 Metropolitan,STEPNEY,5069,"CC OF NORWOOD,PAYNEHAM & ST PETERS",2,0,0,0,0,2019,July,Thursday,3:50 PM,60,Not Divided,Straight road,Level,Driveway or Entrance,Sealed,Dry,Not Raining,Daylight,Right Angle,2,Driver Rider,1: PDO,No Control,,,1331110.55,1671731.04,1.33E+13
2019-7354-27/05/2021,2 Metropolitan,POORAKA,5095,CITY OF SALISBURY,2,0,0,0,0,2019,July,Wednesday,5:37 PM,70,Divided Road,Straight road,Level,Not Applicable,Sealed,Dry,Not Raining,Night,Rear End,2,Driver Rider,1: PDO,No Control,,,1330223.83,1681508.08,1.33E+13
2019-7355-27/05/2021,2 Metropolitan,ELIZABETH VALE,5112,CITY OF PLAYFORD.,2,0,0,0,0,2019,July,Thursday,3:45 PM,50,T-Junction,Straight road,Level,Not Applicable,Sealed,Dry,Not Raining,Daylight,Right Angle,2,Driver Rider,1: PDO,Give Way Sign,,,1334885.72,1690394.51,1.33E+13
2019-7356-27/05/2021,2 Metropolitan,EDINBURGH,5111,CITY OF SALISBURY,2,1,0,0,1,2019,July,Thursday,1:40 PM,25,Divided Road,Straight road,Level,Roadworks,Sealed,Dry,Not Raining,Daylight,Hit Pedestrian,2,Driver Rider,2: MI,No Control,,,1329910.04,1694850.37,1.33E+13
2019-7357-27/05/2021,2 Metropolitan,WARRADALE,5046,CC MARION.                    ,2,0,0,0,0,2019,July,Thursday,5:12 PM,60,Cross Road,Straight road,Level,Not Applicable,Sealed,Dry,Not Raining,Daylight,Right Turn,1,Driver Rider,1: PDO,Traffic Signals,,,1321904.44,1663021.53,1.32E+13
2019-7358-27/05/2021,2 Metropolitan,BROOKLYN PARK,5032,CITY OF WEST TORRENS,2,0,0,0,0,2019,July,Thursday,12:15 PM,60,Divided Road,Straight road,Level,Not Applicable,Sealed,Dry,Not Raining,Daylight,Side Swipe,2,Driver Rider,1: PDO,No Control,,,1323203.38,1670262.53,1.32E+13
2019-7359-27/05/2021,2 Metropolitan,GLEN OSMOND,5064,CITY OF BURNSIDE,2,1,0,0,1,2019,July,Tuesday,9:55 PM,60,T-Junction,Straight road,Slope,Not Applicable,Sealed,Wet,Not Raining,Night,Right Angle,1,Driver Rider,2: MI,Stop Sign,,,1332625.25,1666201,1.33E+13
2019-7360-27/05/2021,2 Metropolitan,ELIZABETH SOUTH,5112,CITY OF PLAYFORD.,2,1,0,0,1,2019,July,Thursday,4:45 PM,60,Not Divided,Straight road,Level,Not Applicable,Sealed,Dry,Not Raining,Daylight,Head On,2,Driver Rider,2: MI,No Control,,,1334032.45,1689735.59,1.33E+13
2019-7361-27/05/2021,2 Metropolitan,DOVER GARDENS,5048,CC MARION.                    ,2,1,0,0,1,2019,July,Wednesday,5:10 PM,60,Not Divided,Straight road,Level,Not Applicable,Sealed,Dry,Not Raining,Daylight,Rear End,2,Driver Rider,2: MI,No Control,,,1322780.07,1660516.62,1.32E+13
2019-7362-27/05/2021,2 Metropolitan,LEAWOOD GARDENS,5150,CITY OF BURNSIDE,2,1,0,0,1,2019,July,Thursday,6:00 PM,90,Freeway,Straight road,Slope,Not Applicable,Sealed,Dry,Not Raining,Night,Rear End,2,Driver Rider,2: MI,No Control,,,1335342.69,1665132.57,1.34E+13
2019-7363-27/05/2021,2 Metropolitan,CLOVELLY PARK,5042,CC MARION.                    ,2,0,0,0,0,2019,July,Thursday,11:00 AM,60,T-Junction,Straight road,Level,Not Applicable,Sealed,Dry,Not Raining,Daylight,Right Angle,1,Driver Rider,1: PDO,No Control,,,1325246.65,1663297.21,1.33E+13
2019-7364-27/05/2021,2 Metropolitan,OLD REYNELLA,5161,CITY OF ONKAPARINGA,2,0,0,0,0,2019,July,Thursday,5:55 PM,50,Not Divided,Straight road,Slope,Not Applicable,Sealed,Dry,Not Raining,Night,Side Swipe,2,Driver Rider,1: PDO,No Control,Y,,1322786.16,1652234.83,1.32E+13
2019-7365-27/05/2021,2 Metropolitan,FINDON,5023,CITY OF CHARLES STURT,3,1,0,0,1,2019,July,Thursday,6:50 PM,60,Not Divided,Straight road,Level,Not Applicable,Sealed,Dry,Not Raining,Night,Hit Fixed Object,1,Driver Rider,2: MI,No Control,,,1322394.01,1674163.11,1.32E+13
2019-7366-27/05/2021,2 Metropolitan,O'SULLIVAN BEACH,5166,CITY OF ONKAPARINGA,1,1,0,0,1,2019,July,Thursday,5:15 PM,50,Not Divided,Straight road,Slope,Not Applicable,Sealed,Dry,Not Raining,Daylight,Roll Over,1,Driver Rider,2: MI,No Control,,,1316732.33,1649048.86,1.32E+13
2019-7367-27/05/2021,2 Metropolitan,KINGSWOOD,5062,CC MITCHAM.                   ,2,0,0,0,0,2019,July,Thursday,8:32 PM,50,Not Divided,Straight road,Level,Not Applicable,Sealed,Dry,Not Raining,Night,Hit Parked Vehicle,2,Driver Rider,1: PDO,No Control,,,1329232.78,1665575.18,1.33E+13
2019-7368-27/05/2021,1 City,ADELAIDE,5000,CITY OF ADELAIDE,2,0,0,0,0,2019,July,Thursday,2:30 PM,50,Divided Road,Straight road,Level,Not Applicable,Sealed,Dry,Not Raining,Daylight,Rear End,2,Driver Rider,1: PDO,No Control,,,1328919.46,1670833.88,1.33E+13
2019-7369-27/05/2021,3 Country,HINDMARSH VALLEY,5211,DC VICTOR HARBOR.             ,2,1,0,0,1,2019,July,Thursday,6:00 PM,100,Not Divided,Straight road,Level,Not Applicable,Sealed,Dry,Not Raining,Night,Hit Animal,2,Animal,2: MI,No Control,,Y,1325264.9,1614757.22,1.33E+13
2019-7370-27/05/2021,2 Metropolitan,CRAFERS,5152,THE ADELAIDE HILLS COUNCIL,2,0,0,0,0,2019,July,Thursday,9:45 PM,60,Not Divided,"CURVED, VIEW OBSCURED",Level,Not Applicable,Sealed,Wet,Not Raining,Night,Hit Fixed Object,1,Driver Rider,1: PDO,No Control,,,1338191.49,1663614.92,1.34E+13
2019-7371-27/05/2021,2 Metropolitan,COROMANDEL EAST,5157,CITY OF ONKAPARINGA,2,1,0,0,1,2019,July,Thursday,8:55 PM,80,Not Divided,Straight road,Crest of Hill,Not Applicable,Sealed,Dry,Not Raining,Night,Roll Over,1,Driver Rider,2: MI,No Control,,,1332506.14,1657238.37,1.33E+13
2019-7372-27/05/2021,2 Metropolitan,MOUNT BARKER,5251,DC MT.BARKER.                 ,2,0,0,0,0,2019,July,Thursday,2:00 PM,60,Cross Road,Straight road,Level,Not Applicable,Sealed,Dry,Not Raining,Daylight,Right Turn,1,Driver Rider,1: PDO,Traffic Signals,,,1351314.75,1654262.86,1.35E+13
2019-7373-27/05/2021,2 Metropolitan,HAPPY VALLEY,5159,CITY OF ONKAPARINGA,2,0,0,0,0,2019,July,Friday,7:20 AM,80,Cross Road,Straight road,Level,Not Applicable,Sealed,Dry,Not Raining,Daylight,Rear End,1,Driver Rider,1: PDO,Traffic Signals,,,1323015.41,1653414.07,1.32E+13
2019-7374-27/05/2021,2 Metropolitan,WOODVILLE NORTH,5012,CITY OF CHARLES STURT,2,0,0,0,0,2019,July,Friday,8:10 AM,50,Not Divided,Straight road,Level,Not Applicable,Sealed,Dry,Not Raining,Daylight,Hit Parked Vehicle,1,Driver Rider,1: PDO,No Control,,,1323633.24,1677469.75,1.32E+13
2019-7375-27/05/2021,2 Metropolitan,ALDINGA,5173,CITY OF ONKAPARINGA,2,1,0,0,1,2019,July,Friday,7:30 AM,70,Not Divided,Straight road,Level,Not Applicable,Sealed,Wet,Not Raining,Daylight,Hit Animal,2,Animal,2: MI,No Control,,,1315866.11,1631677.12,1.32E+13
2019-7376-27/05/2021,2 Metropolitan,WARRADALE,5046,CC MARION.                    ,3,1,0,0,1,2019,July,Thursday,4:55 PM,60,Cross Road,Straight road,Level,Not Applicable,Sealed,Dry,Not Raining,Daylight,Rear End,1,Driver Rider,2: MI,Traffic Signals,,,1321904.44,1663021.53,1.32E+13
2019-7377-27/05/2021,1 City,ADELAIDE,5000,CITY OF ADELAIDE,2,1,0,1,0,2019,July,Friday,9:40 AM,50,T-Junction,Straight road,Level,Not Applicable,Sealed,Dry,Not Raining,Daylight,Right Angle,2,Driver Rider,3: SI,Give Way Sign,,,1327861.05,1670695.02,1.33E+13
2019-7378-27/05/2021,1 City,ADELAIDE,5000,CITY OF ADELAIDE,2,0,0,0,0,2019,July,Friday,9:00 AM,50,Divided Road,Straight road,Level,Not Applicable,Sealed,Dry,Not Raining,Daylight,Rear End,1,Driver Rider,1: PDO,No Control,,,1328855.57,1671143.91,1.33E+13
2019-7379-27/05/2021,3 Country,WHYALLA PLAYFORD,5600,CC WHYALLA.                   ,2,1,0,0,1,2019,July,Friday,9:45 AM,60,Multiple,Straight road,Bottom of Hill,Not Applicable,Unsealed,Wet,Not Raining,Daylight,Hit Fixed Object,1,Driver Rider,2: MI,Give Way Sign,,,1239038.94,1883433.53,1.24E+13
2019-7380-27/05/2021,2 Metropolitan,STEPNEY,5069,"CC OF NORWOOD,PAYNEHAM & ST PETERS",2,2,0,0,2,2019,July,Friday,10:15 AM,60,T-Junction,Straight road,Level,Not Applicable,Sealed,Dry,Not Raining,Daylight,Right Angle,1,Driver Rider,2: MI,Stop Sign,,,1331150.89,1671732.93,1.33E+13
2019-7381-27/05/2021,2 Metropolitan,WINGFIELD,5013,CITY OF PORT ADELAIDE ENFIELD,2,1,0,0,1,2019,July,Friday,11:10 AM,90,Freeway,Straight road,Level,Not Applicable,Sealed,Dry,Not Raining,Daylight,Side Swipe,2,Driver Rider,2: MI,No Control,,,1323775.45,1681023.1,1.32E+13
2019-7382-27/05/2021,2 Metropolitan,SALISBURY,5108,CITY OF SALISBURY,2,1,0,0,1,2019,July,Friday,10:00 AM,60,Divided Road,Straight road,Level,Not Applicable,Sealed,Dry,Not Raining,Daylight,Rear End,2,Driver Rider,2: MI,No Control,,,1332277.14,1687872.74,1.33E+13
2019-7383-27/05/2021,2 Metropolitan,NORTH PLYMPTON,5037,CITY OF WEST TORRENS,2,1,0,0,1,2019,July,Friday,10:47 AM,60,Cross Road,Straight road,Level,Not Applicable,Sealed,Dry,Not Raining,Daylight,Right Angle,1,Driver Rider,2: MI,Stop Sign,,,1324207.23,1667394.43,1.32E+13
2019-7384-27/05/2021,2 Metropolitan,MEDINDIE GARDENS,5081,WALKERVILLE TOWN COUNCIL,2,0,0,0,0,2019,July,Friday,12:15 PM,60,Not Divided,Straight road,Level,Not Applicable,Sealed,Dry,Not Raining,Daylight,Side Swipe,1,Driver Rider,1: PDO,No Control,,,1329128.67,1674228.1,1.33E+13
2019-7385-27/05/2021,3 Country,ANGASTON,5353,THE BAROSSA COUNCIL.,1,1,0,0,1,2019,July,Friday,11:45 AM,100,Not Divided,"CURVED, VIEW OPEN",Level,Not Applicable,Sealed,Dry,Not Raining,Daylight,Roll Over,1,Driver Rider,2: MI,No Control,,,1368946.27,1710955.03,1.37E+13
2019-7386-27/05/2021,2 Metropolitan,MITCHELL PARK,5043,CC MARION.                    ,3,0,0,0,0,2019,July,Friday,1:10 PM,60,Divided Road,Straight road,Level,Not Applicable,Sealed,Dry,Not Raining,Daylight,Rear End,1,Driver Rider,1: PDO,No Control,,,1324330.76,1662950.22,1.32E+13
2019-7387-27/05/2021,2 Metropolitan,DRY CREEK,5094,CITY OF PORT ADELAIDE ENFIELD,2,0,0,0,0,2019,July,Friday,7:50 AM,70,T-Junction,Straight road,Level,Not Applicable,Sealed,Dry,Not Raining,Daylight,Right Angle,2,Driver Rider,1: PDO,No Control,,,1327763.28,1679792.43,1.33E+13
2019-7388-27/05/2021,2 Metropolitan,KURRALTA PARK,5037,CITY OF WEST TORRENS,4,0,0,0,0,2019,July,Thursday,8:05 PM,50,Not Divided,Straight road,Level,Not Applicable,Sealed,Dry,Not Raining,Night,Hit Parked Vehicle,1,Driver Rider,1: PDO,No Control,,,1325083.5,1667409.95,1.33E+13
2019-7389-27/05/2021,2 Metropolitan,HENLEY BEACH,5022,CITY OF CHARLES STURT,1,1,0,0,1,2019,June,Sunday,5:00 PM,10,Not Divided,Straight road,Level,Not Applicable,Sealed,Dry,Not Raining,Daylight,Roll Over,1,Driver Rider,2: MI,No Control,,,1318892.45,1671268.45,1.32E+13
2019-7390-27/05/2021,2 Metropolitan,KENSINGTON,5068,"CC OF NORWOOD,PAYNEHAM & ST PETERS",2,0,0,0,0,2019,June,Friday,8:23 AM,60,Divided Road,Straight road,Level,Driveway or Entrance,Sealed,Dry,Not Raining,Daylight,Right Angle,1,Driver Rider,1: PDO,No Control,,,1332266.24,1670514.54,1.33E+13
2019-7391-27/05/2021,2 Metropolitan,WOODVILLE PARK,5011,CITY OF CHARLES STURT,2,0,0,0,0,2019,July,Wednesday,8:30 AM,60,Cross Road,Straight road,Level,Not Applicable,Sealed,Dry,Not Raining,Daylight,Rear End,2,Driver Rider,1: PDO,Traffic Signals,,,1324192.45,1676259.66,1.32E+13
2019-7392-27/05/2021,2 Metropolitan,SEACOMBE GARDENS,5047,CC MARION.                    ,2,0,0,0,0,2019,July,Friday,1:25 PM,60,T-Junction,Straight road,Level,Driveway or Entrance,Sealed,Dry,Not Raining,Daylight,Rear End,2,Driver Rider,1: PDO,No Control,,,1323338.24,1660651.93,1.32E+13
2019-7393-27/05/2021,2 Metropolitan,KLEMZIG,5087,CITY OF PORT ADELAIDE ENFIELD,2,0,0,0,0,2019,July,Friday,1:15 PM,60,Divided Road,Straight road,Level,Driveway or Entrance,Sealed,Dry,Not Raining,Daylight,Hit Fixed Object,1,Driver Rider,1: PDO,No Control,,,1331932.75,1676472.14,1.33E+13
2019-7394-27/05/2021,2 Metropolitan,TRINITY GARDENS,5068,"CC OF NORWOOD,PAYNEHAM & ST PETERS",2,0,0,0,0,2019,July,Friday,12:00 PM,60,T-Junction,Straight road,Level,Not Applicable,Sealed,Dry,Not Raining,Daylight,Right Angle,2,Driver Rider,1: PDO,No Control,,,1332222.87,1672352.25,1.33E+13
2019-7395-27/05/2021,2 Metropolitan,VALE PARK,5081,WALKERVILLE TOWN COUNCIL,2,0,0,0,0,2019,July,Friday,4:40 PM,60,Divided Road,Straight road,Level,Not Applicable,Sealed,Dry,Not Raining,Daylight,Rear End,2,Driver Rider,1: PDO,No Control,,,1331258.78,1674665,1.33E+13
2019-7396-27/05/2021,2 Metropolitan,EYRE,5121,CITY OF PLAYFORD.,2,0,0,0,0,2019,July,Friday,4:10 PM,60,Cross Road,Straight road,Level,Not Applicable,Sealed,Dry,Not Raining,Daylight,Right Angle,2,Driver Rider,1: PDO,Stop Sign,,,1334450.71,1695787.2,1.33E+13
2019-7397-27/05/2021,2 Metropolitan,SALISBURY NORTH,5108,CITY OF SALISBURY,3,0,0,0,0,2019,July,Friday,6:03 PM,60,Not Divided,Straight road,Level,Not Applicable,Sealed,Dry,Not Raining,Night,Rear End,1,Driver Rider,1: PDO,No Control,,,1332229.08,1689181.73,1.33E+13
2019-7398-27/05/2021,2 Metropolitan,SEFTON PARK,5083,CITY OF PORT ADELAIDE ENFIELD,3,0,0,0,0,2019,July,Friday,5:50 PM,60,T-Junction,Straight road,Level,Not Applicable,Sealed,Dry,Not Raining,Night,Rear End,1,Driver Rider,1: PDO,No Control,,,1329030.84,1676437.2,1.33E+13
2019-7399-27/05/2021,2 Metropolitan,SEACLIFF PARK,5049,CITY OF HOLDFAST BAY,2,1,0,1,0,2019,July,Friday,6:30 PM,60,Not Divided,Straight road,Level,Not Applicable,Sealed,Dry,Not Raining,Night,Hit Pedestrian,1,Driver Rider,3: SI,No Control,,,1321934.29,1659351.18,1.32E+13
2019-7400-27/05/2021,2 Metropolitan,KENSINGTON PARK,5068,CITY OF BURNSIDE,2,0,0,0,0,2019,July,Friday,5:55 PM,60,Cross Road,Straight road,Level,Not Applicable,Sealed,Dry,Not Raining,Night,Right Turn,2,Driver Rider,1: PDO,Traffic Signals,,,1333879.5,1671121.63,1.33E+13
2019-7401-27/05/2021,3 Country,PORT AUGUSTA,5700,CC PT.AUGUSTA.                ,2,0,0,0,0,2019,July,Friday,5:05 PM,50,T-Junction,Straight road,Level,Not Applicable,Sealed,Dry,Not Raining,Daylight,Right Turn,1,Driver Rider,1: PDO,No Control,,,1259875.16,1943065.33,1.26E+13
2019-7402-27/05/2021,2 Metropolitan,WISTOW,5251,DC MT.BARKER.                 ,2,0,0,0,0,2019,July,Friday,6:10 PM,60,T-Junction,Straight road,Slope,Not Applicable,Sealed,Dry,Not Raining,Night,Right Angle,2,Driver Rider,1: PDO,No Control,,,1354182.46,1648999.01,1.35E+13
2019-7403-27/05/2021,2 Metropolitan,GLENELG SOUTH,5045,CITY OF HOLDFAST BAY,2,0,0,0,0,2019,July,Friday,7:30 PM,60,Cross Road,Straight road,Level,Not Applicable,Sealed,Dry,Not Raining,Night,Right Turn,2,Driver Rider,1: PDO,Traffic Signals,,,1321030.98,1664346.75,1.32E+13
2019-7404-27/05/2021,3 Country,WAMI KATA,5700,CC PT.AUGUSTA.                ,2,1,0,0,1,2019,July,Friday,9:15 PM,60,Not Divided,Straight road,Level,Not Applicable,Unsealed,Dry,Not Raining,Night,Hit Parked Vehicle,1,Driver Rider,2: MI,No Control,,,1261048.23,1944536.74,1.26E+13
2019-7405-27/05/2021,2 Metropolitan,HILLCREST,5086,CITY OF PORT ADELAIDE ENFIELD,1,1,0,1,0,2019,July,Friday,10:30 PM,60,T-Junction,Straight road,Level,Not Applicable,Sealed,Dry,Not Raining,Night,Roll Over,9,Other,3: SI,No Control,,,1333153.94,1677525.54,1.33E+13
2019-7406-27/05/2021,2 Metropolitan,SEATON,5023,CITY OF CHARLES STURT,3,1,0,0,1,2019,July,Saturday,1:50 AM,50,Not Divided,Straight road,Level,Not Applicable,Sealed,Dry,Not Raining,Night,Hit Parked Vehicle,1,Driver Rider,2: MI,No Control,Y,Y,1320672.06,1675781.3,1.32E+13
2019-7407-27/05/2021,2 Metropolitan,BURTON,5110,CITY OF SALISBURY,3,2,0,2,0,2019,July,Saturday,3:10 AM,90,Divided Road,Straight road,Level,Not Applicable,Sealed,Dry,Not Raining,Night,Hit Fixed Object,1,Driver Rider,3: SI,No Control,,Y,1327968.84,1690630.38,1.33E+13
2019-7408-27/05/2021,1 City,ADELAIDE,5000,CITY OF ADELAIDE,2,0,0,0,0,2019,July,Friday,3:35 PM,50,Divided Road,Straight road,Level,Driveway or Entrance,Sealed,Dry,Not Raining,Daylight,Right Turn,1,Driver Rider,1: PDO,No Control,,,1327688.01,1670808.45,1.33E+13
2019-7409-27/05/2021,2 Metropolitan,ST MARYS,5042,CC MARION.                    ,2,0,0,0,0,2019,July,Wednesday,1:15 PM,40,Divided Road,Straight road,Level,Roadworks,Sealed,Dry,Not Raining,Daylight,Side Swipe,1,Driver Rider,1: PDO,No Control,,,1325968.7,1662787.75,1.33E+13
2019-7410-27/05/2021,3 Country,MONASH,5342,THE BERRI BARMERA COUNCIL,2,1,0,0,1,2019,July,Saturday,8:05 AM,100,Cross Road,Straight road,Slope,Not Applicable,Sealed,Wet,Raining,Daylight,Right Angle,1,Driver Rider,2: MI,Stop Sign,,,1510919.67,1739170.96,1.51E+13
2019-7411-27/05/2021,2 Metropolitan,LOCKLEYS,5032,CITY OF WEST TORRENS,3,0,0,0,0,2019,July,Saturday,7:30 AM,60,Not Divided,Straight road,Level,Not Applicable,Sealed,Dry,Not Raining,Daylight,Hit Fixed Object,1,Driver Rider,1: PDO,No Control,,,1322618.59,1671580.88,1.32E+13
2019-7412-27/05/2021,2 Metropolitan,JOSLIN,5070,"CC OF NORWOOD,PAYNEHAM & ST PETERS",2,0,0,0,0,2019,July,Saturday,10:20 AM,60,Not Divided,Straight road,Level,Not Applicable,Sealed,Dry,Not Raining,Daylight,Rear End,2,Driver Rider,1: PDO,No Control,,,1331657.61,1673124.97,1.33E+13
2019-7413-27/05/2021,2 Metropolitan,WOODCROFT,5162,CITY OF ONKAPARINGA,2,1,0,0,1,2019,July,Saturday,10:55 AM,50,T-Junction,Straight road,Slope,Not Applicable,Sealed,Dry,Not Raining,Daylight,Right Turn,1,Driver Rider,2: MI,Stop Sign,,,1324216.15,1651445.82,1.32E+13
2019-7414-27/05/2021,3 Country,LYNDOCH,5351,THE BAROSSA COUNCIL.,2,0,0,0,0,2019,July,Saturday,12:00 AM,50,Not Divided,Straight road,Level,"Bridge, Culvert, Causeway",Sealed,Dry,Not Raining,Night,Hit Fixed Object,1,Driver Rider,1: PDO,No Control,,,1355248.59,1705674.78,1.36E+13
2019-7415-27/05/2021,2 Metropolitan,HENDON,5014,CITY OF CHARLES STURT,1,1,0,0,1,2019,July,Saturday,11:00 AM,50,Not Divided,Straight road,Level,Driveway or Entrance,Sealed,Dry,Not Raining,Daylight,Roll Over,1,Driver Rider,2: MI,No Control,,,1320986.77,1676842.62,1.32E+13
2019-7416-27/05/2021,2 Metropolitan,MORPHETT VALE,5162,CITY OF ONKAPARINGA,4,0,0,0,0,2019,July,Saturday,12:05 PM,60,Divided Road,Straight road,Level,Not Applicable,Sealed,Dry,Not Raining,Daylight,Rear End,1,Driver Rider,1: PDO,No Control,,,1321031.93,1651031.55,1.32E+13
2019-7417-27/05/2021,2 Metropolitan,GREENACRES,5086,CITY OF PORT ADELAIDE ENFIELD,2,0,0,0,0,2019,July,Saturday,12:16 PM,50,T-Junction,Straight road,Level,Not Applicable,Sealed,Dry,Not Raining,Daylight,Right Turn,2,Driver Rider,1: PDO,No Control,,,1331725.87,1677272.61,1.33E+13
2019-7418-27/05/2021,2 Metropolitan,ELIZABETH VALE,5112,CITY OF PLAYFORD.,2,0,0,0,0,2019,July,Saturday,12:24 PM,50,Not Divided,Straight road,Level,Not Applicable,Sealed,Dry,Not Raining,Daylight,Hit Fixed Object,1,Driver Rider,1: PDO,No Control,,Y,1335024.28,1690472.71,1.34E+13
2019-7419-27/05/2021,2 Metropolitan,DULWICH,5065,CITY OF BURNSIDE,2,0,0,0,0,2019,July,Saturday,11:00 AM,50,Not Divided,Straight road,Level,Not Applicable,Sealed,Dry,Not Raining,Daylight,Hit Parked Vehicle,2,Driver Rider,1: PDO,No Control,,,1331313.01,1669284.16,1.33E+13
2019-7420-27/05/2021,2 Metropolitan,STEPNEY,5069,"CC OF NORWOOD,PAYNEHAM & ST PETERS",2,1,0,0,1,2019,July,Saturday,1:14 PM,60,Not Divided,Straight road,Level,Not Applicable,Sealed,Dry,Not Raining,Daylight,Hit Fixed Object,1,Driver Rider,2: MI,No Control,,,1331080.55,1672356.81,1.33E+13
2019-7421-27/05/2021,2 Metropolitan,STEPNEY,5069,"CC OF NORWOOD,PAYNEHAM & ST PETERS",2,1,0,0,1,2019,July,Saturday,1:10 PM,60,Not Divided,Straight road,Level,Not Applicable,Sealed,Dry,Not Raining,Daylight,Side Swipe,1,Driver Rider,2: MI,No Control,,Y,1330854.34,1671722.05,1.33E+13
2019-7422-27/05/2021,2 Metropolitan,ALDGATE,5154,THE ADELAIDE HILLS COUNCIL,2,0,0,0,0,2019,July,Friday,10:30 PM,50,Not Divided,Straight road,Slope,Driveway or Entrance,Sealed,Dry,Not Raining,Night,Right Angle,2,Driver Rider,1: PDO,No Control,,,1340569,1660287.53,1.34E+13