REPORT_ID,Stats Area,Suburb,Postcode,LGA Name,Total Units,Total Cas,Total Fats,Total SI,Total MI,Year,Month,Day,Time,Area Speed,Position Type,Horizontal Align,Vertical Align,Other Feat,Road Surface,Moisture Cond,Weather Cond,DayNight,Crash Type,Unit Resp,Entity Code,CSEF Severity,Traffic Ctrls,DUI Involved,Drugs Involved,ACCLOC_X,ACCLOC_Y,UNIQUE_LOC
2019-7423-27/05/2021,2 Metropolitan,CRAIGMORE,5114,CITY OF PLAYFORD.,2,0,0,0,0,2019,July,Saturday,2:21 PM,50,Not Divided,"CURVED, VIEW OPEN",Level,Not Applicable,Sealed,Dry,Not Raining,Daylight,Hit Parked Vehicle,1,Driver Rider,1: PDO,No Control,,,1339254.62,1696908.93,1.34E+13
2019-7424-27/05/2021,2 Metropolitan,STEPNEY,5069,"CC OF NORWOOD,PAYNEHAM & ST PETERS",2,0,0,0,0,2019,July,Saturday,12:00 PM,60,Cross Road,Straight road,Level,Not Applicable,Sealed,Dry,Not Raining,Daylight,Right Turn,1,Driver Rider,1: PDO,Stop Sign,,,1331274.11,1672065.28,1.33E+13
2019-7425-27/05/2021,2 Metropolitan,ROSEWATER,5013,CITY OF PORT ADELAIDE ENFIELD,2,0,0,0,0,2019,July,Saturday,3:00 PM,60,Not Divided,Straight road,Level,Not Applicable,Sealed,Dry,Not Raining,Daylight,Side Swipe,2,Driver Rider,1: PDO,No Control,,,1322284.84,1678863.05,1.32E+13
2019-7426-27/05/2021,2 Metropolitan,TORRENSVILLE,5031,CITY OF WEST TORRENS,4,0,0,0,0,2019,July,Saturday,3:23 PM,60,Cross Road,Straight road,Level,Not Applicable,Sealed,Dry,Not Raining,Daylight,Right Angle,2,Driver Rider,1: PDO,Traffic Signals,,,1325436.2,1672006.42,1.33E+13
2019-7427-27/05/2021,2 Metropolitan,FULHAM GARDENS,5024,CITY OF CHARLES STURT,2,1,0,0,1,2019,July,Saturday,3:35 PM,50,T-Junction,Straight road,Level,Not Applicable,Sealed,Dry,Not Raining,Daylight,Side Swipe,2,Driver Rider,2: MI,No Control,,,1320878.57,1672774.57,1.32E+13
2019-7428-27/05/2021,2 Metropolitan,WAYVILLE,5034,CITY OF UNLEY,2,1,0,0,1,2019,July,Saturday,12:00 PM,60,Not Divided,Straight road,Level,Not Applicable,Sealed,Dry,Not Raining,Daylight,Rear End,1,Driver Rider,2: MI,No Control,,,1327445.88,1668328.84,1.33E+13
2019-7429-27/05/2021,3 Country,LYNDOCH,5351,THE BAROSSA COUNCIL.,4,3,1,0,2,2019,July,Saturday,3:40 PM,100,Not Divided,Straight road,Slope,Not Applicable,Unsealed,Dry,Not Raining,Daylight,Head On,1,Driver Rider,4: Fatal,No Control,,,1353219.6,1710056.41,1.35E+13
2019-7430-27/05/2021,2 Metropolitan,LOBETHAL,5241,THE ADELAIDE HILLS COUNCIL,2,0,0,0,0,2019,July,Saturday,5:00 PM,80,Not Divided,"CURVED, VIEW OBSCURED",Level,Not Applicable,Sealed,Dry,Not Raining,Daylight,Hit Fixed Object,1,Driver Rider,1: PDO,No Control,,,1350839.1,1671622.27,1.35E+13
2019-7431-27/05/2021,3 Country,TELOWIE,5540,DC MT.REMARKABLE.             ,2,2,0,2,0,2019,July,Saturday,2:05 PM,110,Not Divided,Straight road,Level,Not Applicable,Sealed,Dry,Not Raining,Daylight,Head On,1,Driver Rider,3: SI,No Control,,,1285085.18,1874677.43,1.29E+13
2019-7432-27/05/2021,2 Metropolitan,KURRALTA PARK,5037,CITY OF WEST TORRENS,2,1,0,0,1,2019,July,Saturday,8:24 PM,60,Cross Road,Straight road,Level,Not Applicable,Sealed,Dry,Not Raining,Night,Right Turn,2,Driver Rider,2: MI,Traffic Signals,,,1325778.61,1667717.09,1.33E+13
2019-7433-27/05/2021,3 Country,PIMBA,5720,,2,0,0,0,0,2019,July,Saturday,3:45 PM,110,Not Divided,"CURVED, VIEW OPEN",Level,Not Applicable,Sealed,Dry,Not Raining,Daylight,Head On,1,Driver Rider,1: PDO,No Control,,,1170755.13,2080970.47,1.17E+13
2019-7434-27/05/2021,2 Metropolitan,NORWOOD,5067,"CC OF NORWOOD,PAYNEHAM & ST PETERS",2,0,0,0,0,2019,July,Saturday,7:56 PM,60,Multiple,"CURVED, VIEW OPEN",Level,Not Applicable,Sealed,Dry,Not Raining,Night,Rear End,2,Driver Rider,1: PDO,Traffic Signals,,,1330627.99,1671044.2,1.33E+13
2019-7435-27/05/2021,3 Country,STOCKYARD PLAIN,5330,LOXTON WAIKERIE DISTRICT COUNCIL,3,2,0,1,1,2019,July,Saturday,8:27 PM,110,Not Divided,Straight road,Level,Not Applicable,Sealed,Dry,Not Raining,Night,Rear End,1,Driver Rider,3: SI,No Control,,,1433432.26,1736076.78,1.43E+13
2019-7436-27/05/2021,2 Metropolitan,TUSMORE,5065,CITY OF BURNSIDE,2,2,0,0,2,2019,July,Saturday,10:20 PM,60,Divided Road,Straight road,Level,Not Applicable,Sealed,Dry,Not Raining,Night,Rear End,2,Driver Rider,2: MI,No Control,,,1332981.8,1669064.51,1.33E+13
2019-7437-27/05/2021,3 Country,WAIKERIE,5330,LOXTON WAIKERIE DISTRICT COUNCIL,2,0,0,0,0,2019,July,Saturday,8:20 PM,110,Not Divided,Straight road,Level,Not Applicable,Sealed,Dry,Not Raining,Night,Side Swipe,2,Driver Rider,1: PDO,No Control,,,1462044.35,1747079.5,1.46E+13
2019-7438-27/05/2021,2 Metropolitan,PARALOWIE,5108,CITY OF SALISBURY,2,0,0,0,0,2019,July,Sunday,1:20 AM,50,Not Divided,"CURVED, VIEW OBSCURED",Level,Not Applicable,Sealed,Dry,Not Raining,Night,Hit Fixed Object,1,Driver Rider,1: PDO,No Control,Y,,1329381.16,1688310.04,1.33E+13
2019-7439-27/05/2021,3 Country,ENCOUNTER BAY,5211,DC VICTOR HARBOR.             ,2,0,0,0,0,2019,July,Sunday,7:30 AM,60,T-Junction,Straight road,Level,Not Applicable,Sealed,Dry,Not Raining,Daylight,Side Swipe,2,Driver Rider,1: PDO,Give Way Sign,,,1325650.43,1599966.77,1.33E+13
2019-7440-27/05/2021,2 Metropolitan,MANSFIELD PARK,5012,CITY OF PORT ADELAIDE ENFIELD,3,0,0,0,0,2019,July,Sunday,7:40 AM,50,Not Divided,Straight road,Level,Not Applicable,Sealed,Dry,Not Raining,Daylight,Hit Parked Vehicle,1,Driver Rider,1: PDO,No Control,,,1324063.42,1677943.05,1.32E+13
2019-7441-27/05/2021,2 Metropolitan,PORT ADELAIDE,5015,CITY OF PORT ADELAIDE ENFIELD,2,0,0,0,0,2019,July,Saturday,3:30 PM,60,Cross Road,Straight road,Level,Not Applicable,Sealed,Dry,Not Raining,Daylight,Side Swipe,2,Driver Rider,1: PDO,Traffic Signals,,,1321026.19,1680313.05,1.32E+13
2019-7442-27/05/2021,2 Metropolitan,DAVOREN PARK,5113,CITY OF PLAYFORD.,2,0,0,0,0,2019,July,Saturday,2:15 PM,60,Cross Road,Straight road,Level,Not Applicable,Sealed,Dry,Not Raining,Daylight,Right Turn,2,Driver Rider,1: PDO,Stop Sign,,,1335895.69,1697177.74,1.34E+13
2019-7443-27/05/2021,3 Country,KUITPO,5201,ALEXANDRINA COUNCIL,2,1,0,0,1,2019,July,Sunday,10:14 AM,100,T-Junction,Straight road,Level,Not Applicable,Sealed,Dry,Not Raining,Daylight,Hit Fixed Object,1,Driver Rider,2: MI,No Control,,,1333477.55,1634888.04,1.33E+13
2019-7444-27/05/2021,2 Metropolitan,SALISBURY EAST,5109,CITY OF SALISBURY,2,1,0,0,1,2019,July,Sunday,10:13 AM,60,Cross Road,Straight road,Level,Not Applicable,Sealed,Dry,Not Raining,Daylight,Right Angle,2,Driver Rider,2: MI,Traffic Signals,,,1334182.03,1684642.83,1.33E+13
2019-7445-27/05/2021,2 Metropolitan,BALHANNAH,5242,THE ADELAIDE HILLS COUNCIL,2,1,0,0,1,2019,June,Monday,11:00 AM,50,T-Junction,Straight road,Slope,Not Applicable,Sealed,Dry,Not Raining,Daylight,Hit Object on Road,1,Driver Rider,2: MI,No Control,,,1349023.37,1662831.16,1.35E+13
2019-7446-27/05/2021,2 Metropolitan,SALISBURY,5108,CITY OF SALISBURY,2,1,0,0,1,2019,July,Monday,9:00 AM,60,Cross Road,Straight road,Level,Not Applicable,Sealed,Dry,Not Raining,Daylight,Rear End,2,Driver Rider,2: MI,Traffic Signals,,,1333601.36,1689549.53,1.33E+13
2019-7447-27/05/2021,2 Metropolitan,WEST LAKES,5021,CITY OF CHARLES STURT,2,0,0,0,0,2019,July,Sunday,12:25 PM,60,T-Junction,Straight road,Level,Not Applicable,Sealed,Dry,Not Raining,Daylight,Right Angle,2,Driver Rider,1: PDO,Give Way Sign,,,1318842.91,1674473.86,1.32E+13
2019-7448-27/05/2021,2 Metropolitan,SOUTH PLYMPTON,5038,CC MARION.                    ,2,1,0,0,1,2019,July,Sunday,11:48 AM,60,T-Junction,Straight road,Level,Not Applicable,Sealed,Dry,Not Raining,Daylight,Right Turn,1,Driver Rider,2: MI,No Control,,,1324264.07,1665595.48,1.32E+13
2019-7449-27/05/2021,3 Country,PORT VINCENT,5581,YORKE PENINSULA COUNCIL,2,3,0,1,2,2019,July,Sunday,12:30 AM,50,T-Junction,Straight road,Level,Not Applicable,Sealed,Dry,Not Raining,Night,Hit Fixed Object,1,Driver Rider,3: SI,Roundabout,Y,,1261480.73,1690485.36,1.26E+13
2019-7450-27/05/2021,3 Country,MOUNT WILLOUGHBY,5723,,1,2,0,0,2,2019,July,Sunday,9:00 AM,110,Not Divided,Straight road,Level,Not Applicable,Sealed,Dry,Not Raining,Daylight,Roll Over,1,Driver Rider,2: MI,No Control,,,912257.63,2444775.26,9.12E+12
2019-7451-27/05/2021,1 City,ADELAIDE,5000,CITY OF ADELAIDE,2,1,0,0,1,2019,July,Sunday,1:41 PM,50,Cross Road,Straight road,Level,Not Applicable,Sealed,Dry,Not Raining,Daylight,Right Turn,2,Driver Rider,2: MI,Traffic Signals,,,1329016.2,1670995.07,1.33E+13
2019-7452-27/05/2021,2 Metropolitan,KILBURN,5084,CITY OF PORT ADELAIDE ENFIELD,2,0,0,0,0,2019,July,Sunday,2:25 PM,60,T-Junction,Straight road,Level,Not Applicable,Sealed,Dry,Not Raining,Daylight,Right Angle,2,Driver Rider,1: PDO,No Control,,,1327202.17,1677616.31,1.33E+13
2019-7453-27/05/2021,2 Metropolitan,CROYDON,5008,CITY OF CHARLES STURT,2,1,0,0,1,2019,July,Friday,8:00 AM,60,Cross Road,Straight road,Level,Not Applicable,Sealed,Dry,Not Raining,Daylight,Rear End,2,Driver Rider,2: MI,Traffic Signals,,,1325512.99,1673486.39,1.33E+13
2019-7454-27/05/2021,2 Metropolitan,STIRLING,5152,THE ADELAIDE HILLS COUNCIL,2,0,0,0,0,2019,July,Sunday,11:50 AM,60,T-Junction,Straight road,Level,Not Applicable,Sealed,Dry,Not Raining,Daylight,Side Swipe,1,Driver Rider,1: PDO,No Control,,,1337620.27,1662005.81,1.34E+13
2019-7455-27/05/2021,3 Country,MILLICENT,5280,WATTLE RANGE COUNCIL,2,1,0,0,1,2019,July,Saturday,4:50 PM,60,T-Junction,Straight road,Level,Not Applicable,Sealed,Dry,Not Raining,Daylight,Right Angle,2,Driver Rider,2: MI,No Control,,,1473002.95,1367948.72,1.47E+13
2019-7456-27/05/2021,1 City,ADELAIDE,5000,CITY OF ADELAIDE,3,0,0,0,0,2019,July,Friday,8:48 AM,40,Not Divided,Straight road,Level,Not Applicable,Sealed,Dry,Not Raining,Daylight,Hit Parked Vehicle,1,Driver Rider,1: PDO,No Control,,,1329085.1,1670312.78,1.33E+13
2019-7457-27/05/2021,2 Metropolitan,MYRTLE BANK,5064,CITY OF UNLEY,3,0,0,0,0,2019,July,Saturday,6:35 PM,60,Not Divided,Straight road,Level,Not Applicable,Sealed,Dry,Not Raining,Night,Rear End,1,Driver Rider,1: PDO,No Control,,,1330760.32,1666501.36,1.33E+13
2019-7458-27/05/2021,2 Metropolitan,CAMPBELLTOWN,5074,CC CAMPBELLTOWN.              ,2,1,0,0,1,2019,July,Sunday,3:25 PM,60,T-Junction,Straight road,Slope,Not Applicable,Sealed,Dry,Not Raining,Daylight,Hit Fixed Object,1,Driver Rider,2: MI,No Control,,,1335396.86,1675023.91,1.34E+13
2019-7459-27/05/2021,3 Country,WAIKERIE,5330,LOXTON WAIKERIE DISTRICT COUNCIL,2,0,0,0,0,2019,July,Sunday,5:45 PM,60,Multiple,"CURVED, VIEW OPEN",Slope,Not Applicable,Sealed,Dry,Not Raining,Night,Right Angle,1,Driver Rider,1: PDO,Roundabout,,,1458678.73,1748294.14,1.46E+13
2019-7460-27/05/2021,2 Metropolitan,REYNELLA EAST,5161,CITY OF ONKAPARINGA,2,0,0,0,0,2019,July,Sunday,6:20 PM,50,Not Divided,Straight road,Slope,Not Applicable,Sealed,Dry,Not Raining,Night,Hit Fixed Object,1,Driver Rider,1: PDO,No Control,,,1323509.55,1653321.8,1.32E+13
2019-7461-27/05/2021,2 Metropolitan,NORTHFIELD,5085,CITY OF PORT ADELAIDE ENFIELD,2,0,0,0,0,2019,July,Sunday,6:35 PM,60,Cross Road,Straight road,Slope,Not Applicable,Sealed,Wet,Raining,Night,Right Turn,1,Driver Rider,1: PDO,Traffic Signals,,,1330372.74,1679303.24,1.33E+13
2019-7462-27/05/2021,2 Metropolitan,SMITHFIELD,5114,CITY OF PLAYFORD.,2,0,0,0,0,2019,July,Sunday,6:55 PM,80,T-Junction,Straight road,Level,Not Applicable,Sealed,Wet,Raining,Night,Right Angle,2,Driver Rider,1: PDO,Traffic Signals,,,1337904.44,1697173.62,1.34E+13
2019-7463-27/05/2021,2 Metropolitan,VALE PARK,5081,WALKERVILLE TOWN COUNCIL,2,0,0,0,0,2019,July,Sunday,7:20 PM,60,T-Junction,Straight road,Level,Not Applicable,Sealed,Wet,Raining,Night,Rear End,2,Driver Rider,1: PDO,No Control,,,1331040.82,1674949.77,1.33E+13
2019-7464-27/05/2021,2 Metropolitan,HOLDEN HILL,5088,CITY OF PORT ADELAIDE ENFIELD,2,0,0,0,0,2019,July,Sunday,8:03 PM,60,Divided Road,Straight road,Level,Not Applicable,Sealed,Dry,Not Raining,Night,Hit Pedestrian,2,Pedestrian,1: PDO,No Control,,,1334257.06,1678320.98,1.33E+13
2019-7465-27/05/2021,2 Metropolitan,HOLDEN HILL,5088,CITY OF PORT ADELAIDE ENFIELD,2,1,0,1,0,2019,July,Sunday,8:15 PM,60,Divided Road,Straight road,Slope,Not Applicable,Sealed,Wet,Raining,Night,Hit Pedestrian,1,Pedestrian,3: SI,No Control,,,1334230.37,1678310.09,1.33E+13
2019-7466-27/05/2021,2 Metropolitan,SEATON,5023,CITY OF CHARLES STURT,3,0,0,0,0,2019,July,Sunday,11:25 PM,60,Rail Xing,Straight road,Level,Not Applicable,Sealed,Wet,Raining,Night,Hit Fixed Object,1,Driver Rider,1: PDO,Traffic Signals,Y,,1320752.28,1674693.53,1.32E+13
2019-7467-27/05/2021,2 Metropolitan,DARLINGTON,5047,CC MARION.                    ,2,0,0,0,0,2019,July,Monday,5:45 AM,80,Divided Road,"CURVED, VIEW OPEN",Level,Not Applicable,Sealed,Wet,Raining,Night,Side Swipe,2,Driver Rider,1: PDO,No Control,,,1323999.52,1659080.02,1.32E+13
2019-7468-27/05/2021,2 Metropolitan,ASHTON,5137,THE ADELAIDE HILLS COUNCIL,2,0,0,0,0,2019,July,Sunday,4:30 PM,80,Not Divided,"CURVED, VIEW OBSCURED",Slope,Not Applicable,Sealed,Dry,Not Raining,Daylight,Head On,1,Driver Rider,1: PDO,No Control,,,1340797.86,1668779.82,1.34E+13
2019-7469-27/05/2021,3 Country,FREELING,5372,LIGHT REGIONAL COUNCIL,2,0,0,0,0,2019,July,Monday,6:30 AM,100,T-Junction,Straight road,Level,Not Applicable,Sealed,Wet,Raining,Night,Right Angle,2,Driver Rider,1: PDO,Stop Sign,,,1350740.5,1722138.29,1.35E+13
2019-7470-27/05/2021,2 Metropolitan,SEMAPHORE,5019,CITY OF PORT ADELAIDE ENFIELD,2,0,0,0,0,2019,July,Monday,7:45 AM,60,T-Junction,Straight road,Level,Not Applicable,Sealed,Wet,Not Raining,Daylight,Right Angle,2,Driver Rider,1: PDO,Give Way Sign,,,1318167.68,1680477.47,1.32E+13
2019-7471-27/05/2021,2 Metropolitan,GLENSIDE,5065,CITY OF BURNSIDE,2,0,0,0,0,2019,July,Monday,8:30 AM,50,Not Divided,Straight road,Level,Driveway or Entrance,Sealed,Dry,Not Raining,Daylight,Rear End,1,Driver Rider,1: PDO,No Control,,,1331525.37,1668526.01,1.33E+13
2019-7472-27/05/2021,2 Metropolitan,MOUNT BARKER,5251,DC MT.BARKER.                 ,2,0,0,0,0,2019,July,Monday,7:35 AM,110,Freeway,Straight road,Level,Not Applicable,Sealed,Wet,Raining,Daylight,Rear End,2,Driver Rider,1: PDO,No Control,,,1355520.92,1655331.06,1.36E+13
2019-7473-27/05/2021,3 Country,PORT PIRIE SOUTH,5540,PT.PIRIE CITY & DIST. COUNCIL ,2,0,0,0,0,2019,July,Monday,8:45 AM,50,Cross Road,Straight road,Level,Not Applicable,Sealed,Wet,Not Raining,Daylight,Right Angle,1,Driver Rider,1: PDO,Give Way Sign,,,1280024.85,1863481.62,1.28E+13
2019-7474-27/05/2021,3 Country,WILLIAMSTOWN,5351,THE BAROSSA COUNCIL.,2,0,0,0,0,2019,July,Monday,7:10 AM,80,Not Divided,Straight road,Level,Not Applicable,Sealed,Wet,Raining,Night,Hit Animal,2,Animal,1: PDO,No Control,,,1358272.48,1695790.08,1.36E+13
2019-7475-27/05/2021,2 Metropolitan,HAPPY VALLEY,5159,CITY OF ONKAPARINGA,3,3,0,0,3,2019,July,Monday,9:30 AM,80,Cross Road,Straight road,Level,Not Applicable,Sealed,Dry,Not Raining,Daylight,Rear End,1,Driver Rider,2: MI,Traffic Signals,,Y,1323029.26,1653595.87,1.32E+13
2019-7476-27/05/2021,2 Metropolitan,HILLCREST,5086,CITY OF PORT ADELAIDE ENFIELD,2,1,0,0,1,2019,July,Sunday,5:00 PM,60,T-Junction,Straight road,Level,Not Applicable,Sealed,Dry,Not Raining,Daylight,Rear End,2,Driver Rider,2: MI,No Control,,,1333159.73,1677518.73,1.33E+13
2019-7477-27/05/2021,2 Metropolitan,ELIZABETH PARK,5113,CITY OF PLAYFORD.,2,1,0,0,1,2019,July,Friday,1:40 PM,60,Cross Road,Straight road,Level,Not Applicable,Sealed,Dry,Not Raining,Daylight,Rear End,2,Driver Rider,2: MI,Traffic Signals,,,1336482.32,1694632.45,1.34E+13
2019-7478-27/05/2021,2 Metropolitan,CLOVELLY PARK,5042,CC MARION.                    ,3,1,0,0,1,2019,July,Monday,10:50 AM,60,Cross Road,Straight road,Level,Not Applicable,Sealed,Dry,Not Raining,Daylight,Hit Fixed Object,1,Driver Rider,2: MI,Give Way Sign,,,1325642,1663308.06,1.33E+13
2019-7479-27/05/2021,2 Metropolitan,VIRGINIA,5120,CITY OF PLAYFORD.,2,0,0,0,0,2019,July,Thursday,1:30 PM,60,Divided Road,Straight road,Crest of Hill,Roadworks,Sealed,Dry,Not Raining,Daylight,Side Swipe,2,Driver Rider,1: PDO,No Control,,,1324631.68,1699477.01,1.32E+13
2019-7480-27/05/2021,2 Metropolitan,GREENWITH,5125,CITY OF TEA TREE GULLY,2,1,0,0,1,2019,July,Saturday,12:00 PM,50,Not Divided,Straight road,Level,Driveway or Entrance,Sealed,Dry,Not Raining,Daylight,Hit Parked Vehicle,1,Driver Rider,2: MI,No Control,,,1339191.05,1688543.94,1.34E+13
2019-7481-27/05/2021,2 Metropolitan,FINDON,5023,CITY OF CHARLES STURT,2,0,0,0,0,2019,July,Monday,12:30 PM,60,Not Divided,Straight road,Level,Driveway or Entrance,Sealed,Dry,Not Raining,Daylight,Right Angle,1,Driver Rider,1: PDO,No Control,,,1322416.71,1673238.92,1.32E+13
2019-7482-27/05/2021,2 Metropolitan,MODBURY,5092,CITY OF TEA TREE GULLY,3,0,0,0,0,2019,July,Monday,12:07 PM,50,Not Divided,Straight road,Level,Not Applicable,Sealed,Dry,Not Raining,Daylight,Hit Parked Vehicle,1,Driver Rider,1: PDO,No Control,,,1336623.61,1680267.68,1.34E+13
2019-7483-27/05/2021,3 Country,SOLOMONTOWN,5540,PT.PIRIE CITY & DIST. COUNCIL ,2,1,0,0,1,2019,July,Monday,10:27 AM,50,Divided Road,Straight road,Level,Driveway or Entrance,Sealed,Dry,Not Raining,Daylight,Rear End,1,Driver Rider,2: MI,No Control,,,1280675.68,1865202.83,1.28E+13
2019-7484-27/05/2021,2 Metropolitan,DOVER GARDENS,5048,CC MARION.                    ,3,0,0,0,0,2019,July,Monday,1:02 PM,60,Cross Road,Straight road,Level,Not Applicable,Sealed,Dry,Not Raining,Daylight,Right Turn,2,Driver Rider,1: PDO,Traffic Signals,,,1322776.93,1660610.37,1.32E+13
2019-7485-27/05/2021,2 Metropolitan,WINGFIELD,5013,CITY OF PORT ADELAIDE ENFIELD,2,0,0,0,0,2019,July,Monday,1:24 PM,60,Cross Road,Straight road,Level,Not Applicable,Sealed,Dry,Not Raining,Daylight,Rear End,1,Driver Rider,1: PDO,Traffic Signals,,,1325526.91,1679186.68,1.33E+13
2019-7486-27/05/2021,1 City,NORTH ADELAIDE,5006,CITY OF ADELAIDE,2,1,0,0,1,2019,July,Friday,4:40 PM,50,T-Junction,Straight road,Level,Not Applicable,Sealed,Dry,Not Raining,Daylight,Rear End,2,Driver Rider,2: MI,No Control,,,1328870.37,1672492.97,1.33E+13
2019-7487-27/05/2021,2 Metropolitan,LEABROOK,5068,CITY OF BURNSIDE,2,0,0,0,0,2019,July,Monday,8:15 AM,60,Not Divided,Straight road,Level,Not Applicable,Sealed,Wet,Not Raining,Daylight,Rear End,1,Driver Rider,1: PDO,No Control,,,1333913.88,1669960.32,1.33E+13
2019-7488-27/05/2021,3 Country,NURIOOTPA,5355,THE BAROSSA COUNCIL.,2,0,0,0,0,2019,July,Saturday,4:55 PM,100,Not Divided,Straight road,Bottom of Hill,Not Applicable,Sealed,Dry,Not Raining,Daylight,Rear End,1,Driver Rider,1: PDO,No Control,,,1365862.18,1721196.83,1.37E+13
2019-7489-27/05/2021,2 Metropolitan,CHANDLERS HILL,5159,CITY OF ONKAPARINGA,2,0,0,0,0,2019,July,Monday,7:40 AM,70,T-Junction,Straight road,Level,Not Applicable,Sealed,Wet,Not Raining,Daylight,Rear End,1,Driver Rider,1: PDO,Give Way Sign,,,1329119.49,1652682.31,1.33E+13
2019-7490-27/05/2021,2 Metropolitan,TOORAK GARDENS,5065,CITY OF BURNSIDE,2,0,0,0,0,2019,July,Thursday,3:30 PM,60,Divided Road,Straight road,Level,Driveway or Entrance,Sealed,Dry,Not Raining,Daylight,Side Swipe,2,Driver Rider,1: PDO,No Control,,,1332231.3,1669053.83,1.33E+13
2019-7491-27/05/2021,2 Metropolitan,NAIRNE,5252,DC MT.BARKER.                 ,2,1,0,1,0,2019,July,Monday,1:30 PM,50,Not Divided,Straight road,Level,Not Applicable,Sealed,Dry,Not Raining,Daylight,Hit Pedestrian,2,Pedestrian,3: SI,No Control,,,1355837.58,1658203.13,1.36E+13
2019-7492-27/05/2021,2 Metropolitan,BELLEVUE HEIGHTS,5050,CC MITCHAM.                   ,2,0,0,0,0,2019,July,Monday,12:20 PM,60,T-Junction,Straight road,Level,Not Applicable,Sealed,Dry,Not Raining,Daylight,Right Angle,1,Driver Rider,1: PDO,No Control,,,1327501.4,1659322.92,1.33E+13
2019-7493-27/05/2021,3 Country,ALLENDALE EAST,5291,DISTRICT COUNCIL OF GRANT,1,1,0,1,0,2019,July,Monday,4:00 PM,50,Not Divided,Straight road,Level,Not Applicable,Unsealed,Dry,Not Raining,Daylight,Other,1,Driver Rider,3: SI,No Control,,Y,1501821.48,1321838.74,1.50E+13
2019-7494-27/05/2021,2 Metropolitan,PROSPECT,5082,CITY OF PROSPECT,2,0,0,0,0,2019,July,Monday,3:30 PM,60,T-Junction,Straight road,Level,Not Applicable,Sealed,Dry,Not Raining,Daylight,Right Angle,1,Driver Rider,1: PDO,Give Way Sign,,,1327263.72,1675316.35,1.33E+13
2019-7495-27/05/2021,2 Metropolitan,SALISBURY DOWNS,5108,CITY OF SALISBURY,3,1,0,0,1,2019,July,Monday,3:45 PM,60,Cross Road,Straight road,Level,Not Applicable,Sealed,Dry,Not Raining,Daylight,Rear End,1,Driver Rider,2: MI,Traffic Signals,,,1331452.34,1686817.44,1.33E+13
2019-7496-27/05/2021,3 Country,TANUNDA,5352,LIGHT REGIONAL COUNCIL,2,0,0,0,0,2019,July,Monday,7:50 AM,90,T-Junction,"CURVED, VIEW OPEN",Crest of Hill,Not Applicable,Sealed,Wet,Raining,Daylight,Rear End,2,Driver Rider,1: PDO,No Control,,,1360934.59,1712805.41,1.36E+13
2019-7497-27/05/2021,2 Metropolitan,LOCKLEYS,5032,CITY OF WEST TORRENS,3,0,0,0,0,2019,July,Monday,3:10 PM,60,Cross Road,Straight road,Level,Not Applicable,Sealed,Dry,Not Raining,Daylight,Rear End,1,Driver Rider,1: PDO,Traffic Signals,,,1322502.16,1670764.74,1.32E+13
2019-7498-27/05/2021,2 Metropolitan,PARALOWIE,5108,CITY OF SALISBURY,2,0,0,0,0,2019,July,Monday,4:11 PM,60,Divided Road,Straight road,Level,Roadworks,Sealed,Dry,Not Raining,Daylight,Rear End,2,Driver Rider,1: PDO,No Control,,,1328276.85,1689355.03,1.33E+13
2019-7499-27/05/2021,1 City,ADELAIDE,5000,CITY OF ADELAIDE,2,0,0,0,0,2019,July,Friday,9:45 AM,50,Cross Road,Straight road,Level,Not Applicable,Sealed,Dry,Not Raining,Daylight,Rear End,2,Driver Rider,1: PDO,Traffic Signals,,,1329235.96,1670842.02,1.33E+13
2019-7500-27/05/2021,2 Metropolitan,HECTORVILLE,5073,"CC OF NORWOOD,PAYNEHAM & ST PETERS",3,1,0,0,1,2019,July,Monday,3:45 PM,60,Divided Road,Straight road,Level,Not Applicable,Sealed,Dry,Not Raining,Daylight,Rear End,1,Driver Rider,2: MI,No Control,,,1333784.9,1674432.71,1.33E+13
2019-7501-27/05/2021,2 Metropolitan,PORT ADELAIDE,5015,CITY OF PORT ADELAIDE ENFIELD,2,1,0,0,1,2019,July,Friday,2:00 PM,60,Divided Road,Straight road,Level,Not Applicable,Sealed,Dry,Not Raining,Daylight,Rear End,2,Driver Rider,2: MI,No Control,,,1321087.01,1680329.16,1.32E+13
2019-7502-27/05/2021,2 Metropolitan,MAWSON LAKES,5095,CITY OF SALISBURY,3,2,0,0,2,2019,July,Monday,5:14 PM,70,Divided Road,Straight road,Crest of Hill,Not Applicable,Sealed,Dry,Not Raining,Daylight,Rear End,1,Driver Rider,2: MI,No Control,,,1329175.54,1683956.09,1.33E+13
2019-7503-27/05/2021,2 Metropolitan,PAECHTOWN,5245,DC MT.BARKER.                 ,2,0,0,0,0,2019,July,Monday,5:46 PM,110,Freeway,"CURVED, VIEW OPEN",Slope,Not Applicable,Sealed,Dry,Not Raining,Night,Hit Fixed Object,1,Driver Rider,1: PDO,No Control,,,1347256.66,1657902.04,1.35E+13
2019-7504-27/05/2021,2 Metropolitan,KESWICK,5035,CITY OF WEST TORRENS,2,0,0,0,0,2019,July,Monday,10:30 AM,60,Divided Road,Straight road,Level,Not Applicable,Sealed,Dry,Not Raining,Daylight,Side Swipe,2,Driver Rider,1: PDO,No Control,,,1325823.33,1668948.39,1.33E+13
2019-7505-27/05/2021,2 Metropolitan,POORAKA,5095,CITY OF SALISBURY,2,1,0,0,1,2019,July,Saturday,11:52 AM,70,Cross Road,Straight road,Level,Not Applicable,Sealed,Dry,Not Raining,Daylight,Rear End,2,Driver Rider,2: MI,Traffic Signals,,,1330499.62,1681832.25,1.33E+13
2019-7506-27/05/2021,2 Metropolitan,NOVAR GARDENS,5040,CITY OF WEST TORRENS,2,0,0,0,0,2019,July,Monday,5:15 PM,50,Not Divided,"CURVED, VIEW OPEN",Level,Not Applicable,Sealed,Dry,Not Raining,Daylight,Hit Fixed Object,1,Driver Rider,1: PDO,No Control,,,1322205.74,1665580.23,1.32E+13