REPORT_ID,Stats Area,Suburb,Postcode,LGA Name,Total Units,Total Cas,Total Fats,Total SI,Total MI,Year,Month,Day,Time,Area Speed,Position Type,Horizontal Align,Vertical Align,Other Feat,Road Surface,Moisture Cond,Weather Cond,DayNight,Crash Type,Unit Resp,Entity Code,CSEF Severity,Traffic Ctrls,DUI Involved,Drugs Involved,ACCLOC_X,ACCLOC_Y,UNIQUE_LOC
2019-7672-27/05/2021,2 Metropolitan,PARKSIDE,5063,CITY OF UNLEY,2,0,0,0,0,2019,August,Saturday,5:00 PM,60,Cross Road,Straight road,Level,Not Applicable,Sealed,Dry,Not Raining,Daylight,Right Turn,1,Driver Rider,1: PDO,Traffic Signals,,,1329603.75,1668978.88,1.33E+13
2019-7673-27/05/2021,3 Country,PORT LINCOLN,5606,CC PT.LINCOLN.                ,2,0,0,0,0,2019,August,Saturday,3:25 PM,50,Not Divided,Straight road,Level,Not Applicable,Sealed,Dry,Not Raining,Daylight,Hit Fixed Object,1,Driver Rider,1: PDO,No Control,,,1078286.01,1698591.27,1.08E+13
2019-7674-27/05/2021,2 Metropolitan,MITCHELL PARK,5043,CC MARION.                    ,2,0,0,0,0,2019,August,Saturday,6:15 PM,60,Pedestrian Crossing,Straight road,Level,Not Applicable,Sealed,Dry,Not Raining,Night,Hit Pedestrian,2,Pedestrian,1: PDO,Traffic Signals,,,1324362.08,1661993.93,1.32E+13
2019-7675-27/05/2021,3 Country,MIDDLETON,5213,ALEXANDRINA COUNCIL,2,1,0,0,1,2019,August,Saturday,4:45 PM,100,Not Divided,"CURVED, VIEW OPEN",Level,Not Applicable,Sealed,Dry,Not Raining,Daylight,Hit Fixed Object,1,Driver Rider,2: MI,No Control,,,1337358.05,1606373.97,1.34E+13
2019-7676-27/05/2021,2 Metropolitan,SEACLIFF,5049,CITY OF HOLDFAST BAY,2,0,0,0,0,2019,August,Saturday,7:20 PM,50,Not Divided,Straight road,Level,Not Applicable,Sealed,Dry,Not Raining,Night,Hit Fixed Object,1,Driver Rider,1: PDO,No Control,,,1320850.19,1659428.81,1.32E+13
2019-7677-27/05/2021,3 Country,FLAXMAN VALLEY,5235,THE BAROSSA COUNCIL.,2,0,0,0,0,2019,August,Saturday,6:22 PM,80,Not Divided,"CURVED, VIEW OBSCURED",Level,Not Applicable,Sealed,Dry,Not Raining,Night,Hit Fixed Object,1,Driver Rider,1: PDO,No Control,,,1368711.05,1706956.85,1.37E+13
2019-7678-27/05/2021,2 Metropolitan,MORPHETT VALE,5162,CITY OF ONKAPARINGA,2,1,0,0,1,2019,August,Saturday,8:04 PM,60,Cross Road,Straight road,Level,Not Applicable,Sealed,Dry,Not Raining,Night,Hit Fixed Object,1,Driver Rider,2: MI,Roundabout,,,1321935.14,1649890.39,1.32E+13
2019-7679-27/05/2021,2 Metropolitan,HALLETT COVE,5158,CC MARION.                    ,2,0,0,0,0,2019,August,Saturday,10:15 PM,60,Cross Road,Straight road,Level,Not Applicable,Sealed,Dry,Not Raining,Night,Right Turn,2,Driver Rider,1: PDO,Traffic Signals,,,1320161.88,1654139.75,1.32E+13
2019-7680-27/05/2021,2 Metropolitan,ROYAL PARK,5014,CITY OF CHARLES STURT,2,0,0,0,0,2019,August,Saturday,11:50 PM,50,Not Divided,Straight road,Level,Not Applicable,Sealed,Dry,Not Raining,Night,Hit Fixed Object,1,Driver Rider,1: PDO,No Control,,,1320117.45,1676151.14,1.32E+13
2019-7681-27/05/2021,2 Metropolitan,FLINDERS PARK,5025,CITY OF CHARLES STURT,2,0,0,0,0,2019,August,Saturday,11:49 PM,50,Cross Road,Straight road,Level,Not Applicable,Sealed,Dry,Not Raining,Night,Hit Fixed Object,1,Driver Rider,1: PDO,Roundabout,,,1323455.76,1672634.07,1.32E+13
2019-7682-27/05/2021,1 City,NORTH ADELAIDE,5006,CITY OF ADELAIDE,2,2,0,2,0,2019,August,Sunday,12:15 AM,50,Divided Road,Straight road,Level,Not Applicable,Sealed,Dry,Not Raining,Night,Hit Parked Vehicle,2,Driver Rider,3: SI,No Control,,,1328218.17,1672761.25,1.33E+13
2019-7683-27/05/2021,2 Metropolitan,PARAFIELD GARDENS,5107,CITY OF SALISBURY,2,0,0,0,0,2019,August,Sunday,1:00 AM,50,T-Junction,Straight road,Level,Not Applicable,Sealed,Dry,Not Raining,Night,Hit Fixed Object,1,Driver Rider,1: PDO,Stop Sign,,,1331350.5,1686483.97,1.33E+13
2019-7684-27/05/2021,1 City,ADELAIDE,5000,CITY OF ADELAIDE,2,0,0,0,0,2019,August,Sunday,2:35 AM,50,Cross Road,Straight road,Level,Not Applicable,Sealed,Dry,Not Raining,Night,Right Angle,1,Driver Rider,1: PDO,Traffic Signals,,,1327978.27,1670807.29,1.33E+13
2019-7685-27/05/2021,2 Metropolitan,CHRISTIE DOWNS,5164,CITY OF ONKAPARINGA,2,0,0,0,0,2019,August,Sunday,1:30 AM,50,Not Divided,Straight road,Level,Not Applicable,Sealed,Wet,Not Raining,Night,Hit Parked Vehicle,1,Driver Rider,1: PDO,No Control,,,1317612.73,1647609.21,1.32E+13
2019-7686-27/05/2021,2 Metropolitan,STIRLING,5152,THE ADELAIDE HILLS COUNCIL,2,0,0,0,0,2019,August,Sunday,5:30 AM,100,Freeway,"CURVED, VIEW OPEN",Level,Not Applicable,Sealed,Dry,Not Raining,Night,Hit Fixed Object,1,Driver Rider,1: PDO,No Control,,,1338901.79,1661886.19,1.34E+13
2019-7687-27/05/2021,2 Metropolitan,REGENCY PARK,5010,CITY OF PORT ADELAIDE ENFIELD,2,0,0,0,0,2019,August,Sunday,12:01 AM,50,Not Divided,Straight road,Level,Not Applicable,Sealed,Dry,Not Raining,Night,Hit Parked Vehicle,1,Driver Rider,1: PDO,No Control,,,1326092.71,1679132.47,1.33E+13
2019-7688-27/05/2021,2 Metropolitan,MITCHELL PARK,5043,CC MARION.                    ,2,0,0,0,0,2019,August,Saturday,12:50 PM,60,T-Junction,Straight road,Level,Not Applicable,Sealed,Dry,Not Raining,Daylight,Right Turn,2,Driver Rider,1: PDO,Traffic Signals,,,1324380.03,1661734.89,1.32E+13
2019-7689-27/05/2021,2 Metropolitan,KENSINGTON,5068,"CC OF NORWOOD,PAYNEHAM & ST PETERS",2,0,0,0,0,2019,August,Saturday,12:20 PM,60,Not Divided,Straight road,Level,Not Applicable,Sealed,Dry,Not Raining,Daylight,Rear End,1,Driver Rider,1: PDO,No Control,,,1332438.48,1671076.58,1.33E+13
2019-7690-27/05/2021,1 City,ADELAIDE,5000,CITY OF ADELAIDE,2,0,0,0,0,2019,August,Sunday,8:30 AM,60,Cross Road,Straight road,Level,Not Applicable,Sealed,Dry,Not Raining,Daylight,Right Angle,1,Driver Rider,1: PDO,Traffic Signals,,,1327364.13,1670312.87,1.33E+13
2019-7691-27/05/2021,2 Metropolitan,KINGSWOOD,5062,CITY OF UNLEY,2,2,0,0,2,2019,August,Sunday,7:30 AM,60,Not Divided,"CURVED, VIEW OPEN",Level,Not Applicable,Unsealed,Dry,Not Raining,Daylight,Hit Fixed Object,1,Driver Rider,2: MI,No Control,,,1329658.25,1666267.92,1.33E+13
2019-7692-27/05/2021,2 Metropolitan,KINGSWOOD,5062,CITY OF UNLEY,2,0,0,0,0,2019,August,Sunday,9:43 AM,60,Divided Road,Straight road,Level,Not Applicable,Sealed,Dry,Not Raining,Daylight,Rear End,2,Driver Rider,1: PDO,No Control,,,1329658.25,1666267.92,1.33E+13
2019-7693-27/05/2021,2 Metropolitan,SALISBURY,5108,CITY OF SALISBURY,2,0,0,0,0,2019,August,Saturday,12:00 PM,50,Cross Road,Straight road,Level,Not Applicable,Sealed,Dry,Not Raining,Daylight,Right Angle,2,Driver Rider,1: PDO,Roundabout,,,1333289.79,1688533.77,1.33E+13
2019-7694-27/05/2021,1 City,NORTH ADELAIDE,5006,CITY OF ADELAIDE,2,0,0,0,0,2019,August,Saturday,10:30 PM,60,Not Divided,Straight road,Level,Not Applicable,Sealed,Dry,Not Raining,Night,Side Swipe,1,Driver Rider,1: PDO,No Control,,,1327624.9,1671663.81,1.33E+13
2019-7695-27/05/2021,2 Metropolitan,MODBURY,5092,CITY OF TEA TREE GULLY,3,0,0,0,0,2019,August,Saturday,12:30 PM,60,Cross Road,Straight road,Level,Not Applicable,Sealed,Dry,Not Raining,Daylight,Rear End,1,Driver Rider,1: PDO,Traffic Signals,,,1336876.15,1680848.77,1.34E+13
2019-7696-27/05/2021,2 Metropolitan,TORRENSVILLE,5031,CITY OF WEST TORRENS,2,1,0,0,1,2019,August,Friday,1:00 PM,50,Divided Road,"CURVED, VIEW OPEN",Level,Driveway or Entrance,Sealed,Dry,Not Raining,Daylight,Hit Pedestrian,2,Pedestrian,2: MI,Roundabout,,,1325154.72,1672039.58,1.33E+13
2019-7697-27/05/2021,3 Country,TAILEM BEND,5260,COORONG DISTRICT COUNCIL,2,1,0,0,1,2019,August,Sunday,10:59 AM,110,Not Divided,Straight road,Level,Not Applicable,Sealed,Dry,Not Raining,Daylight,Roll Over,1,Driver Rider,2: MI,No Control,,,1410024.1,1627669.25,1.41E+13
2019-7698-27/05/2021,1 City,ADELAIDE,5000,CITY OF ADELAIDE,2,0,0,0,0,2019,August,Sunday,12:41 PM,60,Divided Road,Straight road,Level,Not Applicable,Sealed,Dry,Not Raining,Daylight,Rear End,1,Driver Rider,1: PDO,No Control,,,1327383.46,1669674.15,1.33E+13
2019-7699-27/05/2021,2 Metropolitan,GILBERTON,5081,WALKERVILLE TOWN COUNCIL,2,0,0,0,0,2019,August,Sunday,11:50 AM,60,Cross Road,Straight road,Level,Not Applicable,Sealed,Dry,Not Raining,Daylight,Rear End,2,Driver Rider,1: PDO,Traffic Signals,,,1329718.02,1672506.06,1.33E+13
2019-7700-27/05/2021,2 Metropolitan,ALDINGA,5173,CITY OF ONKAPARINGA,1,0,0,0,0,2019,August,Sunday,2:10 PM,50,Not Divided,Straight road,Level,Not Applicable,Unsealed,Wet,Not Raining,Daylight,Roll Over,1,Driver Rider,1: PDO,No Control,,,1315924.6,1634325.63,1.32E+13
2019-7701-27/05/2021,2 Metropolitan,PROSPECT,5082,CITY OF PROSPECT,2,0,0,0,0,2019,August,Sunday,3:00 PM,60,Pedestrian Crossing,Straight road,Level,Not Applicable,Sealed,Dry,Not Raining,Daylight,Rear End,2,Driver Rider,1: PDO,Traffic Signals,,,1327264.76,1675270.3,1.33E+13
2019-7702-27/05/2021,2 Metropolitan,NOARLUNGA CENTRE,5168,CITY OF ONKAPARINGA,2,1,0,0,1,2019,August,Sunday,3:28 PM,60,T-Junction,Straight road,Level,Not Applicable,Sealed,Dry,Not Raining,Daylight,Right Angle,2,Driver Rider,2: MI,Give Way Sign,,,1317491.03,1646945.11,1.32E+13
2019-7703-27/05/2021,3 Country,PEWSEY VALE,5351,THE BAROSSA COUNCIL.,2,1,0,1,0,2019,August,Sunday,11:45 AM,100,Not Divided,"CURVED, VIEW OPEN",Slope,Not Applicable,Unsealed,Dry,Not Raining,Daylight,Hit Fixed Object,1,Driver Rider,3: SI,No Control,,,1363981.6,1700389.25,1.36E+13
2019-7704-27/05/2021,2 Metropolitan,HAHNDORF,5245,DC MT.BARKER.                 ,2,0,0,0,0,2019,August,Sunday,4:00 PM,80,Not Divided,"CURVED, VIEW OBSCURED",Slope,Not Applicable,Sealed,Dry,Not Raining,Daylight,Rear End,2,Driver Rider,1: PDO,No Control,,,1348655.83,1656997.96,1.35E+13
2019-7705-27/05/2021,2 Metropolitan,WOODVILLE GARDENS,5012,CITY OF PORT ADELAIDE ENFIELD,1,1,0,0,1,2019,August,Sunday,4:00 PM,50,Cross Road,Straight road,Level,Not Applicable,Sealed,Dry,Not Raining,Daylight,Roll Over,1,Driver Rider,2: MI,Roundabout,,Y,1324724.86,1676959.29,1.32E+13
2019-7706-27/05/2021,2 Metropolitan,MCLAREN VALE,5171,CITY OF ONKAPARINGA,2,1,0,1,0,2019,August,Sunday,5:46 PM,50,Cross Road,Straight road,Level,Not Applicable,Sealed,Dry,Not Raining,Night,Roll Over,1,Driver Rider,3: SI,Give Way Sign,,Y,1322291.65,1638401.13,1.32E+13
2019-7707-27/05/2021,2 Metropolitan,PARA HILLS WEST,5096,CITY OF SALISBURY,4,1,0,0,1,2019,August,Sunday,5:21 PM,60,Cross Road,Straight road,Level,Not Applicable,Sealed,Dry,Not Raining,Daylight,Right Angle,2,Driver Rider,2: MI,Traffic Signals,,,1333442.68,1683696.42,1.33E+13
2019-7708-27/05/2021,2 Metropolitan,MEDINDIE,5081,WALKERVILLE TOWN COUNCIL,3,1,0,0,1,2019,August,Saturday,10:20 PM,60,Not Divided,Straight road,Level,Not Applicable,Sealed,Dry,Not Raining,Night,Rear End,2,Driver Rider,2: MI,No Control,,,1329194.66,1674229.52,1.33E+13
2019-7709-27/05/2021,2 Metropolitan,BROADVIEW,5083,CITY OF PORT ADELAIDE ENFIELD,3,1,0,0,1,2019,August,Sunday,11:30 AM,60,Divided Road,Straight road,Level,Not Applicable,Sealed,Dry,Not Raining,Daylight,Rear End,2,Driver Rider,2: MI,No Control,,,1330287.04,1676469.28,1.33E+13
2019-7710-27/05/2021,2 Metropolitan,MAWSON LAKES,5095,CITY OF SALISBURY,2,0,0,0,0,2019,August,Sunday,7:57 PM,60,Divided Road,Straight road,Level,Driveway or Entrance,Sealed,Dry,Not Raining,Night,Right Angle,2,Driver Rider,1: PDO,No Control,,,1329466.26,1684472.17,1.33E+13
2019-7711-27/05/2021,3 Country,RIVERGLADES,5253,RC MURRAY BRIDGE.             ,1,1,0,0,1,2019,August,Sunday,7:20 PM,50,T-Junction,"CURVED, VIEW OPEN",Level,Not Applicable,Sealed,Dry,Not Raining,Night,Roll Over,1,Driver Rider,2: MI,No Control,Y,,1392233.74,1649937.56,1.39E+13
2019-7712-27/05/2021,2 Metropolitan,EVANSTON SOUTH,5116,CT GAWLER.                    ,2,0,0,0,0,2019,August,Sunday,11:00 PM,50,T-Junction,Straight road,Level,Not Applicable,Sealed,Dry,Not Raining,Night,Hit Fixed Object,1,Driver Rider,1: PDO,No Control,,,1340272.59,1701036.16,1.34E+13
2019-7713-27/05/2021,2 Metropolitan,PAECHTOWN,5245,DC MT.BARKER.                 ,2,1,0,0,1,2019,August,Sunday,11:50 PM,80,Not Divided,Straight road,Level,Not Applicable,Sealed,Dry,Not Raining,Night,Hit Fixed Object,1,Driver Rider,2: MI,No Control,,Y,1346820.96,1657103.37,1.35E+13
2019-7714-27/05/2021,2 Metropolitan,BRIGHTON,5048,CITY OF HOLDFAST BAY,3,0,0,0,0,2019,August,Monday,6:30 AM,60,Cross Road,Straight road,Level,Not Applicable,Sealed,Dry,Not Raining,Night,Right Angle,1,Driver Rider,1: PDO,Traffic Signals,,,1321149.43,1660550.55,1.32E+13
2019-7715-27/05/2021,2 Metropolitan,PARA HILLS WEST,5096,CITY OF SALISBURY,2,0,0,0,0,2019,August,Monday,7:30 AM,80,Divided Road,Straight road,Level,Not Applicable,Sealed,Dry,Not Raining,Daylight,Rear End,2,Driver Rider,1: PDO,No Control,,,1331858.93,1683547.2,1.33E+13
2019-7716-27/05/2021,3 Country,WHYALLA BARSON,5601,CC WHYALLA.                   ,2,0,0,0,0,2019,August,Thursday,9:07 AM,60,T-Junction,Straight road,Level,Not Applicable,Sealed,Dry,Not Raining,Daylight,Hit Fixed Object,1,Driver Rider,1: PDO,No Control,,,1238187.99,1884765.41,1.24E+13
2019-7717-27/05/2021,2 Metropolitan,PROSPECT,5082,CITY OF PROSPECT,2,0,0,0,0,2019,August,Monday,12:05 AM,40,Not Divided,Straight road,Level,Not Applicable,Sealed,Dry,Not Raining,Night,Hit Parked Vehicle,2,Driver Rider,1: PDO,No Control,,,1328303.33,1674541.23,1.33E+13
2019-7718-27/05/2021,2 Metropolitan,WINDSOR GARDENS,5087,CITY OF PORT ADELAIDE ENFIELD,2,1,0,0,1,2019,August,Monday,8:26 AM,60,Divided Road,Straight road,Level,Driveway or Entrance,Sealed,Dry,Not Raining,Daylight,Right Turn,2,Driver Rider,2: MI,No Control,,,1333055.34,1677428.62,1.33E+13
2019-7719-27/05/2021,2 Metropolitan,PARA HILLS WEST,5096,CITY OF SALISBURY,3,1,0,0,1,2019,August,Monday,8:38 AM,80,Divided Road,Straight road,Level,Not Applicable,Sealed,Dry,Not Raining,Daylight,Rear End,2,Driver Rider,2: MI,No Control,,,1331858.26,1683546.32,1.33E+13
2019-7720-27/05/2021,2 Metropolitan,MORPHETT VALE,5162,CITY OF ONKAPARINGA,2,0,0,0,0,2019,August,Monday,8:45 AM,60,T-Junction,Straight road,Slope,Not Applicable,Sealed,Dry,Not Raining,Daylight,Side Swipe,1,Driver Rider,1: PDO,No Control,,,1320899.31,1649860.52,1.32E+13
2019-7721-27/05/2021,3 Country,MOUNT GAMBIER,5290,CC MT.GAMBIER.                ,2,0,0,0,0,2019,August,Monday,8:45 AM,50,Not Divided,Straight road,Level,Not Applicable,Sealed,Dry,Not Raining,Daylight,Hit Parked Vehicle,1,Driver Rider,1: PDO,No Control,,,1509082.1,1341758.16,1.51E+13
2019-7722-27/05/2021,3 Country,MOUNT COMPASS,5210,ALEXANDRINA COUNCIL,2,1,0,1,0,2019,August,Monday,7:54 AM,100,Cross Road,Straight road,Level,Not Applicable,Sealed,Dry,Not Raining,Daylight,Right Angle,2,Driver Rider,3: SI,Give Way Sign,,,1329173.41,1621910.18,1.33E+13
2019-7723-27/05/2021,1 City,ADELAIDE,5000,CITY OF ADELAIDE,2,0,0,0,0,2019,August,Monday,9:10 AM,50,Not Divided,Straight road,Level,Not Applicable,Sealed,Dry,Not Raining,Daylight,Rear End,2,Driver Rider,1: PDO,No Control,,,1329025.64,1669586.29,1.33E+13
2019-7724-27/05/2021,2 Metropolitan,GULFVIEW HEIGHTS,5096,CITY OF SALISBURY,2,1,0,0,1,2019,August,Monday,9:20 AM,60,T-Junction,Straight road,Level,Not Applicable,Sealed,Dry,Not Raining,Daylight,Right Angle,2,Driver Rider,2: MI,No Control,,,1335148.3,1685876.44,1.34E+13
2019-7725-27/05/2021,2 Metropolitan,PARA HILLS,5096,CITY OF SALISBURY,2,0,0,0,0,2019,August,Monday,10:55 AM,50,T-Junction,Straight road,Slope,Not Applicable,Sealed,Dry,Not Raining,Daylight,Right Angle,2,Driver Rider,1: PDO,No Control,,,1333205.91,1683216.34,1.33E+13
2019-7726-27/05/2021,2 Metropolitan,WOODVILLE GARDENS,5012,CITY OF PORT ADELAIDE ENFIELD,3,1,0,1,0,2019,August,Monday,11:20 AM,50,Cross Road,Straight road,Level,Not Applicable,Sealed,Dry,Not Raining,Daylight,Right Angle,1,Driver Rider,3: SI,Give Way Sign,,,1324295.75,1677156.19,1.32E+13
2019-7727-27/05/2021,2 Metropolitan,WOODSIDE,5244,THE ADELAIDE HILLS COUNCIL,2,1,0,0,1,2019,August,Monday,12:10 PM,50,Pedestrian Crossing,Straight road,Level,Not Applicable,Sealed,Dry,Not Raining,Daylight,Hit Pedestrian,1,Driver Rider,2: MI,Traffic Signals,,,1353535.82,1666916.03,1.35E+13
2019-7728-27/05/2021,2 Metropolitan,CROYDON PARK,5008,CITY OF PORT ADELAIDE ENFIELD,2,0,0,0,0,2019,August,Monday,12:10 PM,50,Cross Road,Straight road,Level,Not Applicable,Sealed,Dry,Not Raining,Daylight,Right Angle,1,Driver Rider,1: PDO,Give Way Sign,,,1326272.67,1676163.46,1.33E+13
2019-7729-27/05/2021,2 Metropolitan,WINDSOR GARDENS,5087,CITY OF PORT ADELAIDE ENFIELD,2,0,0,0,0,2019,August,Monday,9:08 AM,50,T-Junction,"CURVED, VIEW OPEN",Level,Not Applicable,Sealed,Dry,Not Raining,Daylight,Side Swipe,2,Driver Rider,1: PDO,No Control,,,1332846.6,1676526.78,1.33E+13
2019-7730-27/05/2021,3 Country,PORT AUGUSTA WEST,5700,CC PT.AUGUSTA.                ,2,1,0,0,1,2019,August,Monday,1:00 PM,110,Not Divided,Straight road,Level,Not Applicable,Sealed,Dry,Not Raining,Daylight,Roll Over,1,Driver Rider,2: MI,No Control,,,1256168.36,1943305.07,1.26E+13
2019-7731-27/05/2021,2 Metropolitan,MILE END,5031,CITY OF WEST TORRENS,2,0,0,0,0,2019,August,Monday,2:35 PM,50,T-Junction,Straight road,Level,Not Applicable,Sealed,Dry,Not Raining,Daylight,Right Angle,2,Driver Rider,1: PDO,Stop Sign,,,1324934.42,1670959.64,1.32E+13
2019-7732-27/05/2021,2 Metropolitan,MORPHETT VALE,5162,CITY OF ONKAPARINGA,3,1,0,0,1,2019,August,Monday,3:08 PM,60,Divided Road,Straight road,Slope,Not Applicable,Sealed,Dry,Not Raining,Daylight,Rear End,2,Driver Rider,2: MI,No Control,,,1320786.87,1649523.11,1.32E+13
2019-7733-27/05/2021,2 Metropolitan,BLACKWOOD,5051,CC MITCHAM.                   ,2,0,0,0,0,2019,August,Monday,12:55 PM,50,T-Junction,Straight road,Level,Not Applicable,Sealed,Dry,Not Raining,Daylight,Side Swipe,2,Driver Rider,1: PDO,No Control,,,1329771.21,1660709.82,1.33E+13
2019-7734-27/05/2021,2 Metropolitan,FULHAM,5024,CITY OF WEST TORRENS,3,0,0,0,0,2019,July,Tuesday,12:00 PM,60,Divided Road,Straight road,Level,Not Applicable,Sealed,Dry,Not Raining,Daylight,Other,2,Driver Rider,1: PDO,No Control,,,1320978.9,1670792.96,1.32E+13
2019-7735-27/05/2021,2 Metropolitan,TORRENS PARK,5062,CC MITCHAM.                   ,2,0,0,0,0,2019,August,Monday,4:00 AM,50,Not Divided,Straight road,Level,Not Applicable,Sealed,Dry,Not Raining,Night,Hit Parked Vehicle,2,Driver Rider,1: PDO,No Control,,,1329583.47,1664788.61,1.33E+13
2019-7736-27/05/2021,2 Metropolitan,PARA HILLS WEST,5096,CITY OF SALISBURY,2,0,0,0,0,2019,August,Monday,4:20 PM,70,Not Divided,Straight road,Level,Not Applicable,Sealed,Dry,Not Raining,Daylight,Side Swipe,1,Driver Rider,1: PDO,No Control,,,1332474.93,1682974.66,1.33E+13
2019-7737-27/05/2021,2 Metropolitan,WOODVILLE NORTH,5012,CITY OF CHARLES STURT,2,0,0,0,0,2019,August,Monday,4:00 PM,60,Divided Road,Straight road,Level,Not Applicable,Sealed,Dry,Not Raining,Daylight,Side Swipe,1,Driver Rider,1: PDO,No Control,,,1323972.37,1676698.85,1.32E+13
2019-7738-27/05/2021,2 Metropolitan,SAMPSON FLAT,5114,CITY OF PLAYFORD.,1,0,0,0,0,2019,August,Monday,4:05 PM,60,Not Divided,"CURVED, VIEW OPEN",Crest of Hill,Not Applicable,Unsealed,Dry,Not Raining,Daylight,Roll Over,1,Driver Rider,1: PDO,No Control,,,1345511.83,1687726.32,1.35E+13
2019-7739-27/05/2021,2 Metropolitan,CLOVELLY PARK,5042,CC MARION.                    ,2,1,0,0,1,2019,August,Monday,5:08 PM,50,Cross Road,Straight road,Level,Not Applicable,Sealed,Dry,Not Raining,Daylight,Right Angle,2,Driver Rider,2: MI,Give Way Sign,,,1325259.2,1662938.59,1.33E+13
2019-7740-27/05/2021,2 Metropolitan,MARDEN,5070,"CC OF NORWOOD,PAYNEHAM & ST PETERS",2,0,0,0,0,2019,August,Monday,5:44 PM,60,T-Junction,Straight road,Level,Not Applicable,Sealed,Dry,Not Raining,Night,Right Angle,2,Driver Rider,1: PDO,No Control,,,1331719.87,1674250.47,1.33E+13
2019-7741-27/05/2021,2 Metropolitan,REYNELLA,5161,CITY OF ONKAPARINGA,2,0,0,0,0,2019,August,Monday,5:12 PM,60,T-Junction,Straight road,Level,Not Applicable,Sealed,Dry,Not Raining,Daylight,Right Angle,2,Driver Rider,1: PDO,No Control,,,1321297.43,1651139.76,1.32E+13
2019-7742-27/05/2021,2 Metropolitan,GAWLER SOUTH,5118,CT GAWLER.                    ,2,0,0,0,0,2019,August,Monday,6:00 PM,50,Cross Road,Straight road,Level,Not Applicable,Sealed,Dry,Not Raining,Night,Right Angle,2,Driver Rider,1: PDO,Give Way Sign,,,1343037.25,1705517.8,1.34E+13
2019-7743-27/05/2021,2 Metropolitan,NOARLUNGA DOWNS,5168,CITY OF ONKAPARINGA,2,1,0,0,1,2019,August,Monday,5:26 PM,80,T-Junction,"CURVED, VIEW OPEN",Crest of Hill,Not Applicable,Sealed,Dry,Not Raining,Daylight,Hit Fixed Object,1,Driver Rider,2: MI,Traffic Signals,,Y,1319172.06,1644247.42,1.32E+13
2019-7744-27/05/2021,3 Country,MOUNT GAMBIER,5290,CC MT.GAMBIER.                ,2,1,0,0,1,2019,August,Monday,6:40 PM,50,Cross Road,Straight road,Level,Not Applicable,Sealed,Dry,Not Raining,Night,Hit Pedestrian,1,Driver Rider,2: MI,Traffic Signals,,,1509991.76,1339982.6,1.51E+13
2019-7745-27/05/2021,2 Metropolitan,WEST LAKES SHORE,5020,CITY OF CHARLES STURT,4,1,0,0,1,2019,August,Monday,6:40 PM,60,T-Junction,Straight road,Level,Not Applicable,Sealed,Dry,Not Raining,Night,Right Turn,1,Driver Rider,2: MI,Traffic Signals,,,1317947.1,1677022.93,1.32E+13
2019-7746-27/05/2021,2 Metropolitan,ROYAL PARK,5014,CITY OF CHARLES STURT,2,0,0,0,0,2019,August,Monday,5:08 PM,60,Cross Road,Straight road,Level,Not Applicable,Sealed,Dry,Not Raining,Daylight,Right Angle,1,Driver Rider,1: PDO,Traffic Signals,,,1320686.56,1677665.91,1.32E+13
2019-7747-27/05/2021,2 Metropolitan,CLARENDON,5157,CITY OF ONKAPARINGA,2,0,0,0,0,2019,August,Sunday,2:05 PM,80,Not Divided,"CURVED, VIEW OBSCURED",Slope,Not Applicable,Sealed,Dry,Not Raining,Daylight,Hit Fixed Object,1,Driver Rider,1: PDO,No Control,,,1331622.9,1648613.69,1.33E+13
2019-7748-27/05/2021,2 Metropolitan,GLENELG,5045,CITY OF HOLDFAST BAY,2,0,0,0,0,2019,August,Monday,10:20 PM,50,Not Divided,Straight road,Level,Not Applicable,Sealed,Dry,Not Raining,Night,Hit Parked Vehicle,2,Driver Rider,1: PDO,No Control,,,1320309.53,1665012.84,1.32E+13
2019-7749-27/05/2021,2 Metropolitan,MILLBROOK,5231,THE ADELAIDE HILLS COUNCIL,2,2,0,1,1,2019,August,Monday,10:20 PM,80,Not Divided,"CURVED, VIEW OBSCURED",Level,Not Applicable,Sealed,Dry,Not Raining,Night,Hit Fixed Object,1,Driver Rider,3: SI,No Control,,,1348654.75,1681832.68,1.35E+13
2019-7750-27/05/2021,2 Metropolitan,BROOKLYN PARK,5032,CITY OF WEST TORRENS,2,0,0,0,0,2019,August,Tuesday,4:55 AM,60,Divided Road,"CURVED, VIEW OPEN",Level,Not Applicable,Sealed,Dry,Not Raining,Night,Hit Fixed Object,1,Driver Rider,1: PDO,No Control,,,1324068.04,1670041.07,1.32E+13
2019-7751-27/05/2021,3 Country,KADINA,5554,COPPER COAST DISTRICT COUNCIL,1,0,0,0,0,2019,August,Monday,12:16 PM,50,Not Divided,Straight road,Level,Not Applicable,Sealed,Dry,Not Raining,Daylight,Roll Over,1,Driver Rider,1: PDO,No Control,,,1251211.85,1779459.66,1.25E+13
2019-7752-27/05/2021,3 Country,KAPUNDA,5373,LIGHT REGIONAL COUNCIL,2,0,0,0,0,2019,August,Tuesday,7:30 AM,80,T-Junction,"CURVED, VIEW OPEN",Bottom of Hill,Not Applicable,Sealed,Dry,Not Raining,Daylight,Rear End,1,Driver Rider,1: PDO,Give Way Sign,,,1361212.72,1734735.61,1.36E+13
2019-7753-27/05/2021,3 Country,MOUNT GAMBIER,5290,CC MT.GAMBIER.                ,2,0,0,0,0,2019,August,Tuesday,8:20 AM,60,Cross Road,Straight road,Bottom of Hill,Not Applicable,Sealed,Dry,Not Raining,Daylight,Rear End,2,Driver Rider,1: PDO,Roundabout,,,1510345.94,1340747.66,1.51E+13