REPORT_ID,Stats Area,Suburb,Postcode,LGA Name,Total Units,Total Cas,Total Fats,Total SI,Total MI,Year,Month,Day,Time,Area Speed,Position Type,Horizontal Align,Vertical Align,Other Feat,Road Surface,Moisture Cond,Weather Cond,DayNight,Crash Type,Unit Resp,Entity Code,CSEF Severity,Traffic Ctrls,DUI Involved,Drugs Involved,ACCLOC_X,ACCLOC_Y,UNIQUE_LOC
2019-7754-27/05/2021,2 Metropolitan,TRINITY GARDENS,5068,"CC OF NORWOOD,PAYNEHAM & ST PETERS",2,1,0,1,0,2019,August,Tuesday,7:53 AM,60,Not Divided,Straight road,Level,Not Applicable,Sealed,Dry,Not Raining,Daylight,Hit Pedestrian,2,Pedestrian,3: SI,No Control,,,1332331.2,1671764.35,1.33E+13
2019-7755-27/05/2021,2 Metropolitan,MAGILL,5072,CC CAMPBELLTOWN.              ,2,0,0,0,0,2019,August,Monday,6:00 PM,50,Not Divided,Straight road,Level,Not Applicable,Sealed,Dry,Not Raining,Night,Hit Parked Vehicle,2,Driver Rider,1: PDO,No Control,,,1334715.1,1672195.18,1.33E+13
2019-7756-27/05/2021,2 Metropolitan,MEDINDIE,5081,WALKERVILLE TOWN COUNCIL,2,0,0,0,0,2019,August,Friday,7:52 AM,60,Cross Road,Straight road,Level,Not Applicable,Sealed,Dry,Not Raining,Daylight,Right Angle,2,Driver Rider,1: PDO,Traffic Signals,,,1328342.94,1673681.81,1.33E+13
2019-7757-27/05/2021,2 Metropolitan,UPPER STURT,5156,THE ADELAIDE HILLS COUNCIL,2,0,0,0,0,2019,August,Tuesday,8:30 AM,25,Not Divided,"CURVED, VIEW OPEN",Level,Not Applicable,Sealed,Dry,Not Raining,Daylight,Rear End,2,Driver Rider,1: PDO,No Control,,,1335901.47,1660023.18,1.34E+13
2019-7758-27/05/2021,2 Metropolitan,SELLICKS HILL,5174,CITY OF ONKAPARINGA,2,0,0,0,0,2019,August,Monday,6:15 PM,90,Cross Road,Straight road,Level,Not Applicable,Sealed,Dry,Not Raining,Night,Right Angle,2,Driver Rider,1: PDO,Stop Sign,,,1315579.2,1628763.99,1.32E+13
2019-7759-27/05/2021,2 Metropolitan,MEDINDIE,5081,WALKERVILLE TOWN COUNCIL,2,0,0,0,0,2019,August,Monday,3:30 PM,60,Divided Road,Straight road,Level,Not Applicable,Sealed,Dry,Not Raining,Daylight,Side Swipe,2,Driver Rider,1: PDO,No Control,,,1328413.73,1673740.21,1.33E+13
2019-7760-27/05/2021,2 Metropolitan,ADELAIDE AIRPORT,5950,CITY OF WEST TORRENS,2,0,0,0,0,2019,August,Monday,7:00 PM,20,One Way,Straight road,Level,Not Applicable,Sealed,Dry,Not Raining,Night,Hit Pedestrian,2,Driver Rider,1: PDO,No Control,,,1322693,1669550.87,1.32E+13
2019-7761-27/05/2021,2 Metropolitan,FERRYDEN PARK,5010,CITY OF PORT ADELAIDE ENFIELD,2,0,0,0,0,2019,August,Tuesday,9:45 AM,60,Divided Road,Straight road,Level,Not Applicable,Sealed,Dry,Not Raining,Daylight,Rear End,1,Driver Rider,1: PDO,No Control,,,1325521.26,1676351.82,1.33E+13
2019-7762-27/05/2021,2 Metropolitan,KIDMAN PARK,5025,CITY OF CHARLES STURT,2,0,0,0,0,2019,August,Monday,5:45 PM,60,Cross Road,Straight road,Level,Not Applicable,Sealed,Dry,Not Raining,Night,Right Turn,1,Driver Rider,1: PDO,Traffic Signals,,,1322420.13,1673116.28,1.32E+13
2019-7763-27/05/2021,2 Metropolitan,PARA HILLS WEST,5096,CITY OF SALISBURY,2,1,0,0,1,2019,August,Tuesday,11:40 AM,60,Cross Road,Straight road,Level,Not Applicable,Sealed,Dry,Not Raining,Daylight,Right Angle,1,Driver Rider,2: MI,Traffic Signals,,,1333434.52,1683702.92,1.33E+13
2019-7764-27/05/2021,3 Country,GLENCOE,5291,WATTLE RANGE COUNCIL,2,0,0,0,0,2019,August,Friday,6:30 PM,100,Not Divided,"CURVED, VIEW OBSCURED",Slope,Not Applicable,Sealed,Wet,Not Raining,Night,Hit Animal,2,Animal,1: PDO,No Control,,,1497097.99,1353853.38,1.50E+13
2019-7765-27/05/2021,2 Metropolitan,KURRALTA PARK,5037,CITY OF WEST TORRENS,2,1,0,1,0,2019,August,Tuesday,9:30 AM,60,Cross Road,Straight road,Level,Not Applicable,Sealed,Dry,Not Raining,Daylight,Right Angle,1,Driver Rider,3: SI,Traffic Signals,,,1325819.1,1668480.34,1.33E+13
2019-7766-27/05/2021,2 Metropolitan,WINDSOR GARDENS,5087,CITY OF PORT ADELAIDE ENFIELD,3,0,0,0,0,2019,August,Tuesday,1:00 PM,60,Divided Road,Straight road,Level,Not Applicable,Sealed,Dry,Not Raining,Daylight,Rear End,1,Driver Rider,1: PDO,No Control,,,1334154.77,1677756.62,1.33E+13
2019-7767-27/05/2021,2 Metropolitan,PARAFIELD GARDENS,5107,CITY OF SALISBURY,2,0,0,0,0,2019,August,Monday,11:00 AM,60,Not Divided,Straight road,Level,Driveway or Entrance,Sealed,Dry,Not Raining,Daylight,Rear End,1,Driver Rider,1: PDO,No Control,,,1329837.26,1686659.86,1.33E+13
2019-7768-27/05/2021,2 Metropolitan,WOODVILLE PARK,5011,CITY OF CHARLES STURT,2,0,0,0,0,2019,August,Tuesday,1:00 PM,60,Cross Road,Straight road,Level,Not Applicable,Sealed,Dry,Not Raining,Daylight,Rear End,2,Driver Rider,1: PDO,Stop Sign,,,1323610.09,1675074.42,1.32E+13
2019-7769-27/05/2021,3 Country,ANANGU PITJANTJATJARA YANKUNYTJATJARA,872,,2,0,0,0,0,2019,August,Monday,7:00 PM,110,Not Divided,Straight road,Level,Not Applicable,Sealed,Dry,Not Raining,Night,Hit Animal,2,Animal,1: PDO,No Control,,,838424.46,2561494.31,8.38E+12
2019-7770-27/05/2021,2 Metropolitan,MILE END,5031,CITY OF WEST TORRENS,2,0,0,0,0,2019,July,Sunday,9:45 AM,60,T-Junction,Straight road,Level,Not Applicable,Sealed,Dry,Not Raining,Daylight,Right Angle,1,Driver Rider,1: PDO,Give Way Sign,,,1325749.1,1670558.92,1.33E+13
2019-7771-27/05/2021,3 Country,CHANDADA,5680,DC STREAKY BAY.               ,1,0,0,0,0,2019,August,Monday,9:45 AM,110,Not Divided,Straight road,Level,Not Applicable,Sealed,Dry,Not Raining,Daylight,Roll Over,1,Driver Rider,1: PDO,No Control,,,968706.64,1916358.78,9.69E+12
2019-7772-27/05/2021,2 Metropolitan,MELROSE PARK,5039,CC MITCHAM.                   ,2,0,0,0,0,2019,August,Tuesday,2:20 PM,60,Divided Road,Straight road,Level,Not Applicable,Sealed,Dry,Not Raining,Daylight,Rear End,2,Driver Rider,1: PDO,No Control,,,1325942.04,1663767.63,1.33E+13
2019-7773-27/05/2021,2 Metropolitan,HOVE,5048,CITY OF HOLDFAST BAY,2,0,0,0,0,2019,August,Tuesday,5:05 PM,60,T-Junction,Straight road,Level,Not Applicable,Sealed,Dry,Not Raining,Daylight,Side Swipe,1,Driver Rider,1: PDO,No Control,,,1321120.61,1661578.32,1.32E+13
2019-7774-27/05/2021,2 Metropolitan,FLINDERS PARK,5025,CITY OF CHARLES STURT,2,1,0,0,1,2019,July,Tuesday,1:20 PM,60,T-Junction,Straight road,Level,Not Applicable,Sealed,Dry,Not Raining,Daylight,Right Angle,2,Driver Rider,2: MI,Traffic Signals,,,1324133.16,1673168.12,1.32E+13
2019-7775-27/05/2021,2 Metropolitan,BROADVIEW,5083,CITY OF PORT ADELAIDE ENFIELD,4,1,0,0,1,2019,August,Tuesday,4:45 PM,60,Multiple,Straight road,Level,Not Applicable,Sealed,Dry,Not Raining,Daylight,Rear End,1,Driver Rider,2: MI,Traffic Signals,,,1329973.8,1676460.9,1.33E+13
2019-7776-27/05/2021,2 Metropolitan,MODBURY HEIGHTS,5092,CITY OF TEA TREE GULLY,2,0,0,0,0,2019,August,Tuesday,5:15 PM,60,T-Junction,"CURVED, VIEW OPEN",Level,Not Applicable,Sealed,Dry,Not Raining,Daylight,Side Swipe,2,Driver Rider,1: PDO,Roundabout,,,1336902.77,1682369.02,1.34E+13
2019-7777-27/05/2021,3 Country,ROXBY DOWNS,5725,MC ROXBY DOWNS                ,2,1,0,0,1,2019,August,Tuesday,3:30 PM,110,Not Divided,Straight road,Level,Not Applicable,Sealed,Dry,Not Raining,Daylight,Roll Over,1,Driver Rider,2: MI,No Control,,,1181720.31,2155602.14,1.18E+13
2019-7778-27/05/2021,1 City,NORTH ADELAIDE,5006,CITY OF ADELAIDE,2,1,0,0,1,2019,August,Tuesday,7:24 PM,50,Cross Road,Straight road,Level,Not Applicable,Sealed,Dry,Not Raining,Night,Rear End,2,Driver Rider,2: MI,Traffic Signals,,,1327944.4,1672141.81,1.33E+13
2019-7779-27/05/2021,2 Metropolitan,ROYAL PARK,5014,CITY OF CHARLES STURT,1,0,0,0,0,2019,August,Tuesday,5:25 PM,50,T-Junction,Straight road,Level,Not Applicable,Sealed,Dry,Not Raining,Daylight,Left Road - Out of Control,1,Driver Rider,1: PDO,No Control,,,1320158.56,1676249.48,1.32E+13
2019-7780-27/05/2021,2 Metropolitan,NEWTON,5074,CC CAMPBELLTOWN.              ,2,1,0,0,1,2019,August,Tuesday,8:35 PM,60,Divided Road,Straight road,Level,Not Applicable,Sealed,Dry,Not Raining,Night,Hit Parked Vehicle,1,Driver Rider,2: MI,No Control,,,1336619.74,1674585.72,1.34E+13
2019-7781-27/05/2021,2 Metropolitan,PORT ADELAIDE,5015,CITY OF PORT ADELAIDE ENFIELD,2,1,0,0,1,2019,August,Tuesday,4:01 PM,50,Cross Road,Straight road,Level,Not Applicable,Sealed,Dry,Not Raining,Daylight,Rear End,2,Driver Rider,2: MI,Traffic Signals,,,1320159.6,1679971.34,1.32E+13
2019-7782-27/05/2021,2 Metropolitan,STURT,5047,CC MARION.                    ,3,1,0,0,1,2019,August,Tuesday,6:55 PM,60,Cross Road,Straight road,Level,Not Applicable,Sealed,Dry,Not Raining,Night,Right Turn,2,Driver Rider,2: MI,Traffic Signals,,,1324404.88,1660668.91,1.32E+13
2019-7783-27/05/2021,2 Metropolitan,GOLDEN GROVE,5125,CITY OF TEA TREE GULLY,2,0,0,0,0,2019,August,Tuesday,9:05 PM,60,Cross Road,Straight road,Slope,Not Applicable,Sealed,Wet,Raining,Night,Right Turn,2,Driver Rider,1: PDO,Traffic Signals,,,1337892.14,1685350.36,1.34E+13
2019-7784-27/05/2021,2 Metropolitan,BLACKWOOD,5051,CC MITCHAM.                   ,2,1,0,1,0,2019,August,Wednesday,4:35 AM,50,Not Divided,"CURVED, VIEW OBSCURED",Slope,Not Applicable,Sealed,Dry,Not Raining,Night,Roll Over,1,Driver Rider,3: SI,No Control,Y,,1329633.06,1660873.27,1.33E+13
2019-7785-27/05/2021,2 Metropolitan,MAWSON LAKES,5095,CITY OF SALISBURY,3,1,0,0,1,2019,August,Wednesday,6:15 AM,80,Divided Road,Straight road,Level,Not Applicable,Sealed,Dry,Not Raining,Night,Rear End,2,Driver Rider,2: MI,No Control,,,1328682.66,1683763.53,1.33E+13
2019-7786-27/05/2021,2 Metropolitan,WARRADALE,5046,CC MARION.                    ,3,0,0,0,0,2019,August,Wednesday,8:15 AM,50,Cross Road,Straight road,Level,Not Applicable,Sealed,Wet,Raining,Daylight,Hit Parked Vehicle,1,Driver Rider,1: PDO,Give Way Sign,,,1322580.28,1660792.01,1.32E+13
2019-7787-27/05/2021,2 Metropolitan,RICHMOND,5033,CITY OF WEST TORRENS,2,1,0,0,1,2019,August,Tuesday,8:55 AM,50,T-Junction,Straight road,Level,Not Applicable,Sealed,Dry,Not Raining,Daylight,Rear End,2,Driver Rider,2: MI,No Control,,,1324978.51,1669580.31,1.32E+13
2019-7788-27/05/2021,3 Country,KOPPAMURRA,5271,DC NARACOORTE & LUCINDALE.,1,1,0,0,1,2019,August,Wednesday,6:30 AM,110,Not Divided,"CURVED, VIEW OBSCURED",Level,Not Applicable,Sealed,Wet,Raining,Night,Roll Over,1,Driver Rider,2: MI,No Control,,,1522461.16,1430408.56,1.52E+13
2019-7789-27/05/2021,2 Metropolitan,MILE END,5031,CITY OF WEST TORRENS,2,0,0,0,0,2019,August,Wednesday,8:15 AM,60,T-Junction,Straight road,Level,Not Applicable,Sealed,Wet,Raining,Daylight,Right Turn,2,Driver Rider,1: PDO,No Control,,,1326080.52,1670999.64,1.33E+13
2019-7790-27/05/2021,2 Metropolitan,REYNELLA,5161,CITY OF ONKAPARINGA,2,0,0,0,0,2019,August,Wednesday,6:40 AM,100,Interchange,Straight road,Slope,Not Applicable,Sealed,Dry,Not Raining,Night,Rear End,2,Driver Rider,1: PDO,No Control,,,1320043.32,1651525.79,1.32E+13
2019-7791-27/05/2021,3 Country,LIGHT PASS,5355,THE BAROSSA COUNCIL.,2,1,0,0,1,2019,August,Wednesday,8:08 AM,80,Cross Road,Straight road,Level,Not Applicable,Sealed,Dry,Not Raining,Daylight,Right Angle,1,Driver Rider,2: MI,Give Way Sign,,,1369240,1720245.26,1.37E+13
2019-7792-27/05/2021,2 Metropolitan,LEABROOK,5068,CITY OF BURNSIDE,2,0,0,0,0,2019,August,Wednesday,9:10 AM,60,T-Junction,Straight road,Level,Not Applicable,Sealed,Wet,Raining,Daylight,Side Swipe,2,Driver Rider,1: PDO,No Control,,,1333921.87,1669686.78,1.33E+13
2019-7793-27/05/2021,2 Metropolitan,ONKAPARINGA HILLS,5163,CITY OF ONKAPARINGA,1,0,0,0,0,2019,August,Wednesday,9:00 AM,80,Not Divided,"CURVED, VIEW OBSCURED",Slope,Not Applicable,Unsealed,Wet,Raining,Daylight,Roll Over,1,Driver Rider,1: PDO,No Control,,,1320623.11,1644502.43,1.32E+13
2019-7794-27/05/2021,2 Metropolitan,DRY CREEK,5094,CITY OF PORT ADELAIDE ENFIELD,2,0,0,0,0,2019,August,Wednesday,10:20 AM,60,Not Divided,"CURVED, VIEW OPEN",Level,Not Applicable,Sealed,Wet,Not Raining,Daylight,Hit Fixed Object,1,Driver Rider,1: PDO,No Control,,,1328498.89,1680469.55,1.33E+13
2019-7795-27/05/2021,2 Metropolitan,SHEIDOW PARK,5158,CC MARION.                    ,3,2,0,0,2,2019,August,Wednesday,8:40 AM,60,T-Junction,Straight road,Slope,Not Applicable,Sealed,Wet,Raining,Daylight,Head On,1,Driver Rider,2: MI,Roundabout,,,1321342.42,1654169.72,1.32E+13
2019-7796-27/05/2021,2 Metropolitan,CHRISTIE DOWNS,5164,CITY OF ONKAPARINGA,2,1,0,0,1,2019,August,Wednesday,10:03 AM,70,T-Junction,Straight road,Slope,Not Applicable,Sealed,Wet,Raining,Daylight,Hit Fixed Object,1,Driver Rider,2: MI,No Control,,,1317801.21,1648546.47,1.32E+13
2019-7797-27/05/2021,2 Metropolitan,PORT ADELAIDE,5015,CITY OF PORT ADELAIDE ENFIELD,2,1,0,0,1,2019,August,Wednesday,10:40 AM,60,Cross Road,Straight road,Level,Not Applicable,Sealed,Wet,Raining,Daylight,Side Swipe,1,Driver Rider,2: MI,Traffic Signals,,,1319839.14,1679085.47,1.32E+13
2019-7798-27/05/2021,2 Metropolitan,MORPHETT VALE,5162,CITY OF ONKAPARINGA,2,0,0,0,0,2019,August,Wednesday,9:30 AM,50,Not Divided,Straight road,Level,Not Applicable,Sealed,Wet,Raining,Daylight,Hit Parked Vehicle,2,Driver Rider,1: PDO,No Control,,,1320749.28,1650694.77,1.32E+13
2019-7799-27/05/2021,2 Metropolitan,SALISBURY PLAIN,5109,CITY OF SALISBURY,2,0,0,0,0,2019,August,Wednesday,8:40 AM,80,Cross Road,Straight road,Level,Not Applicable,Sealed,Wet,Raining,Daylight,Rear End,2,Driver Rider,1: PDO,Traffic Signals,,,1335452.41,1688124.93,1.34E+13
2019-7800-27/05/2021,2 Metropolitan,REGENCY PARK,5010,CITY OF PORT ADELAIDE ENFIELD,2,0,0,0,0,2019,August,Wednesday,8:15 AM,60,T-Junction,Straight road,Level,Not Applicable,Sealed,Wet,Raining,Daylight,Side Swipe,2,Driver Rider,1: PDO,Traffic Signals,,,1326449.52,1676375.13,1.33E+13
2019-7801-27/05/2021,2 Metropolitan,URRBRAE,5064,CC MITCHAM.                   ,2,2,0,0,2,2019,August,Wednesday,12:05 PM,60,T-Junction,Straight road,Slope,Not Applicable,Sealed,Dry,Not Raining,Daylight,Right Angle,2,Driver Rider,2: MI,Stop Sign,,,1331592.03,1666315.48,1.33E+13
2019-7802-27/05/2021,2 Metropolitan,WEST LAKES,5021,CITY OF CHARLES STURT,2,1,0,1,0,2019,August,Wednesday,11:55 AM,40,Not Divided,Straight road,Level,Driveway or Entrance,Sealed,Dry,Not Raining,Daylight,Right Angle,2,Driver Rider,3: SI,No Control,,,1318563.42,1676065.63,1.32E+13
2019-7803-27/05/2021,2 Metropolitan,TORRENS PARK,5062,CC MITCHAM.                   ,2,1,0,0,1,2019,August,Wednesday,10:00 AM,60,T-Junction,Straight road,Level,Not Applicable,Sealed,Wet,Raining,Daylight,Right Turn,2,Driver Rider,2: MI,Traffic Signals,,,1329171.51,1665029.05,1.33E+13
2019-7804-27/05/2021,1 City,ADELAIDE,5000,CITY OF ADELAIDE,2,1,0,0,1,2019,August,Tuesday,8:10 PM,50,T-Junction,Straight road,Level,Not Applicable,Unsealed,Dry,Not Raining,Night,Side Swipe,1,Driver Rider,2: MI,Traffic Signals,,,1329069.63,1671643.37,1.33E+13
2019-7805-27/05/2021,2 Metropolitan,KILBURN,5084,CITY OF PORT ADELAIDE ENFIELD,2,1,0,0,1,2019,August,Wednesday,12:49 PM,60,T-Junction,Straight road,Level,Not Applicable,Sealed,Wet,Raining,Daylight,Right Turn,2,Driver Rider,2: MI,Traffic Signals,,,1327206.14,1677437.48,1.33E+13
2019-7806-27/05/2021,1 City,ADELAIDE,5000,CITY OF ADELAIDE,2,0,0,0,0,2019,August,Sunday,7:05 PM,50,Cross Road,Straight road,Level,Not Applicable,Sealed,Dry,Not Raining,Night,Side Swipe,2,Driver Rider,1: PDO,Traffic Signals,,,1328552.57,1670359.47,1.33E+13
2019-7807-27/05/2021,2 Metropolitan,WINGFIELD,5013,CITY OF PORT ADELAIDE ENFIELD,2,0,0,0,0,2019,August,Wednesday,12:00 PM,40,Freeway,Straight road,Level,Roadworks,Sealed,Wet,Not Raining,Daylight,Side Swipe,2,Driver Rider,1: PDO,No Control,,,1324914.9,1681052.33,1.32E+13
2019-7808-27/05/2021,3 Country,POOGINOOK,5330,LOXTON WAIKERIE DISTRICT COUNCIL,2,1,0,0,1,2019,August,Tuesday,5:50 PM,110,Not Divided,Straight road,Level,Not Applicable,Sealed,Dry,Not Raining,Night,Hit Animal,2,Animal,2: MI,No Control,,,1469056.37,1753287.55,1.47E+13
2019-7809-27/05/2021,2 Metropolitan,MAGILL,5072,CC CAMPBELLTOWN.              ,3,2,0,0,2,2019,August,Wednesday,12:10 PM,60,Divided Road,Straight road,Level,Unknown,Sealed,Wet,Raining,Daylight,Rear End,1,Driver Rider,2: MI,No Control,,,1335457.27,1672822.36,1.34E+13
2019-7810-27/05/2021,3 Country,MOUNT GAMBIER,5290,CC MT.GAMBIER.                ,3,0,0,0,0,2019,August,Wednesday,9:45 AM,50,Not Divided,Straight road,Level,Not Applicable,Sealed,Dry,Not Raining,Daylight,Hit Parked Vehicle,1,Driver Rider,1: PDO,No Control,,,1509817.26,1340331.26,1.51E+13
2019-7811-27/05/2021,2 Metropolitan,BOLIVAR,5110,CITY OF SALISBURY,2,0,0,0,0,2019,August,Tuesday,11:45 AM,90,T-Junction,Straight road,Level,Not Applicable,Sealed,Dry,Not Raining,Daylight,Right Turn,1,Driver Rider,1: PDO,Traffic Signals,,,1328471.89,1688636.97,1.33E+13
2019-7812-27/05/2021,1 City,ADELAIDE,5000,CITY OF ADELAIDE,2,0,0,0,0,2019,August,Wednesday,11:25 AM,50,T-Junction,Straight road,Level,Not Applicable,Sealed,Wet,Not Raining,Daylight,Right Angle,1,Driver Rider,1: PDO,Traffic Signals,,,1327369.29,1670156.24,1.33E+13
2019-7813-27/05/2021,2 Metropolitan,MUNNO PARA,5115,CITY OF PLAYFORD.,2,0,0,0,0,2019,August,Wednesday,8:45 AM,50,Other,Straight road,Level,Not Applicable,Sealed,Wet,Raining,Daylight,Rear End,2,Driver Rider,1: PDO,No Control,,,1337266.31,1698614.77,1.34E+13
2019-7814-27/05/2021,2 Metropolitan,PLYMPTON,5038,CITY OF WEST TORRENS,2,0,0,0,0,2019,August,Wednesday,2:40 PM,50,Cross Road,Straight road,Level,Not Applicable,Sealed,Wet,Raining,Daylight,Right Angle,2,Driver Rider,1: PDO,Give Way Sign,,,1323614.09,1666874.92,1.32E+13
2019-7815-27/05/2021,2 Metropolitan,FORESTVILLE,5035,CITY OF UNLEY,2,2,0,0,2,2019,August,Wednesday,3:40 PM,40,T-Junction,"CURVED, VIEW OPEN",Level,Not Applicable,Sealed,Wet,Raining,Daylight,Rear End,2,Driver Rider,2: MI,No Control,,,1326464.58,1668147.33,1.33E+13
2019-7816-27/05/2021,2 Metropolitan,HILLIER,5116,CT GAWLER.                    ,2,0,0,0,0,2019,August,Wednesday,2:15 PM,60,T-Junction,Straight road,Level,Not Applicable,Sealed,Dry,Not Raining,Daylight,Rear End,2,Driver Rider,1: PDO,No Control,,,1340870.33,1704194.53,1.34E+13
2019-7817-27/05/2021,2 Metropolitan,MALVERN,5061,CITY OF UNLEY,2,0,0,0,0,2019,August,Wednesday,3:10 PM,40,Not Divided,Straight road,Level,Driveway or Entrance,Sealed,Dry,Not Raining,Daylight,Right Angle,2,Driver Rider,1: PDO,No Control,,,1329145.74,1667551.49,1.33E+13
2019-7818-27/05/2021,2 Metropolitan,KENSINGTON PARK,5068,CITY OF BURNSIDE,3,1,0,0,1,2019,August,Wednesday,4:40 PM,60,Not Divided,Straight road,Level,Not Applicable,Sealed,Wet,Raining,Daylight,Rear End,1,Driver Rider,2: MI,No Control,,,1333881.31,1671062.71,1.33E+13
2019-7819-27/05/2021,2 Metropolitan,OAKDEN,5086,CITY OF PORT ADELAIDE ENFIELD,2,0,0,0,0,2019,August,Wednesday,4:40 PM,50,Cross Road,"CURVED, VIEW OPEN",Level,Not Applicable,Sealed,Wet,Raining,Daylight,Right Angle,1,Driver Rider,1: PDO,Roundabout,,,1332046.12,1678084.56,1.33E+13
2019-7820-27/05/2021,2 Metropolitan,BLAKEVIEW,5114,CITY OF PLAYFORD.,2,0,0,0,0,2019,August,Wednesday,4:45 PM,60,Not Divided,Straight road,Level,Not Applicable,Sealed,Wet,Raining,Daylight,Head On,2,Driver Rider,1: PDO,No Control,,,1337758.15,1696586.72,1.34E+13
2019-7821-27/05/2021,2 Metropolitan,ELIZABETH EAST,5112,CITY OF PLAYFORD.,2,0,0,0,0,2019,August,Wednesday,5:35 PM,80,Divided Road,Straight road,Level,Not Applicable,Sealed,Wet,Raining,Daylight,Side Swipe,1,Driver Rider,1: PDO,No Control,,,1336147.7,1691465.61,1.34E+13
2019-7822-27/05/2021,2 Metropolitan,ULEYBURY,5114,CITY OF PLAYFORD.,2,1,0,0,1,2019,August,Wednesday,4:15 PM,80,Not Divided,"CURVED, VIEW OPEN",Crest of Hill,Not Applicable,Sealed,Wet,Raining,Daylight,Hit Fixed Object,1,Driver Rider,2: MI,No Control,,,1344022.92,1697244.04,1.34E+13
2019-7823-27/05/2021,2 Metropolitan,CUDLEE CREEK,5232,THE ADELAIDE HILLS COUNCIL,2,0,0,0,0,2019,August,Wednesday,3:50 PM,80,Not Divided,"CURVED, VIEW OBSCURED",Level,Not Applicable,Sealed,Wet,Raining,Daylight,Hit Fixed Object,1,Driver Rider,1: PDO,No Control,,,1349084.41,1679964.36,1.35E+13
2019-7824-27/05/2021,2 Metropolitan,NEWTON,5074,CC CAMPBELLTOWN.              ,3,0,0,0,0,2019,August,Wednesday,6:05 PM,60,Cross Road,Straight road,Level,Not Applicable,Sealed,Wet,Raining,Night,Rear End,1,Driver Rider,1: PDO,Traffic Signals,,,1335409.35,1674554.22,1.34E+13
2019-7825-27/05/2021,2 Metropolitan,STEPNEY,5069,"CC OF NORWOOD,PAYNEHAM & ST PETERS",2,0,0,0,0,2019,August,Wednesday,7:00 PM,60,T-Junction,Straight road,Level,Not Applicable,Sealed,Wet,Raining,Night,Hit Pedestrian,2,Pedestrian,1: PDO,Stop Sign,,,1330850.4,1672049.36,1.33E+13
2019-7826-27/05/2021,2 Metropolitan,DARLINGTON,5047,CC MARION.                    ,2,1,0,0,1,2019,August,Wednesday,6:30 PM,100,Divided Road,"CURVED, VIEW OPEN",Slope,Not Applicable,Sealed,Wet,Not Raining,Night,Hit Fixed Object,1,Driver Rider,2: MI,No Control,,,1324228.74,1658502.25,1.32E+13
2019-7827-27/05/2021,2 Metropolitan,KANGAROO FLAT,5118,LIGHT REGIONAL COUNCIL,2,2,0,0,2,2019,August,Wednesday,4:10 PM,100,T-Junction,Straight road,Level,Not Applicable,Sealed,Wet,Raining,Daylight,Right Angle,1,Driver Rider,2: MI,No Control,,,1338365.83,1712489.96,1.34E+13
2019-7828-27/05/2021,3 Country,FREELING,5372,LIGHT REGIONAL COUNCIL,3,2,0,0,2,2019,August,Wednesday,5:20 PM,100,T-Junction,Straight road,Level,Not Applicable,Sealed,Wet,Raining,Daylight,Right Turn,1,Driver Rider,2: MI,Stop Sign,,,1350740.5,1722138.29,1.35E+13
2019-7829-27/05/2021,2 Metropolitan,BROADVIEW,5083,CITY OF PROSPECT,3,0,0,0,0,2019,August,Wednesday,8:25 PM,50,Not Divided,Straight road,Level,Not Applicable,Sealed,Wet,Raining,Night,Hit Parked Vehicle,2,Driver Rider,1: PDO,No Control,,,1330336.69,1675385.85,1.33E+13
2019-7830-27/05/2021,3 Country,LYRUP,5343,DC RENMARK PARINGA            ,2,0,0,0,0,2019,August,Wednesday,8:40 PM,50,T-Junction,Straight road,Level,Not Applicable,Sealed,Wet,Raining,Night,Hit Fixed Object,1,Driver Rider,1: PDO,Give Way Sign,,,1519059.75,1736590.9,1.52E+13
2019-7831-27/05/2021,3 Country,CEDUNA,5690,DC CEDUNA                     ,1,1,0,1,0,2019,August,Wednesday,7:00 PM,60,Not Divided,Straight road,Unknown,Unknown,Unsealed,Wet,Raining,Night,Roll Over,1,Driver Rider,3: SI,No Control,Y,,867865.17,2002563.28,8.68E+12
2019-7832-27/05/2021,2 Metropolitan,NOARLUNGA CENTRE,5168,CITY OF ONKAPARINGA,2,0,0,0,0,2019,August,Wednesday,10:40 PM,50,Multiple,Straight road,Level,Not Applicable,Sealed,Wet,Raining,Night,Right Angle,1,Driver Rider,1: PDO,Roundabout,,,1318000.68,1647334.49,1.32E+13
2019-7833-27/05/2021,2 Metropolitan,PROSPECT,5082,CITY OF PROSPECT,2,0,0,0,0,2019,August,Thursday,1:30 AM,60,Not Divided,Straight road,Level,Not Applicable,Sealed,Wet,Raining,Night,Hit Fixed Object,1,Driver Rider,1: PDO,No Control,,,1328918.17,1674317.53,1.33E+13
2019-7834-27/05/2021,2 Metropolitan,HAWTHORNDENE,5051,CC MITCHAM.                   ,2,0,0,0,0,2019,August,Thursday,1:30 AM,50,Not Divided,Straight road,Level,Not Applicable,Sealed,Wet,Unknown,Night,Hit Fixed Object,1,Driver Rider,1: PDO,No Control,,,1330912.43,1659718.08,1.33E+13
2019-7835-27/05/2021,2 Metropolitan,DRY CREEK,5094,CITY OF PORT ADELAIDE ENFIELD,2,0,0,0,0,2019,March,Tuesday,9:35 AM,60,Not Divided,Straight road,Level,Not Applicable,Sealed,Dry,Not Raining,Daylight,Rear End,1,Driver Rider,1: PDO,No Control,,,1327160.67,1679809.57,1.33E+13
2019-7836-27/05/2021,2 Metropolitan,RENOWN PARK,5008,CITY OF CHARLES STURT,2,1,0,0,1,2019,August,Wednesday,9:35 AM,60,Not Divided,Straight road,Level,Not Applicable,Sealed,Wet,Raining,Daylight,Rear End,2,Driver Rider,2: MI,No Control,,,1326760.78,1674229.06,1.33E+13