REPORT_ID,Stats Area,Suburb,Postcode,LGA Name,Total Units,Total Cas,Total Fats,Total SI,Total MI,Year,Month,Day,Time,Area Speed,Position Type,Horizontal Align,Vertical Align,Other Feat,Road Surface,Moisture Cond,Weather Cond,DayNight,Crash Type,Unit Resp,Entity Code,CSEF Severity,Traffic Ctrls,DUI Involved,Drugs Involved,ACCLOC_X,ACCLOC_Y,UNIQUE_LOC
2019-7837-27/05/2021,2 Metropolitan,SALISBURY HEIGHTS,5109,CITY OF SALISBURY,2,0,0,0,0,2019,August,Thursday,7:30 AM,50,Not Divided,"CURVED, VIEW OPEN",Level,Not Applicable,Sealed,Dry,Not Raining,Daylight,Head On,1,Driver Rider,1: PDO,No Control,,,1336427.14,1688802.11,1.34E+13
2019-7838-27/05/2021,2 Metropolitan,PAYNEHAM SOUTH,5070,"CC OF NORWOOD,PAYNEHAM & ST PETERS",2,0,0,0,0,2019,August,Thursday,8:30 AM,60,Cross Road,Straight road,Level,Not Applicable,Sealed,Dry,Not Raining,Daylight,Side Swipe,2,Driver Rider,1: PDO,Stop Sign,,,1332213.35,1672708.61,1.33E+13
2019-7839-27/05/2021,2 Metropolitan,UNLEY PARK,5061,CITY OF UNLEY,2,2,0,0,2,2019,August,Wednesday,4:00 PM,60,Not Divided,Straight road,Level,Not Applicable,Sealed,Wet,Raining,Daylight,Rear End,2,Driver Rider,2: MI,No Control,,,1329130.7,1666526.7,1.33E+13
2019-7840-27/05/2021,2 Metropolitan,HILLBANK,5112,CITY OF PLAYFORD.,3,1,0,0,1,2019,August,Thursday,8:10 AM,80,Divided Road,Straight road,Level,Not Applicable,Sealed,Wet,Raining,Daylight,Rear End,1,Driver Rider,2: MI,No Control,,,1336155.15,1690546.21,1.34E+13
2019-7841-27/05/2021,1 City,ADELAIDE,5000,CITY OF ADELAIDE,1,1,0,0,1,2019,August,Thursday,10:00 AM,50,Not Divided,Straight road,Level,Not Applicable,Sealed,Dry,Not Raining,Daylight,Other,1,Driver Rider,2: MI,No Control,,,1327935.28,1670148.79,1.33E+13
2019-7842-27/05/2021,2 Metropolitan,UNLEY,5061,CITY OF UNLEY,2,0,0,0,0,2019,August,Thursday,10:45 AM,60,Not Divided,Straight road,Level,Not Applicable,Sealed,Wet,Not Raining,Daylight,Hit Parked Vehicle,2,Driver Rider,1: PDO,No Control,,,1329079.99,1668194.57,1.33E+13
2019-7843-27/05/2021,3 Country,STANSBURY,5582,YORKE PENINSULA COUNCIL,2,0,0,0,0,2019,August,Thursday,8:00 AM,100,Not Divided,Straight road,Level,Not Applicable,Sealed,Dry,Not Raining,Daylight,Hit Fixed Object,1,Driver Rider,1: PDO,No Control,,,1255239.53,1677837.96,1.26E+13
2019-7844-27/05/2021,2 Metropolitan,ENFIELD,5085,CITY OF PROSPECT,2,0,0,0,0,2019,August,Wednesday,3:00 PM,60,Divided Road,Straight road,Level,Not Applicable,Sealed,Wet,Not Raining,Daylight,Rear End,2,Driver Rider,1: PDO,No Control,,,1328872.01,1676488.99,1.33E+13
2019-7845-27/05/2021,3 Country,BERRI,5343,THE BERRI BARMERA COUNCIL,2,0,0,0,0,2019,August,Thursday,12:30 PM,80,Not Divided,"CURVED, VIEW OPEN",Level,Not Applicable,Sealed,Dry,Not Raining,Daylight,Hit Fixed Object,1,Driver Rider,1: PDO,No Control,,,1514344.1,1735556.6,1.51E+13
2019-7846-27/05/2021,2 Metropolitan,CROYDON,5008,CITY OF CHARLES STURT,2,1,0,0,1,2019,August,Thursday,12:55 PM,40,Not Divided,Straight road,Level,Not Applicable,Sealed,Dry,Not Raining,Daylight,Hit Parked Vehicle,1,Driver Rider,2: MI,No Control,,,1325190.25,1674101.56,1.33E+13
2019-7847-27/05/2021,2 Metropolitan,BOWDEN,5007,CITY OF CHARLES STURT,2,0,0,0,0,2019,August,Thursday,1:30 PM,50,Cross Road,Straight road,Level,Not Applicable,Sealed,Wet,Raining,Daylight,Right Angle,1,Driver Rider,1: PDO,Give Way Sign,,,1326634.76,1673115.24,1.33E+13
2019-7848-27/05/2021,2 Metropolitan,VALLEY  VIEW,5092,CITY OF TEA TREE GULLY,2,1,0,0,1,2019,August,Thursday,3:21 PM,60,T-Junction,"CURVED, VIEW OPEN",Level,Not Applicable,Sealed,Wet,Raining,Daylight,Right Angle,2,Driver Rider,2: MI,Stop Sign,,,1335755.12,1679968.93,1.34E+13
2019-7849-27/05/2021,3 Country,MOUNT SCHANK,5291,DISTRICT COUNCIL OF GRANT,2,0,0,0,0,2019,August,Thursday,12:48 PM,100,Not Divided,Straight road,Level,Roadworks,Unsealed,Wet,Raining,Daylight,Hit Fixed Object,1,Driver Rider,1: PDO,No Control,,,1498076.61,1327981.49,1.50E+13
2019-7850-27/05/2021,2 Metropolitan,WOODCROFT,5162,CITY OF ONKAPARINGA,2,1,0,0,1,2019,August,Thursday,2:55 PM,50,Not Divided,Straight road,Level,Driveway or Entrance,Sealed,Wet,Not Raining,Daylight,Right Angle,2,Driver Rider,2: MI,No Control,,,1323814.24,1652265.03,1.32E+13
2019-7851-27/05/2021,3 Country,TRURO,5356,MID MURRAY DISTRICT COUNCIL,2,2,2,0,0,2019,August,Thursday,11:40 AM,110,Not Divided,Straight road,Level,Not Applicable,Sealed,Dry,Not Raining,Daylight,Head On,1,Driver Rider,4: Fatal,No Control,,,1396103.99,1727093.83,1.40E+13
2019-7852-27/05/2021,2 Metropolitan,WEST CROYDON,5008,CITY OF CHARLES STURT,2,0,0,0,0,2019,August,Thursday,7:50 AM,60,Divided Road,Straight road,Level,Not Applicable,Sealed,Dry,Not Raining,Daylight,Side Swipe,2,Driver Rider,1: PDO,No Control,,,1324859.23,1675732.93,1.32E+13
2019-7853-27/05/2021,2 Metropolitan,HOLDEN HILL,5088,CITY OF PORT ADELAIDE ENFIELD,2,0,0,0,0,2019,August,Thursday,4:55 PM,60,Cross Road,Straight road,Level,Not Applicable,Sealed,Wet,Not Raining,Daylight,Rear End,2,Driver Rider,1: PDO,Traffic Signals,,,1333809.35,1678092.37,1.33E+13
2019-7854-27/05/2021,3 Country,LOXTON,5333,LOXTON WAIKERIE DISTRICT COUNCIL,2,0,0,0,0,2019,August,Thursday,5:15 PM,50,Cross Road,Straight road,Slope,Not Applicable,Sealed,Dry,Not Raining,Daylight,Right Angle,2,Driver Rider,1: PDO,Give Way Sign,,,1510425.11,1715383.15,1.51E+13
2019-7855-27/05/2021,2 Metropolitan,EDEN HILLS,5050,CC MITCHAM.                   ,3,0,0,0,0,2019,August,Thursday,5:04 PM,60,Divided Road,Straight road,Level,Not Applicable,Sealed,Wet,Raining,Daylight,Rear End,1,Driver Rider,1: PDO,No Control,,,1328066.39,1659404.06,1.33E+13
2019-7856-27/05/2021,2 Metropolitan,MEDINDIE GARDENS,5081,CITY OF PROSPECT,2,0,0,0,0,2019,August,Thursday,5:40 PM,60,Divided Road,Straight road,Level,Not Applicable,Sealed,Wet,Raining,Night,Side Swipe,1,Driver Rider,1: PDO,No Control,,,1329051.97,1674234.32,1.33E+13
2019-7857-27/05/2021,2 Metropolitan,OAKDEN,5086,CITY OF PORT ADELAIDE ENFIELD,2,0,0,0,0,2019,August,Thursday,6:15 PM,70,Divided Road,Straight road,Level,Not Applicable,Sealed,Wet,Raining,Night,Rear End,1,Driver Rider,1: PDO,No Control,,,1332100.29,1679299.17,1.33E+13
2019-7858-27/05/2021,2 Metropolitan,COLLINSWOOD,5081,CITY OF PROSPECT,2,0,0,0,0,2019,August,Thursday,5:10 PM,60,T-Junction,Straight road,Level,Not Applicable,Sealed,Wet,Not Raining,Daylight,Right Turn,1,Driver Rider,1: PDO,No Control,,,1330284.03,1675048.18,1.33E+13
2019-7859-27/05/2021,2 Metropolitan,WALKERVILLE,5081,WALKERVILLE TOWN COUNCIL,2,1,0,0,1,2019,August,Thursday,3:55 PM,60,Cross Road,Straight road,Level,Not Applicable,Sealed,Wet,Raining,Daylight,Rear End,1,Driver Rider,2: MI,Traffic Signals,,,1329495.38,1674243.17,1.33E+13
2019-7860-27/05/2021,2 Metropolitan,MARDEN,5070,"CC OF NORWOOD,PAYNEHAM & ST PETERS",2,0,0,0,0,2019,August,Thursday,6:25 PM,60,Divided Road,Straight road,Level,Median Opening (not at I/S),Sealed,Wet,Not Raining,Night,Rear End,2,Driver Rider,1: PDO,No Control,,,1332039.06,1673923.27,1.33E+13
2019-7861-27/05/2021,2 Metropolitan,ELIZABETH SOUTH,5112,CITY OF PLAYFORD.,2,3,0,0,3,2019,August,Thursday,6:15 PM,60,Cross Road,Straight road,Level,Not Applicable,Sealed,Wet,Raining,Night,Right Turn,2,Driver Rider,2: MI,Traffic Signals,,,1334852.25,1691772.94,1.33E+13
2019-7862-27/05/2021,2 Metropolitan,KILBURN,5084,CITY OF PORT ADELAIDE ENFIELD,2,1,0,0,1,2019,August,Thursday,6:30 PM,50,Not Divided,Straight road,Level,Not Applicable,Sealed,Wet,Raining,Night,Hit Pedestrian,1,Pedestrian,2: MI,No Control,,,1328028.79,1677698.74,1.33E+13
2019-7863-27/05/2021,2 Metropolitan,NAILSWORTH,5083,CITY OF PROSPECT,3,0,0,0,0,2019,August,Thursday,6:15 PM,60,Divided Road,Straight road,Level,Not Applicable,Sealed,Wet,Raining,Night,Rear End,1,Driver Rider,1: PDO,No Control,,,1328914.05,1674540.66,1.33E+13
2019-7864-27/05/2021,2 Metropolitan,GULFVIEW HEIGHTS,5096,CITY OF SALISBURY,2,0,0,0,0,2019,August,Thursday,7:05 PM,60,T-Junction,Straight road,Level,Not Applicable,Sealed,Wet,Raining,Night,Right Turn,2,Driver Rider,1: PDO,No Control,,,1334426.81,1684341.95,1.33E+13
2019-7865-27/05/2021,2 Metropolitan,PAECHTOWN,5245,DC MT.BARKER.                 ,2,0,0,0,0,2019,August,Thursday,6:45 PM,110,Freeway,Straight road,Level,Not Applicable,Sealed,Wet,Raining,Night,Rear End,2,Driver Rider,1: PDO,No Control,,,1347692.57,1657151.19,1.35E+13
2019-7866-27/05/2021,2 Metropolitan,SEATON,5023,CITY OF CHARLES STURT,2,0,0,0,0,2019,August,Wednesday,11:00 PM,50,Not Divided,Straight road,Level,Not Applicable,Sealed,Dry,Not Raining,Night,Hit Parked Vehicle,2,Driver Rider,1: PDO,No Control,,,1320367.67,1675306.6,1.32E+13
2019-7867-27/05/2021,2 Metropolitan,VISTA,5091,CITY OF TEA TREE GULLY,3,0,0,0,0,2019,August,Thursday,8:15 PM,60,Not Divided,Straight road,Slope,Not Applicable,Sealed,Wet,Raining,Night,Hit Fixed Object,1,Driver Rider,1: PDO,No Control,,,1339801.79,1679669.36,1.34E+13
2019-7868-27/05/2021,2 Metropolitan,FLAGSTAFF HILL,5159,CITY OF ONKAPARINGA,2,2,0,0,2,2019,August,Wednesday,6:06 PM,60,T-Junction,Straight road,Level,Not Applicable,Sealed,Wet,Raining,Night,Right Turn,2,Driver Rider,2: MI,No Control,,,1328176.66,1656016.1,1.33E+13
2019-7869-27/05/2021,3 Country,CLARE,5453,CLARE AND GILBERT VALLEYS DISTRICT COUNCIL,3,0,0,0,0,2019,August,Thursday,8:35 PM,50,Not Divided,Straight road,Level,Not Applicable,Sealed,Wet,Raining,Night,Hit Parked Vehicle,1,Driver Rider,1: PDO,No Control,,,1333727.09,1791409.2,1.33E+13
2019-7870-27/05/2021,2 Metropolitan,MODBURY,5092,CITY OF TEA TREE GULLY,3,1,0,0,1,2019,August,Thursday,10:03 PM,60,T-Junction,Straight road,Slope,Not Applicable,Sealed,Wet,Raining,Night,Hit Fixed Object,1,Driver Rider,2: MI,No Control,,,1335576.63,1680583.51,1.34E+13
2019-7871-27/05/2021,2 Metropolitan,FLINDERS PARK,5025,CITY OF CHARLES STURT,2,0,0,0,0,2019,August,Thursday,5:13 PM,60,T-Junction,Straight road,Level,Not Applicable,Sealed,Wet,Raining,Daylight,Right Angle,2,Driver Rider,1: PDO,No Control,,,1323556.74,1673149.94,1.32E+13
2019-7872-27/05/2021,2 Metropolitan,MUNNO PARA,5115,CITY OF PLAYFORD.,2,0,0,0,0,2019,August,Thursday,10:40 PM,80,Cross Road,Straight road,Level,Not Applicable,Sealed,Wet,Raining,Night,Hit Fixed Object,1,Driver Rider,1: PDO,Traffic Signals,,,1338231.02,1697708.49,1.34E+13
2019-7873-27/05/2021,3 Country,WHYALLA JENKINS,5609,CC WHYALLA.                   ,2,0,0,0,0,2019,August,Thursday,11:12 PM,50,Not Divided,Straight road,Level,Driveway or Entrance,Sealed,Wet,Not Raining,Night,Rear End,2,Driver Rider,1: PDO,No Control,,,1234038.83,1884574.5,1.23E+13
2019-7874-27/05/2021,2 Metropolitan,DRY CREEK,5094,CITY OF PORT ADELAIDE ENFIELD,3,1,0,0,1,2019,August,Friday,6:00 AM,60,Cross Road,Straight road,Slope,Not Applicable,Sealed,Wet,Unknown,Night,Side Swipe,2,Driver Rider,2: MI,Traffic Signals,,,1323869.25,1681061.9,1.32E+13
2019-7875-27/05/2021,2 Metropolitan,KENT TOWN,5067,"CC OF NORWOOD,PAYNEHAM & ST PETERS",2,1,0,0,1,2019,August,Friday,8:30 AM,50,T-Junction,Straight road,Slope,Road hump or Slow point,Sealed,Dry,Not Raining,Daylight,Right Turn,2,Driver Rider,2: MI,Give Way Sign,,,1330235.81,1671221.86,1.33E+13
2019-7876-27/05/2021,2 Metropolitan,HENLEY BEACH,5022,CITY OF CHARLES STURT,2,0,0,0,0,2019,August,Friday,8:40 AM,50,T-Junction,Straight road,Level,Not Applicable,Sealed,Dry,Not Raining,Daylight,Right Angle,2,Driver Rider,1: PDO,Give Way Sign,,,1319344.55,1673033.81,1.32E+13
2019-7877-27/05/2021,3 Country,TANTANOOLA,5280,WATTLE RANGE COUNCIL,2,0,0,0,0,2019,August,Thursday,10:30 PM,110,Not Divided,Straight road,Level,Not Applicable,Sealed,Wet,Not Raining,Night,Hit Object on Road,1,Driver Rider,1: PDO,No Control,,,1481868.23,1359535.4,1.48E+13
2019-7878-27/05/2021,2 Metropolitan,INGLE FARM,5098,CITY OF SALISBURY,2,0,0,0,0,2019,August,Friday,8:20 AM,50,T-Junction,Straight road,Bottom of Hill,Not Applicable,Sealed,Dry,Not Raining,Daylight,Hit Fixed Object,1,Driver Rider,1: PDO,No Control,,,1331851.02,1681355.15,1.33E+13
2019-7879-27/05/2021,2 Metropolitan,INGLE FARM,5098,CITY OF SALISBURY,2,0,0,0,0,2019,August,Friday,8:15 AM,70,Cross Road,Straight road,Level,Not Applicable,Sealed,Wet,Not Raining,Daylight,Right Turn,1,Driver Rider,1: PDO,Traffic Signals,Y,,1332129.24,1681792.46,1.33E+13
2019-7880-27/05/2021,2 Metropolitan,HOPE VALLEY,5090,CITY OF TEA TREE GULLY,2,1,0,0,1,2019,August,Friday,6:38 AM,60,T-Junction,Straight road,Level,Not Applicable,Sealed,Dry,Not Raining,Night,Right Angle,1,Driver Rider,2: MI,No Control,,,1337668.78,1679481.5,1.34E+13
2019-7881-27/05/2021,2 Metropolitan,COROMANDEL VALLEY,5051,CC MITCHAM.                   ,2,0,0,0,0,2019,August,Friday,4:00 PM,60,Not Divided,"CURVED, VIEW OPEN",Level,Not Applicable,Sealed,Wet,Raining,Daylight,Head On,2,Driver Rider,1: PDO,No Control,,,1330339.87,1658665.91,1.33E+13
2019-7882-27/05/2021,2 Metropolitan,PASADENA,5042,CC MITCHAM.                   ,3,4,0,0,4,2019,August,Friday,6:40 AM,60,T-Junction,Straight road,Slope,Not Applicable,Sealed,Dry,Not Raining,Night,Rear End,1,Driver Rider,2: MI,Give Way Sign,,,1327593.23,1663023.71,1.33E+13
2019-7883-27/05/2021,2 Metropolitan,MODBURY,5092,CITY OF TEA TREE GULLY,2,0,0,0,0,2019,August,Friday,10:27 AM,50,Not Divided,Straight road,Level,Not Applicable,Unsealed,Wet,Raining,Daylight,Hit Fixed Object,1,Driver Rider,1: PDO,No Control,,,1336680.33,1680269.5,1.34E+13
2019-7884-27/05/2021,2 Metropolitan,EYRE,5121,CITY OF PLAYFORD.,2,2,0,0,2,2019,August,Friday,10:20 AM,60,Cross Road,Straight road,Level,Not Applicable,Sealed,Wet,Raining,Daylight,Right Angle,2,Driver Rider,2: MI,Stop Sign,,,1334450.71,1695787.2,1.33E+13
2019-7885-27/05/2021,2 Metropolitan,POORAKA,5095,CITY OF SALISBURY,2,0,0,0,0,2019,August,Friday,9:00 AM,70,T-Junction,Straight road,Level,Not Applicable,Sealed,Dry,Not Raining,Daylight,Side Swipe,2,Driver Rider,1: PDO,No Control,,,1331857.11,1681815.13,1.33E+13
2019-7886-27/05/2021,2 Metropolitan,ATHOL PARK,5012,CITY OF CHARLES STURT,2,1,0,0,1,2019,August,Friday,10:44 AM,50,Not Divided,Straight road,Level,Not Applicable,Sealed,Wet,Raining,Daylight,Hit Fixed Object,1,Driver Rider,2: MI,No Control,,Y,1323769.07,1678474.2,1.32E+13
2019-7887-27/05/2021,2 Metropolitan,DARLINGTON,5047,CITY OF ONKAPARINGA,2,0,0,0,0,2019,August,Friday,10:46 AM,70,T-Junction,Straight road,Level,Not Applicable,Sealed,Dry,Not Raining,Daylight,Rear End,1,Driver Rider,1: PDO,Traffic Signals,,,1324669.23,1659922.71,1.32E+13
2019-7888-27/05/2021,2 Metropolitan,FULLARTON,5063,CITY OF UNLEY,4,0,0,0,0,2019,August,Friday,11:00 AM,50,Not Divided,Straight road,Level,Not Applicable,Sealed,Dry,Not Raining,Daylight,Hit Parked Vehicle,1,Driver Rider,1: PDO,No Control,,,1330297.71,1667095.27,1.33E+13
2019-7889-27/05/2021,2 Metropolitan,OAKLANDS PARK,5046,CC MARION.                    ,2,0,0,0,0,2019,August,Friday,9:48 AM,60,T-Junction,Straight road,Level,Not Applicable,Sealed,Dry,Not Raining,Daylight,Side Swipe,2,Driver Rider,1: PDO,Traffic Signals,,,1322759.23,1661320.47,1.32E+13
2019-7890-27/05/2021,2 Metropolitan,GEPPS CROSS,5094,CITY OF PORT ADELAIDE ENFIELD,2,0,0,0,0,2019,August,Friday,10:30 AM,60,Divided Road,Straight road,Level,Median Opening (not at I/S),Sealed,Dry,Not Raining,Daylight,Right Turn,1,Driver Rider,1: PDO,No Control,,,1328513.17,1679268.08,1.33E+13
2019-7891-27/05/2021,2 Metropolitan,SEACLIFF PARK,5049,CITY OF HOLDFAST BAY,2,0,0,0,0,2019,August,Thursday,2:05 PM,60,Cross Road,Straight road,Level,Not Applicable,Sealed,Wet,Raining,Daylight,Right Angle,1,Driver Rider,1: PDO,Give Way Sign,,,1321192.93,1659188.85,1.32E+13
2019-7892-27/05/2021,2 Metropolitan,INGLE FARM,5098,CITY OF SALISBURY,3,0,0,0,0,2019,August,Friday,12:05 PM,70,Divided Road,Straight road,Level,Not Applicable,Sealed,Wet,Raining,Daylight,Rear End,1,Driver Rider,1: PDO,No Control,,,1332781.05,1681545.87,1.33E+13
2019-7893-27/05/2021,2 Metropolitan,WINGFIELD,5013,CITY OF PORT ADELAIDE ENFIELD,2,0,0,0,0,2019,August,Friday,12:20 PM,60,Divided Road,Straight road,Level,Roadworks,Sealed,Wet,Raining,Daylight,Side Swipe,2,Driver Rider,1: PDO,No Control,,,1324708.3,1681047.21,1.32E+13
2019-7894-27/05/2021,2 Metropolitan,URRBRAE,5064,CC MITCHAM.                   ,2,0,0,0,0,2019,August,Friday,12:29 PM,60,Cross Road,Straight road,Slope,Not Applicable,Sealed,Dry,Not Raining,Daylight,Side Swipe,2,Driver Rider,1: PDO,Traffic Signals,,,1332373.16,1666370.92,1.33E+13
2019-7895-27/05/2021,2 Metropolitan,KENSINGTON PARK,5068,CITY OF BURNSIDE,2,0,0,0,0,2019,August,Friday,1:00 PM,60,Not Divided,Straight road,Level,Driveway or Entrance,Sealed,Wet,Raining,Daylight,Right Angle,2,Driver Rider,1: PDO,No Control,,,1333860.9,1671747.57,1.33E+13
2019-7896-27/05/2021,2 Metropolitan,EDWARDSTOWN,5039,CC MITCHAM.                   ,3,0,0,0,0,2019,August,Friday,1:20 PM,60,Divided Road,Straight road,Level,Not Applicable,Sealed,Wet,Not Raining,Daylight,Rear End,1,Driver Rider,1: PDO,No Control,,,1325898.54,1665616.65,1.33E+13
2019-7897-27/05/2021,2 Metropolitan,PLYMPTON,5038,CITY OF WEST TORRENS,2,0,0,0,0,2019,August,Friday,8:27 AM,60,Not Divided,Straight road,Level,Not Applicable,Sealed,Wet,Not Raining,Daylight,Rear End,2,Driver Rider,1: PDO,No Control,,,1324156.44,1667043.99,1.32E+13
2019-7898-27/05/2021,1 City,ADELAIDE,5000,CITY OF ADELAIDE,2,1,0,0,1,2019,August,Friday,2:00 PM,50,Cross Road,Straight road,Level,Not Applicable,Sealed,Wet,Raining,Daylight,Right Angle,2,Driver Rider,2: MI,No Control,,Y,1327755,1670326.79,1.33E+13
2019-7899-27/05/2021,2 Metropolitan,OAKBANK,5243,THE ADELAIDE HILLS COUNCIL,2,0,0,0,0,2019,August,Thursday,5:05 PM,60,Not Divided,Straight road,Level,Driveway or Entrance,Sealed,Wet,Raining,Daylight,Hit Parked Vehicle,1,Driver Rider,1: PDO,No Control,,,1349025.48,1665600.87,1.35E+13
2019-7900-27/05/2021,2 Metropolitan,FELIXSTOW,5070,"CC OF NORWOOD,PAYNEHAM & ST PETERS",2,0,0,0,0,2019,August,Friday,3:32 PM,60,T-Junction,"CURVED, VIEW OPEN",Level,Not Applicable,Sealed,Wet,Raining,Daylight,Right Angle,1,Driver Rider,1: PDO,No Control,,,1332333.32,1674280.97,1.33E+13
2019-7901-27/05/2021,2 Metropolitan,CHAIN OF PONDS,5231,THE ADELAIDE HILLS COUNCIL,2,0,0,0,0,2019,August,Thursday,4:15 PM,100,Not Divided,Straight road,Level,Not Applicable,Sealed,Wet,Not Raining,Daylight,Hit Fixed Object,1,Driver Rider,1: PDO,No Control,,,1350242.22,1682077.27,1.35E+13
2019-7902-27/05/2021,2 Metropolitan,MAWSON LAKES,5095,CITY OF SALISBURY,2,1,0,1,0,2019,August,Wednesday,4:10 PM,80,Divided Road,Straight road,Level,Not Applicable,Sealed,Wet,Raining,Daylight,Rear End,1,Driver Rider,3: SI,No Control,,,1330656.58,1682062.28,1.33E+13
2019-7903-27/05/2021,2 Metropolitan,WINDSOR GARDENS,5087,CITY OF PORT ADELAIDE ENFIELD,3,1,0,1,0,2019,August,Friday,4:53 PM,60,Divided Road,Straight road,Level,Not Applicable,Sealed,Wet,Not Raining,Daylight,Rear End,1,Driver Rider,3: SI,No Control,,,1332806.47,1677225.94,1.33E+13
2019-7904-27/05/2021,2 Metropolitan,MANNINGHAM,5086,CITY OF PORT ADELAIDE ENFIELD,2,0,0,0,0,2019,August,Friday,1:50 PM,60,Divided Road,Straight road,Level,Not Applicable,Sealed,Wet,Raining,Daylight,Rear End,2,Driver Rider,1: PDO,No Control,,,1330447.32,1676239.31,1.33E+13
2019-7905-27/05/2021,2 Metropolitan,ELIZABETH EAST,5112,CITY OF PLAYFORD.,2,0,0,0,0,2019,August,Friday,4:50 PM,60,T-Junction,Straight road,Level,Not Applicable,Sealed,Wet,Raining,Daylight,Rear End,2,Driver Rider,1: PDO,No Control,,,1336676.05,1692715.82,1.34E+13
2019-7906-27/05/2021,2 Metropolitan,FULHAM GARDENS,5024,CITY OF CHARLES STURT,2,1,0,0,1,2019,August,Friday,4:30 PM,60,Divided Road,Straight road,Level,Not Applicable,Sealed,Dry,Not Raining,Daylight,Rear End,2,Driver Rider,2: MI,No Control,,,1320846.6,1673072.08,1.32E+13
2019-7907-27/05/2021,2 Metropolitan,HUNTFIELD HEIGHTS,5163,CITY OF ONKAPARINGA,2,0,0,0,0,2019,August,Friday,5:35 PM,60,Cross Road,Straight road,Slope,Not Applicable,Sealed,Wet,Not Raining,Daylight,Right Turn,1,Driver Rider,1: PDO,Traffic Signals,,,1320882.43,1646368.02,1.32E+13
2019-7908-27/05/2021,2 Metropolitan,WARRADALE,5046,CC MARION.                    ,3,2,0,0,2,2019,August,Friday,6:00 PM,60,T-Junction,Straight road,Level,Not Applicable,Sealed,Wet,Raining,Night,Right Angle,2,Driver Rider,2: MI,Traffic Signals,,,1322655.42,1661624.06,1.32E+13
2019-7909-27/05/2021,1 City,NORTH ADELAIDE,5006,CITY OF ADELAIDE,2,1,0,0,1,2019,August,Thursday,4:30 PM,60,Cross Road,Straight road,Level,Not Applicable,Sealed,Dry,Not Raining,Daylight,Side Swipe,1,Driver Rider,2: MI,Traffic Signals,,,1327887.77,1671596.04,1.33E+13
2019-7910-27/05/2021,2 Metropolitan,MEDINDIE,5081,WALKERVILLE TOWN COUNCIL,2,0,0,0,0,2019,August,Friday,6:50 PM,60,Not Divided,Straight road,Level,Not Applicable,Sealed,Dry,Not Raining,Night,Rear End,1,Driver Rider,1: PDO,No Control,,,1328826.79,1674132.42,1.33E+13
2019-7911-27/05/2021,2 Metropolitan,LOWER MITCHAM,5062,CC MITCHAM.                   ,2,0,0,0,0,2019,August,Friday,7:10 PM,60,T-Junction,Straight road,Level,Not Applicable,Sealed,Wet,Not Raining,Night,Right Turn,2,Driver Rider,1: PDO,Traffic Signals,,,1329170.96,1665061.71,1.33E+13
2019-7912-27/05/2021,2 Metropolitan,INGLE FARM,5098,CITY OF SALISBURY,2,0,0,0,0,2019,August,Friday,7:29 PM,60,Divided Road,Straight road,Slope,Not Applicable,Sealed,Wet,Not Raining,Night,Hit Fixed Object,1,Driver Rider,1: PDO,No Control,,,1333313.44,1681348.65,1.33E+13
2019-7913-27/05/2021,1 City,ADELAIDE,5000,CITY OF ADELAIDE,2,1,0,1,0,2019,August,Friday,6:00 PM,50,Not Divided,Straight road,Level,Not Applicable,Sealed,Wet,Raining,Night,Hit Parked Vehicle,2,Driver Rider,3: SI,No Control,,,1329512.25,1670700.13,1.33E+13
2019-7914-27/05/2021,3 Country,PORT LINCOLN,5606,CC PT.LINCOLN.                ,3,0,0,0,0,2019,August,Friday,5:50 PM,50,T-Junction,Straight road,Slope,Not Applicable,Sealed,Wet,Raining,Night,Hit Fixed Object,1,Driver Rider,1: PDO,No Control,,,1077946.74,1698147.41,1.08E+13
2019-7915-27/05/2021,3 Country,SEVENHILL,5453,CLARE AND GILBERT VALLEYS DISTRICT COUNCIL,2,0,0,0,0,2019,August,Friday,5:29 PM,80,Not Divided,"CURVED, VIEW OPEN",Slope,Not Applicable,Sealed,Wet,Raining,Daylight,Hit Fixed Object,1,Driver Rider,1: PDO,No Control,Y,,1333105.3,1783784.36,1.33E+13
2019-7916-27/05/2021,2 Metropolitan,REDWOOD PARK,5097,CITY OF TEA TREE GULLY,2,0,0,0,0,2019,August,Saturday,12:45 AM,70,Divided Road,"CURVED, VIEW OBSCURED",Slope,Not Applicable,Sealed,Wet,Raining,Night,Side Swipe,1,Driver Rider,1: PDO,No Control,,,1337475.21,1682666.15,1.34E+13
2019-7917-27/05/2021,3 Country,RISDON PARK,5540,PT.PIRIE CITY & DIST. COUNCIL ,2,0,0,0,0,2019,August,Saturday,2:20 AM,50,Not Divided,Straight road,Level,Not Applicable,Sealed,Wet,Raining,Night,Hit Fixed Object,1,Driver Rider,1: PDO,No Control,Y,,1278101.64,1863171.42,1.28E+13
2019-7918-27/05/2021,2 Metropolitan,MAWSON LAKES,5095,CITY OF SALISBURY,2,0,0,0,0,2019,August,Saturday,12:07 AM,50,Not Divided,Straight road,Level,Not Applicable,Sealed,Dry,Not Raining,Night,Hit Fixed Object,1,Driver Rider,1: PDO,No Control,Y,,1328762.59,1684518.27,1.33E+13