REPORT_ID,Stats Area,Suburb,Postcode,LGA Name,Total Units,Total Cas,Total Fats,Total SI,Total MI,Year,Month,Day,Time,Area Speed,Position Type,Horizontal Align,Vertical Align,Other Feat,Road Surface,Moisture Cond,Weather Cond,DayNight,Crash Type,Unit Resp,Entity Code,CSEF Severity,Traffic Ctrls,DUI Involved,Drugs Involved,ACCLOC_X,ACCLOC_Y,UNIQUE_LOC
2019-8083-27/05/2021,2 Metropolitan,GAWLER,5118,CT GAWLER.                    ,2,1,0,0,1,2019,August,Wednesday,2:00 PM,50,Not Divided,Straight road,Level,Driveway or Entrance,Sealed,Dry,Not Raining,Daylight,Rear End,2,Driver Rider,2: MI,No Control,,,1343362.25,1706097.85,1.34E+13
2019-8084-27/05/2021,2 Metropolitan,WOODVILLE WEST,5011,CITY OF CHARLES STURT,2,0,0,0,0,2019,August,Wednesday,2:45 PM,50,Not Divided,Straight road,Level,Driveway or Entrance,Sealed,Dry,Not Raining,Daylight,Right Angle,1,Driver Rider,1: PDO,No Control,,,1321738.68,1675870.12,1.32E+13
2019-8085-27/05/2021,2 Metropolitan,WINGFIELD,5013,CITY OF PORT ADELAIDE ENFIELD,2,0,0,0,0,2019,August,Tuesday,6:45 AM,50,Not Divided,Straight road,Level,Not Applicable,Sealed,Dry,Not Raining,Night,Side Swipe,2,Driver Rider,1: PDO,No Control,,,1324179.8,1680187.7,1.32E+13
2019-8086-27/05/2021,1 City,ADELAIDE,5000,CITY OF ADELAIDE,2,0,0,0,0,2019,August,Wednesday,4:10 PM,50,Not Divided,Straight road,Level,Driveway or Entrance,Sealed,Dry,Not Raining,Daylight,Right Angle,2,Driver Rider,1: PDO,No Control,,,1328446.68,1669723.04,1.33E+13
2019-8087-27/05/2021,2 Metropolitan,GAWLER EAST,5118,CT GAWLER.                    ,2,1,0,0,1,2019,August,Wednesday,3:50 PM,50,Cross Road,Straight road,Slope,Not Applicable,Sealed,Dry,Not Raining,Daylight,Hit Pedestrian,1,Driver Rider,2: MI,Give Way Sign,,,1343599.22,1706696.08,1.34E+13
2019-8088-27/05/2021,2 Metropolitan,PAYNEHAM SOUTH,5070,"CC OF NORWOOD,PAYNEHAM & ST PETERS",2,1,0,0,1,2019,August,Wednesday,3:45 PM,50,Cross Road,Straight road,Level,Not Applicable,Sealed,Dry,Not Raining,Daylight,Right Angle,1,Driver Rider,2: MI,Roundabout,,,1332749.7,1672719.83,1.33E+13
2019-8089-27/05/2021,2 Metropolitan,WOODVILLE SOUTH,5011,CITY OF CHARLES STURT,2,0,0,0,0,2019,August,Wednesday,4:50 PM,50,T-Junction,Straight road,Level,Not Applicable,Sealed,Dry,Not Raining,Daylight,Side Swipe,1,Driver Rider,1: PDO,No Control,,,1322688.55,1675765.74,1.32E+13
2019-8090-27/05/2021,2 Metropolitan,KURRALTA PARK,5037,CITY OF WEST TORRENS,2,0,0,0,0,2019,August,Wednesday,8:40 AM,60,Divided Road,Straight road,Level,Not Applicable,Sealed,Dry,Not Raining,Daylight,Hit Pedestrian,2,Pedestrian,1: PDO,No Control,,,1325368.59,1667414.72,1.33E+13
2019-8091-27/05/2021,2 Metropolitan,CROYDON PARK,5008,CITY OF PORT ADELAIDE ENFIELD,2,0,0,0,0,2019,August,Wednesday,4:10 PM,60,Divided Road,Straight road,Level,Not Applicable,Sealed,Dry,Not Raining,Daylight,Rear End,2,Driver Rider,1: PDO,No Control,,Y,1326071.32,1675609.79,1.33E+13
2019-8092-27/05/2021,2 Metropolitan,WOODVILLE SOUTH,5011,CITY OF CHARLES STURT,2,1,0,0,1,2019,August,Wednesday,5:10 PM,60,Divided Road,Straight road,Level,Not Applicable,Sealed,Dry,Not Raining,Daylight,Hit Pedestrian,1,Pedestrian,2: MI,No Control,Y,,1323175.21,1675447.52,1.32E+13
2019-8093-27/05/2021,2 Metropolitan,MAGILL,5072,CC CAMPBELLTOWN.              ,3,1,0,1,0,2019,August,Wednesday,5:26 PM,60,Cross Road,Straight road,Slope,Not Applicable,Sealed,Dry,Not Raining,Daylight,Right Turn,1,Driver Rider,3: SI,Traffic Signals,,,1335483.19,1671847.51,1.34E+13
2019-8094-27/05/2021,1 City,ADELAIDE,5000,CITY OF ADELAIDE,2,0,0,0,0,2019,August,Wednesday,5:30 PM,50,Cross Road,Straight road,Level,Not Applicable,Sealed,Dry,Not Raining,Daylight,Side Swipe,2,Driver Rider,1: PDO,Traffic Signals,,,1327977.06,1670816.13,1.33E+13
2019-8095-27/05/2021,2 Metropolitan,PARALOWIE,5108,CITY OF SALISBURY,2,1,0,0,1,2019,August,Wednesday,5:15 PM,50,Not Divided,Straight road,Level,Not Applicable,Sealed,Dry,Not Raining,Daylight,Hit Parked Vehicle,1,Driver Rider,2: MI,No Control,,,1329631.24,1688682.06,1.33E+13
2019-8096-27/05/2021,2 Metropolitan,MILE END,5031,CITY OF WEST TORRENS,2,0,0,0,0,2019,August,Wednesday,6:10 PM,50,Cross Road,Straight road,Level,Not Applicable,Sealed,Dry,Not Raining,Night,Right Angle,2,Driver Rider,1: PDO,Roundabout,,,1325196.19,1670865.14,1.33E+13
2019-8097-27/05/2021,2 Metropolitan,DRY CREEK,5094,CITY OF PORT ADELAIDE ENFIELD,2,2,0,0,2,2019,August,Wednesday,7:45 PM,50,Not Divided,Straight road,Level,Not Applicable,Sealed,Dry,Not Raining,Night,Hit Fixed Object,1,Driver Rider,2: MI,No Control,,,1327396.69,1680116.25,1.33E+13
2019-8098-27/05/2021,2 Metropolitan,WOODSIDE,5244,THE ADELAIDE HILLS COUNCIL,3,1,0,0,1,2019,August,Wednesday,7:05 PM,80,Not Divided,"CURVED, VIEW OPEN",Level,Not Applicable,Sealed,Dry,Not Raining,Night,Hit Object on Road,1,Driver Rider,2: MI,No Control,,,1355138.71,1663675.47,1.36E+13
2019-8099-27/05/2021,2 Metropolitan,BASKET RANGE,5138,THE ADELAIDE HILLS COUNCIL,2,0,0,0,0,2019,August,Wednesday,10:25 PM,80,Not Divided,"CURVED, VIEW OBSCURED",Slope,Not Applicable,Sealed,Dry,Not Raining,Night,Hit Fixed Object,1,Driver Rider,1: PDO,No Control,,,1343391.01,1668249.74,1.34E+13
2019-8100-27/05/2021,1 City,ADELAIDE,5000,CITY OF ADELAIDE,2,1,0,0,1,2019,August,Wednesday,9:30 PM,50,Divided Road,Straight road,Level,Not Applicable,Sealed,Dry,Not Raining,Night,Hit Pedestrian,1,Pedestrian,2: MI,No Control,,,1329178.36,1670840.7,1.33E+13
2019-8101-27/05/2021,2 Metropolitan,MCLAREN VALE,5171,CITY OF ONKAPARINGA,3,0,0,0,0,2019,August,Thursday,4:45 AM,50,Not Divided,Straight road,Level,Not Applicable,Sealed,Dry,Not Raining,Night,Hit Parked Vehicle,1,Driver Rider,1: PDO,No Control,,,1322451.99,1637551.86,1.32E+13
2019-8102-27/05/2021,2 Metropolitan,SHEIDOW PARK,5158,CC MARION.                    ,3,0,0,0,0,2019,August,Thursday,8:22 AM,80,Divided Road,Straight road,Slope,Not Applicable,Sealed,Dry,Not Raining,Daylight,Rear End,1,Driver Rider,1: PDO,No Control,,,1321287.88,1654830.77,1.32E+13
2019-8103-27/05/2021,2 Metropolitan,WINGFIELD,5013,CITY OF PORT ADELAIDE ENFIELD,2,0,0,0,0,2019,August,Wednesday,5:00 PM,60,Cross Road,Straight road,Level,Not Applicable,Sealed,Dry,Not Raining,Daylight,Hit Fixed Object,1,Driver Rider,1: PDO,Traffic Signals,,,1325466.27,1680660.68,1.33E+13
2019-8104-27/05/2021,2 Metropolitan,CAMPBELLTOWN,5074,CC CAMPBELLTOWN.              ,2,0,0,0,0,2019,August,Thursday,6:30 AM,50,T-Junction,Straight road,Level,Not Applicable,Sealed,Dry,Not Raining,Night,Hit Parked Vehicle,1,Driver Rider,1: PDO,No Control,,,1333545.4,1676256.4,1.33E+13
2019-8105-27/05/2021,2 Metropolitan,GLENELG EAST,5045,CITY OF HOLDFAST BAY,4,0,0,0,0,2019,August,Thursday,8:39 AM,60,Divided Road,Straight road,Level,Not Applicable,Sealed,Dry,Not Raining,Daylight,Rear End,2,Driver Rider,1: PDO,No Control,,,1321025.68,1664951.35,1.32E+13
2019-8106-27/05/2021,2 Metropolitan,SHEIDOW PARK,5158,CC MARION.                    ,2,1,0,1,0,2019,August,Thursday,7:55 AM,80,T-Junction,Straight road,Slope,Not Applicable,Sealed,Dry,Not Raining,Daylight,Right Turn,1,Driver Rider,3: SI,No Control,,,1320864.69,1654361.45,1.32E+13
2019-8107-27/05/2021,2 Metropolitan,BEDFORD PARK,5042,CC MITCHAM.                   ,2,1,0,0,1,2019,August,Thursday,12:15 PM,50,Pedestrian Crossing,Straight road,Level,Not Applicable,Sealed,Dry,Not Raining,Daylight,Rear End,2,Driver Rider,2: MI,No Control,,,1325206.41,1660133.47,1.33E+13
2019-8108-27/05/2021,2 Metropolitan,MALVERN,5061,CITY OF UNLEY,3,0,0,0,0,2019,August,Tuesday,1:35 PM,50,Cross Road,Straight road,Level,Not Applicable,Sealed,Dry,Not Raining,Daylight,Rear End,1,Driver Rider,1: PDO,Traffic Signals,,,1329732.38,1667123.38,1.33E+13
2019-8109-27/05/2021,3 Country,MOUNT GAMBIER,5290,CC MT.GAMBIER.                ,2,1,0,1,0,2019,August,Thursday,12:25 PM,50,Not Divided,Straight road,Level,Not Applicable,Sealed,Dry,Not Raining,Daylight,Hit Parked Vehicle,1,Driver Rider,3: SI,No Control,,,1510124.92,1339920.39,1.51E+13
2019-8110-27/05/2021,2 Metropolitan,PROSPECT,5082,CITY OF PROSPECT,2,1,0,0,1,2019,August,Thursday,1:20 PM,60,Divided Road,Straight road,Level,Not Applicable,Sealed,Dry,Not Raining,Daylight,Side Swipe,1,Driver Rider,2: MI,No Control,,,1328778.37,1676430.63,1.33E+13
2019-8111-27/05/2021,2 Metropolitan,ELIZABETH PARK,5113,CITY OF PLAYFORD.,2,0,0,0,0,2019,August,Thursday,1:25 PM,60,Divided Road,"CURVED, VIEW OPEN",Level,Not Applicable,Sealed,Dry,Not Raining,Daylight,Hit Parked Vehicle,1,Driver Rider,1: PDO,No Control,,,1336542.7,1693504.43,1.34E+13
2019-8112-27/05/2021,3 Country,WESTERN FLAT,5268,DC TATIARA.                   ,2,1,0,0,1,2019,August,Thursday,10:40 AM,110,Not Divided,Straight road,Level,Not Applicable,Sealed,Dry,Not Raining,Daylight,Hit Fixed Object,1,Driver Rider,2: MI,No Control,,Y,1515665.28,1482617.39,1.52E+13
2019-8113-27/05/2021,2 Metropolitan,OLD REYNELLA,5161,CITY OF ONKAPARINGA,2,1,0,0,1,2019,August,Thursday,2:29 PM,50,Not Divided,Straight road,Level,Driveway or Entrance,Sealed,Dry,Not Raining,Daylight,Rear End,2,Driver Rider,2: MI,No Control,,,1322597.8,1652794.37,1.32E+13
2019-8114-27/05/2021,3 Country,GOOD HOPE LANDING,5330,LOXTON WAIKERIE DISTRICT COUNCIL,1,0,0,0,0,2019,August,Thursday,1:25 PM,110,Not Divided,Straight road,Level,Not Applicable,Sealed,Dry,Not Raining,Daylight,Left Road - Out of Control,1,Driver Rider,1: PDO,No Control,,,1476319.68,1746388.63,1.48E+13
2019-8115-27/05/2021,2 Metropolitan,PARAFIELD GARDENS,5107,CITY OF SALISBURY,3,0,0,0,0,2019,August,Thursday,3:15 PM,60,Divided Road,Straight road,Level,Not Applicable,Sealed,Dry,Not Raining,Daylight,Rear End,1,Driver Rider,1: PDO,No Control,,,1330647.25,1685816.66,1.33E+13
2019-8116-27/05/2021,2 Metropolitan,CHRISTIE DOWNS,5164,CITY OF ONKAPARINGA,2,1,0,0,1,2019,August,Thursday,3:33 PM,60,T-Junction,Straight road,Level,Not Applicable,Sealed,Dry,Not Raining,Daylight,Hit Pedestrian,2,Pedestrian,2: MI,Traffic Signals,,,1318513.27,1647464.88,1.32E+13
2019-8117-27/05/2021,2 Metropolitan,GREENACRES,5086,CITY OF PORT ADELAIDE ENFIELD,2,0,0,0,0,2019,August,Thursday,3:10 PM,60,T-Junction,Straight road,Level,Not Applicable,Sealed,Dry,Not Raining,Daylight,Rear End,2,Driver Rider,1: PDO,No Control,,,1330428.1,1676934.65,1.33E+13
2019-8118-27/05/2021,2 Metropolitan,MAGILL,5072,CC CAMPBELLTOWN.              ,2,1,0,0,1,2019,August,Thursday,10:15 AM,60,Not Divided,Straight road,Level,Not Applicable,Sealed,Dry,Not Raining,Daylight,Side Swipe,2,Driver Rider,2: MI,No Control,,,1335457.77,1672800.87,1.34E+13
2019-8119-27/05/2021,2 Metropolitan,HEWETT,5118,LIGHT REGIONAL COUNCIL,3,1,1,0,0,2019,August,Thursday,11:05 AM,110,One Way,"CURVED, VIEW OPEN",Slope,Not Applicable,Sealed,Dry,Not Raining,Daylight,Hit Fixed Object,1,Driver Rider,4: Fatal,No Control,,,1343329.05,1709339.97,1.34E+13
2019-8120-27/05/2021,2 Metropolitan,PASADENA,5042,CC MITCHAM.                   ,2,0,0,0,0,2019,August,Thursday,3:40 PM,60,T-Junction,Straight road,Level,Not Applicable,Sealed,Dry,Not Raining,Daylight,Rear End,2,Driver Rider,1: PDO,No Control,,,1327120.31,1663340.67,1.33E+13
2019-8121-27/05/2021,2 Metropolitan,CAMPBELLTOWN,5074,CC CAMPBELLTOWN.              ,2,0,0,0,0,2019,August,Thursday,3:30 PM,50,Not Divided,Straight road,Level,Not Applicable,Sealed,Dry,Not Raining,Daylight,Hit Parked Vehicle,1,Driver Rider,1: PDO,No Control,,,1335333.48,1675317.19,1.34E+13
2019-8122-27/05/2021,3 Country,RENMARK,5341,DC RENMARK PARINGA            ,2,0,0,0,0,2019,August,Thursday,4:42 PM,50,Cross Road,Straight road,Level,Not Applicable,Sealed,Dry,Not Raining,Daylight,Right Angle,2,Driver Rider,1: PDO,Give Way Sign,,,1528314.95,1745000.34,1.53E+13
2019-8123-27/05/2021,2 Metropolitan,GOODWOOD,5034,CITY OF UNLEY,2,1,0,1,0,2019,August,Thursday,3:10 PM,50,Not Divided,Straight road,Level,Not Applicable,Sealed,Dry,Not Raining,Daylight,Right Turn,1,Driver Rider,3: SI,No Control,,,1327460.3,1667805.02,1.33E+13
2019-8124-27/05/2021,2 Metropolitan,URRBRAE,5064,CC MITCHAM.                   ,2,0,0,0,0,2019,August,Thursday,5:30 PM,60,Cross Road,Straight road,Level,Not Applicable,Sealed,Dry,Not Raining,Daylight,Right Turn,1,Driver Rider,1: PDO,Traffic Signals,,,1330786.89,1665600.37,1.33E+13
2019-8125-27/05/2021,2 Metropolitan,MELROSE PARK,5039,CC MITCHAM.                   ,2,0,0,0,0,2019,August,Thursday,3:50 PM,60,Not Divided,Straight road,Level,Not Applicable,Sealed,Dry,Not Raining,Daylight,Side Swipe,2,Driver Rider,1: PDO,No Control,,,1326045.85,1664953.5,1.33E+13
2019-8126-27/05/2021,3 Country,MILLICENT,5280,WATTLE RANGE COUNCIL,2,0,0,0,0,2019,August,Thursday,2:24 PM,50,Cross Road,Straight road,Level,Not Applicable,Sealed,Dry,Not Raining,Daylight,Right Angle,1,Driver Rider,1: PDO,Give Way Sign,,,1474132.84,1367594.88,1.47E+13
2019-8127-27/05/2021,1 City,ADELAIDE,5000,CITY OF ADELAIDE,2,0,0,0,0,2019,August,Thursday,8:30 AM,50,T-Junction,Straight road,Level,Not Applicable,Sealed,Dry,Not Raining,Daylight,Side Swipe,2,Driver Rider,1: PDO,Traffic Signals,,,1329575.18,1670547.41,1.33E+13
2019-8128-27/05/2021,2 Metropolitan,THEBARTON,5031,CITY OF WEST TORRENS,3,0,0,0,0,2019,August,Thursday,7:00 PM,60,T-Junction,Straight road,Level,Not Applicable,Sealed,Dry,Not Raining,Night,Rear End,2,Driver Rider,1: PDO,Traffic Signals,,,1325687.29,1671374.32,1.33E+13
2019-8129-27/05/2021,3 Country,PORT AUGUSTA,5700,CC PT.AUGUSTA.                ,3,0,0,0,0,2019,August,Thursday,4:00 PM,50,Not Divided,Straight road,Level,Driveway or Entrance,Sealed,Dry,Not Raining,Daylight,Right Angle,1,Driver Rider,1: PDO,No Control,,,1259196.91,1942218.7,1.26E+13
2019-8130-27/05/2021,3 Country,RENMARK,5341,DC RENMARK PARINGA            ,2,0,0,0,0,2019,August,Friday,5:04 AM,50,Divided Road,Straight road,Level,Not Applicable,Sealed,Dry,Not Raining,Night,Hit Parked Vehicle,1,Driver Rider,1: PDO,No Control,,,1528818.16,1745894.94,1.53E+13
2019-8131-27/05/2021,2 Metropolitan,FULHAM,5024,CITY OF WEST TORRENS,2,0,0,0,0,2019,August,Thursday,8:30 AM,60,Cross Road,Straight road,Level,Not Applicable,Sealed,Dry,Not Raining,Daylight,Side Swipe,2,Driver Rider,1: PDO,Traffic Signals,,,1320990.23,1670855.57,1.32E+13
2019-8132-27/05/2021,2 Metropolitan,CAVAN,5094,CITY OF SALISBURY,2,0,0,0,0,2019,August,Thursday,12:00 PM,70,Cross Road,Straight road,Level,Not Applicable,Sealed,Dry,Not Raining,Daylight,Rear End,2,Driver Rider,1: PDO,Traffic Signals,,,1328738.31,1681559.52,1.33E+13
2019-8133-27/05/2021,2 Metropolitan,FULHAM GARDENS,5024,CITY OF CHARLES STURT,2,1,0,0,1,2019,August,Friday,9:05 AM,60,Cross Road,Straight road,Slope,Not Applicable,Sealed,Dry,Not Raining,Daylight,Rear End,2,Driver Rider,2: MI,Traffic Signals,,,1320790.05,1673070.27,1.32E+13
2019-8134-27/05/2021,2 Metropolitan,FORESTVILLE,5035,CITY OF UNLEY,3,0,0,0,0,2019,August,Friday,8:56 AM,40,T-Junction,Straight road,Level,Not Applicable,Sealed,Dry,Not Raining,Daylight,Right Angle,2,Driver Rider,1: PDO,No Control,,,1326691.95,1667801.66,1.33E+13
2019-8135-27/05/2021,2 Metropolitan,REGENCY PARK,5010,CITY OF PORT ADELAIDE ENFIELD,2,0,0,0,0,2019,August,Friday,9:00 AM,60,T-Junction,Straight road,Level,Not Applicable,Sealed,Dry,Not Raining,Daylight,Right Angle,1,Driver Rider,1: PDO,No Control,,,1326404.81,1679010.23,1.33E+13
2019-8136-27/05/2021,2 Metropolitan,MODBURY NORTH,5092,CITY OF TEA TREE GULLY,2,0,0,0,0,2019,August,Friday,9:35 AM,60,T-Junction,Straight road,Level,Not Applicable,Sealed,Wet,Not Raining,Daylight,Right Turn,1,Driver Rider,1: PDO,No Control,,,1335662.01,1681768.52,1.34E+13
2019-8137-27/05/2021,2 Metropolitan,COWANDILLA,5033,CITY OF WEST TORRENS,2,0,0,0,0,2019,August,Friday,8:45 AM,50,Not Divided,Straight road,Level,Not Applicable,Sealed,Dry,Not Raining,Daylight,Side Swipe,2,Driver Rider,1: PDO,No Control,,,1324348.63,1670375,1.32E+13
2019-8138-27/05/2021,2 Metropolitan,PARAFIELD,5106,CITY OF SALISBURY,2,0,0,0,0,2019,August,Friday,10:15 AM,80,Cross Road,Straight road,Level,Not Applicable,Sealed,Dry,Not Raining,Daylight,Side Swipe,2,Driver Rider,1: PDO,Traffic Signals,,,1331791.2,1683497.51,1.33E+13
2019-8139-27/05/2021,3 Country,WHYALLA PLAYFORD,5600,CC WHYALLA.                   ,2,0,0,0,0,2019,August,Thursday,7:15 PM,50,T-Junction,Straight road,Level,Not Applicable,Sealed,Dry,Not Raining,Night,Right Angle,2,Driver Rider,1: PDO,Give Way Sign,,,1238501.56,1883874.14,1.24E+13
2019-8140-27/05/2021,2 Metropolitan,ELIZABETH,5112,CITY OF PLAYFORD.,2,0,0,0,0,2019,August,Friday,12:06 PM,60,T-Junction,Straight road,Level,Not Applicable,Sealed,Dry,Not Raining,Daylight,Right Turn,2,Driver Rider,1: PDO,Give Way Sign,,,1335808.03,1693779.92,1.34E+13
2019-8141-27/05/2021,2 Metropolitan,PARAFIELD GARDENS,5107,CITY OF SALISBURY,2,1,0,0,1,2019,August,Friday,12:35 PM,60,Divided Road,Straight road,Level,Not Applicable,Sealed,Dry,Not Raining,Daylight,Hit Pedestrian,2,Pedestrian,2: MI,No Control,,,1331309.84,1686655.24,1.33E+13
2019-8142-27/05/2021,2 Metropolitan,GLENELG,5045,CITY OF HOLDFAST BAY,2,1,0,0,1,2019,August,Friday,7:30 AM,50,T-Junction,Straight road,Level,Not Applicable,Sealed,Dry,Not Raining,Daylight,Side Swipe,2,Driver Rider,2: MI,No Control,,,1320847.72,1665300.54,1.32E+13
2019-8143-27/05/2021,2 Metropolitan,HOLDEN HILL,5088,CITY OF PORT ADELAIDE ENFIELD,2,0,0,0,0,2019,August,Friday,1:06 PM,60,Divided Road,Straight road,Level,Driveway or Entrance,Sealed,Dry,Not Raining,Daylight,Right Angle,1,Driver Rider,1: PDO,No Control,,,1334417.86,1678382.69,1.33E+13
2019-8144-27/05/2021,2 Metropolitan,WALKLEY HEIGHTS,5098,CITY OF SALISBURY,2,1,0,0,1,2019,August,Thursday,5:00 PM,60,Not Divided,Straight road,Level,Not Applicable,Sealed,Dry,Not Raining,Daylight,Rear End,2,Driver Rider,2: MI,No Control,,,1332741.13,1680506.43,1.33E+13
2019-8145-27/05/2021,2 Metropolitan,SALISBURY HEIGHTS,5109,CITY OF SALISBURY,2,0,0,0,0,2019,August,Friday,1:40 PM,50,Not Divided,Straight road,Slope,Not Applicable,Sealed,Dry,Not Raining,Daylight,Head On,1,Driver Rider,1: PDO,No Control,,,1336876.19,1689244.43,1.34E+13
2019-8146-27/05/2021,2 Metropolitan,SMITHFIELD PLAINS,5114,CITY OF PLAYFORD.,2,2,0,0,2,2019,August,Friday,3:15 PM,60,Pedestrian Crossing,Straight road,Level,Not Applicable,Sealed,Dry,Not Raining,Daylight,Rear End,1,Driver Rider,2: MI,Traffic Signals,,,1336176.83,1697666.16,1.34E+13
2019-8147-27/05/2021,2 Metropolitan,ELIZABETH EAST,5112,CITY OF PLAYFORD.,2,0,0,0,0,2019,August,Friday,3:50 PM,60,Not Divided,Straight road,Level,Not Applicable,Sealed,Dry,Not Raining,Daylight,Hit Pedestrian,2,Driver Rider,1: PDO,No Control,,,1336796.09,1693090.46,1.34E+13
2019-8148-27/05/2021,1 City,NORTH ADELAIDE,5006,CITY OF ADELAIDE,2,0,0,0,0,2019,August,Tuesday,3:40 PM,50,Not Divided,Straight road,Level,Not Applicable,Sealed,Dry,Not Raining,Daylight,Side Swipe,2,Driver Rider,1: PDO,No Control,,,1328507.5,1672952.23,1.33E+13
2019-8149-27/05/2021,2 Metropolitan,PROSPECT,5082,CITY OF PROSPECT,2,0,0,0,0,2019,August,Friday,3:35 PM,60,Divided Road,Straight road,Level,Not Applicable,Sealed,Dry,Not Raining,Daylight,Side Swipe,2,Driver Rider,1: PDO,No Control,,,1327227.4,1676575.31,1.33E+13
2019-8150-27/05/2021,2 Metropolitan,TONSLEY,5042,CC MARION.                    ,2,0,0,0,0,2019,August,Wednesday,7:15 PM,40,Not Divided,Straight road,Level,Roadworks,Sealed,Dry,Not Raining,Night,Side Swipe,1,Driver Rider,1: PDO,No Control,,,1325444.98,1660799.62,1.33E+13
2019-8151-27/05/2021,2 Metropolitan,TROTT PARK,5158,CC MARION.                    ,3,0,0,0,0,2019,August,Friday,3:45 PM,100,Freeway,"CURVED, VIEW OPEN",Slope,Not Applicable,Sealed,Dry,Not Raining,Daylight,Hit Fixed Object,1,Driver Rider,1: PDO,No Control,,,1322863.6,1653935.43,1.32E+13
2019-8152-27/05/2021,2 Metropolitan,OLD NOARLUNGA,5168,CITY OF ONKAPARINGA,2,0,0,0,0,2019,August,Friday,4:45 PM,60,T-Junction,Straight road,Slope,Not Applicable,Sealed,Dry,Not Raining,Daylight,Rear End,1,Driver Rider,1: PDO,No Control,,,1318007.28,1642059.97,1.32E+13
2019-8153-27/05/2021,2 Metropolitan,HAPPY VALLEY,5159,CITY OF ONKAPARINGA,2,1,0,0,1,2019,August,Friday,1:16 AM,80,Cross Road,Straight road,Crest of Hill,Not Applicable,Sealed,Dry,Not Raining,Night,Rear End,2,Driver Rider,2: MI,Traffic Signals,,,1323417.65,1654231,1.32E+13
2019-8154-27/05/2021,2 Metropolitan,HINDMARSH,5007,CITY OF CHARLES STURT,3,0,0,0,0,2019,August,Friday,5:10 PM,60,Divided Road,Straight road,Level,Not Applicable,Sealed,Dry,Not Raining,Daylight,Rear End,1,Driver Rider,1: PDO,No Control,,,1326034.51,1673047.31,1.33E+13
2019-8155-27/05/2021,1 City,ADELAIDE,5000,CITY OF ADELAIDE,6,0,0,0,0,2019,August,Friday,2:50 PM,50,Not Divided,Straight road,Level,Driveway or Entrance,Sealed,Dry,Not Raining,Daylight,Right Angle,1,Driver Rider,1: PDO,No Control,,,1329916.49,1669694.98,1.33E+13
2019-8156-27/05/2021,2 Metropolitan,PORT ADELAIDE,5015,CITY OF PORT ADELAIDE ENFIELD,1,0,0,0,0,2019,August,Thursday,7:30 PM,50,Not Divided,Straight road,Level,Not Applicable,Sealed,Dry,Not Raining,Night,Roll Over,1,Driver Rider,1: PDO,No Control,,,1321711.02,1683357.34,1.32E+13
2019-8157-27/05/2021,2 Metropolitan,OVINGHAM,5082,CITY OF CHARLES STURT,2,1,0,0,1,2019,August,Friday,5:45 PM,60,Divided Road,"CURVED, VIEW OPEN",Level,Not Applicable,Sealed,Dry,Not Raining,Night,Side Swipe,2,Driver Rider,2: MI,No Control,,,1327488.95,1673625.38,1.33E+13
2019-8158-27/05/2021,3 Country,GURRA GURRA,5343,DC RENMARK PARINGA            ,4,0,0,0,0,2019,August,Friday,4:00 PM,110,Not Divided,"CURVED, VIEW OPEN",Level,Not Applicable,Sealed,Dry,Not Raining,Daylight,Hit Fixed Object,1,Driver Rider,1: PDO,No Control,,,1516266.63,1732518.65,1.52E+13
2019-8159-27/05/2021,3 Country,MOUNT GAMBIER,5290,CC MT.GAMBIER.                ,2,0,0,0,0,2019,August,Friday,5:32 PM,50,Cross Road,Straight road,Level,Not Applicable,Sealed,Dry,Not Raining,Daylight,Right Turn,1,Driver Rider,1: PDO,Traffic Signals,,,1510634.56,1339951.5,1.51E+13
2019-8160-27/05/2021,2 Metropolitan,NORTH PLYMPTON,5037,CITY OF WEST TORRENS,2,0,0,0,0,2019,August,Friday,8:00 AM,50,Cross Road,Straight road,Level,Not Applicable,Sealed,Dry,Not Raining,Daylight,Right Angle,1,Driver Rider,1: PDO,Roundabout,,,1324633.13,1667638.23,1.32E+13
2019-8161-27/05/2021,2 Metropolitan,WEST BEACH,5024,CITY OF WEST TORRENS,2,1,0,0,1,2019,August,Friday,3:48 PM,80,Divided Road,Straight road,Level,Not Applicable,Sealed,Dry,Not Raining,Daylight,Rear End,1,Driver Rider,2: MI,No Control,,,1320892.55,1669718.53,1.32E+13
2019-8162-27/05/2021,2 Metropolitan,NOARLUNGA DOWNS,5168,CITY OF ONKAPARINGA,2,0,0,0,0,2019,August,Friday,5:30 PM,60,Divided Road,Straight road,Level,Driveway or Entrance,Sealed,Dry,Not Raining,Daylight,Right Angle,2,Driver Rider,1: PDO,No Control,,,1318141.08,1646799.61,1.32E+13
2019-8163-27/05/2021,2 Metropolitan,CAMPBELLTOWN,5074,CC CAMPBELLTOWN.              ,2,1,0,0,1,2019,August,Friday,3:45 PM,60,T-Junction,Straight road,Level,Not Applicable,Sealed,Wet,Raining,Daylight,Hit Fixed Object,1,Driver Rider,2: MI,No Control,,,1334413.26,1675617.42,1.33E+13
2019-8164-27/05/2021,2 Metropolitan,HECTORVILLE,5073,CC CAMPBELLTOWN.              ,2,1,0,0,1,2019,August,Friday,5:15 PM,60,T-Junction,Straight road,Level,Not Applicable,Sealed,Wet,Not Raining,Daylight,Rear End,2,Driver Rider,2: MI,No Control,,,1335423.29,1674081.28,1.34E+13