REPORT_ID,Stats Area,Suburb,Postcode,LGA Name,Total Units,Total Cas,Total Fats,Total SI,Total MI,Year,Month,Day,Time,Area Speed,Position Type,Horizontal Align,Vertical Align,Other Feat,Road Surface,Moisture Cond,Weather Cond,DayNight,Crash Type,Unit Resp,Entity Code,CSEF Severity,Traffic Ctrls,DUI Involved,Drugs Involved,ACCLOC_X,ACCLOC_Y,UNIQUE_LOC
2019-8247-27/05/2021,2 Metropolitan,ELIZABETH NORTH,5113,CITY OF PLAYFORD.,2,0,0,0,0,2019,August,Monday,9:00 AM,50,T-Junction,Straight road,Level,Not Applicable,Sealed,Dry,Not Raining,Daylight,Right Angle,2,Driver Rider,1: PDO,No Control,,,1336272.61,1695169.02,1.34E+13
2019-8248-27/05/2021,2 Metropolitan,THORNGATE,5082,WALKERVILLE TOWN COUNCIL,3,0,0,0,0,2019,August,Monday,9:49 AM,60,Divided Road,Straight road,Level,Not Applicable,Sealed,Dry,Not Raining,Daylight,Side Swipe,2,Driver Rider,1: PDO,No Control,,,1328467.5,1673795.88,1.33E+13
2019-8249-27/05/2021,3 Country,NURIOOTPA,5355,LIGHT REGIONAL COUNCIL,2,0,0,0,0,2019,August,Friday,5:40 PM,60,Not Divided,Straight road,Level,Not Applicable,Sealed,Dry,Not Raining,Daylight,Rear End,2,Driver Rider,1: PDO,No Control,,,1364650,1720091.05,1.36E+13
2019-8250-27/05/2021,3 Country,BOOKPURNONG,5333,LOXTON WAIKERIE DISTRICT COUNCIL,2,2,0,0,2,2019,August,Friday,1:50 PM,110,T-Junction,Straight road,Crest of Hill,Not Applicable,Sealed,Dry,Not Raining,Daylight,Right Angle,2,Driver Rider,2: MI,Give Way Sign,,,1514943.41,1728978.89,1.51E+13
2019-8251-27/05/2021,2 Metropolitan,URRBRAE,5064,CC MITCHAM.                   ,2,0,0,0,0,2019,August,Monday,8:45 AM,60,Cross Road,Straight road,Level,Not Applicable,Sealed,Dry,Not Raining,Daylight,Side Swipe,2,Driver Rider,1: PDO,Traffic Signals,,,1332373.16,1666370.92,1.33E+13
2019-8252-27/05/2021,2 Metropolitan,PROSPECT,5082,CITY OF PROSPECT,2,0,0,0,0,2019,August,Monday,10:05 AM,60,Cross Road,Straight road,Slope,Not Applicable,Sealed,Dry,Not Raining,Daylight,Right Turn,1,Driver Rider,1: PDO,Traffic Signals,,,1328059.86,1676413.62,1.33E+13
2019-8253-27/05/2021,3 Country,MYPONGA,5202,DC YANKALILLA.                ,2,0,0,0,0,2019,August,Sunday,11:32 AM,100,Not Divided,"CURVED, VIEW OPEN",Slope,Not Applicable,Sealed,Wet,Raining,Daylight,Hit Fixed Object,1,Driver Rider,1: PDO,No Control,,,1318537.24,1623572.24,1.32E+13
2019-8254-27/05/2021,2 Metropolitan,KINGSWOOD,5062,CC MITCHAM.                   ,2,1,0,0,1,2019,August,Thursday,8:30 AM,60,Not Divided,Straight road,Level,Driveway or Entrance,Sealed,Dry,Not Raining,Daylight,Side Swipe,2,Driver Rider,2: MI,No Control,,,1329139.55,1666134.17,1.33E+13
2019-8255-27/05/2021,2 Metropolitan,STURT,5047,CC MARION.                    ,3,0,0,0,0,2019,August,Monday,12:23 PM,60,T-Junction,Straight road,Level,Not Applicable,Sealed,Dry,Not Raining,Daylight,Side Swipe,1,Driver Rider,1: PDO,Traffic Signals,,,1324428.84,1659884.95,1.32E+13
2019-8256-27/05/2021,2 Metropolitan,MAWSON LAKES,5095,CITY OF SALISBURY,2,0,0,0,0,2019,August,Sunday,5:30 PM,60,Divided Road,Straight road,Level,Not Applicable,Sealed,Wet,Raining,Daylight,Rear End,2,Driver Rider,1: PDO,No Control,,,1330417.97,1683951.76,1.33E+13
2019-8257-27/05/2021,2 Metropolitan,VERDUN,5245,DC MT.BARKER.                 ,2,0,0,0,0,2019,August,Sunday,2:50 PM,110,Freeway,Straight road,Slope,Not Applicable,Sealed,Wet,Raining,Daylight,Hit Fixed Object,1,Driver Rider,1: PDO,No Control,,,1345308.65,1659076.12,1.35E+13
2019-8258-27/05/2021,2 Metropolitan,UPPER STURT,5156,THE ADELAIDE HILLS COUNCIL,3,0,0,0,0,2019,August,Sunday,2:30 PM,60,Not Divided,"CURVED, VIEW OBSCURED",Slope,Not Applicable,Sealed,Wet,Raining,Daylight,Hit Fixed Object,1,Driver Rider,1: PDO,No Control,,,1335308.2,1659723.54,1.34E+13
2019-8259-27/05/2021,2 Metropolitan,BEDFORD PARK,5042,CC MITCHAM.                   ,2,1,0,1,0,2019,August,Monday,3:24 PM,20,Not Divided,Straight road,Level,Not Applicable,Sealed,Dry,Not Raining,Daylight,Hit Pedestrian,2,Pedestrian,3: SI,No Control,,,1325664.42,1659773.08,1.33E+13
2019-8260-27/05/2021,2 Metropolitan,ROSTREVOR,5073,CC CAMPBELLTOWN.              ,2,0,0,0,0,2019,August,Monday,2:45 PM,60,Cross Road,Straight road,Level,Not Applicable,Sealed,Dry,Not Raining,Daylight,Rear End,2,Driver Rider,1: PDO,Stop Sign,,,1335434.51,1673666.54,1.34E+13
2019-8261-27/05/2021,1 City,ADELAIDE,5000,CITY OF ADELAIDE,2,1,0,0,1,2019,August,Monday,12:30 PM,50,Cross Road,Straight road,Level,Not Applicable,Sealed,Dry,Not Raining,Daylight,Side Swipe,1,Driver Rider,2: MI,Traffic Signals,,,1329033.89,1670373.94,1.33E+13
2019-8262-27/05/2021,3 Country,LOXTON,5333,LOXTON WAIKERIE DISTRICT COUNCIL,2,0,0,0,0,2019,August,Monday,4:10 PM,50,Not Divided,Straight road,Level,Not Applicable,Sealed,Dry,Not Raining,Daylight,Side Swipe,2,Driver Rider,1: PDO,No Control,,,1510779.42,1715533.29,1.51E+13
2019-8263-27/05/2021,2 Metropolitan,WOODVILLE PARK,5011,CITY OF CHARLES STURT,2,0,0,0,0,2019,August,Monday,3:54 PM,60,Divided Road,Straight road,Level,Driveway or Entrance,Sealed,Dry,Not Raining,Daylight,Right Angle,1,Driver Rider,1: PDO,No Control,,,1324081.41,1676344.85,1.32E+13
2019-8264-27/05/2021,2 Metropolitan,CAVAN,5094,CITY OF SALISBURY,2,0,0,0,0,2019,August,Monday,3:15 PM,70,T-Junction,Straight road,Level,Not Applicable,Sealed,Dry,Not Raining,Daylight,Right Angle,2,Driver Rider,1: PDO,No Control,,,1328919.42,1681623.93,1.33E+13
2019-8265-27/05/2021,3 Country,RENMARK,5341,DC RENMARK PARINGA            ,2,2,0,0,2,2019,August,Monday,3:10 PM,60,Cross Road,Straight road,Level,Not Applicable,Sealed,Dry,Not Raining,Daylight,Right Angle,2,Driver Rider,2: MI,Give Way Sign,,Y,1528366.03,1745057.51,1.53E+13
2019-8266-27/05/2021,2 Metropolitan,PAYNEHAM,5070,"CC OF NORWOOD,PAYNEHAM & ST PETERS",2,0,0,0,0,2019,August,Monday,5:30 PM,60,Divided Road,Straight road,Level,Driveway or Entrance,Sealed,Dry,Not Raining,Daylight,Hit Pedestrian,1,Driver Rider,1: PDO,No Control,,,1332296.07,1673862.28,1.33E+13
2019-8267-27/05/2021,2 Metropolitan,SALISBURY DOWNS,5108,CITY OF SALISBURY,2,1,1,0,0,2019,August,Monday,4:05 PM,70,Pedestrian Crossing,Straight road,Level,Not Applicable,Sealed,Dry,Not Raining,Daylight,Hit Pedestrian,2,Pedestrian,4: Fatal,Traffic Signals,,,1331762.32,1686570.18,1.33E+13
2019-8268-27/05/2021,2 Metropolitan,HENDON,5014,CITY OF CHARLES STURT,2,1,0,1,0,2019,August,Monday,6:10 PM,50,Not Divided,Straight road,Level,Driveway or Entrance,Sealed,Dry,Not Raining,Night,Hit Fixed Object,1,Driver Rider,3: SI,No Control,,,1320824.34,1676840.21,1.32E+13
2019-8269-27/05/2021,2 Metropolitan,EDWARDSTOWN,5039,CC MARION.                    ,2,0,0,0,0,2019,August,Monday,3:00 PM,60,T-Junction,Straight road,Level,Not Applicable,Sealed,Dry,Not Raining,Daylight,Right Turn,2,Driver Rider,1: PDO,Traffic Signals,,,1325923.86,1664392.42,1.33E+13
2019-8270-27/05/2021,2 Metropolitan,LOCKLEYS,5032,CITY OF WEST TORRENS,2,0,0,0,0,2019,August,Monday,10:30 AM,60,Divided Road,Straight road,Level,Not Applicable,Sealed,Dry,Not Raining,Daylight,Side Swipe,2,Driver Rider,1: PDO,No Control,,,1321751.26,1670855.98,1.32E+13
2019-8271-27/05/2021,2 Metropolitan,THEBARTON,5031,CITY OF WEST TORRENS,3,2,0,0,2,2019,August,Monday,7:10 PM,60,Divided Road,Straight road,Level,Not Applicable,Sealed,Dry,Not Raining,Night,Rear End,1,Driver Rider,2: MI,No Control,,,1326519.61,1672024.4,1.33E+13
2019-8272-27/05/2021,2 Metropolitan,PASADENA,5042,CC MITCHAM.                   ,2,0,0,0,0,2019,August,Monday,8:00 PM,50,Not Divided,Straight road,Level,Not Applicable,Sealed,Dry,Not Raining,Night,Hit Parked Vehicle,2,Driver Rider,1: PDO,No Control,,,1327238.66,1661462.45,1.33E+13
2019-8273-27/05/2021,2 Metropolitan,DRY CREEK,5094,CITY OF SALISBURY,2,0,0,0,0,2019,August,Tuesday,6:40 AM,90,Divided Road,Straight road,Level,Not Applicable,Sealed,Dry,Not Raining,Night,Rear End,1,Driver Rider,1: PDO,No Control,,,1328041.21,1682522.63,1.33E+13
2019-8274-27/05/2021,2 Metropolitan,SALISBURY,5108,CITY OF SALISBURY,2,0,0,0,0,2019,August,Tuesday,6:55 AM,50,T-Junction,Straight road,Level,Not Applicable,Sealed,Dry,Not Raining,Daylight,Right Angle,2,Driver Rider,1: PDO,Give Way Sign,,,1332728.57,1688571.7,1.33E+13
2019-8275-27/05/2021,2 Metropolitan,FLAGSTAFF HILL,5159,CITY OF ONKAPARINGA,2,0,0,0,0,2019,August,Tuesday,8:10 AM,60,Not Divided,Straight road,Level,Not Applicable,Sealed,Wet,Raining,Daylight,Rear End,2,Driver Rider,1: PDO,No Control,,,1326787.13,1657049.28,1.33E+13
2019-8276-27/05/2021,2 Metropolitan,SALISBURY,5108,CITY OF SALISBURY,3,0,0,0,0,2019,August,Tuesday,8:13 AM,60,Divided Road,Straight road,Level,Not Applicable,Sealed,Dry,Not Raining,Daylight,Rear End,1,Driver Rider,1: PDO,No Control,,,1332226.72,1687793.89,1.33E+13
2019-8277-27/05/2021,2 Metropolitan,PARKSIDE,5063,CITY OF UNLEY,2,0,0,0,0,2019,August,Monday,6:05 PM,60,Cross Road,Straight road,Level,Not Applicable,Sealed,Dry,Not Raining,Night,Rear End,2,Driver Rider,1: PDO,Traffic Signals,,,1329603.75,1668978.88,1.33E+13
2019-8278-27/05/2021,2 Metropolitan,MELROSE PARK,5039,CC MITCHAM.                   ,2,1,0,0,1,2019,August,Tuesday,9:20 AM,50,Not Divided,Straight road,Level,Driveway or Entrance,Sealed,Wet,Raining,Daylight,Hit Pedestrian,1,Driver Rider,2: MI,No Control,,,1325943.88,1664437.67,1.33E+13
2019-8279-27/05/2021,2 Metropolitan,PARA HILLS WEST,5096,CITY OF SALISBURY,2,2,0,0,2,2019,August,Tuesday,9:28 AM,80,Divided Road,Straight road,Level,Not Applicable,Sealed,Dry,Not Raining,Daylight,Rear End,1,Driver Rider,2: MI,No Control,,,1332608.41,1684496.71,1.33E+13
2019-8280-27/05/2021,2 Metropolitan,WOODVILLE SOUTH,5011,CITY OF CHARLES STURT,2,2,0,0,2,2019,August,Tuesday,7:15 AM,50,Not Divided,Straight road,Level,Driveway or Entrance,Sealed,Dry,Not Raining,Daylight,Rear End,1,Driver Rider,2: MI,No Control,,,1322562.31,1675606.46,1.32E+13
2019-8281-27/05/2021,1 City,ADELAIDE,5000,CITY OF ADELAIDE,3,0,0,0,0,2019,August,Tuesday,9:55 AM,50,Divided Road,Straight road,Level,Not Applicable,Sealed,Dry,Not Raining,Daylight,Hit Parked Vehicle,2,Driver Rider,1: PDO,No Control,,,1329278.79,1670852.7,1.33E+13
2019-8282-27/05/2021,2 Metropolitan,EDINBURGH,5111,CITY OF SALISBURY,2,0,0,0,0,2019,August,Tuesday,8:15 AM,80,Cross Road,"CURVED, VIEW OPEN",Level,Not Applicable,Sealed,Dry,Not Raining,Daylight,Side Swipe,2,Driver Rider,1: PDO,Roundabout,,,1333520.75,1693631.71,1.33E+13
2019-8283-27/05/2021,2 Metropolitan,PORT NOARLUNGA,5167,CITY OF ONKAPARINGA,2,1,0,0,1,2019,August,Tuesday,11:23 AM,50,T-Junction,Straight road,Level,Not Applicable,Sealed,Dry,Not Raining,Daylight,Side Swipe,2,Driver Rider,2: MI,Give Way Sign,,,1315892.74,1646391.81,1.32E+13
2019-8284-27/05/2021,2 Metropolitan,KLEMZIG,5087,CITY OF PORT ADELAIDE ENFIELD,2,0,0,0,0,2019,August,Tuesday,11:35 AM,50,T-Junction,Straight road,Level,Not Applicable,Sealed,Dry,Not Raining,Daylight,Hit Pedestrian,2,Driver Rider,1: PDO,Roundabout,,,1332662.94,1676014.91,1.33E+13
2019-8285-27/05/2021,2 Metropolitan,THEBARTON,5031,CITY OF WEST TORRENS,2,1,0,0,1,2019,August,Tuesday,3:05 AM,60,Cross Road,Straight road,Level,Not Applicable,Unsealed,Wet,Not Raining,Night,Rear End,2,Driver Rider,2: MI,Traffic Signals,,,1326570.84,1671527.41,1.33E+13
2019-8286-27/05/2021,2 Metropolitan,ELIZABETH PARK,5113,CITY OF PLAYFORD.,2,0,0,0,0,2019,August,Monday,2:40 PM,80,Divided Road,Straight road,Level,Not Applicable,Sealed,Dry,Not Raining,Daylight,Rear End,1,Driver Rider,1: PDO,No Control,,,1336526.52,1694667.7,1.34E+13
2019-8287-27/05/2021,3 Country,ANANGU PITJANTJATJARA YANKUNYTJATJARA,872,,1,2,0,0,2,2019,August,Tuesday,1:00 PM,100,Not Divided,Straight road,Level,Not Applicable,Unsealed,Dry,Not Raining,Daylight,Roll Over,1,Driver Rider,2: MI,No Control,,,714350.21,2647886.75,7.14E+12
2019-8288-27/05/2021,3 Country,EVERARD CENTRAL,5461,WAKEFIELD REGIONAL COUNCIL,2,0,0,0,0,2019,August,Tuesday,12:40 PM,100,Cross Road,Straight road,Level,Not Applicable,Unsealed,Wet,Not Raining,Daylight,Side Swipe,1,Driver Rider,1: PDO,No Control,,,1305280.85,1777229.35,1.31E+13
2019-8289-27/05/2021,2 Metropolitan,PARADISE,5075,CC CAMPBELLTOWN.              ,2,1,0,0,1,2019,August,Thursday,4:30 PM,60,T-Junction,Straight road,Level,Not Applicable,Sealed,Dry,Not Raining,Daylight,Right Angle,1,Driver Rider,2: MI,No Control,,,1334652.45,1675977.24,1.33E+13
2019-8290-27/05/2021,2 Metropolitan,WAYVILLE,5034,CITY OF UNLEY,2,0,0,0,0,2019,August,Tuesday,10:00 AM,50,Not Divided,Straight road,Level,Not Applicable,Sealed,Dry,Not Raining,Daylight,Hit Parked Vehicle,2,Driver Rider,1: PDO,No Control,,,1328421.18,1668877.26,1.33E+13
2019-8291-27/05/2021,2 Metropolitan,ENFIELD,5085,CITY OF PORT ADELAIDE ENFIELD,2,0,0,0,0,2019,August,Tuesday,8:30 AM,60,Divided Road,Straight road,Level,Not Applicable,Sealed,Dry,Not Raining,Daylight,Rear End,1,Driver Rider,1: PDO,No Control,,,1328809.1,1679208.75,1.33E+13
2019-8292-27/05/2021,1 City,ADELAIDE,5000,CITY OF ADELAIDE,2,0,0,0,0,2019,August,Tuesday,5:45 PM,50,T-Junction,Straight road,Level,Not Applicable,Sealed,Wet,Raining,Daylight,Right Angle,1,Driver Rider,1: PDO,No Control,,,1329747.16,1670387.9,1.33E+13
2019-8293-27/05/2021,2 Metropolitan,HAWTHORN,5062,CC MITCHAM.                   ,2,1,0,0,1,2019,August,Tuesday,5:15 PM,60,T-Junction,Straight road,Level,Not Applicable,Sealed,Dry,Not Raining,Daylight,Right Turn,1,Driver Rider,2: MI,Give Way Sign,,,1329161.45,1665346.22,1.33E+13
2019-8294-27/05/2021,2 Metropolitan,TRINITY GARDENS,5068,"CC OF NORWOOD,PAYNEHAM & ST PETERS",2,1,0,0,1,2019,August,Tuesday,5:45 PM,60,Not Divided,Straight road,Level,Driveway or Entrance,Sealed,Wet,Not Raining,Daylight,Right Angle,1,Driver Rider,2: MI,No Control,,,1332735.62,1671775.85,1.33E+13
2019-8295-27/05/2021,2 Metropolitan,BURTON,5110,CITY OF SALISBURY,3,1,0,0,1,2019,August,Tuesday,5:17 PM,60,Not Divided,Straight road,Level,Not Applicable,Sealed,Dry,Not Raining,Daylight,Rear End,1,Driver Rider,2: MI,No Control,,,1330062.88,1690896.57,1.33E+13
2019-8296-27/05/2021,2 Metropolitan,SEACLIFF PARK,5049,CITY OF HOLDFAST BAY,3,0,0,0,0,2019,August,Tuesday,6:45 PM,60,T-Junction,Straight road,Slope,Not Applicable,Sealed,Dry,Not Raining,Night,Rear End,1,Driver Rider,1: PDO,No Control,,,1321211.15,1658633.07,1.32E+13
2019-8297-27/05/2021,2 Metropolitan,HORSNELL GULLY,5141,THE ADELAIDE HILLS COUNCIL,2,0,0,0,0,2019,August,Tuesday,6:00 PM,60,Not Divided,"CURVED, VIEW OBSCURED",Slope,Not Applicable,Sealed,Wet,Raining,Night,Head On,1,Driver Rider,1: PDO,No Control,,,1339369.58,1670169.75,1.34E+13
2019-8298-27/05/2021,3 Country,WILLALOOKA,5267,DC TATIARA.                   ,2,1,0,0,1,2019,August,Tuesday,6:15 PM,110,Not Divided,"CURVED, VIEW OPEN",Level,Not Applicable,Sealed,Wet,Raining,Night,Hit Fixed Object,1,Driver Rider,2: MI,No Control,,,1481925.6,1494514.77,1.48E+13
2019-8299-27/05/2021,2 Metropolitan,HOLDEN HILL,5088,CITY OF PORT ADELAIDE ENFIELD,3,0,0,0,0,2019,August,Tuesday,9:30 PM,60,T-Junction,Straight road,Level,Not Applicable,Sealed,Wet,Raining,Night,Hit Fixed Object,1,Driver Rider,1: PDO,Traffic Signals,,,1333963.39,1677962.96,1.33E+13
2019-8300-27/05/2021,2 Metropolitan,MOUNT BARKER,5251,DC MT.BARKER.                 ,3,0,0,0,0,2019,August,Tuesday,10:30 AM,50,Cross Road,Straight road,Level,Not Applicable,Sealed,Dry,Not Raining,Daylight,Hit Fixed Object,1,Driver Rider,1: PDO,Roundabout,,,1351726.38,1652355.34,1.35E+13
2019-8301-27/05/2021,2 Metropolitan,SEACLIFF PARK,5049,CITY OF HOLDFAST BAY,2,2,0,0,2,2019,August,Wednesday,6:59 AM,60,T-Junction,Straight road,Slope,Not Applicable,Sealed,Wet,Raining,Daylight,Right Turn,1,Driver Rider,2: MI,Traffic Signals,,,1321187.59,1659325.76,1.32E+13
2019-8302-27/05/2021,2 Metropolitan,SOUTH PLYMPTON,5038,CC MARION.                    ,2,0,0,0,0,2019,August,Wednesday,7:00 AM,60,Divided Road,Straight road,Level,Not Applicable,Sealed,Dry,Not Raining,Daylight,Rear End,2,Driver Rider,1: PDO,No Control,,,1324247.3,1665824,1.32E+13
2019-8303-27/05/2021,1 City,ADELAIDE,5000,CITY OF ADELAIDE,2,1,0,0,1,2019,August,Wednesday,8:00 AM,50,Divided Road,Straight road,Level,Not Applicable,Sealed,Wet,Raining,Daylight,Hit Pedestrian,2,Pedestrian,2: MI,No Control,,,1329160.47,1670849.02,1.33E+13
2019-8304-27/05/2021,2 Metropolitan,VISTA,5091,CITY OF TEA TREE GULLY,2,0,0,0,0,2019,August,Wednesday,8:34 AM,80,Not Divided,"CURVED, VIEW OPEN",Slope,Not Applicable,Sealed,Dry,Not Raining,Daylight,Hit Fixed Object,1,Driver Rider,1: PDO,No Control,,,1340582.71,1680080.85,1.34E+13
2019-8305-27/05/2021,2 Metropolitan,NORWOOD,5067,"CC OF NORWOOD,PAYNEHAM & ST PETERS",2,0,0,0,0,2019,August,Wednesday,8:25 AM,50,Cross Road,Straight road,Level,Road hump or Slow point,Sealed,Wet,Raining,Daylight,Right Angle,1,Driver Rider,1: PDO,Roundabout,,,1331844.74,1671411.97,1.33E+13
2019-8306-27/05/2021,2 Metropolitan,HENLEY BEACH,5022,CITY OF CHARLES STURT,2,0,0,0,0,2019,August,Tuesday,9:00 PM,50,Not Divided,Straight road,Level,Not Applicable,Sealed,Wet,Not Raining,Night,Hit Parked Vehicle,2,Driver Rider,1: PDO,No Control,,,1318913.52,1672895.79,1.32E+13
2019-8307-27/05/2021,2 Metropolitan,DERNANCOURT,5075,CITY OF TEA TREE GULLY,3,0,0,0,0,2019,August,Wednesday,8:40 AM,60,T-Junction,Straight road,Level,Not Applicable,Sealed,Wet,Raining,Daylight,Rear End,1,Driver Rider,1: PDO,Traffic Signals,,,1336042.72,1677268.06,1.34E+13
2019-8308-27/05/2021,2 Metropolitan,EDWARDSTOWN,5039,CC MARION.                    ,2,0,0,0,0,2019,August,Tuesday,2:00 PM,60,Divided Road,Straight road,Level,Not Applicable,Sealed,Dry,Not Raining,Daylight,Side Swipe,2,Driver Rider,1: PDO,No Control,,,1325882.69,1665842.24,1.33E+13
2019-8309-27/05/2021,3 Country,PORT LINCOLN,5606,CC PT.LINCOLN.                ,5,0,0,0,0,2019,August,Wednesday,9:30 AM,60,Not Divided,Straight road,Slope,Not Applicable,Sealed,Dry,Not Raining,Daylight,Other,1,Driver Rider,1: PDO,No Control,,,1077155.29,1695335.38,1.08E+13
2019-8310-27/05/2021,3 Country,MOUNT GAMBIER,5290,CC MT.GAMBIER.                ,2,0,0,0,0,2019,August,Wednesday,10:55 AM,50,Cross Road,Straight road,Level,Not Applicable,Sealed,Wet,Raining,Daylight,Right Turn,1,Driver Rider,1: PDO,Give Way Sign,,,1509929.03,1339849.75,1.51E+13
2019-8311-27/05/2021,2 Metropolitan,EYRE,5121,CITY OF PLAYFORD.,2,1,0,0,1,2019,August,Wednesday,10:25 AM,60,Cross Road,Straight road,Level,Not Applicable,Sealed,Dry,Not Raining,Daylight,Right Angle,2,Driver Rider,2: MI,Stop Sign,,,1334450.71,1695787.2,1.33E+13
2019-8312-27/05/2021,2 Metropolitan,PARALOWIE,5108,CITY OF SALISBURY,2,1,0,0,1,2019,August,Wednesday,8:30 AM,50,Not Divided,Straight road,Level,Not Applicable,Sealed,Wet,Not Raining,Daylight,Hit Pedestrian,1,Pedestrian,2: MI,No Control,,,1330864.45,1689840.65,1.33E+13
2019-8313-27/05/2021,2 Metropolitan,KENSINGTON,5068,"CC OF NORWOOD,PAYNEHAM & ST PETERS",2,0,0,0,0,2019,August,Wednesday,9:30 AM,60,Cross Road,Straight road,Unknown,Not Applicable,Sealed,Dry,Unknown,Daylight,Right Turn,1,Driver Rider,1: PDO,Traffic Signals,,,1332259.75,1671076.47,1.33E+13
2019-8314-27/05/2021,2 Metropolitan,HAPPY VALLEY,5159,CITY OF ONKAPARINGA,2,0,0,0,0,2019,August,Tuesday,5:45 PM,70,Cross Road,Straight road,Level,Not Applicable,Sealed,Wet,Raining,Daylight,Rear End,2,Driver Rider,1: PDO,Roundabout,,,1325603.37,1656854,1.33E+13
2019-8315-27/05/2021,1 City,ADELAIDE,5000,CITY OF ADELAIDE,2,0,0,0,0,2019,August,Tuesday,6:00 PM,25,Not Divided,Unknown,Unknown,Not Applicable,Sealed,Unknown,Unknown,Night,Hit Parked Vehicle,2,Driver Rider,1: PDO,No Control,,,1328423.43,1670648.09,1.33E+13
2019-8316-27/05/2021,1 City,ADELAIDE,5000,CITY OF ADELAIDE,2,0,0,0,0,2019,August,Tuesday,9:45 AM,50,T-Junction,Straight road,Level,Not Applicable,Sealed,Dry,Not Raining,Daylight,Right Angle,2,Driver Rider,1: PDO,No Control,,,1327674.62,1669548.44,1.33E+13
2019-8317-27/05/2021,2 Metropolitan,FIRLE,5070,"CC OF NORWOOD,PAYNEHAM & ST PETERS",2,0,0,0,0,2019,August,Wednesday,2:10 PM,50,T-Junction,Straight road,Level,Not Applicable,Sealed,Dry,Not Raining,Daylight,Right Angle,1,Driver Rider,1: PDO,No Control,,,1333611.31,1673102.03,1.33E+13
2019-8318-27/05/2021,2 Metropolitan,ENFIELD,5085,CITY OF PORT ADELAIDE ENFIELD,2,1,0,0,1,2019,August,Wednesday,3:10 PM,60,Divided Road,Straight road,Level,Driveway or Entrance,Sealed,Dry,Not Raining,Daylight,Right Angle,1,Driver Rider,2: MI,No Control,,,1329521.22,1676458.73,1.33E+13
2019-8319-27/05/2021,2 Metropolitan,ADELAIDE AIRPORT,5950,CITY OF WEST TORRENS,2,0,0,0,0,2019,August,Wednesday,7:05 AM,80,Divided Road,Straight road,Level,Driveway or Entrance,Sealed,Dry,Not Raining,Daylight,Right Angle,1,Driver Rider,1: PDO,No Control,,,1320919.7,1668714.5,1.32E+13
2019-8320-27/05/2021,2 Metropolitan,WATERLOO CORNER,5110,CITY OF SALISBURY,1,0,0,0,0,2019,August,Wednesday,3:35 PM,60,T-Junction,Straight road,Level,Not Applicable,Sealed,Dry,Not Raining,Daylight,Other,1,Driver Rider,1: PDO,No Control,,,1327947.37,1692165.79,1.33E+13
2019-8321-27/05/2021,1 City,ADELAIDE,5000,CITY OF ADELAIDE,2,0,0,0,0,2019,August,Tuesday,5:00 PM,50,Not Divided,Straight road,Level,Not Applicable,Sealed,Wet,Raining,Daylight,Hit Parked Vehicle,1,Driver Rider,1: PDO,No Control,,,1329357.73,1669748.57,1.33E+13
2019-8322-27/05/2021,2 Metropolitan,MEDINDIE,5081,WALKERVILLE TOWN COUNCIL,2,1,0,0,1,2019,August,Tuesday,7:30 PM,60,T-Junction,Straight road,Level,Not Applicable,Sealed,Wet,Not Raining,Night,Rear End,1,Driver Rider,2: MI,Traffic Signals,,,1328923.59,1674231.38,1.33E+13
2019-8323-27/05/2021,2 Metropolitan,STURT,5047,CC MARION.                    ,2,0,0,0,0,2019,August,Wednesday,4:20 PM,60,Divided Road,Straight road,Level,Driveway or Entrance,Sealed,Dry,Not Raining,Daylight,Right Angle,2,Driver Rider,1: PDO,No Control,,,1323784.45,1660662.18,1.32E+13
2019-8324-27/05/2021,3 Country,YAHL,5291,DISTRICT COUNCIL OF GRANT,2,0,0,0,0,2019,August,Wednesday,3:15 PM,100,Cross Road,Straight road,Level,Not Applicable,Sealed,Dry,Not Raining,Daylight,Side Swipe,1,Driver Rider,1: PDO,Give Way Sign,,,1512535.72,1334478.14,1.51E+13
2019-8325-27/05/2021,2 Metropolitan,PROSPECT,5082,CITY OF PROSPECT,2,0,0,0,0,2019,August,Tuesday,8:30 AM,50,Cross Road,Straight road,Level,Not Applicable,Sealed,Dry,Not Raining,Daylight,Side Swipe,2,Driver Rider,1: PDO,Stop Sign,,,1328115.71,1674191.84,1.33E+13
2019-8326-27/05/2021,2 Metropolitan,MORPHETT VALE,5162,CITY OF ONKAPARINGA,2,2,0,0,2,2019,August,Wednesday,5:30 PM,50,Not Divided,Straight road,Level,Not Applicable,Sealed,Dry,Not Raining,Daylight,Side Swipe,2,Driver Rider,2: MI,No Control,,,1320925.85,1649096.27,1.32E+13
2019-8327-27/05/2021,3 Country,NARACOORTE,5271,DC NARACOORTE & LUCINDALE.,2,1,0,0,1,2019,August,Wednesday,5:34 PM,50,T-Junction,Straight road,Level,Not Applicable,Sealed,Wet,Not Raining,Daylight,Hit Fixed Object,1,Driver Rider,2: MI,No Control,,,1512432.81,1437637.21,1.51E+13
2019-8328-27/05/2021,2 Metropolitan,ASCOT PARK,5043,CC MARION.                    ,2,0,0,0,0,2019,August,Wednesday,6:15 PM,50,Cross Road,Straight road,Level,Not Applicable,Sealed,Dry,Not Raining,Night,Right Turn,2,Driver Rider,1: PDO,Stop Sign,,,1325094.28,1664007.99,1.33E+13