REPORT_ID,Stats Area,Suburb,Postcode,LGA Name,Total Units,Total Cas,Total Fats,Total SI,Total MI,Year,Month,Day,Time,Area Speed,Position Type,Horizontal Align,Vertical Align,Other Feat,Road Surface,Moisture Cond,Weather Cond,DayNight,Crash Type,Unit Resp,Entity Code,CSEF Severity,Traffic Ctrls,DUI Involved,Drugs Involved,ACCLOC_X,ACCLOC_Y,UNIQUE_LOC
2019-8411-27/05/2021,2 Metropolitan,SEACOMBE HEIGHTS,5047,CC MARION.                    ,2,0,0,0,0,2019,August,Friday,8:00 AM,50,Not Divided,Straight road,Level,Not Applicable,Sealed,Dry,Not Raining,Daylight,Rear End,1,Driver Rider,1: PDO,No Control,,,1323119,1658396.61,1.32E+13
2019-8412-27/05/2021,2 Metropolitan,MORPHETT VALE,5162,CITY OF ONKAPARINGA,2,1,0,0,1,2019,August,Friday,6:40 PM,60,Cross Road,Straight road,Level,Not Applicable,Sealed,Dry,Not Raining,Night,Right Angle,1,Driver Rider,2: MI,Roundabout,,,1321935.14,1649890.39,1.32E+13
2019-8413-27/05/2021,2 Metropolitan,WAYVILLE,5034,CITY OF UNLEY,4,0,0,0,0,2019,August,Friday,6:50 PM,60,Cross Road,Straight road,Level,Not Applicable,Sealed,Dry,Not Raining,Night,Rear End,1,Driver Rider,1: PDO,Traffic Signals,,,1326893.44,1668904.96,1.33E+13
2019-8414-27/05/2021,1 City,ADELAIDE,5000,CITY OF ADELAIDE,2,0,0,0,0,2019,August,Friday,8:15 PM,50,Divided Road,Straight road,Level,Not Applicable,Sealed,Dry,Not Raining,Night,Side Swipe,2,Driver Rider,1: PDO,No Control,,,1327591.28,1670322.24,1.33E+13
2019-8415-27/05/2021,3 Country,SECOND VALLEY,5204,DC YANKALILLA.                ,2,2,0,2,0,2019,August,Friday,4:40 PM,100,Not Divided,"CURVED, VIEW OPEN",Level,Not Applicable,Sealed,Dry,Not Raining,Daylight,Head On,1,Driver Rider,3: SI,No Control,,,1292036.11,1604276.19,1.29E+13
2019-8416-27/05/2021,2 Metropolitan,MAYLANDS,5069,"CC OF NORWOOD,PAYNEHAM & ST PETERS",2,0,0,0,0,2019,August,Friday,7:55 PM,50,Not Divided,Straight road,Level,Not Applicable,Sealed,Dry,Not Raining,Night,Hit Parked Vehicle,1,Driver Rider,1: PDO,No Control,,,1331801.89,1672166.39,1.33E+13
2019-8417-27/05/2021,2 Metropolitan,CRAFERS,5152,THE ADELAIDE HILLS COUNCIL,2,0,0,0,0,2019,August,Friday,11:30 PM,60,Not Divided,"CURVED, VIEW OBSCURED",Slope,Not Applicable,Sealed,Wet,Not Raining,Night,Hit Fixed Object,1,Driver Rider,1: PDO,No Control,,,1338198.59,1663599.28,1.34E+13
2019-8418-27/05/2021,2 Metropolitan,LINDEN PARK,5065,CITY OF BURNSIDE,2,2,0,2,0,2019,August,Saturday,12:30 AM,50,Not Divided,Straight road,Level,Not Applicable,Sealed,Dry,Not Raining,Night,Hit Fixed Object,1,Driver Rider,3: SI,No Control,,,1332557.95,1668748.94,1.33E+13
2019-8419-27/05/2021,2 Metropolitan,CAMDEN PARK,5038,CITY OF WEST TORRENS,2,0,0,0,0,2019,August,Saturday,2:16 AM,60,T-Junction,Straight road,Level,Not Applicable,Sealed,Dry,Not Raining,Night,Hit Fixed Object,1,Driver Rider,1: PDO,Roundabout,,,1322615.66,1666104.64,1.32E+13
2019-8420-27/05/2021,2 Metropolitan,GLENELG NORTH,5045,CITY OF HOLDFAST BAY,2,2,0,0,2,2019,August,Saturday,2:10 AM,60,Cross Road,Straight road,Level,Not Applicable,Sealed,Dry,Not Raining,Night,Right Turn,2,Driver Rider,2: MI,Traffic Signals,,,1321014.42,1665321.69,1.32E+13
2019-8421-27/05/2021,2 Metropolitan,GLENGOWRIE,5044,CC MARION.                    ,3,2,0,1,1,2019,August,Saturday,3:10 AM,60,Not Divided,Straight road,Level,Not Applicable,Sealed,Dry,Not Raining,Night,Hit Parked Vehicle,1,Driver Rider,3: SI,No Control,,,1322642.72,1665147.62,1.32E+13
2019-8422-27/05/2021,1 City,ADELAIDE,5000,CITY OF ADELAIDE,2,0,0,0,0,2019,August,Saturday,8:21 AM,60,Cross Road,"CURVED, VIEW OPEN",Level,Not Applicable,Sealed,Dry,Not Raining,Daylight,Right Turn,1,Driver Rider,1: PDO,Traffic Signals,,,1327395.61,1669542.05,1.33E+13
2019-8423-27/05/2021,2 Metropolitan,KIDMAN PARK,5025,CITY OF CHARLES STURT,2,1,0,0,1,2019,August,Saturday,9:30 AM,60,Not Divided,Straight road,Crest of Hill,Not Applicable,Sealed,Dry,Not Raining,Daylight,Roll Over,1,Driver Rider,2: MI,No Control,,,1321627.61,1673093.4,1.32E+13
2019-8424-27/05/2021,2 Metropolitan,FLINDERS PARK,5025,CITY OF CHARLES STURT,2,0,0,0,0,2019,August,Saturday,10:10 AM,60,T-Junction,Straight road,Level,Not Applicable,Sealed,Dry,Not Raining,Daylight,Right Angle,1,Driver Rider,1: PDO,No Control,,,1322523.14,1672347.24,1.32E+13
2019-8425-27/05/2021,2 Metropolitan,SOUTH PLYMPTON,5038,CC MARION.                    ,2,0,0,0,0,2019,August,Friday,12:15 PM,60,Cross Road,Straight road,Level,Not Applicable,Sealed,Dry,Not Raining,Daylight,Rear End,1,Driver Rider,1: PDO,Traffic Signals,,,1324291.75,1664735.62,1.32E+13
2019-8426-27/05/2021,3 Country,KINGSTON SE,5275,DC KINGSTON.,4,0,0,0,0,2019,August,Saturday,1:00 AM,60,Pedestrian Crossing,Straight road,Level,Not Applicable,Sealed,Dry,Not Raining,Night,Hit Fixed Object,1,Driver Rider,1: PDO,Other,,,1433532.44,1454546.86,1.43E+13
2019-8427-27/05/2021,3 Country,COWELL,5602,DC FRANKLIN HARBOR.           ,3,0,0,0,0,2019,August,Saturday,12:15 AM,60,Not Divided,Straight road,Level,Not Applicable,Unsealed,Dry,Not Raining,Night,Hit Animal,2,Animal,1: PDO,No Control,,,1176938.53,1810713.73,1.18E+13
2019-8428-27/05/2021,2 Metropolitan,WATERLOO CORNER,5110,CITY OF SALISBURY,2,0,0,0,0,2019,August,Friday,1:40 PM,90,T-Junction,"CURVED, VIEW OPEN",Level,Not Applicable,Sealed,Dry,Not Raining,Daylight,Side Swipe,1,Driver Rider,1: PDO,Traffic Signals,,,1327624.24,1692113.17,1.33E+13
2019-8429-27/05/2021,2 Metropolitan,NORWOOD,5067,"CC OF NORWOOD,PAYNEHAM & ST PETERS",1,1,0,1,0,2019,August,Saturday,9:25 AM,60,Not Divided,Straight road,Level,Not Applicable,Sealed,Dry,Not Raining,Daylight,Roll Over,1,Driver Rider,3: SI,No Control,,,1330643.87,1670483.13,1.33E+13
2019-8430-27/05/2021,2 Metropolitan,ADELAIDE,5000,CITY OF UNLEY,3,1,0,0,1,2019,August,Saturday,12:45 PM,60,Divided Road,Straight road,Level,Not Applicable,Sealed,Dry,Not Raining,Daylight,Rear End,1,Driver Rider,2: MI,No Control,,,1327836.91,1668946.53,1.33E+13
2019-8431-27/05/2021,2 Metropolitan,ELIZABETH,5112,CITY OF PLAYFORD.,2,0,0,0,0,2019,August,Saturday,2:00 PM,60,Divided Road,Straight road,Level,Driveway or Entrance,Sealed,Dry,Not Raining,Daylight,Right Angle,2,Driver Rider,1: PDO,No Control,,,1335709.05,1693804.66,1.34E+13
2019-8432-27/05/2021,2 Metropolitan,SALISBURY NORTH,5108,CITY OF SALISBURY,2,1,0,0,1,2019,August,Saturday,2:00 PM,50,T-Junction,Straight road,Level,Not Applicable,Sealed,Dry,Not Raining,Daylight,Right Angle,2,Driver Rider,2: MI,Give Way Sign,,,1332711.89,1690270.25,1.33E+13
2019-8433-27/05/2021,3 Country,WALLAROO,5556,COPPER COAST DISTRICT COUNCIL,2,1,0,1,0,2019,August,Saturday,1:00 PM,50,Not Divided,"CURVED, VIEW OPEN",Level,Not Applicable,Sealed,Dry,Not Raining,Daylight,Hit Fixed Object,1,Driver Rider,3: SI,No Control,,,1242933.52,1782966.37,1.24E+13
2019-8434-27/05/2021,3 Country,ROCKY CAMP,5280,WATTLE RANGE COUNCIL,2,1,0,1,0,2019,August,Saturday,3:30 PM,110,Not Divided,"CURVED, VIEW OPEN",Level,Not Applicable,Sealed,Dry,Not Raining,Daylight,Hit Fixed Object,1,Driver Rider,3: SI,No Control,,,1478717.7,1371293.16,1.48E+13
2019-8435-27/05/2021,1 City,ADELAIDE,5000,CITY OF ADELAIDE,2,0,0,0,0,2019,August,Wednesday,6:30 PM,50,Not Divided,Straight road,Level,Not Applicable,Sealed,Dry,Not Raining,Night,Hit Pedestrian,1,Driver Rider,1: PDO,No Control,,,1329037.51,1670249.27,1.33E+13
2019-8436-27/05/2021,2 Metropolitan,ROYAL PARK,5014,CITY OF CHARLES STURT,2,0,0,0,0,2019,August,Saturday,4:35 PM,50,Not Divided,Straight road,Level,Not Applicable,Sealed,Dry,Not Raining,Daylight,Hit Fixed Object,1,Driver Rider,1: PDO,No Control,,,1320125.4,1676606.21,1.32E+13
2019-8437-27/05/2021,2 Metropolitan,HAHNDORF,5245,DC MT.BARKER.                 ,2,0,0,0,0,2019,August,Saturday,2:00 PM,40,Not Divided,Straight road,Level,Not Applicable,Sealed,Dry,Not Raining,Daylight,Hit Parked Vehicle,2,Driver Rider,1: PDO,No Control,,,1347187.31,1658643.22,1.35E+13
2019-8438-27/05/2021,2 Metropolitan,PORT ADELAIDE,5015,CITY OF PORT ADELAIDE ENFIELD,2,0,0,0,0,2019,August,Saturday,10:00 AM,50,T-Junction,Straight road,Level,Not Applicable,Sealed,Dry,Not Raining,Daylight,Right Angle,1,Driver Rider,1: PDO,Stop Sign,,,1320424.96,1679414.38,1.32E+13
2019-8439-27/05/2021,3 Country,PAISLEY,5357,LOXTON WAIKERIE DISTRICT COUNCIL,1,1,0,1,0,2019,August,Saturday,11:30 AM,80,Cross Road,Straight road,Bottom of Hill,Not Applicable,Sealed,Dry,Not Raining,Daylight,Roll Over,1,Driver Rider,3: SI,Give Way Sign,,,1424742.33,1731771.23,1.42E+13
2019-8440-27/05/2021,2 Metropolitan,MODBURY NORTH,5092,CITY OF TEA TREE GULLY,1,1,0,1,0,2019,August,Saturday,5:25 PM,60,Cross Road,Straight road,Crest of Hill,Not Applicable,Sealed,Dry,Not Raining,Daylight,Roll Over,1,Driver Rider,3: SI,Roundabout,,,1335649.88,1682335.63,1.34E+13
2019-8441-27/05/2021,2 Metropolitan,PORT NOARLUNGA,5167,CITY OF ONKAPARINGA,2,1,0,0,1,2019,August,Thursday,8:50 AM,60,Not Divided,Straight road,Slope,Not Applicable,Sealed,Dry,Not Raining,Daylight,Rear End,2,Driver Rider,2: MI,No Control,,,1316791.94,1646596.32,1.32E+13
2019-8442-27/05/2021,2 Metropolitan,YATTALUNGA,5114,CITY OF PLAYFORD.,3,0,0,0,0,2019,August,Saturday,8:50 PM,100,Not Divided,"CURVED, VIEW OBSCURED",Level,Not Applicable,Sealed,Dry,Not Raining,Night,Hit Fixed Object,1,Driver Rider,1: PDO,No Control,,,1349249.03,1695301.25,1.35E+13
2019-8443-27/05/2021,3 Country,GLENBURNIE,5291,DISTRICT COUNCIL OF GRANT,1,0,0,0,0,2019,August,Saturday,4:30 PM,100,Not Divided,"CURVED, VIEW OPEN",Slope,Not Applicable,Unsealed,Wet,Raining,Daylight,Roll Over,1,Driver Rider,1: PDO,No Control,,,1524645.35,1340924.6,1.52E+13
2019-8444-27/05/2021,2 Metropolitan,GREENHILL,5140,THE ADELAIDE HILLS COUNCIL,2,0,0,0,0,2019,August,Sunday,2:08 AM,80,Not Divided,"CURVED, VIEW OPEN",Slope,Not Applicable,Sealed,Dry,Not Raining,Night,Hit Fixed Object,1,Driver Rider,1: PDO,No Control,,,1338634.9,1666699.97,1.34E+13
2019-8445-27/05/2021,3 Country,WARD HILL,5522,BARUNGA WEST DISTRICT COUNCIL,2,0,0,0,0,2019,August,Saturday,7:00 PM,100,Cross Road,"CURVED, VIEW OBSCURED",Level,Not Applicable,Unsealed,Dry,Not Raining,Night,Roll Over,1,Driver Rider,1: PDO,Give Way Sign,,,1265666.16,1805664.67,1.27E+13
2019-8446-27/05/2021,3 Country,MORN HILL,5371,LIGHT REGIONAL COUNCIL,3,0,0,0,0,2019,August,Sunday,5:00 AM,100,Not Divided,Straight road,Level,Not Applicable,Sealed,Dry,Not Raining,Night,Hit Fixed Object,1,Driver Rider,1: PDO,No Control,,,1344286.95,1727286.03,1.34E+13
2019-8447-27/05/2021,2 Metropolitan,GILBERTON,5081,WALKERVILLE TOWN COUNCIL,2,0,0,0,0,2019,August,Saturday,5:45 PM,60,T-Junction,Straight road,Level,Not Applicable,Sealed,Dry,Not Raining,Daylight,Rear End,2,Driver Rider,1: PDO,No Control,,,1330004.64,1673692.02,1.33E+13
2019-8448-27/05/2021,2 Metropolitan,DRY CREEK,5094,CITY OF SALISBURY,3,0,0,0,0,2019,August,Saturday,1:30 PM,90,T-Junction,"CURVED, VIEW OPEN",Level,Not Applicable,Sealed,Dry,Not Raining,Daylight,Rear End,1,Driver Rider,1: PDO,Traffic Signals,,,1328672.58,1683237.82,1.33E+13
2019-8449-27/05/2021,3 Country,BAROSSA GOLDFIELDS,5351,THE BAROSSA COUNCIL.,1,0,0,0,0,2019,August,Sunday,11:10 AM,60,Not Divided,"CURVED, VIEW OBSCURED",Crest of Hill,Not Applicable,Unsealed,Dry,Not Raining,Daylight,Roll Over,1,Driver Rider,1: PDO,No Control,,,1348675.16,1700351.84,1.35E+13
2019-8450-27/05/2021,2 Metropolitan,GEPPS CROSS,5094,CITY OF PORT ADELAIDE ENFIELD,3,1,0,0,1,2019,August,Sunday,11:50 AM,60,Divided Road,Straight road,Level,Not Applicable,Sealed,Dry,Not Raining,Daylight,Rear End,1,Driver Rider,2: MI,No Control,,,1328602.81,1679273.13,1.33E+13
2019-8451-27/05/2021,2 Metropolitan,MORPHETT VALE,5162,CITY OF ONKAPARINGA,4,0,0,0,0,2019,August,Sunday,1:20 PM,60,Divided Road,Straight road,Level,Not Applicable,Sealed,Dry,Not Raining,Daylight,Rear End,2,Driver Rider,1: PDO,No Control,,,1321084.82,1650881.98,1.32E+13
2019-8452-27/05/2021,2 Metropolitan,KENSINGTON,5068,"CC OF NORWOOD,PAYNEHAM & ST PETERS",2,1,0,0,1,2019,August,Thursday,6:00 PM,60,Cross Road,Straight road,Level,Not Applicable,Sealed,Dry,Not Raining,Night,Hit Pedestrian,2,Driver Rider,2: MI,Traffic Signals,,,1332250,1671075.27,1.33E+13
2019-8453-27/05/2021,2 Metropolitan,NOARLUNGA DOWNS,5168,CITY OF ONKAPARINGA,2,1,0,1,0,2019,August,Sunday,2:30 PM,80,Divided Road,"CURVED, VIEW OPEN",Level,Not Applicable,Sealed,Dry,Not Raining,Daylight,Hit Fixed Object,1,Driver Rider,3: SI,No Control,,,1318718.47,1643798.11,1.32E+13
2019-8454-27/05/2021,2 Metropolitan,PARK HOLME,5043,CC MARION.                    ,2,0,0,0,0,2019,August,Sunday,7:30 AM,50,Not Divided,Straight road,Level,Not Applicable,Sealed,Dry,Not Raining,Daylight,Hit Parked Vehicle,2,Driver Rider,1: PDO,No Control,,,1323974.55,1663897.21,1.32E+13
2019-8455-27/05/2021,2 Metropolitan,KLEMZIG,5087,CITY OF PORT ADELAIDE ENFIELD,2,1,0,0,1,2019,August,Sunday,3:17 PM,60,Cross Road,Straight road,Slope,Not Applicable,Sealed,Dry,Not Raining,Daylight,Right Turn,2,Driver Rider,2: MI,Traffic Signals,,,1331690.63,1676251.12,1.33E+13
2019-8456-27/05/2021,2 Metropolitan,BURTON,5110,CITY OF SALISBURY,2,0,0,0,0,2019,August,Friday,9:00 PM,70,Not Divided,Straight road,Level,Driveway or Entrance,Sealed,Dry,Not Raining,Night,Right Angle,1,Driver Rider,1: PDO,No Control,,,1329202.99,1691580.6,1.33E+13
2019-8457-27/05/2021,3 Country,LOWER LIGHT,5501,DC MALLALA.                   ,2,2,0,1,1,2019,August,Sunday,2:00 PM,100,Not Divided,"CURVED, VIEW OBSCURED",Level,Not Applicable,Unsealed,Dry,Not Raining,Daylight,Head On,1,Driver Rider,3: SI,No Control,,,1304148.54,1717522.02,1.30E+13
2019-8458-27/05/2021,2 Metropolitan,MAWSON LAKES,5095,CITY OF SALISBURY,2,0,0,0,0,2019,August,Sunday,11:30 AM,60,T-Junction,Straight road,Level,Not Applicable,Sealed,Dry,Not Raining,Daylight,Right Turn,1,Driver Rider,1: PDO,No Control,,,1330821.38,1683029.87,1.33E+13
2019-8459-27/05/2021,3 Country,BLACKFELLOWS CREEK,5201,ALEXANDRINA COUNCIL,1,1,0,1,0,2019,August,Sunday,2:00 PM,100,Not Divided,Straight road,Level,Not Applicable,Sealed,Dry,Not Raining,Daylight,Roll Over,1,Driver Rider,3: SI,No Control,,,1337341.81,1635339.77,1.34E+13
2019-8460-27/05/2021,3 Country,KAPUNDA,5373,LIGHT REGIONAL COUNCIL,2,2,0,0,2,2019,August,Sunday,3:00 PM,50,Not Divided,Straight road,Level,Not Applicable,Sealed,Dry,Not Raining,Daylight,Head On,1,Driver Rider,2: MI,No Control,,,1359541.23,1734325.96,1.36E+13
2019-8461-27/05/2021,2 Metropolitan,KLEMZIG,5087,CITY OF PORT ADELAIDE ENFIELD,2,0,0,0,0,2019,August,Sunday,5:30 PM,60,Cross Road,Straight road,Level,Not Applicable,Sealed,Dry,Not Raining,Daylight,Right Angle,2,Driver Rider,1: PDO,Give Way Sign,,,1331318.59,1675941.63,1.33E+13
2019-8462-27/05/2021,2 Metropolitan,PARACOMBE,5132,THE ADELAIDE HILLS COUNCIL,1,2,0,0,2,2019,August,Sunday,5:40 PM,80,Not Divided,"CURVED, VIEW OBSCURED",Slope,Not Applicable,Sealed,Dry,Not Raining,Daylight,Roll Over,1,Driver Rider,2: MI,No Control,,,1343763.8,1677217.35,1.34E+13
2019-8463-27/05/2021,2 Metropolitan,CLELAND,5152,THE ADELAIDE HILLS COUNCIL,3,4,0,0,4,2019,August,Sunday,7:51 PM,80,Not Divided,"CURVED, VIEW OBSCURED",Slope,Not Applicable,Sealed,Dry,Not Raining,Night,Hit Fixed Object,1,Driver Rider,2: MI,No Control,,,1338440.81,1665825.34,1.34E+13
2019-8464-27/05/2021,2 Metropolitan,ALBERT PARK,5014,CITY OF CHARLES STURT,3,0,0,0,0,2019,August,Sunday,9:20 PM,60,Cross Road,Straight road,Level,Not Applicable,Sealed,Dry,Not Raining,Night,Rear End,1,Driver Rider,1: PDO,Traffic Signals,,,1322118.29,1676363.89,1.32E+13
2019-8465-27/05/2021,2 Metropolitan,WAYVILLE,5034,CITY OF UNLEY,2,0,0,0,0,2019,August,Sunday,9:43 PM,50,Not Divided,Straight road,Level,Not Applicable,Sealed,Dry,Not Raining,Night,Hit Fixed Object,1,Driver Rider,1: PDO,No Control,,,1327750.72,1668671.88,1.33E+13
2019-8466-27/05/2021,3 Country,TINTINARA,5266,COORONG DISTRICT COUNCIL,1,0,0,0,0,2019,August,Sunday,8:50 PM,110,Not Divided,"CURVED, VIEW OPEN",Level,Not Applicable,Sealed,Dry,Not Raining,Night,Roll Over,1,Driver Rider,1: PDO,No Control,,,1459677.84,1556017.98,1.46E+13
2019-8467-27/05/2021,3 Country,WATTLE FLAT,5203,DC YANKALILLA.                ,2,0,0,0,0,2019,August,Sunday,4:23 PM,100,Not Divided,"CURVED, VIEW OBSCURED",Slope,Not Applicable,Sealed,Dry,Not Raining,Daylight,Head On,2,Driver Rider,1: PDO,No Control,,,1309755.9,1616210.46,1.31E+13
2019-8468-27/05/2021,2 Metropolitan,KILBURN,5084,CITY OF PORT ADELAIDE ENFIELD,2,0,0,0,0,2019,August,Sunday,7:00 PM,50,Not Divided,Straight road,Level,Not Applicable,Sealed,Dry,Not Raining,Night,Side Swipe,2,Driver Rider,1: PDO,No Control,,,1328037.46,1677370.5,1.33E+13
2019-8469-27/05/2021,3 Country,CAMBRAI,5353,MID MURRAY DISTRICT COUNCIL,1,1,0,0,1,2019,August,Sunday,1:00 PM,50,Not Divided,Straight road,Level,Not Applicable,Unsealed,Dry,Not Raining,Daylight,Roll Over,1,Driver Rider,2: MI,No Control,,,1389155.61,1697032.01,1.39E+13
2019-8470-27/05/2021,3 Country,WARNERTOWN,5540,PT.PIRIE CITY & DIST. COUNCIL ,2,0,0,0,0,2019,August,Sunday,11:30 PM,100,Not Divided,Straight road,Level,Not Applicable,Sealed,Dry,Not Raining,Night,Hit Fixed Object,1,Driver Rider,1: PDO,No Control,,Y,1287283.12,1862799.07,1.29E+13
2019-8471-27/05/2021,3 Country,COONDAMBO,5719,,1,1,0,0,1,2019,August,Sunday,6:45 PM,100,Not Divided,"CURVED, VIEW OPEN",Level,Not Applicable,Unsealed,Dry,Not Raining,Night,Roll Over,1,Driver Rider,2: MI,No Control,,,1058963.85,2115306.7,1.06E+13
2019-8472-27/05/2021,2 Metropolitan,TWO WELLS,5501,DC MALLALA.                   ,2,2,0,0,2,2019,August,Monday,7:50 AM,100,T-Junction,Straight road,Level,Not Applicable,Sealed,Dry,Not Raining,Daylight,Right Angle,1,Driver Rider,2: MI,Give Way Sign,,,1325592.53,1707746.22,1.33E+13
2019-8473-27/05/2021,1 City,ADELAIDE,5000,CITY OF ADELAIDE,2,0,0,0,0,2019,August,Friday,5:30 PM,50,Divided Road,Straight road,Level,Driveway or Entrance,Sealed,Dry,Not Raining,Daylight,Right Angle,2,Driver Rider,1: PDO,No Control,,,1329229.33,1671067.56,1.33E+13
2019-8474-27/05/2021,2 Metropolitan,INGLE FARM,5098,CITY OF SALISBURY,2,0,0,0,0,2019,August,Sunday,11:20 AM,50,T-Junction,"CURVED, VIEW OPEN",Level,Not Applicable,Sealed,Dry,Not Raining,Daylight,Right Angle,1,Driver Rider,1: PDO,No Control,,,1331965.13,1680913.49,1.33E+13
2019-8475-27/05/2021,2 Metropolitan,PROSPECT,5082,CITY OF PROSPECT,2,0,0,0,0,2019,August,Friday,6:35 PM,60,Divided Road,Straight road,Level,Not Applicable,Sealed,Dry,Not Raining,Night,Rear End,2,Driver Rider,1: PDO,No Control,,,1327728.04,1676413.74,1.33E+13
2019-8476-27/05/2021,2 Metropolitan,MILLSWOOD,5034,CITY OF UNLEY,2,0,0,0,0,2019,August,Monday,8:20 AM,50,T-Junction,Straight road,Level,Not Applicable,Sealed,Dry,Not Raining,Daylight,Side Swipe,2,Driver Rider,1: PDO,Stop Sign,,,1327473.12,1667380.9,1.33E+13
2019-8477-27/05/2021,2 Metropolitan,HOLDEN HILL,5088,CITY OF TEA TREE GULLY,2,0,0,0,0,2019,August,Monday,10:17 AM,60,T-Junction,Straight road,Level,Not Applicable,Sealed,Dry,Not Raining,Daylight,Right Turn,2,Driver Rider,1: PDO,Traffic Signals,,,1334713.27,1678543.84,1.33E+13
2019-8478-27/05/2021,2 Metropolitan,CAMPBELLTOWN,5074,CC CAMPBELLTOWN.              ,2,0,0,0,0,2019,August,Monday,10:45 AM,60,T-Junction,Straight road,Slope,Not Applicable,Sealed,Dry,Not Raining,Daylight,Rear End,2,Driver Rider,1: PDO,No Control,,,1335396.86,1675023.91,1.34E+13
2019-8479-27/05/2021,2 Metropolitan,GAWLER BELT,5118,LIGHT REGIONAL COUNCIL,2,0,0,0,0,2019,August,Tuesday,3:28 PM,110,T-Junction,Straight road,Level,Not Applicable,Sealed,Dry,Not Raining,Daylight,Side Swipe,2,Driver Rider,1: PDO,No Control,,,1341705.93,1707247.5,1.34E+13
2019-8480-27/05/2021,3 Country,MOUNT CRAWFORD,5351,THE BAROSSA COUNCIL.,2,0,0,0,0,2019,August,Sunday,6:15 PM,100,Not Divided,Straight road,Level,Not Applicable,Sealed,Dry,Not Raining,Night,Hit Animal,2,Animal,1: PDO,No Control,,,1360886.26,1687923.94,1.36E+13
2019-8481-27/05/2021,2 Metropolitan,SALISBURY,5108,CITY OF SALISBURY,2,0,0,0,0,2019,August,Monday,11:45 AM,50,T-Junction,Straight road,Level,Not Applicable,Sealed,Dry,Not Raining,Daylight,Hit Fixed Object,1,Driver Rider,1: PDO,Roundabout,,,1334109.3,1688308.43,1.33E+13
2019-8482-27/05/2021,3 Country,MURRAY BRIDGE,5253,RC MURRAY BRIDGE.             ,2,1,0,1,0,2019,August,Monday,10:50 AM,50,Cross Road,Straight road,Slope,Not Applicable,Sealed,Dry,Not Raining,Daylight,Hit Pedestrian,1,Driver Rider,3: SI,Traffic Signals,,,1389252.78,1647025.09,1.39E+13
2019-8483-27/05/2021,2 Metropolitan,NEWTON,5074,CC CAMPBELLTOWN.              ,3,1,0,0,1,2019,August,Monday,11:50 AM,60,Not Divided,Straight road,Slope,Not Applicable,Sealed,Dry,Not Raining,Daylight,Hit Fixed Object,1,Driver Rider,2: MI,No Control,,,1336713.41,1675801.65,1.34E+13
2019-8484-27/05/2021,3 Country,MURRAY BRIDGE,5253,RC MURRAY BRIDGE.             ,2,0,0,0,0,2019,August,Monday,10:50 AM,50,Not Divided,Straight road,Level,Not Applicable,Sealed,Dry,Not Raining,Daylight,Hit Parked Vehicle,1,Driver Rider,1: PDO,No Control,,,1390943.46,1644885.73,1.39E+13
2019-8485-27/05/2021,2 Metropolitan,MAGILL,5072,CC CAMPBELLTOWN.              ,2,1,0,0,1,2019,August,Sunday,5:42 PM,50,Not Divided,Straight road,Level,Not Applicable,Sealed,Dry,Not Raining,Daylight,Rear End,2,Driver Rider,2: MI,No Control,,,1336292.88,1672317.72,1.34E+13
2019-8486-27/05/2021,2 Metropolitan,LONSDALE,5160,CITY OF ONKAPARINGA,2,1,0,0,1,2019,August,Monday,11:20 AM,70,T-Junction,Straight road,Level,Not Applicable,Sealed,Dry,Not Raining,Daylight,Right Angle,1,Driver Rider,2: MI,No Control,,,1318879.72,1650968.79,1.32E+13
2019-8487-27/05/2021,2 Metropolitan,FORESTVILLE,5035,CITY OF UNLEY,2,1,0,1,0,2019,August,Wednesday,8:20 AM,40,T-Junction,Straight road,Level,Not Applicable,Sealed,Dry,Not Raining,Daylight,Right Angle,2,Driver Rider,3: SI,Stop Sign,,,1326682.88,1668153.74,1.33E+13
2019-8488-27/05/2021,2 Metropolitan,LONSDALE,5160,CITY OF ONKAPARINGA,2,0,0,0,0,2019,August,Monday,11:30 AM,70,T-Junction,Straight road,Level,Not Applicable,Sealed,Dry,Not Raining,Daylight,Right Angle,2,Driver Rider,1: PDO,No Control,,,1318879.72,1650968.79,1.32E+13
2019-8489-27/05/2021,2 Metropolitan,MAYLANDS,5069,"CC OF NORWOOD,PAYNEHAM & ST PETERS",2,0,0,0,0,2019,August,Monday,12:49 PM,60,Cross Road,Straight road,Level,Not Applicable,Sealed,Dry,Not Raining,Daylight,Side Swipe,1,Driver Rider,1: PDO,Traffic Signals,,,1332227.63,1671761.35,1.33E+13
2019-8490-27/05/2021,2 Metropolitan,PARAFIELD GARDENS,5107,CITY OF SALISBURY,4,2,0,0,2,2019,August,Monday,2:00 PM,50,Not Divided,Straight road,Level,Not Applicable,Sealed,Dry,Not Raining,Daylight,Hit Parked Vehicle,1,Driver Rider,2: MI,No Control,,,1330467.79,1686043.07,1.33E+13
2019-8491-27/05/2021,1 City,NORTH ADELAIDE,5006,CITY OF ADELAIDE,2,0,0,0,0,2019,August,Thursday,3:50 PM,50,Divided Road,Straight road,Level,Not Applicable,Sealed,Dry,Not Raining,Daylight,Hit Parked Vehicle,2,Driver Rider,1: PDO,No Control,,,1328093.74,1673245.1,1.33E+13
2019-8492-27/05/2021,1 City,ADELAIDE,5000,CITY OF ADELAIDE,2,1,0,0,1,2019,August,Monday,8:45 AM,60,Not Divided,"CURVED, VIEW OPEN",Level,Not Applicable,Sealed,Dry,Not Raining,Daylight,Rear End,2,Driver Rider,2: MI,No Control,,,1330411.19,1670403.24,1.33E+13
2019-8493-27/05/2021,3 Country,TANTANOOLA,5280,WATTLE RANGE COUNCIL,3,0,0,0,0,2019,August,Monday,2:55 PM,100,Not Divided,Straight road,Level,Driveway or Entrance,Sealed,Dry,Not Raining,Daylight,Side Swipe,2,Driver Rider,1: PDO,No Control,,Y,1479729.01,1358031.25,1.48E+13