REPORT_ID,Stats Area,Suburb,Postcode,LGA Name,Total Units,Total Cas,Total Fats,Total SI,Total MI,Year,Month,Day,Time,Area Speed,Position Type,Horizontal Align,Vertical Align,Other Feat,Road Surface,Moisture Cond,Weather Cond,DayNight,Crash Type,Unit Resp,Entity Code,CSEF Severity,Traffic Ctrls,DUI Involved,Drugs Involved,ACCLOC_X,ACCLOC_Y,UNIQUE_LOC
2019-8658-27/05/2021,2 Metropolitan,SALISBURY EAST,5109,CITY OF SALISBURY,2,1,0,0,1,2019,August,Saturday,7:20 AM,60,Divided Road,Straight road,Level,Driveway or Entrance,Sealed,Dry,Not Raining,Daylight,Rear End,2,Driver Rider,2: MI,No Control,,,1333326.17,1685352.32,1.33E+13
2019-8659-27/05/2021,3 Country,MACCLESFIELD,5153,ALEXANDRINA COUNCIL,2,1,0,0,1,2019,August,Saturday,2:00 PM,80,Not Divided,"CURVED, VIEW OBSCURED",Slope,Not Applicable,Sealed,Dry,Not Raining,Daylight,Hit Fixed Object,1,Driver Rider,2: MI,No Control,,,1350180.07,1639624.57,1.35E+13
2019-8660-27/05/2021,2 Metropolitan,KLEMZIG,5087,CITY OF PORT ADELAIDE ENFIELD,2,0,0,0,0,2019,August,Saturday,2:30 PM,60,Cross Road,Straight road,Level,Not Applicable,Sealed,Dry,Not Raining,Daylight,Side Swipe,2,Driver Rider,1: PDO,Traffic Signals,,,1332072.8,1676595.28,1.33E+13
2019-8661-27/05/2021,2 Metropolitan,SOUTH PLYMPTON,5038,CC MARION.                    ,3,0,0,0,0,2019,August,Saturday,3:18 PM,50,Cross Road,Straight road,Level,Not Applicable,Sealed,Dry,Not Raining,Daylight,Rear End,1,Driver Rider,1: PDO,Give Way Sign,,,1324930.45,1664757.68,1.32E+13
2019-8662-27/05/2021,1 City,ADELAIDE,5000,CITY OF ADELAIDE,2,0,0,0,0,2019,August,Friday,11:15 PM,50,T-Junction,Straight road,Level,Not Applicable,Sealed,Dry,Not Raining,Night,Right Angle,2,Driver Rider,1: PDO,No Control,,,1327538.32,1671108.73,1.33E+13
2019-8663-27/05/2021,2 Metropolitan,OVINGHAM,5082,CITY OF CHARLES STURT,2,0,0,0,0,2019,August,Saturday,4:30 PM,60,Cross Road,Straight road,Level,Not Applicable,Sealed,Dry,Not Raining,Daylight,Right Turn,2,Driver Rider,1: PDO,Traffic Signals,,,1327131.58,1673269.49,1.33E+13
2019-8664-27/05/2021,2 Metropolitan,UNLEY,5061,CITY OF UNLEY,2,0,0,0,0,2019,August,Saturday,4:37 PM,60,Not Divided,Straight road,Level,Not Applicable,Sealed,Dry,Not Raining,Daylight,Rear End,2,Driver Rider,1: PDO,No Control,,,1329078.15,1668259.17,1.33E+13
2019-8665-27/05/2021,2 Metropolitan,HAPPY VALLEY,5159,CITY OF ONKAPARINGA,2,1,0,0,1,2019,August,Friday,6:30 PM,70,T-Junction,Straight road,Level,Not Applicable,Sealed,Dry,Not Raining,Night,Rear End,2,Driver Rider,2: MI,Traffic Signals,,,1324354.32,1656484.47,1.32E+13
2019-8666-27/05/2021,2 Metropolitan,MUNNO PARA,5115,CITY OF PLAYFORD.,3,1,0,0,1,2019,August,Saturday,5:00 PM,60,Cross Road,Straight road,Level,Not Applicable,Sealed,Dry,Not Raining,Daylight,Right Turn,1,Driver Rider,2: MI,Traffic Signals,,,1338214.26,1697718.61,1.34E+13
2019-8667-27/05/2021,2 Metropolitan,GOLDEN GROVE,5125,CITY OF TEA TREE GULLY,2,0,0,0,0,2019,August,Saturday,11:27 AM,50,T-Junction,Straight road,Level,Not Applicable,Sealed,Dry,Not Raining,Daylight,Rear End,2,Driver Rider,1: PDO,Roundabout,,,1338431.71,1685255.93,1.34E+13
2019-8668-27/05/2021,2 Metropolitan,ST CLAIR,5011,CITY OF CHARLES STURT,2,1,0,0,1,2019,August,Saturday,5:25 PM,60,T-Junction,Straight road,Level,Not Applicable,Sealed,Dry,Not Raining,Daylight,Right Turn,1,Driver Rider,2: MI,Traffic Signals,,,1322226.5,1677238.33,1.32E+13
2019-8669-27/05/2021,1 City,ADELAIDE,5000,CITY OF ADELAIDE,2,0,0,0,0,2019,August,Saturday,2:30 PM,50,Cross Road,Straight road,Level,Not Applicable,Sealed,Dry,Not Raining,Daylight,Rear End,2,Driver Rider,1: PDO,Traffic Signals,,,1328475.2,1670187.2,1.33E+13
2019-8670-27/05/2021,2 Metropolitan,LOCKLEYS,5032,CITY OF WEST TORRENS,2,0,0,0,0,2019,August,Saturday,6:45 PM,60,Divided Road,Straight road,Level,Not Applicable,Sealed,Dry,Not Raining,Night,Hit Parked Vehicle,2,Driver Rider,1: PDO,No Control,,,1321736.38,1670855.89,1.32E+13
2019-8671-27/05/2021,1 City,ADELAIDE,5000,CITY OF ADELAIDE,2,0,0,0,0,2019,August,Saturday,8:00 PM,50,Divided Road,Straight road,Level,Not Applicable,Sealed,Dry,Not Raining,Night,Hit Parked Vehicle,1,Driver Rider,1: PDO,No Control,,,1328378,1671130.06,1.33E+13
2019-8672-27/05/2021,2 Metropolitan,LIGHTSVIEW,5085,CITY OF PORT ADELAIDE ENFIELD,2,1,0,0,1,2019,August,Saturday,3:18 PM,60,Divided Road,Straight road,Level,Driveway or Entrance,Sealed,Dry,Not Raining,Daylight,Rear End,1,Driver Rider,2: MI,No Control,,,1330422.97,1677486.47,1.33E+13
2019-8673-27/05/2021,2 Metropolitan,SOUTH PLYMPTON,5038,CC MARION.                    ,2,0,0,0,0,2019,August,Saturday,8:02 PM,60,Cross Road,Straight road,Level,Not Applicable,Sealed,Dry,Not Raining,Night,Right Angle,1,Driver Rider,1: PDO,Stop Sign,,,1324251.16,1665691.41,1.32E+13
2019-8674-27/05/2021,2 Metropolitan,ROSTREVOR,5073,CC CAMPBELLTOWN.              ,3,2,0,0,2,2019,August,Saturday,8:36 PM,60,Not Divided,Straight road,Level,Not Applicable,Sealed,Wet,Raining,Night,Hit Parked Vehicle,1,Driver Rider,2: MI,No Control,,Y,1337037.51,1674594.22,1.34E+13
2019-8675-27/05/2021,2 Metropolitan,ALBERT PARK,5014,CITY OF CHARLES STURT,2,4,0,0,4,2019,August,Saturday,9:00 PM,60,Cross Road,Straight road,Level,Not Applicable,Sealed,Wet,Raining,Night,Right Turn,1,Driver Rider,2: MI,Traffic Signals,,,1321444.17,1675569.1,1.32E+13
2019-8676-27/05/2021,3 Country,CEDUNA,5690,DC CEDUNA                     ,2,5,0,2,3,2019,August,Saturday,4:45 PM,80,Not Divided,Straight road,Level,Driveway or Entrance,Sealed,Dry,Not Raining,Daylight,Right Turn,1,Driver Rider,3: SI,No Control,,,876713.97,1985715.94,8.77E+12
2019-8677-27/05/2021,2 Metropolitan,HOLDEN HILL,5088,CITY OF PORT ADELAIDE ENFIELD,2,1,0,0,1,2019,August,Saturday,4:18 PM,60,Cross Road,"CURVED, VIEW OPEN",Level,Not Applicable,Sealed,Dry,Not Raining,Daylight,Rear End,2,Driver Rider,2: MI,Traffic Signals,,,1333825.9,1678094.42,1.33E+13
2019-8678-27/05/2021,2 Metropolitan,HAPPY VALLEY,5159,CITY OF ONKAPARINGA,2,2,0,0,2,2019,September,Sunday,12:30 AM,60,Cross Road,Straight road,Slope,Not Applicable,Sealed,Wet,Raining,Night,Right Angle,2,Driver Rider,2: MI,Give Way Sign,,,1326146.22,1656948.02,1.33E+13
2019-8679-27/05/2021,2 Metropolitan,BURTON,5110,CITY OF SALISBURY,2,1,0,0,1,2019,September,Sunday,12:40 AM,60,Cross Road,Straight road,Level,Not Applicable,Sealed,Wet,Raining,Night,Right Angle,2,Driver Rider,2: MI,Roundabout,,,1330155.51,1690824.15,1.33E+13
2019-8680-27/05/2021,1 City,ADELAIDE,5000,CITY OF ADELAIDE,2,0,0,0,0,2019,September,Sunday,1:15 AM,50,Cross Road,Straight road,Level,Not Applicable,Sealed,Wet,Raining,Night,Right Turn,1,Driver Rider,1: PDO,Traffic Signals,,,1327860.32,1670813.48,1.33E+13
2019-8681-27/05/2021,2 Metropolitan,FREWVILLE,5063,CITY OF BURNSIDE,2,0,0,0,0,2019,September,Sunday,5:45 AM,50,Not Divided,Straight road,Level,Not Applicable,Sealed,Dry,Not Raining,Night,Hit Fixed Object,1,Driver Rider,1: PDO,No Control,Y,,1331341.9,1668235.63,1.33E+13
2019-8682-27/05/2021,2 Metropolitan,HENLEY BEACH SOUTH,5022,CITY OF CHARLES STURT,1,1,0,0,1,2019,September,Sunday,8:27 AM,50,Cross Road,Straight road,Level,Not Applicable,Sealed,Dry,Not Raining,Daylight,Other,1,Driver Rider,2: MI,Roundabout,,,1319011.68,1670996.19,1.32E+13
2019-8683-27/05/2021,2 Metropolitan,WALKERVILLE,5081,WALKERVILLE TOWN COUNCIL,2,0,0,0,0,2019,August,Saturday,2:05 PM,60,Cross Road,Straight road,Level,Not Applicable,Sealed,Dry,Not Raining,Daylight,Rear End,1,Driver Rider,1: PDO,Traffic Signals,,,1329731.7,1674562.6,1.33E+13
2019-8684-27/05/2021,2 Metropolitan,RICHMOND,5033,CITY OF WEST TORRENS,2,0,0,0,0,2019,August,Saturday,5:30 PM,60,Divided Road,Straight road,Level,Not Applicable,Sealed,Dry,Not Raining,Daylight,Side Swipe,2,Driver Rider,1: PDO,No Control,,,1325326.57,1668932.86,1.33E+13
2019-8685-27/05/2021,2 Metropolitan,SUMMERTOWN,5141,THE ADELAIDE HILLS COUNCIL,2,0,0,0,0,2019,August,Saturday,10:30 PM,80,T-Junction,Straight road,Level,Not Applicable,Sealed,Wet,Raining,Night,Hit Fixed Object,1,Driver Rider,1: PDO,No Control,,,1338950.98,1666794.3,1.34E+13
2019-8686-27/05/2021,2 Metropolitan,SALISBURY HEIGHTS,5109,CITY OF SALISBURY,2,0,0,0,0,2019,September,Sunday,11:00 AM,80,T-Junction,Straight road,Level,Not Applicable,Sealed,Dry,Not Raining,Daylight,Hit Fixed Object,1,Driver Rider,1: PDO,No Control,,,1335937.64,1688754.16,1.34E+13
2019-8687-27/05/2021,2 Metropolitan,PARALOWIE,5108,CITY OF SALISBURY,2,1,0,0,1,2019,August,Saturday,2:30 PM,50,Not Divided,Straight road,Level,Driveway or Entrance,Sealed,Dry,Not Raining,Daylight,Hit Pedestrian,1,Driver Rider,2: MI,No Control,,,1329013.29,1688584.08,1.33E+13
2019-8688-27/05/2021,2 Metropolitan,SALISBURY DOWNS,5108,CITY OF SALISBURY,2,0,0,0,0,2019,September,Sunday,12:15 PM,50,T-Junction,Straight road,Level,Not Applicable,Sealed,Dry,Not Raining,Daylight,Right Angle,2,Driver Rider,1: PDO,Give Way Sign,,,1331112.26,1688093.67,1.33E+13
2019-8689-27/05/2021,2 Metropolitan,NAILSWORTH,5083,CITY OF PROSPECT,3,1,0,0,1,2019,September,Sunday,12:49 PM,60,T-Junction,Straight road,Level,Not Applicable,Sealed,Dry,Not Raining,Daylight,Hit Fixed Object,1,Driver Rider,2: MI,Stop Sign,,,1328915.5,1674838.62,1.33E+13
2019-8690-27/05/2021,2 Metropolitan,KIDMAN PARK,5025,CITY OF CHARLES STURT,2,0,0,0,0,2019,September,Sunday,3:31 PM,60,T-Junction,Straight road,Level,Not Applicable,Sealed,Dry,Not Raining,Daylight,Side Swipe,1,Driver Rider,1: PDO,No Control,,,1322454.1,1672854.17,1.32E+13
2019-8691-27/05/2021,3 Country,MOUNT BENSON,5275,DC ROBE.                      ,2,0,0,0,0,2019,September,Sunday,5:00 PM,100,Not Divided,Straight road,Level,Not Applicable,Unsealed,Dry,Not Raining,Daylight,Hit Object on Road,1,Driver Rider,1: PDO,No Control,,,1430759.73,1429328.28,1.43E+13
2019-8692-27/05/2021,2 Metropolitan,WOODVILLE NORTH,5012,CITY OF CHARLES STURT,2,1,0,0,1,2019,September,Sunday,7:30 PM,60,Divided Road,Straight road,Level,Not Applicable,Sealed,Dry,Not Raining,Night,Hit Fixed Object,1,Driver Rider,2: MI,No Control,,,1323675.88,1676666.52,1.32E+13
2019-8693-27/05/2021,2 Metropolitan,BRAHMA LODGE,5109,CITY OF SALISBURY,2,0,0,0,0,2019,September,Sunday,7:00 PM,50,T-Junction,Straight road,Level,Not Applicable,Sealed,Dry,Not Raining,Night,Right Angle,2,Driver Rider,1: PDO,No Control,Y,,1333868.57,1686385.58,1.33E+13
2019-8694-27/05/2021,2 Metropolitan,GLYNDE,5070,"CC OF NORWOOD,PAYNEHAM & ST PETERS",3,1,0,0,1,2019,September,Sunday,8:40 PM,60,Divided Road,Straight road,Level,Not Applicable,Sealed,Dry,Not Raining,Night,Hit Parked Vehicle,1,Driver Rider,2: MI,No Control,,,1333449.35,1674364.9,1.33E+13
2019-8695-27/05/2021,3 Country,NORMANVILLE,5204,DC YANKALILLA.                ,3,0,0,0,0,2019,September,Sunday,6:28 PM,50,Not Divided,Straight road,Level,Not Applicable,Sealed,Dry,Not Raining,Night,Hit Fixed Object,1,Driver Rider,1: PDO,No Control,Y,,1300986.8,1613766.62,1.30E+13
2019-8696-27/05/2021,2 Metropolitan,MAWSON LAKES,5095,CITY OF SALISBURY,1,0,0,0,0,2019,September,Sunday,8:40 PM,80,T-Junction,Straight road,Level,Not Applicable,Sealed,Dry,Not Raining,Night,Left Road - Out of Control,1,Driver Rider,1: PDO,Traffic Signals,,,1331190.78,1682739.34,1.33E+13
2019-8697-27/05/2021,2 Metropolitan,GLANVILLE,5015,CITY OF PORT ADELAIDE ENFIELD,2,0,0,0,0,2019,September,Sunday,9:20 PM,60,T-Junction,Straight road,Level,Not Applicable,Sealed,Dry,Not Raining,Night,Right Angle,1,Driver Rider,1: PDO,No Control,,,1319147.23,1679762.64,1.32E+13
2019-8698-27/05/2021,1 City,NORTH ADELAIDE,5006,CITY OF ADELAIDE,2,0,0,0,0,2019,September,Sunday,11:00 PM,50,Cross Road,Straight road,Level,Not Applicable,Sealed,Dry,Not Raining,Night,Right Turn,1,Driver Rider,1: PDO,Traffic Signals,,,1329104.9,1672640.89,1.33E+13
2019-8699-27/05/2021,2 Metropolitan,KANGARILLA,5157,CITY OF ONKAPARINGA,2,0,0,0,0,2019,September,Sunday,10:46 PM,80,Not Divided,"CURVED, VIEW OPEN",Slope,Not Applicable,Sealed,Dry,Not Raining,Night,Hit Fixed Object,1,Driver Rider,1: PDO,No Control,,,1331574.11,1647907.02,1.33E+13
2019-8700-27/05/2021,3 Country,MALLALA,5502,DC MALLALA.                   ,2,0,0,0,0,2019,September,Monday,1:10 AM,80,Not Divided,Straight road,Level,Not Applicable,Unsealed,Dry,Not Raining,Night,Hit Fixed Object,1,Driver Rider,1: PDO,No Control,,,1317627.2,1718296.38,1.32E+13
2019-8701-27/05/2021,2 Metropolitan,OVINGHAM,5082,CITY OF PROSPECT,1,1,0,0,1,2019,September,Monday,5:10 AM,60,Cross Road,Straight road,Level,Not Applicable,Sealed,Dry,Not Raining,Night,Roll Over,1,Driver Rider,2: MI,Traffic Signals,,,1327262,1673837.29,1.33E+13
2019-8702-27/05/2021,2 Metropolitan,EDWARDSTOWN,5039,CC MARION.                    ,2,0,0,0,0,2019,September,Monday,6:07 AM,50,Cross Road,Straight road,Level,Not Applicable,Sealed,Dry,Not Raining,Night,Right Angle,2,Driver Rider,1: PDO,Roundabout,,,1325096.66,1664766.8,1.33E+13
2019-8703-27/05/2021,2 Metropolitan,TROTT PARK,5158,CC MARION.                    ,2,0,0,0,0,2019,September,Monday,7:15 AM,100,Freeway,Straight road,Slope,Not Applicable,Sealed,Dry,Not Raining,Daylight,Rear End,1,Driver Rider,1: PDO,No Control,,,1321950.57,1652897.77,1.32E+13
2019-8704-27/05/2021,3 Country,COORABIE,5690,,2,0,0,0,0,2019,August,Saturday,5:00 AM,110,Not Divided,Straight road,Level,Not Applicable,Sealed,Dry,Not Raining,Night,Hit Fixed Object,1,Driver Rider,1: PDO,No Control,,,728277.46,2030389.06,7.28E+12
2019-8705-27/05/2021,2 Metropolitan,TROTT PARK,5158,CC MARION.                    ,3,1,0,0,1,2019,September,Monday,7:07 AM,100,Freeway,Straight road,Level,Not Applicable,Sealed,Dry,Not Raining,Daylight,Rear End,1,Driver Rider,2: MI,No Control,,Y,1321989.15,1652905.55,1.32E+13
2019-8706-27/05/2021,2 Metropolitan,INGLE FARM,5098,CITY OF SALISBURY,2,1,0,0,1,2019,September,Monday,8:28 AM,60,T-Junction,Straight road,Slope,Not Applicable,Sealed,Dry,Not Raining,Daylight,Hit Pedestrian,1,Driver Rider,2: MI,No Control,,,1331651.67,1681192.56,1.33E+13
2019-8707-27/05/2021,2 Metropolitan,PARAFIELD GARDENS,5107,CITY OF SALISBURY,2,0,0,0,0,2019,September,Sunday,3:15 PM,60,T-Junction,Straight road,Level,Not Applicable,Sealed,Dry,Not Raining,Daylight,Hit Fixed Object,1,Driver Rider,1: PDO,No Control,,,1330179.63,1687067.17,1.33E+13
2019-8708-27/05/2021,2 Metropolitan,SALISBURY,5108,CITY OF SALISBURY,2,0,0,0,0,2019,September,Monday,9:03 AM,60,Cross Road,Straight road,Level,Not Applicable,Sealed,Dry,Not Raining,Daylight,Right Angle,2,Driver Rider,1: PDO,Traffic Signals,,,1333389.6,1688248.34,1.33E+13
2019-8709-27/05/2021,2 Metropolitan,FITZROY,5082,CITY OF PROSPECT,2,1,0,0,1,2019,September,Monday,9:30 AM,60,Cross Road,Straight road,Level,Not Applicable,Sealed,Dry,Not Raining,Daylight,Rear End,2,Driver Rider,2: MI,Traffic Signals,,,1327513.27,1673636.83,1.33E+13
2019-8710-27/05/2021,2 Metropolitan,PORT ADELAIDE,5015,CITY OF PORT ADELAIDE ENFIELD,2,0,0,0,0,2019,September,Monday,9:00 AM,50,Divided Road,"CURVED, VIEW OPEN",Bottom of Hill,"Bridge, Culvert, Causeway",Sealed,Dry,Not Raining,Daylight,Hit Fixed Object,1,Driver Rider,1: PDO,No Control,,,1319851.14,1679350.62,1.32E+13
2019-8711-27/05/2021,2 Metropolitan,PARK HOLME,5043,CC MARION.                    ,2,0,0,0,0,2019,August,Saturday,11:00 AM,60,T-Junction,Straight road,Level,Not Applicable,Sealed,Dry,Not Raining,Daylight,Right Angle,2,Driver Rider,1: PDO,No Control,,,1323973.99,1663128.96,1.32E+13
2019-8712-27/05/2021,2 Metropolitan,OVINGHAM,5082,CITY OF CHARLES STURT,2,1,0,1,0,2019,September,Monday,8:25 AM,60,Cross Road,Straight road,Slope,Not Applicable,Sealed,Dry,Not Raining,Daylight,Right Turn,1,Driver Rider,3: SI,Traffic Signals,,,1327131.58,1673269.49,1.33E+13
2019-8713-27/05/2021,3 Country,CLARE,5453,CLARE AND GILBERT VALLEYS DISTRICT COUNCIL,2,0,0,0,0,2019,August,Sunday,11:54 PM,50,Not Divided,"CURVED, VIEW OBSCURED",Level,Not Applicable,Sealed,Dry,Not Raining,Night,Hit Fixed Object,1,Driver Rider,1: PDO,No Control,,,1334212.96,1791331.03,1.33E+13
2019-8714-27/05/2021,1 City,ADELAIDE,5000,CITY OF ADELAIDE,2,0,0,0,0,2019,September,Monday,9:30 AM,50,Not Divided,Straight road,Level,Not Applicable,Sealed,Dry,Not Raining,Daylight,Hit Parked Vehicle,2,Driver Rider,1: PDO,No Control,,,1329691.87,1670066.76,1.33E+13
2019-8715-27/05/2021,2 Metropolitan,GLENSIDE,5065,CITY OF BURNSIDE,2,0,0,0,0,2019,September,Monday,10:30 AM,50,Not Divided,Straight road,Level,Driveway or Entrance,Sealed,Dry,Not Raining,Daylight,Right Angle,1,Driver Rider,1: PDO,No Control,,,1331677.45,1668857.48,1.33E+13
2019-8716-27/05/2021,2 Metropolitan,MODBURY NORTH,5092,CITY OF TEA TREE GULLY,2,0,0,0,0,2019,September,Monday,12:43 PM,80,Cross Road,Straight road,Slope,Not Applicable,Sealed,Dry,Not Raining,Daylight,Right Angle,2,Driver Rider,1: PDO,Traffic Signals,,,1336150.87,1681195.09,1.34E+13
2019-8717-27/05/2021,3 Country,WATTLE FLAT,5203,DC YANKALILLA.                ,2,0,0,0,0,2019,September,Monday,12:30 PM,100,Not Divided,"CURVED, VIEW OBSCURED",Slope,Not Applicable,Sealed,Wet,Raining,Daylight,Hit Fixed Object,1,Driver Rider,1: PDO,No Control,,,1308031.74,1615619.32,1.31E+13
2019-8718-27/05/2021,2 Metropolitan,WINGFIELD,5013,CITY OF PORT ADELAIDE ENFIELD,2,0,0,0,0,2019,August,Wednesday,2:16 PM,50,Cross Road,Straight road,Level,Not Applicable,Sealed,Wet,Raining,Daylight,Side Swipe,2,Driver Rider,1: PDO,Traffic Signals,,,1324303.53,1680190.43,1.32E+13
2019-8719-27/05/2021,2 Metropolitan,ELIZABETH PARK,5113,CITY OF PLAYFORD.,2,0,0,0,0,2019,September,Monday,11:15 AM,80,Cross Road,Straight road,Level,Not Applicable,Sealed,Dry,Not Raining,Daylight,Rear End,2,Driver Rider,1: PDO,Traffic Signals,,,1335998.94,1693731.34,1.34E+13
2019-8720-27/05/2021,2 Metropolitan,PENNINGTON,5013,CITY OF CHARLES STURT,5,0,0,0,0,2019,September,Monday,2:40 PM,60,T-Junction,Straight road,Level,Not Applicable,Sealed,Dry,Not Raining,Daylight,Hit Fixed Object,1,Driver Rider,1: PDO,Give Way Sign,,,1323102.86,1679134.11,1.32E+13
2019-8721-27/05/2021,2 Metropolitan,WINDSOR GARDENS,5087,CITY OF PORT ADELAIDE ENFIELD,4,0,0,0,0,2019,September,Monday,3:30 PM,50,Not Divided,Straight road,Slope,Road hump or Slow point,Sealed,Dry,Not Raining,Daylight,Hit Parked Vehicle,1,Driver Rider,1: PDO,No Control,,,1334882.81,1677730.09,1.33E+13
2019-8722-27/05/2021,2 Metropolitan,PROSPECT,5082,CITY OF PROSPECT,2,0,0,0,0,2019,September,Monday,3:45 PM,60,Divided Road,Straight road,Level,Not Applicable,Sealed,Dry,Not Raining,Daylight,Rear End,2,Driver Rider,1: PDO,No Control,,,1328871.14,1676172.69,1.33E+13
2019-8723-27/05/2021,2 Metropolitan,PAYNEHAM,5070,"CC OF NORWOOD,PAYNEHAM & ST PETERS",3,0,0,0,0,2019,September,Monday,4:00 PM,60,Divided Road,Straight road,Level,Not Applicable,Sealed,Dry,Not Raining,Daylight,Rear End,1,Driver Rider,1: PDO,No Control,,,1332471.02,1673938.8,1.33E+13
2019-8724-27/05/2021,2 Metropolitan,KESWICK TERMINAL,5035,CITY OF WEST TORRENS,2,0,0,0,0,2019,September,Monday,4:55 PM,60,Cross Road,Straight road,Level,Not Applicable,Sealed,Dry,Not Raining,Daylight,Right Turn,2,Driver Rider,1: PDO,Traffic Signals,,,1326431.95,1668966.24,1.33E+13
2019-8725-27/05/2021,3 Country,MOUNT GAMBIER,5290,CC MT.GAMBIER.                ,3,0,0,0,0,2019,September,Monday,4:40 PM,50,Cross Road,Straight road,Level,Not Applicable,Sealed,Wet,Not Raining,Daylight,Right Angle,2,Driver Rider,1: PDO,Traffic Signals,,,1510634.56,1339951.5,1.51E+13
2019-8726-27/05/2021,2 Metropolitan,ASCOT PARK,5043,CC MARION.                    ,1,0,0,0,0,2019,September,Monday,4:23 PM,50,Cross Road,"CURVED, VIEW OPEN",Level,Not Applicable,Sealed,Dry,Not Raining,Daylight,Roll Over,9,Other,1: PDO,Stop Sign,,,1325048.29,1664003.61,1.33E+13
2019-8727-27/05/2021,2 Metropolitan,PARALOWIE,5108,CITY OF SALISBURY,3,0,0,0,0,2019,September,Monday,4:05 PM,90,Divided Road,Straight road,Level,Not Applicable,Sealed,Dry,Not Raining,Daylight,Rear End,2,Driver Rider,1: PDO,No Control,,,1328431.45,1688801.04,1.33E+13
2019-8728-27/05/2021,2 Metropolitan,OVINGHAM,5082,CITY OF CHARLES STURT,2,0,0,0,0,2019,September,Monday,5:25 PM,60,Cross Road,Straight road,Slope,Not Applicable,Sealed,Dry,Not Raining,Daylight,Rear End,1,Driver Rider,1: PDO,Traffic Signals,,,1327131.58,1673269.49,1.33E+13
2019-8729-27/05/2021,2 Metropolitan,NORTH ADELAIDE,5006,CITY OF CHARLES STURT,3,0,0,0,0,2019,August,Saturday,12:00 PM,60,T-Junction,Straight road,Level,Not Applicable,Sealed,Dry,Not Raining,Daylight,Rear End,2,Driver Rider,1: PDO,No Control,,,1326589.92,1672766,1.33E+13
2019-8730-27/05/2021,2 Metropolitan,INGLE FARM,5098,CITY OF SALISBURY,2,0,0,0,0,2019,September,Monday,1:30 PM,60,T-Junction,Straight road,Level,Not Applicable,Sealed,Dry,Not Raining,Daylight,Rear End,1,Driver Rider,1: PDO,No Control,,,1333548.07,1681245.39,1.33E+13
2019-8731-27/05/2021,2 Metropolitan,WYNN VALE,5127,CITY OF TEA TREE GULLY,2,0,0,0,0,2019,September,Monday,8:30 PM,70,T-Junction,Straight road,Level,Not Applicable,Sealed,Dry,Not Raining,Night,Right Turn,2,Driver Rider,1: PDO,Traffic Signals,,,1336684.17,1683911.41,1.34E+13
2019-8732-27/05/2021,2 Metropolitan,SALISBURY PLAIN,5109,CITY OF SALISBURY,2,1,0,1,0,2019,September,Monday,9:20 PM,60,Divided Road,Straight road,Level,Driveway or Entrance,Sealed,Dry,Not Raining,Night,Right Angle,2,Driver Rider,3: SI,Roundabout,,,1335290.76,1688242.58,1.34E+13
2019-8733-27/05/2021,2 Metropolitan,LOCKLEYS,5032,CITY OF WEST TORRENS,4,0,0,0,0,2019,September,Monday,10:35 PM,60,Cross Road,"CURVED, VIEW OPEN",Level,Not Applicable,Sealed,Dry,Not Raining,Night,Hit Fixed Object,1,Driver Rider,1: PDO,Traffic Signals,,,1322502.16,1670764.74,1.32E+13
2019-8734-27/05/2021,2 Metropolitan,SEATON,5023,CITY OF CHARLES STURT,2,0,0,0,0,2019,September,Tuesday,12:00 AM,60,Rail Crossing,Straight road,Level,Not Applicable,Sealed,Dry,Not Raining,Night,Hit Fixed Object,1,Driver Rider,1: PDO,Rail Xing - Boom,,,1319937.98,1673913.97,1.32E+13
2019-8735-27/05/2021,2 Metropolitan,DIREK,5110,CITY OF SALISBURY,2,0,0,0,0,2019,September,Tuesday,6:18 AM,90,T-Junction,Straight road,Level,Not Applicable,Unsealed,Dry,Not Raining,Night,Right Angle,2,Driver Rider,1: PDO,No Control,,,1329120.97,1693448.18,1.33E+13
2019-8736-27/05/2021,2 Metropolitan,MOUNT BARKER,5251,DC MT.BARKER.                 ,2,1,0,0,1,2019,September,Monday,1:35 PM,50,Not Divided,Straight road,Level,Not Applicable,Sealed,Dry,Not Raining,Daylight,Hit Parked Vehicle,1,Driver Rider,2: MI,No Control,,,1351684.45,1654208.56,1.35E+13
2019-8737-27/05/2021,2 Metropolitan,ELIZABETH EAST,5112,CITY OF PLAYFORD.,2,0,0,0,0,2019,September,Tuesday,9:25 AM,60,T-Junction,Straight road,Level,Not Applicable,Sealed,Dry,Not Raining,Daylight,Rear End,2,Driver Rider,1: PDO,No Control,,,1336770.65,1692817.6,1.34E+13
2019-8738-27/05/2021,2 Metropolitan,HENDON,5014,CITY OF CHARLES STURT,2,1,0,0,1,2019,September,Tuesday,9:25 AM,50,Not Divided,Straight road,Level,Not Applicable,Sealed,Dry,Not Raining,Daylight,Hit Parked Vehicle,1,Driver Rider,2: MI,No Control,,Y,1321027.61,1677249.16,1.32E+13
2019-8739-27/05/2021,2 Metropolitan,ST MARYS,5042,CC MITCHAM.                   ,4,1,0,0,1,2019,September,Tuesday,9:00 AM,60,Divided Road,Straight road,Level,Not Applicable,Sealed,Dry,Not Raining,Daylight,Rear End,1,Driver Rider,2: MI,No Control,,,1326168.08,1663332.61,1.33E+13