REPORT_ID,Stats Area,Suburb,Postcode,LGA Name,Total Units,Total Cas,Total Fats,Total SI,Total MI,Year,Month,Day,Time,Area Speed,Position Type,Horizontal Align,Vertical Align,Other Feat,Road Surface,Moisture Cond,Weather Cond,DayNight,Crash Type,Unit Resp,Entity Code,CSEF Severity,Traffic Ctrls,DUI Involved,Drugs Involved,ACCLOC_X,ACCLOC_Y,UNIQUE_LOC
2019-8740-27/05/2021,2 Metropolitan,CHAIN OF PONDS,5231,THE ADELAIDE HILLS COUNCIL,2,1,0,1,0,2019,September,Monday,12:30 PM,80,Not Divided,Straight road,Level,Not Applicable,Sealed,Dry,Not Raining,Daylight,Hit Fixed Object,1,Driver Rider,3: SI,No Control,,Y,1349665.39,1681368.68,1.35E+13
2019-8741-27/05/2021,2 Metropolitan,TORRENSVILLE,5031,CITY OF WEST TORRENS,2,1,0,0,1,2019,September,Tuesday,8:05 AM,50,Cross Road,Straight road,Level,Not Applicable,Sealed,Dry,Not Raining,Daylight,Right Angle,1,Driver Rider,2: MI,Give Way Sign,,,1324746.26,1671390.05,1.32E+13
2019-8742-27/05/2021,2 Metropolitan,ELIZABETH NORTH,5113,CITY OF PLAYFORD.,2,0,0,0,0,2019,September,Tuesday,11:24 AM,80,Cross Road,Straight road,Level,Not Applicable,Sealed,Dry,Not Raining,Daylight,Rear End,2,Driver Rider,1: PDO,Traffic Signals,,,1336972.07,1695458.34,1.34E+13
2019-8743-27/05/2021,2 Metropolitan,BOLIVAR,5110,CITY OF SALISBURY,3,1,0,0,1,2019,September,Monday,2:40 PM,40,T-Junction,Straight road,Level,Roadworks,Sealed,Dry,Not Raining,Daylight,Rear End,1,Driver Rider,2: MI,Traffic Signals,,,1328471.89,1688636.97,1.33E+13
2019-8744-27/05/2021,1 City,ADELAIDE,5000,CITY OF ADELAIDE,2,1,0,0,1,2019,August,Tuesday,9:00 AM,60,T-Junction,Straight road,Level,Not Applicable,Sealed,Dry,Not Raining,Daylight,Side Swipe,2,Driver Rider,2: MI,Give Way Sign,,,1327377.74,1670639.77,1.33E+13
2019-8745-27/05/2021,2 Metropolitan,ELIZABETH DOWNS,5113,CITY OF PLAYFORD.,2,1,0,0,1,2019,September,Tuesday,12:20 PM,50,T-Junction,Straight road,Level,Not Applicable,Sealed,Dry,Not Raining,Daylight,Right Turn,2,Driver Rider,2: MI,No Control,,,1338519.11,1695481.18,1.34E+13
2019-8746-27/05/2021,3 Country,TANUNDA,5352,THE BAROSSA COUNCIL.,2,0,0,0,0,2019,September,Monday,7:00 PM,50,Not Divided,Straight road,Level,Not Applicable,Sealed,Dry,Not Raining,Night,Hit Parked Vehicle,2,Driver Rider,1: PDO,No Control,,,1363055.13,1714057.56,1.36E+13
2019-8747-27/05/2021,2 Metropolitan,POORAKA,5095,CITY OF SALISBURY,2,0,0,0,0,2019,September,Monday,1:30 PM,50,Not Divided,Straight road,Level,Not Applicable,Sealed,Dry,Not Raining,Daylight,Hit Parked Vehicle,2,Driver Rider,1: PDO,No Control,,,1331038.43,1681168.36,1.33E+13
2019-8748-27/05/2021,2 Metropolitan,MEDINDIE,5081,WALKERVILLE TOWN COUNCIL,2,0,0,0,0,2019,September,Tuesday,7:35 AM,60,Divided Road,Straight road,Level,Not Applicable,Sealed,Dry,Not Raining,Daylight,Rear End,1,Driver Rider,1: PDO,No Control,,,1328390.76,1673716.5,1.33E+13
2019-8749-27/05/2021,3 Country,MUDAMUCKLA,5680,DC CEDUNA                     ,2,1,0,1,0,2019,September,Tuesday,2:00 PM,110,Not Divided,"CURVED, VIEW OPEN",Slope,Not Applicable,Sealed,Dry,Not Raining,Daylight,Hit Fixed Object,1,Driver Rider,3: SI,No Control,,,912708.01,1978118.52,9.13E+12
2019-8750-27/05/2021,2 Metropolitan,WOODSIDE,5244,THE ADELAIDE HILLS COUNCIL,2,1,0,1,0,2019,September,Tuesday,2:20 PM,80,T-Junction,Straight road,Bottom of Hill,Not Applicable,Sealed,Dry,Not Raining,Daylight,Right Angle,1,Driver Rider,3: SI,No Control,,,1354594.96,1665756.51,1.35E+13
2019-8751-27/05/2021,2 Metropolitan,MOUNT BARKER,5251,DC MT.BARKER.                 ,2,1,0,0,1,2019,September,Tuesday,3:20 PM,50,Not Divided,Straight road,Slope,Driveway or Entrance,Sealed,Dry,Not Raining,Daylight,Right Angle,1,Driver Rider,2: MI,No Control,,,1351280.76,1654430.65,1.35E+13
2019-8752-27/05/2021,3 Country,WORROLONG,5291,DISTRICT COUNCIL OF GRANT,2,1,0,1,0,2019,September,Tuesday,2:10 PM,100,Cross Road,Straight road,Crest of Hill,Not Applicable,Sealed,Dry,Not Raining,Daylight,Right Angle,1,Driver Rider,3: SI,Give Way Sign,,Y,1512927.2,1342115.52,1.51E+13
2019-8753-27/05/2021,2 Metropolitan,GEPPS CROSS,5094,CITY OF PORT ADELAIDE ENFIELD,2,2,0,0,2,2019,September,Tuesday,4:25 PM,60,Cross Road,Straight road,Level,Not Applicable,Sealed,Dry,Not Raining,Daylight,Right Turn,2,Driver Rider,2: MI,Traffic Signals,,,1327996.81,1679245.21,1.33E+13
2019-8754-27/05/2021,2 Metropolitan,WATERLOO CORNER,5110,CITY OF SALISBURY,4,2,0,0,2,2019,September,Tuesday,4:20 PM,60,Divided Road,Straight road,Level,Roadworks,Sealed,Dry,Not Raining,Daylight,Rear End,1,Driver Rider,2: MI,No Control,,,1327233.96,1693638.78,1.33E+13
2019-8755-27/05/2021,2 Metropolitan,ST MARYS,5042,CC MITCHAM.                   ,2,0,0,0,0,2019,September,Tuesday,6:15 PM,50,Not Divided,Straight road,Level,Not Applicable,Sealed,Dry,Not Raining,Night,Hit Fixed Object,1,Driver Rider,1: PDO,No Control,,,1326034.37,1662157.95,1.33E+13
2019-8756-27/05/2021,2 Metropolitan,WYNN VALE,5127,CITY OF TEA TREE GULLY,2,0,0,0,0,2019,September,Tuesday,7:00 PM,50,Not Divided,Straight road,Level,Driveway or Entrance,Sealed,Dry,Not Raining,Night,Right Angle,2,Driver Rider,1: PDO,No Control,,,1337511.89,1683754.82,1.34E+13
2019-8757-27/05/2021,2 Metropolitan,ATHELSTONE,5076,CC CAMPBELLTOWN.              ,2,0,0,0,0,2019,September,Tuesday,1:00 PM,60,T-Junction,Straight road,Level,Not Applicable,Sealed,Dry,Not Raining,Daylight,Side Swipe,2,Driver Rider,1: PDO,No Control,,,1337022.88,1675155.91,1.34E+13
2019-8758-27/05/2021,2 Metropolitan,LEAWOOD GARDENS,5150,CC MITCHAM.                   ,2,0,0,0,0,2019,September,Tuesday,7:20 PM,60,Divided Road,"CURVED, VIEW OBSCURED",Slope,Not Applicable,Sealed,Dry,Not Raining,Night,Hit Fixed Object,1,Driver Rider,1: PDO,No Control,,,1334596.46,1665260.91,1.33E+13
2019-8759-27/05/2021,2 Metropolitan,CLARENCE PARK,5034,CC MITCHAM.                   ,3,1,0,0,1,2019,September,Tuesday,4:30 PM,60,Not Divided,Straight road,Level,Not Applicable,Sealed,Dry,Not Raining,Daylight,Rear End,2,Driver Rider,2: MI,No Control,,,1326647.62,1666183.2,1.33E+13
2019-8760-27/05/2021,2 Metropolitan,MEDINDIE,5081,WALKERVILLE TOWN COUNCIL,3,0,0,0,0,2019,September,Tuesday,8:00 PM,60,Divided Road,Straight road,Level,Not Applicable,Sealed,Dry,Not Raining,Night,Rear End,1,Driver Rider,1: PDO,No Control,,,1328869.52,1674172.35,1.33E+13
2019-8761-27/05/2021,3 Country,PIMBA,5720,,2,0,0,0,0,2019,September,Tuesday,8:30 PM,110,Not Divided,Straight road,Level,Not Applicable,Sealed,Dry,Not Raining,Night,Hit Animal,2,Animal,1: PDO,No Control,,,1170190.85,2081265.38,1.17E+13
2019-8762-27/05/2021,2 Metropolitan,YATTALUNGA,5114,CITY OF PLAYFORD.,2,0,0,0,0,2019,September,Tuesday,7:45 AM,100,Not Divided,"CURVED, VIEW OBSCURED",Slope,Not Applicable,Sealed,Wet,Raining,Daylight,Hit Fixed Object,1,Driver Rider,1: PDO,No Control,,,1347193.72,1694510.72,1.35E+13
2019-8763-27/05/2021,2 Metropolitan,SOUTH PLYMPTON,5038,CC MARION.                    ,4,0,0,0,0,2019,September,Tuesday,10:10 PM,60,Divided Road,Straight road,Level,Not Applicable,Sealed,Dry,Not Raining,Night,Hit Fixed Object,1,Driver Rider,1: PDO,No Control,,,1324279.49,1664805.01,1.32E+13
2019-8764-27/05/2021,2 Metropolitan,OLD NOARLUNGA,5168,CITY OF ONKAPARINGA,3,1,0,1,0,2019,September,Wednesday,12:12 AM,50,Not Divided,"CURVED, VIEW OPEN",Crest of Hill,Not Applicable,Sealed,Dry,Not Raining,Night,Hit Fixed Object,1,Driver Rider,3: SI,No Control,,,1318659.29,1643013.59,1.32E+13
2019-8765-27/05/2021,2 Metropolitan,FORESTVILLE,5035,CITY OF UNLEY,2,0,0,0,0,2019,September,Wednesday,5:50 AM,40,T-Junction,Straight road,Level,Not Applicable,Sealed,Wet,Raining,Night,Side Swipe,1,Driver Rider,1: PDO,Traffic Signals,,,1326305.83,1668158.5,1.33E+13
2019-8766-27/05/2021,2 Metropolitan,KESWICK TERMINAL,5035,CITY OF WEST TORRENS,2,1,0,0,1,2019,September,Wednesday,6:00 AM,60,Cross Road,Straight road,Level,Not Applicable,Sealed,Wet,Raining,Night,Right Turn,2,Driver Rider,2: MI,Traffic Signals,,Y,1326201.4,1670110.18,1.33E+13
2019-8767-27/05/2021,2 Metropolitan,ONKAPARINGA HILLS,5163,CITY OF ONKAPARINGA,2,0,0,0,0,2019,September,Tuesday,10:10 AM,60,Not Divided,"CURVED, VIEW OBSCURED",Level,Not Applicable,Sealed,Dry,Not Raining,Daylight,Hit Fixed Object,1,Driver Rider,1: PDO,No Control,,,1322971.86,1645483.62,1.32E+13
2019-8768-27/05/2021,2 Metropolitan,ELIZABETH,5112,CITY OF PLAYFORD.,2,1,0,0,1,2019,September,Wednesday,7:34 AM,60,Cross Road,Straight road,Level,Not Applicable,Sealed,Wet,Raining,Daylight,Right Angle,1,Driver Rider,2: MI,Roundabout,,,1335655.83,1693821.56,1.34E+13
2019-8769-27/05/2021,3 Country,PORT LINCOLN,5606,CC PT.LINCOLN.                ,2,1,0,0,1,2019,September,Wednesday,7:45 AM,60,Cross Road,"CURVED, VIEW OPEN",Level,Not Applicable,Sealed,Dry,Not Raining,Daylight,Right Angle,2,Driver Rider,2: MI,Roundabout,,,1078195.56,1698674.32,1.08E+13
2019-8770-27/05/2021,2 Metropolitan,TWO WELLS,5501,DC MALLALA.                   ,2,0,0,0,0,2019,September,Wednesday,7:50 AM,110,T-Junction,Straight road,Level,Not Applicable,Sealed,Wet,Raining,Daylight,Hit Fixed Object,1,Driver Rider,1: PDO,No Control,,,1321960.4,1706603.23,1.32E+13
2019-8771-27/05/2021,2 Metropolitan,NOARLUNGA DOWNS,5168,CITY OF ONKAPARINGA,2,0,0,0,0,2019,September,Wednesday,8:29 AM,80,Divided Road,Straight road,Level,Not Applicable,Sealed,Wet,Not Raining,Daylight,Hit Animal,2,Animal,1: PDO,No Control,,,1318921.12,1643991.26,1.32E+13
2019-8772-27/05/2021,2 Metropolitan,SALISBURY,5108,CITY OF SALISBURY,2,0,0,0,0,2019,September,Wednesday,8:21 AM,60,Multiple,Straight road,Level,Not Applicable,Sealed,Wet,Raining,Daylight,Right Angle,1,Driver Rider,1: PDO,Traffic Signals,,,1333632.48,1688660.75,1.33E+13
2019-8773-27/05/2021,2 Metropolitan,GLENELG NORTH,5045,CITY OF HOLDFAST BAY,3,0,0,0,0,2019,September,Wednesday,8:29 AM,60,Divided Road,Straight road,Level,Driveway or Entrance,Sealed,Wet,Raining,Daylight,Right Angle,1,Driver Rider,1: PDO,No Control,,,1321078.33,1665307.3,1.32E+13
2019-8774-27/05/2021,2 Metropolitan,GREENACRES,5086,CITY OF PORT ADELAIDE ENFIELD,2,1,0,0,1,2019,September,Wednesday,9:18 AM,60,T-Junction,Straight road,Level,Not Applicable,Sealed,Wet,Raining,Daylight,Right Angle,1,Driver Rider,2: MI,No Control,,,1330949.57,1676582.67,1.33E+13
2019-8775-27/05/2021,2 Metropolitan,LOWER MITCHAM,5062,CC MITCHAM.                   ,2,0,0,0,0,2019,September,Tuesday,8:30 AM,60,T-Junction,Straight road,Level,Not Applicable,Sealed,Dry,Not Raining,Daylight,Side Swipe,2,Driver Rider,1: PDO,Traffic Signals,,,1329170.96,1665061.71,1.33E+13
2019-8776-27/05/2021,2 Metropolitan,GRANGE,5022,CITY OF CHARLES STURT,2,0,0,0,0,2019,September,Wednesday,8:20 AM,60,T-Junction,Straight road,Level,Not Applicable,Sealed,Wet,Raining,Daylight,Right Angle,1,Driver Rider,1: PDO,Give Way Sign,,,1318950.06,1674477.57,1.32E+13
2019-8777-27/05/2021,2 Metropolitan,HINDMARSH,5007,CITY OF CHARLES STURT,2,0,0,0,0,2019,September,Wednesday,8:40 AM,60,T-Junction,Straight road,Level,Not Applicable,Sealed,Dry,Not Raining,Daylight,Right Angle,2,Driver Rider,1: PDO,No Control,,,1325786.35,1672873.96,1.33E+13
2019-8778-27/05/2021,1 City,ADELAIDE,5000,CITY OF ADELAIDE,2,1,0,0,1,2019,July,Tuesday,11:30 AM,50,Not Divided,Straight road,Level,Not Applicable,Sealed,Dry,Not Raining,Daylight,Rear End,2,Driver Rider,2: MI,No Control,,,1329334.75,1669595.58,1.33E+13
2019-8779-27/05/2021,2 Metropolitan,RIDGEHAVEN,5097,CITY OF TEA TREE GULLY,2,0,0,0,0,2019,September,Wednesday,8:49 AM,60,Divided Road,Straight road,Level,Not Applicable,Sealed,Wet,Raining,Daylight,Rear End,2,Driver Rider,1: PDO,No Control,,,1337427.76,1681275.29,1.34E+13
2019-8780-27/05/2021,2 Metropolitan,KUDLA,5115,CT GAWLER.                    ,2,6,0,0,6,2019,September,Wednesday,9:00 AM,80,T-Junction,Straight road,Level,Not Applicable,Sealed,Wet,Raining,Daylight,Right Angle,1,Driver Rider,2: MI,Stop Sign,,,1338661.3,1700789.09,1.34E+13
2019-8781-27/05/2021,2 Metropolitan,URRBRAE,5064,CC MITCHAM.                   ,3,0,0,0,0,2019,September,Wednesday,8:10 AM,60,Cross Road,Straight road,Slope,Not Applicable,Sealed,Wet,Raining,Daylight,Side Swipe,2,Driver Rider,1: PDO,Traffic Signals,,,1332373.16,1666370.92,1.33E+13
2019-8782-27/05/2021,2 Metropolitan,HORSNELL GULLY,5141,THE ADELAIDE HILLS COUNCIL,2,1,0,0,1,2019,September,Wednesday,8:58 AM,60,Not Divided,"CURVED, VIEW OBSCURED",Slope,Not Applicable,Sealed,Wet,Raining,Daylight,Head On,1,Driver Rider,2: MI,No Control,,,1339171.73,1670766.32,1.34E+13
2019-8783-27/05/2021,2 Metropolitan,WEST LAKES SHORE,5020,CITY OF CHARLES STURT,2,0,0,0,0,2019,September,Wednesday,10:25 AM,50,T-Junction,Straight road,Level,Not Applicable,Sealed,Dry,Not Raining,Daylight,Hit Fixed Object,1,Driver Rider,1: PDO,No Control,,,1318394.49,1677978.2,1.32E+13
2019-8784-27/05/2021,2 Metropolitan,WINGFIELD,5013,CITY OF PORT ADELAIDE ENFIELD,2,0,0,0,0,2019,September,Wednesday,7:50 AM,90,Freeway,Straight road,Level,Not Applicable,Sealed,Wet,Raining,Daylight,Side Swipe,1,Driver Rider,1: PDO,No Control,,,1325496.8,1680200.8,1.33E+13
2019-8785-27/05/2021,2 Metropolitan,BROWN HILL CREEK,5062,CC MITCHAM.                   ,2,1,0,0,1,2019,September,Wednesday,8:30 AM,90,Freeway,Straight road,Slope,Not Applicable,Sealed,Wet,Raining,Daylight,Rear End,2,Driver Rider,2: MI,No Control,,,1333472.65,1665362.61,1.33E+13
2019-8786-27/05/2021,2 Metropolitan,ABERFOYLE PARK,5159,CITY OF ONKAPARINGA,2,0,0,0,0,2019,September,Tuesday,1:00 PM,50,Not Divided,Straight road,Level,Driveway or Entrance,Sealed,Dry,Not Raining,Daylight,Hit Parked Vehicle,2,Driver Rider,1: PDO,No Control,,,1327654.13,1654600.84,1.33E+13
2019-8787-27/05/2021,2 Metropolitan,LEABROOK,5068,CITY OF BURNSIDE,2,0,0,0,0,2019,September,Wednesday,8:00 AM,50,Not Divided,Straight road,Level,Not Applicable,Sealed,Wet,Raining,Daylight,Hit Parked Vehicle,2,Driver Rider,1: PDO,No Control,,,1333623.93,1669920.35,1.33E+13
2019-8788-27/05/2021,2 Metropolitan,BLACKWOOD,5051,CC MITCHAM.                   ,2,0,0,0,0,2019,September,Wednesday,10:30 AM,50,T-Junction,Straight road,Level,Not Applicable,Sealed,Wet,Raining,Daylight,Rear End,1,Driver Rider,1: PDO,Give Way Sign,,,1329811.86,1660745,1.33E+13
2019-8789-27/05/2021,2 Metropolitan,BROWN HILL CREEK,5062,CC MITCHAM.                   ,2,0,0,0,0,2019,September,Wednesday,8:30 AM,90,Freeway,Straight road,Slope,Not Applicable,Sealed,Wet,Raining,Daylight,Rear End,2,Driver Rider,1: PDO,No Control,,,1333561.83,1665431.31,1.33E+13
2019-8790-27/05/2021,2 Metropolitan,MEDINDIE,5081,WALKERVILLE TOWN COUNCIL,2,0,0,0,0,2019,September,Tuesday,6:50 PM,60,Not Divided,Straight road,Level,Not Applicable,Sealed,Dry,Not Raining,Night,Rear End,1,Driver Rider,1: PDO,No Control,,,1329312.48,1674232.34,1.33E+13
2019-8791-27/05/2021,2 Metropolitan,FLINDERS PARK,5025,CITY OF CHARLES STURT,2,1,0,0,1,2019,September,Wednesday,12:25 PM,60,Divided Road,Straight road,Level,Not Applicable,Sealed,Dry,Not Raining,Daylight,Rear End,1,Driver Rider,2: MI,No Control,,,1324234.66,1673170.62,1.32E+13
2019-8792-27/05/2021,2 Metropolitan,BROWN HILL CREEK,5062,CC MITCHAM.                   ,2,0,0,0,0,2019,September,Wednesday,8:30 AM,90,Freeway,Straight road,Slope,Not Applicable,Sealed,Wet,Raining,Daylight,Rear End,2,Driver Rider,1: PDO,No Control,,,1333580.41,1665445.32,1.33E+13
2019-8793-27/05/2021,2 Metropolitan,PROSPECT,5082,CITY OF PROSPECT,2,1,0,0,1,2019,September,Wednesday,1:23 PM,60,Cross Road,Straight road,Level,Not Applicable,Sealed,Wet,Raining,Daylight,Right Angle,1,Driver Rider,2: MI,Traffic Signals,,,1328059.62,1676423.15,1.33E+13
2019-8794-27/05/2021,2 Metropolitan,PLYMPTON,5038,CITY OF WEST TORRENS,3,0,0,0,0,2019,September,Wednesday,1:25 PM,60,Divided Road,Straight road,Level,Not Applicable,Sealed,Wet,Not Raining,Daylight,Rear End,1,Driver Rider,1: PDO,No Control,,,1323729.12,1666210.73,1.32E+13
2019-8795-27/05/2021,2 Metropolitan,OTTOWAY,5013,CITY OF PORT ADELAIDE ENFIELD,2,0,0,0,0,2019,September,Wednesday,11:33 AM,60,T-Junction,Straight road,Level,Not Applicable,Sealed,Wet,Raining,Daylight,Right Turn,2,Driver Rider,1: PDO,Traffic Signals,,,1323011.02,1679141.01,1.32E+13
2019-8796-27/05/2021,3 Country,YORKETOWN,5576,YORKE PENINSULA COUNCIL,1,1,0,0,1,2019,September,Wednesday,12:45 PM,100,Not Divided,"CURVED, VIEW OPEN",Level,Not Applicable,Unsealed,Dry,Not Raining,Daylight,Roll Over,1,Driver Rider,2: MI,No Control,,,1233163.67,1659996.5,1.23E+13
2019-8797-27/05/2021,2 Metropolitan,INGLE FARM,5098,CITY OF SALISBURY,2,0,0,0,0,2019,September,Wednesday,8:00 AM,50,Not Divided,Straight road,Level,Not Applicable,Sealed,Wet,Not Raining,Daylight,Hit Parked Vehicle,2,Driver Rider,1: PDO,No Control,,,1332515.34,1681740.73,1.33E+13
2019-8798-27/05/2021,1 City,ADELAIDE,5000,CITY OF ADELAIDE,2,1,0,0,1,2019,September,Wednesday,1:05 PM,50,Cross Road,Straight road,Level,Not Applicable,Sealed,Wet,Not Raining,Daylight,Hit Pedestrian,1,Driver Rider,2: MI,Traffic Signals,,,1329595.55,1670218.79,1.33E+13
2019-8799-27/05/2021,2 Metropolitan,STEPNEY,5069,"CC OF NORWOOD,PAYNEHAM & ST PETERS",2,0,0,0,0,2019,September,Wednesday,2:50 PM,60,T-Junction,Straight road,Level,Not Applicable,Sealed,Dry,Not Raining,Daylight,Right Turn,2,Driver Rider,1: PDO,No Control,,,1331337.02,1671737.55,1.33E+13
2019-8800-27/05/2021,2 Metropolitan,ELIZABETH,5112,CITY OF PLAYFORD.,2,0,0,0,0,2019,September,Monday,7:42 AM,50,T-Junction,Straight road,Level,Not Applicable,Sealed,Dry,Not Raining,Daylight,Right Angle,2,Driver Rider,1: PDO,No Control,,,1335748.43,1694023.85,1.34E+13
2019-8801-27/05/2021,1 City,ADELAIDE,5000,CITY OF ADELAIDE,2,0,0,0,0,2019,September,Wednesday,3:05 PM,50,Cross Road,Straight road,Level,Not Applicable,Sealed,Dry,Not Raining,Daylight,Hit Pedestrian,2,Pedestrian,1: PDO,Traffic Signals,,,1327373.53,1670801.56,1.33E+13
2019-8802-27/05/2021,2 Metropolitan,RIDLEYTON,5008,CITY OF CHARLES STURT,2,0,0,0,0,2019,September,Wednesday,3:42 PM,60,Cross Road,Straight road,Level,Not Applicable,Sealed,Wet,Raining,Daylight,Right Angle,2,Driver Rider,1: PDO,Stop Sign,,,1326317.87,1674576.99,1.33E+13
2019-8803-27/05/2021,2 Metropolitan,ENFIELD,5085,CITY OF PORT ADELAIDE ENFIELD,2,1,0,0,1,2019,September,Wednesday,3:50 PM,60,T-Junction,Straight road,Level,Not Applicable,Sealed,Dry,Not Raining,Daylight,Right Turn,2,Driver Rider,2: MI,No Control,,,1329039.94,1679271.97,1.33E+13
2019-8804-27/05/2021,3 Country,CURRENCY CREEK,5214,ALEXANDRINA COUNCIL,2,0,0,0,0,2019,September,Tuesday,3:45 PM,100,Not Divided,"CURVED, VIEW OPEN",Bottom of Hill,Not Applicable,Sealed,Dry,Not Raining,Daylight,Hit Fixed Object,1,Driver Rider,1: PDO,No Control,,,1337495.65,1613476.43,1.34E+13
2019-8805-27/05/2021,2 Metropolitan,ATHELSTONE,5076,CC CAMPBELLTOWN.              ,2,1,0,0,1,2019,September,Wednesday,2:40 PM,50,Not Divided,Straight road,Level,Not Applicable,Sealed,Dry,Not Raining,Daylight,Hit Fixed Object,1,Driver Rider,2: MI,No Control,,,1337965.96,1676938.07,1.34E+13
2019-8806-27/05/2021,2 Metropolitan,PROSPECT,5082,CITY OF PROSPECT,2,0,0,0,0,2019,September,Wednesday,5:00 PM,50,Cross Road,Straight road,Level,Not Applicable,Sealed,Dry,Not Raining,Daylight,Right Angle,1,Driver Rider,1: PDO,Give Way Sign,,,1328398.3,1676631.81,1.33E+13
2019-8807-27/05/2021,2 Metropolitan,SEAFORD MEADOWS,5169,CITY OF ONKAPARINGA,2,0,0,0,0,2019,September,Monday,8:15 AM,50,Not Divided,Straight road,Level,Not Applicable,Sealed,Dry,Not Raining,Daylight,Hit Parked Vehicle,2,Driver Rider,1: PDO,No Control,,,1316554.69,1642909.97,1.32E+13
2019-8808-27/05/2021,2 Metropolitan,HAWTHORN,5062,CC MITCHAM.                   ,2,1,0,0,1,2019,September,Wednesday,5:50 PM,50,Cross Road,Straight road,Level,Not Applicable,Sealed,Wet,Raining,Daylight,Right Angle,2,Driver Rider,2: MI,Give Way Sign,,,1328744.53,1665803.51,1.33E+13
2019-8809-27/05/2021,2 Metropolitan,HILLBANK,5112,CITY OF PLAYFORD.,2,0,0,0,0,2019,September,Wednesday,7:00 PM,80,Cross Road,Straight road,Level,Not Applicable,Sealed,Dry,Not Raining,Night,Right Turn,1,Driver Rider,1: PDO,Traffic Signals,,,1336127.25,1690847.05,1.34E+13
2019-8810-27/05/2021,3 Country,VICTOR HARBOR,5211,DC VICTOR HARBOR.             ,2,0,0,0,0,2019,September,Tuesday,3:50 PM,60,Cross Road,Straight road,Crest of Hill,Not Applicable,Sealed,Dry,Not Raining,Daylight,Right Angle,1,Driver Rider,1: PDO,Give Way Sign,,,1327673.23,1601773.68,1.33E+13
2019-8811-27/05/2021,1 City,ADELAIDE,5000,CITY OF ADELAIDE,2,2,0,1,1,2019,September,Wednesday,4:36 PM,50,Cross Road,Straight road,Level,Not Applicable,Sealed,Dry,Not Raining,Daylight,Hit Pedestrian,1,Driver Rider,3: SI,Traffic Signals,,,1328287.82,1670816.26,1.33E+13
2019-8812-27/05/2021,3 Country,MYPONGA,5202,DC YANKALILLA.                ,2,2,0,2,0,2019,September,Tuesday,7:30 PM,100,Not Divided,"CURVED, VIEW OBSCURED",Level,Not Applicable,Sealed,Dry,Not Raining,Night,Head On,2,Driver Rider,3: SI,No Control,,,1317475.5,1622435.09,1.32E+13
2019-8813-27/05/2021,2 Metropolitan,FINDON,5023,CITY OF CHARLES STURT,2,1,0,0,1,2019,September,Wednesday,8:02 PM,60,T-Junction,Straight road,Level,Not Applicable,Sealed,Wet,Not Raining,Night,Right Angle,2,Driver Rider,2: MI,No Control,,,1323128.02,1673635.74,1.32E+13
2019-8814-27/05/2021,2 Metropolitan,O'HALLORAN HILL,5158,CC MARION.                    ,2,2,0,0,2,2019,September,Wednesday,6:20 PM,70,Not Divided,Straight road,Crest of Hill,Not Applicable,Sealed,Wet,Raining,Night,Head On,1,Driver Rider,2: MI,No Control,,,1324049.8,1656617.85,1.32E+13
2019-8815-27/05/2021,2 Metropolitan,STURT,5047,CC MARION.                    ,2,2,0,0,2,2019,September,Wednesday,11:00 PM,60,T-Junction,Straight road,Level,Not Applicable,Sealed,Dry,Not Raining,Night,Right Turn,2,Driver Rider,2: MI,Traffic Signals,,,1324428.84,1659884.95,1.32E+13
2019-8816-27/05/2021,2 Metropolitan,NOARLUNGA CENTRE,5168,CITY OF ONKAPARINGA,2,0,0,0,0,2019,September,Wednesday,7:46 PM,50,Not Divided,"CURVED, VIEW OPEN",Level,Not Applicable,Sealed,Wet,Not Raining,Night,Side Swipe,2,Driver Rider,1: PDO,No Control,,,1318169.12,1647304.37,1.32E+13
2019-8817-27/05/2021,3 Country,BURRUNGULE,5291,WATTLE RANGE COUNCIL,2,0,0,0,0,2019,September,Thursday,3:15 AM,100,Not Divided,Straight road,Crest of Hill,Not Applicable,Sealed,Dry,Not Raining,Night,Hit Animal,2,Animal,1: PDO,No Control,,,1493863.17,1351542.94,1.49E+13
2019-8818-27/05/2021,2 Metropolitan,PARAFIELD,5106,CITY OF SALISBURY,2,0,0,0,0,2019,September,Thursday,4:50 AM,80,Divided Road,Straight road,Level,Not Applicable,Sealed,Dry,Not Raining,Night,Hit Object on Road,1,Driver Rider,1: PDO,No Control,,,1331975.81,1683697.57,1.33E+13
2019-8819-27/05/2021,2 Metropolitan,MAYLANDS,5069,"CC OF NORWOOD,PAYNEHAM & ST PETERS",2,0,0,0,0,2019,September,Thursday,7:10 AM,60,Cross Road,Straight road,Level,Not Applicable,Sealed,Dry,Not Raining,Daylight,Right Turn,2,Driver Rider,1: PDO,Traffic Signals,,,1332238.21,1671761.6,1.33E+13
2019-8820-27/05/2021,2 Metropolitan,POORAKA,5095,CITY OF SALISBURY,3,2,0,0,2,2019,September,Thursday,8:10 AM,70,Divided Road,Straight road,Level,Not Applicable,Sealed,Dry,Not Raining,Daylight,Rear End,1,Driver Rider,2: MI,No Control,,Y,1329932.01,1681019.06,1.33E+13