REPORT_ID,Stats Area,Suburb,Postcode,LGA Name,Total Units,Total Cas,Total Fats,Total SI,Total MI,Year,Month,Day,Time,Area Speed,Position Type,Horizontal Align,Vertical Align,Other Feat,Road Surface,Moisture Cond,Weather Cond,DayNight,Crash Type,Unit Resp,Entity Code,CSEF Severity,Traffic Ctrls,DUI Involved,Drugs Involved,ACCLOC_X,ACCLOC_Y,UNIQUE_LOC
2019-8821-27/05/2021,2 Metropolitan,ANGLE VALE,5117,CITY OF PLAYFORD.,2,0,0,0,0,2019,September,Wednesday,10:20 PM,60,Not Divided,Straight road,Level,Driveway or Entrance,Sealed,Dry,Not Raining,Night,Rear End,2,Driver Rider,1: PDO,No Control,,,1333549.94,1701320.99,1.33E+13
2019-8822-27/05/2021,2 Metropolitan,GLENUNGA,5064,CITY OF BURNSIDE,1,1,0,0,1,2019,September,Thursday,8:00 AM,50,Not Divided,Straight road,Level,Not Applicable,Sealed,Wet,Not Raining,Daylight,Roll Over,1,Driver Rider,2: MI,No Control,,,1331527.39,1668267,1.33E+13
2019-8823-27/05/2021,2 Metropolitan,PROSPECT,5082,CITY OF PROSPECT,3,1,0,0,1,2019,September,Thursday,8:40 AM,60,Divided Road,Straight road,Slope,"Bridge, Culvert, Causeway",Sealed,Dry,Not Raining,Daylight,Rear End,1,Driver Rider,2: MI,No Control,,,1327186.01,1676402.38,1.33E+13
2019-8824-27/05/2021,2 Metropolitan,ALBERT PARK,5014,CITY OF CHARLES STURT,2,0,0,0,0,2019,September,Thursday,9:30 AM,60,T-Junction,"CURVED, VIEW OPEN",Level,Not Applicable,Sealed,Dry,Not Raining,Daylight,Hit Fixed Object,1,Driver Rider,1: PDO,No Control,,,1322074.53,1676250,1.32E+13
2019-8825-27/05/2021,2 Metropolitan,PROSPECT,5082,CITY OF PROSPECT,3,0,0,0,0,2019,September,Thursday,9:15 AM,60,Divided Road,Straight road,Level,Not Applicable,Sealed,Dry,Not Raining,Daylight,Rear End,2,Driver Rider,1: PDO,No Control,,,1327262.54,1676404.23,1.33E+13
2019-8826-27/05/2021,2 Metropolitan,BROADVIEW,5083,CITY OF PORT ADELAIDE ENFIELD,2,0,0,0,0,2019,August,Friday,6:40 PM,60,Divided Road,Straight road,Level,Not Applicable,Sealed,Dry,Not Raining,Night,Hit Parked Vehicle,2,Driver Rider,1: PDO,No Control,,,1329992.56,1676461.17,1.33E+13
2019-8827-27/05/2021,2 Metropolitan,ELIZABETH PARK,5113,CITY OF PLAYFORD.,2,0,0,0,0,2019,September,Thursday,10:10 AM,60,T-Junction,Straight road,Level,Not Applicable,Sealed,Dry,Not Raining,Daylight,Right Angle,1,Driver Rider,1: PDO,No Control,,,1337484.8,1694066.7,1.34E+13
2019-8828-27/05/2021,2 Metropolitan,OLD NOARLUNGA,5168,CITY OF ONKAPARINGA,2,0,0,0,0,2019,September,Thursday,7:40 AM,60,T-Junction,Straight road,Level,Not Applicable,Sealed,Dry,Not Raining,Daylight,Right Angle,1,Driver Rider,1: PDO,No Control,,,1318300.61,1641707.54,1.32E+13
2019-8829-27/05/2021,2 Metropolitan,ELIZABETH,5112,CITY OF PLAYFORD.,2,0,0,0,0,2019,September,Thursday,11:43 AM,60,T-Junction,Straight road,Level,Not Applicable,Sealed,Dry,Not Raining,Daylight,Right Angle,2,Driver Rider,1: PDO,Give Way Sign,,,1335781.39,1693254.44,1.34E+13
2019-8830-27/05/2021,2 Metropolitan,HAZELWOOD PARK,5066,CITY OF BURNSIDE,2,0,0,0,0,2019,September,Thursday,7:45 AM,60,Not Divided,Straight road,Level,Driveway or Entrance,Sealed,Dry,Not Raining,Daylight,Right Angle,2,Driver Rider,1: PDO,No Control,,,1333932.57,1669214.46,1.33E+13
2019-8831-27/05/2021,2 Metropolitan,ROSEWATER,5013,CITY OF PORT ADELAIDE ENFIELD,2,0,0,0,0,2019,September,Thursday,10:25 AM,50,Not Divided,Straight road,Level,Not Applicable,Sealed,Dry,Not Raining,Daylight,Side Swipe,2,Driver Rider,1: PDO,No Control,,,1321615.56,1678749.93,1.32E+13
2019-8832-27/05/2021,2 Metropolitan,KILBURN,5084,CITY OF PORT ADELAIDE ENFIELD,2,0,0,0,0,2019,September,Thursday,1:06 PM,60,Cross Road,Straight road,Level,Not Applicable,Sealed,Dry,Not Raining,Daylight,Right Angle,1,Driver Rider,1: PDO,Stop Sign,,,1327202.23,1678008.23,1.33E+13
2019-8833-27/05/2021,2 Metropolitan,ELIZABETH DOWNS,5113,CITY OF PLAYFORD.,4,3,0,0,3,2019,September,Thursday,12:38 PM,80,Divided Road,Straight road,Level,Not Applicable,Sealed,Dry,Not Raining,Daylight,Rear End,1,Driver Rider,2: MI,No Control,,,1336879.02,1695294,1.34E+13
2019-8834-27/05/2021,2 Metropolitan,CUMBERLAND PARK,5041,CC MITCHAM.                   ,4,0,0,0,0,2019,September,Wednesday,5:20 PM,50,Cross Road,Straight road,Level,Not Applicable,Sealed,Wet,Raining,Daylight,Right Angle,1,Driver Rider,1: PDO,Stop Sign,,,1326714.57,1665113.65,1.33E+13
2019-8835-27/05/2021,2 Metropolitan,MASLIN BEACH,5170,CITY OF ONKAPARINGA,2,0,0,0,0,2019,September,Thursday,2:35 PM,80,Cross Road,Straight road,Bottom of Hill,Not Applicable,Sealed,Dry,Not Raining,Daylight,Right Angle,2,Driver Rider,1: PDO,Stop Sign,,,1316480.48,1638128.35,1.32E+13
2019-8836-27/05/2021,2 Metropolitan,CUMBERLAND PARK,5041,CC MITCHAM.                   ,2,1,0,0,1,2019,September,Wednesday,9:05 PM,60,Cross Road,Straight road,Level,Not Applicable,Sealed,Dry,Not Raining,Night,Right Turn,2,Driver Rider,2: MI,Traffic Signals,,,1326684.05,1666174.93,1.33E+13
2019-8837-27/05/2021,2 Metropolitan,WOODSIDE,5244,THE ADELAIDE HILLS COUNCIL,4,1,0,1,0,2019,September,Thursday,3:30 PM,50,T-Junction,Straight road,Level,Not Applicable,Sealed,Dry,Not Raining,Daylight,Right Angle,2,Driver Rider,3: SI,No Control,,,1353632.32,1667142.99,1.35E+13
2019-8838-27/05/2021,2 Metropolitan,STURT,5047,CC MARION.                    ,2,0,0,0,0,2019,September,Thursday,4:31 PM,100,Freeway,Straight road,Level,Not Applicable,Sealed,Dry,Not Raining,Daylight,Hit Fixed Object,1,Driver Rider,1: PDO,No Control,,,1324271.27,1659715.74,1.32E+13
2019-8839-27/05/2021,2 Metropolitan,WEST RICHMOND,5033,CITY OF WEST TORRENS,2,1,0,0,1,2019,September,Wednesday,7:27 PM,50,T-Junction,Straight road,Level,Not Applicable,Sealed,Wet,Raining,Night,Hit Parked Vehicle,1,Driver Rider,2: MI,Give Way Sign,,,1323740.24,1669660.37,1.32E+13
2019-8840-27/05/2021,1 City,ADELAIDE,5000,CITY OF ADELAIDE,2,0,0,0,0,2019,September,Thursday,5:05 PM,60,T-Junction,Straight road,Level,Additional Control Operating,Sealed,Dry,Not Raining,Daylight,Rear End,1,Driver Rider,1: PDO,Traffic Signals,,,1327382.28,1670486.86,1.33E+13
2019-8841-27/05/2021,2 Metropolitan,FULHAM GARDENS,5024,CITY OF CHARLES STURT,2,0,0,0,0,2019,September,Thursday,3:50 PM,60,Divided Road,Straight road,Level,Driveway or Entrance,Sealed,Dry,Not Raining,Daylight,Side Swipe,1,Driver Rider,1: PDO,No Control,,,1320672.51,1672444.74,1.32E+13
2019-8842-27/05/2021,1 City,ADELAIDE,5000,CITY OF ADELAIDE,2,0,0,0,0,2019,September,Thursday,5:00 PM,60,T-Junction,Straight road,Level,Not Applicable,Sealed,Dry,Not Raining,Daylight,Rear End,1,Driver Rider,1: PDO,Traffic Signals,,,1327378.83,1669847.56,1.33E+13
2019-8843-27/05/2021,2 Metropolitan,BEDFORD PARK,5042,CC MITCHAM.                   ,2,0,0,0,0,2019,September,Thursday,4:30 PM,50,Cross Road,"CURVED, VIEW OPEN",Level,Not Applicable,Sealed,Dry,Not Raining,Daylight,Side Swipe,2,Driver Rider,1: PDO,Traffic Signals,,,1325172.53,1660394.58,1.33E+13
2019-8844-27/05/2021,2 Metropolitan,CLARENCE PARK,5034,CITY OF UNLEY,2,0,0,0,0,2019,September,Thursday,5:40 PM,40,Not Divided,Straight road,Level,Not Applicable,Sealed,Dry,Not Raining,Daylight,Rear End,2,Driver Rider,1: PDO,No Control,,,1326680.83,1666291.54,1.33E+13
2019-8845-27/05/2021,3 Country,GIFFORD HILL,5253,RC MURRAY BRIDGE.             ,2,0,0,0,0,2019,September,Thursday,6:00 AM,110,Interchange,"CURVED, VIEW OPEN",Crest of Hill,Not Applicable,Sealed,Dry,Not Raining,Night,Side Swipe,1,Driver Rider,1: PDO,No Control,,,1384199.1,1644177.25,1.38E+13
2019-8846-27/05/2021,2 Metropolitan,PARA HILLS,5096,CITY OF SALISBURY,2,0,0,0,0,2019,September,Wednesday,4:01 PM,60,Divided Road,Straight road,Level,Not Applicable,Sealed,Dry,Not Raining,Daylight,Side Swipe,2,Driver Rider,1: PDO,No Control,,,1334287.29,1684520.22,1.33E+13
2019-8847-27/05/2021,2 Metropolitan,URRBRAE,5064,CC MITCHAM.                   ,2,1,0,0,1,2019,September,Thursday,3:40 PM,60,Cross Road,Straight road,Level,Not Applicable,Sealed,Dry,Not Raining,Daylight,Right Turn,1,Driver Rider,2: MI,Traffic Signals,,,1330786.89,1665600.37,1.33E+13
2019-8848-27/05/2021,3 Country,MOUNT GAMBIER,5290,CC MT.GAMBIER.                ,2,0,0,0,0,2019,September,Thursday,6:35 PM,50,Cross Road,Straight road,Level,Not Applicable,Sealed,Dry,Not Raining,Night,Hit Parked Vehicle,1,Driver Rider,1: PDO,Roundabout,,,1509863.82,1340179.4,1.51E+13
2019-8849-27/05/2021,2 Metropolitan,BROOKLYN PARK,5032,CITY OF WEST TORRENS,2,0,0,0,0,2019,September,Thursday,10:04 PM,60,Cross Road,Straight road,Level,Not Applicable,Sealed,Dry,Not Raining,Night,Right Turn,1,Driver Rider,1: PDO,Traffic Signals,,,1323114.09,1670094.96,1.32E+13
2019-8850-27/05/2021,3 Country,MALLALA,5502,DC MALLALA.                   ,2,1,0,0,1,2019,September,Thursday,10:20 PM,50,Not Divided,Straight road,Level,Not Applicable,Sealed,Dry,Not Raining,Night,Hit Parked Vehicle,1,Driver Rider,2: MI,No Control,,,1322018.66,1724577.83,1.32E+13
2019-8851-27/05/2021,2 Metropolitan,VIRGINIA,5120,CITY OF PLAYFORD.,5,1,0,0,1,2019,September,Thursday,10:50 PM,100,T-Junction,Straight road,Level,Not Applicable,Sealed,Dry,Not Raining,Night,Right Angle,2,Driver Rider,2: MI,No Control,,,1325312.88,1701339.85,1.33E+13
2019-8852-27/05/2021,2 Metropolitan,COROMANDEL VALLEY,5051,CITY OF ONKAPARINGA,2,0,0,0,0,2019,September,Friday,5:50 AM,60,Not Divided,"CURVED, VIEW OPEN",Slope,Not Applicable,Sealed,Wet,Raining,Night,Hit Fixed Object,1,Driver Rider,1: PDO,No Control,,,1330326.59,1658386,1.33E+13
2019-8853-27/05/2021,2 Metropolitan,SEATON,5023,CITY OF CHARLES STURT,2,1,0,0,1,2019,September,Friday,8:23 AM,60,T-Junction,Straight road,Level,Not Applicable,Sealed,Dry,Not Raining,Daylight,Rear End,2,Driver Rider,2: MI,No Control,,,1319905.88,1675125.2,1.32E+13
2019-8854-27/05/2021,3 Country,MYPONGA,5202,DC YANKALILLA.                ,2,0,0,0,0,2019,September,Friday,8:50 AM,100,T-Junction,Straight road,Slope,Not Applicable,Sealed,Dry,Not Raining,Daylight,Right Angle,2,Driver Rider,1: PDO,Give Way Sign,,,1311201.98,1616897.45,1.31E+13
2019-8855-27/05/2021,3 Country,OWEN,5460,WAKEFIELD REGIONAL COUNCIL,2,0,0,0,0,2019,September,Friday,8:01 AM,100,Not Divided,Straight road,Level,Not Applicable,Sealed,Wet,Not Raining,Daylight,Hit Fixed Object,1,Driver Rider,1: PDO,No Control,,,1324903.9,1744276.99,1.32E+13
2019-8856-27/05/2021,2 Metropolitan,WELLAND,5007,CITY OF CHARLES STURT,2,0,0,0,0,2019,September,Thursday,10:45 AM,50,Not Divided,Straight road,Level,Not Applicable,Sealed,Dry,Not Raining,Daylight,Hit Parked Vehicle,2,Driver Rider,1: PDO,No Control,,,1324866.21,1673023.42,1.32E+13
2019-8857-27/05/2021,2 Metropolitan,WESTBOURNE PARK,5041,CC MITCHAM.                   ,3,0,0,0,0,2019,September,Friday,8:30 AM,60,Divided Road,Straight road,Level,Not Applicable,Sealed,Dry,Not Raining,Daylight,Side Swipe,2,Driver Rider,1: PDO,No Control,,,1327576.76,1666200.95,1.33E+13
2019-8858-27/05/2021,2 Metropolitan,SEATON,5023,CITY OF CHARLES STURT,2,0,0,0,0,2019,September,Friday,9:45 AM,60,Rail Xing,Straight road,Level,Not Applicable,Sealed,Dry,Not Raining,Daylight,Side Swipe,2,Driver Rider,1: PDO,Traffic Signals,,,1320752.28,1674693.53,1.32E+13
2019-8859-27/05/2021,2 Metropolitan,GOLDEN GROVE,5125,CITY OF TEA TREE GULLY,2,4,0,0,4,2019,September,Friday,10:55 AM,60,Cross Road,Straight road,Level,Not Applicable,Sealed,Dry,Not Raining,Daylight,Right Turn,1,Driver Rider,2: MI,Traffic Signals,,,1337892.14,1685350.36,1.34E+13
2019-8860-27/05/2021,3 Country,PUKATJA,872,,1,0,0,0,0,2019,September,Friday,10:00 AM,100,Not Divided,Straight road,Level,Not Applicable,Unsealed,Dry,Not Raining,Daylight,Roll Over,1,Driver Rider,1: PDO,No Control,,,713981.09,2630082.64,7.14E+12
2019-8861-27/05/2021,2 Metropolitan,WOODCROFT,5162,CITY OF ONKAPARINGA,2,0,0,0,0,2019,September,Friday,10:50 AM,60,Cross Road,Straight road,Slope,Not Applicable,Sealed,Wet,Raining,Daylight,Hit Fixed Object,1,Driver Rider,1: PDO,Traffic Signals,,,1323052.63,1651081.83,1.32E+13
2019-8862-27/05/2021,2 Metropolitan,BLAKISTON,5250,DC MT.BARKER.                 ,3,0,0,0,0,2019,September,Friday,11:00 AM,80,Not Divided,"CURVED, VIEW OPEN",Slope,Not Applicable,Sealed,Wet,Raining,Daylight,Hit Fixed Object,1,Driver Rider,1: PDO,No Control,,,1353987.03,1657166.44,1.35E+13
2019-8863-27/05/2021,3 Country,BARMERA,5345,THE BERRI BARMERA COUNCIL,2,0,0,0,0,2019,September,Friday,7:00 AM,110,Not Divided,Straight road,Level,Not Applicable,Sealed,Dry,Not Raining,Daylight,Rear End,2,Driver Rider,1: PDO,No Control,,,1504621.06,1737720.57,1.50E+13
2019-8864-27/05/2021,2 Metropolitan,NAILSWORTH,5083,CITY OF PROSPECT,2,0,0,0,0,2019,September,Thursday,8:10 PM,60,T-Junction,Straight road,Level,Not Applicable,Sealed,Dry,Not Raining,Night,Side Swipe,2,Driver Rider,1: PDO,No Control,,,1328886.19,1675625.85,1.33E+13
2019-8865-27/05/2021,2 Metropolitan,MARDEN,5070,"CC OF NORWOOD,PAYNEHAM & ST PETERS",2,2,0,0,2,2019,September,Friday,2:40 PM,60,T-Junction,Straight road,Crest of Hill,Not Applicable,Sealed,Dry,Not Raining,Daylight,Right Angle,2,Driver Rider,2: MI,No Control,,,1331873.74,1674116.49,1.33E+13
2019-8866-27/05/2021,3 Country,MOUNT GAMBIER,5290,CC MT.GAMBIER.                ,4,0,0,0,0,2019,September,Friday,2:40 PM,60,Divided Road,Straight road,Crest of Hill,Not Applicable,Sealed,Wet,Raining,Daylight,Side Swipe,1,Driver Rider,1: PDO,No Control,Y,,1510420.28,1340920,1.51E+13
2019-8867-27/05/2021,2 Metropolitan,URRBRAE,5064,CC MITCHAM.                   ,2,0,0,0,0,2019,September,Friday,7:30 AM,60,Cross Road,Straight road,Level,Not Applicable,Sealed,Wet,Not Raining,Daylight,Rear End,2,Driver Rider,1: PDO,Traffic Signals,,,1332373.16,1666370.92,1.33E+13
2019-8868-27/05/2021,2 Metropolitan,HACKHAM WEST,5163,CITY OF ONKAPARINGA,2,0,0,0,0,2019,September,Thursday,9:05 PM,60,Cross Road,Straight road,Slope,Not Applicable,Sealed,Dry,Not Raining,Night,Right Turn,1,Driver Rider,1: PDO,Traffic Signals,,,1320828.65,1647530.89,1.32E+13
2019-8869-27/05/2021,3 Country,MORGAN,5320,MID MURRAY DISTRICT COUNCIL,2,0,0,0,0,2019,September,Thursday,10:00 PM,50,Cross Road,"CURVED, VIEW OPEN",Slope,Not Applicable,Sealed,Dry,Not Raining,Night,Hit Fixed Object,1,Driver Rider,1: PDO,Give Way Sign,,Y,1430407.44,1765311.81,1.43E+13
2019-8870-27/05/2021,1 City,ADELAIDE,5000,CITY OF ADELAIDE,2,0,0,0,0,2019,September,Friday,4:00 PM,60,T-Junction,Straight road,Level,Not Applicable,Sealed,Dry,Not Raining,Daylight,Right Angle,1,Driver Rider,1: PDO,Give Way Sign,,,1327355.12,1670639.37,1.33E+13
2019-8871-27/05/2021,2 Metropolitan,FIRLE,5070,"CC OF NORWOOD,PAYNEHAM & ST PETERS",2,1,0,0,1,2019,September,Friday,3:00 PM,60,T-Junction,Straight road,Level,Not Applicable,Sealed,Dry,Not Raining,Daylight,Right Angle,2,Driver Rider,2: MI,Stop Sign,,,1333828.96,1672697.56,1.33E+13
2019-8872-27/05/2021,2 Metropolitan,BROOKLYN PARK,5032,CITY OF WEST TORRENS,2,0,0,0,0,2019,September,Thursday,8:30 PM,60,T-Junction,Straight road,Level,Not Applicable,Sealed,Dry,Not Raining,Night,Right Turn,2,Driver Rider,1: PDO,Traffic Signals,,,1324123.03,1670938.82,1.32E+13
2019-8873-27/05/2021,2 Metropolitan,CROYDON,5008,CITY OF CHARLES STURT,3,0,0,0,0,2019,September,Friday,4:15 PM,60,T-Junction,Straight road,Level,Not Applicable,Sealed,Dry,Not Raining,Daylight,Rear End,1,Driver Rider,1: PDO,Traffic Signals,,,1325223.55,1673744.78,1.33E+13
2019-8874-27/05/2021,2 Metropolitan,CAMDEN PARK,5038,CITY OF WEST TORRENS,2,0,0,0,0,2019,September,Friday,4:35 PM,60,Divided Road,Straight road,Level,Driveway or Entrance,Sealed,Dry,Not Raining,Daylight,Right Angle,2,Driver Rider,1: PDO,No Control,,,1322671.28,1665408.74,1.32E+13
2019-8875-27/05/2021,2 Metropolitan,MAWSON LAKES,5095,CITY OF SALISBURY,1,1,0,0,1,2019,September,Friday,4:50 PM,50,T-Junction,Straight road,Level,Not Applicable,Sealed,Dry,Not Raining,Daylight,Roll Over,1,Driver Rider,2: MI,No Control,,,1330481.33,1683642.35,1.33E+13
2019-8876-27/05/2021,3 Country,WHYALLA NORRIE,5608,CC WHYALLA.                   ,2,1,0,1,0,2019,September,Friday,8:40 PM,50,Not Divided,Straight road,Level,Not Applicable,Sealed,Dry,Not Raining,Night,Hit Pedestrian,1,Driver Rider,3: SI,No Control,,,1237158.7,1882699.15,1.24E+13
2019-8877-27/05/2021,2 Metropolitan,CHRISTIE DOWNS,5164,CITY OF ONKAPARINGA,2,0,0,0,0,2019,September,Friday,10:04 PM,60,Cross Road,Straight road,Level,Not Applicable,Sealed,Dry,Not Raining,Night,Hit Fixed Object,1,Driver Rider,1: PDO,Give Way Sign,,,1318484.22,1648627.93,1.32E+13
2019-8878-27/05/2021,2 Metropolitan,CHRISTIE DOWNS,5164,CITY OF ONKAPARINGA,2,1,0,0,1,2019,September,Friday,10:35 PM,50,Not Divided,Straight road,Level,Not Applicable,Sealed,Dry,Not Raining,Night,Hit Fixed Object,1,Driver Rider,2: MI,No Control,,Y,1317616.71,1648879.26,1.32E+13
2019-8879-27/05/2021,2 Metropolitan,DAVOREN PARK,5113,CITY OF PLAYFORD.,2,0,0,0,0,2019,September,Saturday,1:24 AM,50,T-Junction,Straight road,Level,Not Applicable,Sealed,Dry,Not Raining,Night,Hit Fixed Object,1,Driver Rider,1: PDO,No Control,,,1335742.94,1695715.92,1.34E+13
2019-8880-27/05/2021,2 Metropolitan,KLEMZIG,5087,CITY OF PORT ADELAIDE ENFIELD,3,1,0,0,1,2019,September,Friday,6:15 PM,60,Divided Road,Straight road,Level,Not Applicable,Sealed,Dry,Not Raining,Night,Rear End,1,Driver Rider,2: MI,No Control,,,1331660.92,1676238.32,1.33E+13
2019-8881-27/05/2021,2 Metropolitan,WEST HINDMARSH,5007,CITY OF CHARLES STURT,2,1,0,0,1,2019,September,Saturday,9:45 AM,60,Divided Road,Straight road,Level,Not Applicable,Sealed,Dry,Not Raining,Daylight,Rear End,2,Driver Rider,2: MI,No Control,,,1325402.13,1673057.9,1.33E+13
2019-8882-27/05/2021,1 City,ADELAIDE,5000,CITY OF ADELAIDE,2,0,0,0,0,2019,September,Saturday,9:10 AM,60,Not Divided,Straight road,Level,Not Applicable,Sealed,Dry,Not Raining,Daylight,Side Swipe,2,Driver Rider,1: PDO,No Control,,,1327424.4,1668979.19,1.33E+13
2019-8883-27/05/2021,2 Metropolitan,KILKENNY,5009,CITY OF CHARLES STURT,2,1,0,0,1,2019,September,Saturday,9:50 AM,60,T-Junction,Straight road,Level,Not Applicable,Sealed,Wet,Raining,Daylight,Right Angle,2,Driver Rider,2: MI,No Control,,,1324780.56,1676335.3,1.32E+13
2019-8884-27/05/2021,2 Metropolitan,MUNNO PARA,5115,CITY OF PLAYFORD.,2,0,0,0,0,2019,September,Saturday,9:45 AM,60,T-Junction,Straight road,Level,Not Applicable,Sealed,Dry,Not Raining,Daylight,Right Angle,2,Driver Rider,1: PDO,Give Way Sign,,,1336515.35,1698629.88,1.34E+13
2019-8885-27/05/2021,2 Metropolitan,HILTON,5033,CITY OF WEST TORRENS,2,1,0,1,0,2019,September,Saturday,11:09 AM,60,T-Junction,Straight road,Level,Not Applicable,Sealed,Dry,Not Raining,Daylight,Right Turn,1,Driver Rider,3: SI,Give Way Sign,,,1325563.7,1670085.72,1.33E+13
2019-8886-27/05/2021,2 Metropolitan,GREENACRES,5086,CITY OF PORT ADELAIDE ENFIELD,2,1,0,0,1,2019,September,Saturday,10:55 AM,60,T-Junction,Straight road,Level,Not Applicable,Sealed,Dry,Not Raining,Daylight,Right Turn,2,Driver Rider,2: MI,No Control,,,1330949.57,1676582.67,1.33E+13
2019-8887-27/05/2021,2 Metropolitan,EYRE,5121,CITY OF PLAYFORD.,2,0,0,0,0,2019,September,Saturday,11:35 AM,60,Cross Road,Straight road,Level,Not Applicable,Sealed,Dry,Not Raining,Daylight,Right Angle,1,Driver Rider,1: PDO,Stop Sign,,,1334450.71,1695787.2,1.33E+13
2019-8888-27/05/2021,2 Metropolitan,BELAIR,5052,CC MITCHAM.                   ,2,2,0,0,2,2019,September,Saturday,11:58 AM,60,Not Divided,"CURVED, VIEW OPEN",Slope,Not Applicable,Sealed,Dry,Not Raining,Daylight,Head On,2,Driver Rider,2: MI,No Control,,,1330568.91,1663073.22,1.33E+13
2019-8889-27/05/2021,2 Metropolitan,HOLDEN HILL,5088,CITY OF TEA TREE GULLY,2,0,0,0,0,2019,September,Saturday,12:00 AM,40,Not Divided,Straight road,Level,Not Applicable,Sealed,Dry,Not Raining,Night,Hit Parked Vehicle,2,Driver Rider,1: PDO,No Control,,,1335188.29,1679006.7,1.34E+13
2019-8890-27/05/2021,2 Metropolitan,HOLDEN HILL,5088,CITY OF PORT ADELAIDE ENFIELD,2,1,0,0,1,2019,September,Thursday,2:10 PM,60,Divided Road,Straight road,Level,Not Applicable,Sealed,Dry,Not Raining,Daylight,Side Swipe,1,Driver Rider,2: MI,No Control,,,1334213.07,1678303.04,1.33E+13
2019-8891-27/05/2021,3 Country,TANUNDA,5352,THE BAROSSA COUNCIL.,2,1,0,0,1,2019,September,Saturday,12:45 PM,50,Not Divided,Straight road,Level,Not Applicable,Sealed,Dry,Not Raining,Daylight,Rear End,2,Driver Rider,2: MI,No Control,,,1362973.23,1713986.65,1.36E+13
2019-8892-27/05/2021,2 Metropolitan,WILLUNGA,5172,CITY OF ONKAPARINGA,2,1,0,0,1,2019,September,Saturday,12:20 PM,50,Not Divided,"CURVED, VIEW OBSCURED",Crest of Hill,Not Applicable,Unsealed,Dry,Not Raining,Daylight,Head On,2,Driver Rider,2: MI,No Control,,,1325024.94,1632299.94,1.33E+13
2019-8893-27/05/2021,2 Metropolitan,PARA HILLS WEST,5096,CITY OF SALISBURY,2,0,0,0,0,2019,September,Saturday,10:05 AM,60,Not Divided,Straight road,Level,Driveway or Entrance,Sealed,Wet,Not Raining,Daylight,Hit Fixed Object,1,Driver Rider,1: PDO,No Control,,,1333176.18,1683378.42,1.33E+13
2019-8894-27/05/2021,2 Metropolitan,THEBARTON,5031,CITY OF WEST TORRENS,2,1,0,1,0,2019,September,Saturday,3:00 PM,50,Not Divided,Straight road,Level,Not Applicable,Sealed,Dry,Not Raining,Daylight,Hit Pedestrian,1,Pedestrian,3: SI,No Control,,,1325547.56,1672021.14,1.33E+13
2019-8895-27/05/2021,3 Country,QUORN,5433,THE FLINDERS RANGES COUNCIL.,2,1,0,1,0,2019,September,Saturday,4:14 PM,110,Not Divided,"CURVED, VIEW OPEN",Crest of Hill,Not Applicable,Sealed,Dry,Not Raining,Daylight,Hit Fixed Object,1,Driver Rider,3: SI,No Control,,,1289804.1,1955114.56,1.29E+13
2019-8896-27/05/2021,3 Country,WHYALLA,5600,CC WHYALLA.                   ,2,1,0,1,0,2019,September,Saturday,5:45 PM,60,Cross Road,Straight road,Slope,Not Applicable,Sealed,Dry,Not Raining,Daylight,Right Angle,2,Driver Rider,3: SI,Roundabout,,,1240648.25,1882157.89,1.24E+13
2019-8897-27/05/2021,3 Country,CLINTON,5570,YORKE PENINSULA COUNCIL,3,0,0,0,0,2019,September,Friday,3:00 PM,100,Not Divided,Straight road,Level,Not Applicable,Sealed,Dry,Not Raining,Daylight,Head On,2,Driver Rider,1: PDO,No Control,,,1278338.62,1752027.97,1.28E+13
2019-8898-27/05/2021,1 City,ADELAIDE,5000,CITY OF ADELAIDE,2,0,0,0,0,2019,September,Saturday,5:30 PM,50,Cross Road,Straight road,Level,Not Applicable,Sealed,Dry,Not Raining,Daylight,Right Angle,2,Driver Rider,1: PDO,Traffic Signals,,,1327947.46,1669708.15,1.33E+13
2019-8899-27/05/2021,2 Metropolitan,FULLARTON,5063,CITY OF UNLEY,2,1,0,0,1,2019,September,Saturday,8:00 PM,60,Multiple,Straight road,Level,Not Applicable,Sealed,Dry,Not Raining,Night,Right Turn,1,Driver Rider,2: MI,Traffic Signals,,,1331543.59,1667679.12,1.33E+13
2019-8900-27/05/2021,2 Metropolitan,GAWLER,5118,CT GAWLER.                    ,4,0,0,0,0,2019,September,Saturday,8:25 PM,50,Not Divided,Straight road,Level,Not Applicable,Sealed,Wet,Raining,Night,Hit Parked Vehicle,2,Driver Rider,1: PDO,No Control,Y,,1343359.74,1706518.43,1.34E+13
2019-8901-27/05/2021,3 Country,WHYALLA NORRIE,5608,CC WHYALLA.                   ,2,1,0,0,1,2019,September,Saturday,7:35 PM,50,Not Divided,Straight road,Level,Not Applicable,Sealed,Dry,Not Raining,Night,Hit Fixed Object,1,Driver Rider,2: MI,No Control,,,1237289.85,1883833.89,1.24E+13
2019-8902-27/05/2021,2 Metropolitan,FOREST RANGE,5139,THE ADELAIDE HILLS COUNCIL,2,1,0,1,0,2019,September,Saturday,2:45 PM,80,Not Divided,"CURVED, VIEW OPEN",Slope,Not Applicable,Sealed,Dry,Not Raining,Daylight,Hit Fixed Object,1,Driver Rider,3: SI,No Control,,,1346200.38,1668900.98,1.35E+13