REPORT_ID,Stats Area,Suburb,Postcode,LGA Name,Total Units,Total Cas,Total Fats,Total SI,Total MI,Year,Month,Day,Time,Area Speed,Position Type,Horizontal Align,Vertical Align,Other Feat,Road Surface,Moisture Cond,Weather Cond,DayNight,Crash Type,Unit Resp,Entity Code,CSEF Severity,Traffic Ctrls,DUI Involved,Drugs Involved,ACCLOC_X,ACCLOC_Y,UNIQUE_LOC
2019-8903-27/05/2021,2 Metropolitan,HILTON,5033,CITY OF WEST TORRENS,2,0,0,0,0,2019,September,Sunday,3:50 AM,60,Cross Road,Straight road,Level,Not Applicable,Sealed,Wet,Raining,Night,Right Turn,2,Driver Rider,1: PDO,Traffic Signals,,,1325777.85,1670077.07,1.33E+13
2019-8904-27/05/2021,3 Country,QUORN,5433,THE FLINDERS RANGES COUNCIL.,2,1,0,0,1,2019,September,Sunday,3:30 AM,50,Not Divided,"CURVED, VIEW OPEN",Level,Not Applicable,Sealed,Dry,Not Raining,Night,Hit Fixed Object,1,Driver Rider,2: MI,No Control,Y,,1286152.56,1958027.01,1.29E+13
2019-8905-27/05/2021,3 Country,NURIOOTPA,5355,THE BAROSSA COUNCIL.,2,0,0,0,0,2019,September,Sunday,6:45 AM,80,Not Divided,Straight road,Level,Not Applicable,Sealed,Dry,Not Raining,Daylight,Hit Fixed Object,1,Driver Rider,1: PDO,No Control,,,1365993,1720965.72,1.37E+13
2019-8906-27/05/2021,2 Metropolitan,UNLEY,5061,CITY OF UNLEY,2,0,0,0,0,2019,September,Saturday,10:30 AM,50,Cross Road,Straight road,Level,Not Applicable,Sealed,Dry,Not Raining,Daylight,Side Swipe,2,Driver Rider,1: PDO,Stop Sign,,,1328366.02,1668541.23,1.33E+13
2019-8907-27/05/2021,2 Metropolitan,HAMPSTEAD GARDENS,5086,CITY OF PORT ADELAIDE ENFIELD,2,1,0,0,1,2019,September,Sunday,10:25 AM,60,Cross Road,Straight road,Level,Not Applicable,Sealed,Dry,Not Raining,Daylight,Hit Fixed Object,1,Driver Rider,2: MI,Give Way Sign,,,1331810.03,1676603.26,1.33E+13
2019-8908-27/05/2021,2 Metropolitan,HINDMARSH,5007,CITY OF CHARLES STURT,4,0,0,0,0,2019,September,Sunday,10:30 AM,60,Cross Road,Straight road,Level,Not Applicable,Sealed,Wet,Raining,Daylight,Rear End,2,Driver Rider,1: PDO,Traffic Signals,,Y,1326463.81,1672651.14,1.33E+13
2019-8909-27/05/2021,2 Metropolitan,MILLSWOOD,5034,CITY OF UNLEY,2,0,0,0,0,2019,September,Saturday,8:00 PM,40,Not Divided,Straight road,Level,Road hump or Slow point,Sealed,Unknown,Unknown,Night,Hit Parked Vehicle,2,Driver Rider,1: PDO,No Control,,,1327931.75,1667393.24,1.33E+13
2019-8910-27/05/2021,2 Metropolitan,HOLDEN HILL,5088,CITY OF PORT ADELAIDE ENFIELD,2,0,0,0,0,2019,September,Sunday,11:45 AM,60,T-Junction,Straight road,Level,Not Applicable,Sealed,Wet,Not Raining,Daylight,Rear End,2,Driver Rider,1: PDO,Traffic Signals,,,1333953.14,1677954.56,1.33E+13
2019-8911-27/05/2021,2 Metropolitan,ELIZABETH SOUTH,5112,CITY OF PLAYFORD.,2,2,0,0,2,2019,September,Sunday,11:42 AM,60,Not Divided,Straight road,Level,Not Applicable,Sealed,Dry,Not Raining,Daylight,Rear End,1,Driver Rider,2: MI,No Control,,,1334222.87,1689766.03,1.33E+13
2019-8912-27/05/2021,2 Metropolitan,GLENGOWRIE,5044,CC MARION.                    ,2,0,0,0,0,2019,September,Sunday,12:55 PM,60,Not Divided,Straight road,Level,Not Applicable,Sealed,Dry,Not Raining,Daylight,Hit Fixed Object,1,Driver Rider,1: PDO,No Control,,,1322684.7,1663696.84,1.32E+13
2019-8913-27/05/2021,1 City,ADELAIDE,5000,CITY OF ADELAIDE,2,0,0,0,0,2019,September,Saturday,10:35 PM,50,Cross Road,Straight road,Level,Not Applicable,Sealed,Wet,Raining,Night,Right Angle,1,Driver Rider,1: PDO,Traffic Signals,,,1328456.65,1670979.49,1.33E+13
2019-8914-27/05/2021,3 Country,MONARTO SOUTH,5254,RC MURRAY BRIDGE.             ,2,0,0,0,0,2019,September,Sunday,2:45 PM,100,Cross Road,Straight road,Level,Not Applicable,Sealed,Dry,Not Raining,Daylight,Right Angle,2,Driver Rider,1: PDO,Stop Sign,,,1375952.72,1647660.43,1.38E+13
2019-8915-27/05/2021,2 Metropolitan,SALISBURY,5108,CITY OF SALISBURY,3,1,0,0,1,2019,September,Sunday,3:05 PM,10,One Way,Straight road,Level,Not Applicable,Sealed,Wet,Not Raining,Daylight,Hit Pedestrian,1,Driver Rider,2: MI,No Control,,,1333200.42,1688611.31,1.33E+13
2019-8916-27/05/2021,2 Metropolitan,DIREK,5110,CITY OF SALISBURY,2,3,0,0,3,2019,September,Sunday,3:21 PM,80,Not Divided,Straight road,Level,Not Applicable,Sealed,Dry,Not Raining,Daylight,Head On,2,Driver Rider,2: MI,No Control,,Y,1329729.89,1693105.56,1.33E+13
2019-8917-27/05/2021,3 Country,HATHERLEIGH,5280,WATTLE RANGE COUNCIL,1,2,0,0,2,2019,September,Sunday,3:45 PM,110,Not Divided,Straight road,Level,Not Applicable,Sealed,Wet,Raining,Daylight,Roll Over,1,Driver Rider,2: MI,No Control,,,1465196.77,1382879.74,1.47E+13
2019-8918-27/05/2021,2 Metropolitan,ALBERT PARK,5014,CITY OF CHARLES STURT,2,1,0,1,0,2019,September,Friday,12:55 PM,50,Not Divided,Straight road,Level,Not Applicable,Sealed,Dry,Not Raining,Daylight,Side Swipe,2,Driver Rider,3: SI,No Control,,,1321268.97,1676974.85,1.32E+13
2019-8919-27/05/2021,3 Country,MOUNT MAGNIFICENT,5210,ALEXANDRINA COUNCIL,1,0,0,0,0,2019,September,Sunday,4:20 PM,100,Not Divided,"CURVED, VIEW OBSCURED",Level,Not Applicable,Unsealed,Wet,Raining,Daylight,Left Road - Out of Control,1,Driver Rider,1: PDO,No Control,,,1333479.35,1627639.65,1.33E+13
2019-8920-27/05/2021,2 Metropolitan,FLINDERS PARK,5025,CITY OF CHARLES STURT,2,1,0,0,1,2019,September,Sunday,2:45 PM,40,Not Divided,Straight road,Level,Not Applicable,Sealed,Dry,Not Raining,Daylight,Hit Parked Vehicle,1,Driver Rider,2: MI,No Control,,,1323058.67,1672011.11,1.32E+13
2019-8921-27/05/2021,2 Metropolitan,SEAFORD HEIGHTS,5169,CITY OF ONKAPARINGA,2,0,0,0,0,2019,September,Thursday,11:00 AM,50,Not Divided,Straight road,Level,Not Applicable,Sealed,Dry,Not Raining,Daylight,Hit Parked Vehicle,2,Driver Rider,1: PDO,No Control,,,1318185.93,1641003.83,1.32E+13
2019-8922-27/05/2021,2 Metropolitan,TWO WELLS,5501,DC MALLALA.                   ,2,2,0,0,2,2019,September,Sunday,3:30 PM,110,Divided Road,Straight road,Level,Not Applicable,Sealed,Dry,Not Raining,Daylight,Rear End,2,Driver Rider,2: MI,No Control,,,1322800.66,1703725,1.32E+13
2019-8923-27/05/2021,3 Country,HALLETT,5419,REGIONAL COUNCIL OF GOYDER,2,0,0,0,0,2019,September,Sunday,2:45 PM,110,Not Divided,Straight road,Level,Not Applicable,Sealed,Dry,Not Raining,Daylight,Side Swipe,1,Driver Rider,1: PDO,No Control,,,1361482.42,1844996.88,1.36E+13
2019-8924-27/05/2021,2 Metropolitan,ELIZABETH GROVE,5112,CITY OF PLAYFORD.,2,0,0,0,0,2019,September,Sunday,7:30 PM,80,Divided Road,Straight road,Level,Not Applicable,Sealed,Wet,Not Raining,Night,Rear End,2,Driver Rider,1: PDO,No Control,,,1336094.46,1692131.87,1.34E+13
2019-8925-27/05/2021,2 Metropolitan,MODBURY,5092,CITY OF TEA TREE GULLY,2,0,0,0,0,2019,September,Sunday,5:38 PM,50,T-Junction,Straight road,Level,Not Applicable,Sealed,Wet,Raining,Daylight,Hit Fixed Object,1,Driver Rider,1: PDO,No Control,,,1337475.85,1680052.54,1.34E+13
2019-8926-27/05/2021,2 Metropolitan,BOWDEN,5007,CITY OF CHARLES STURT,3,0,0,0,0,2019,September,Sunday,8:30 PM,40,Not Divided,Straight road,Level,Not Applicable,Sealed,Dry,Not Raining,Night,Hit Parked Vehicle,1,Driver Rider,1: PDO,No Control,,,1327131.09,1673906.96,1.33E+13
2019-8927-27/05/2021,2 Metropolitan,CRAFERS WEST,5152,THE ADELAIDE HILLS COUNCIL,3,2,0,0,2,2019,September,Sunday,1:30 PM,100,Freeway,"CURVED, VIEW OPEN",Bottom of Hill,Not Applicable,Sealed,Wet,Not Raining,Daylight,Rear End,2,Driver Rider,2: MI,No Control,,,1336953.35,1663028.87,1.34E+13
2019-8928-27/05/2021,3 Country,STANLEY,5415,CLARE AND GILBERT VALLEYS DISTRICT COUNCIL,1,1,0,0,1,2019,September,Sunday,10:40 AM,100,Not Divided,"CURVED, VIEW OBSCURED",Crest of Hill,Not Applicable,Sealed,Dry,Not Raining,Daylight,Roll Over,1,Driver Rider,2: MI,No Control,,,1344964.98,1784877.78,1.34E+13
2019-8929-27/05/2021,2 Metropolitan,FLAGSTAFF HILL,5159,CITY OF ONKAPARINGA,2,2,0,2,0,2019,September,Monday,8:22 AM,60,Not Divided,Straight road,Level,Not Applicable,Sealed,Dry,Not Raining,Daylight,Head On,2,Driver Rider,3: SI,No Control,,Y,1327189.26,1656809.94,1.33E+13
2019-8930-27/05/2021,2 Metropolitan,SEFTON PARK,5083,CITY OF PORT ADELAIDE ENFIELD,2,0,0,0,0,2019,September,Monday,8:25 AM,60,T-Junction,Straight road,Level,Not Applicable,Sealed,Dry,Not Raining,Daylight,Rear End,2,Driver Rider,1: PDO,No Control,,,1329134.01,1676439.54,1.33E+13
2019-8931-27/05/2021,2 Metropolitan,SALISBURY HEIGHTS,5109,CITY OF SALISBURY,2,2,0,1,1,2019,September,Monday,8:16 AM,60,T-Junction,Straight road,Level,Not Applicable,Sealed,Dry,Not Raining,Daylight,Right Turn,2,Driver Rider,3: SI,No Control,,,1335714.47,1687978.18,1.34E+13
2019-8932-27/05/2021,3 Country,SADDLEWORTH,5413,CLARE AND GILBERT VALLEYS DISTRICT COUNCIL,1,0,0,0,0,2019,September,Sunday,1:30 PM,110,Not Divided,Straight road,Slope,Not Applicable,Sealed,Wet,Raining,Daylight,Other,1,Driver Rider,1: PDO,No Control,,,1349874.44,1766902.51,1.35E+13
2019-8933-27/05/2021,2 Metropolitan,STURT,5047,CC MARION.                    ,2,1,0,0,1,2019,September,Monday,8:47 AM,70,T-Junction,Straight road,Slope,Not Applicable,Sealed,Dry,Not Raining,Daylight,Right Angle,1,Driver Rider,2: MI,Traffic Signals,,,1324243.22,1659444.64,1.32E+13
2019-8934-27/05/2021,2 Metropolitan,ADELAIDE AIRPORT,5950,CITY OF WEST TORRENS,2,0,0,0,0,2019,September,Monday,10:00 AM,80,Cross Road,Straight road,Level,Not Applicable,Sealed,Dry,Not Raining,Daylight,Rear End,2,Driver Rider,1: PDO,Traffic Signals,,,1320917.14,1668827.15,1.32E+13
2019-8935-27/05/2021,2 Metropolitan,ASCOT PARK,5043,CC MARION.                    ,2,1,0,0,1,2019,September,Thursday,6:15 AM,50,T-Junction,Straight road,Level,Not Applicable,Sealed,Dry,Not Raining,Night,Right Angle,2,Driver Rider,2: MI,No Control,,,1324635.87,1663487.51,1.32E+13
2019-8936-27/05/2021,2 Metropolitan,MODBURY,5092,CITY OF TEA TREE GULLY,2,0,0,0,0,2019,September,Monday,10:00 AM,60,Not Divided,Straight road,Level,Not Applicable,Sealed,Dry,Not Raining,Daylight,Hit Pedestrian,1,Driver Rider,1: PDO,No Control,,,1337432.65,1681108.75,1.34E+13
2019-8937-27/05/2021,2 Metropolitan,TORRENSVILLE,5031,CITY OF WEST TORRENS,2,1,0,0,1,2019,September,Monday,11:30 AM,50,T-Junction,Straight road,Level,Not Applicable,Sealed,Dry,Not Raining,Daylight,Right Angle,1,Driver Rider,2: MI,No Control,,,1324632.81,1670962.89,1.32E+13
2019-8938-27/05/2021,2 Metropolitan,SAMPSON FLAT,5114,CITY OF PLAYFORD.,1,0,0,0,0,2019,September,Sunday,4:40 PM,100,Not Divided,Straight road,Slope,Not Applicable,Sealed,Dry,Not Raining,Daylight,Left Road - Out of Control,1,Driver Rider,1: PDO,No Control,,,1348099.57,1690605.77,1.35E+13
2019-8939-27/05/2021,3 Country,WASLEYS,5400,LIGHT REGIONAL COUNCIL,1,0,0,0,0,2019,September,Monday,12:15 PM,100,Not Divided,Straight road,Level,Not Applicable,Unsealed,Dry,Not Raining,Daylight,Roll Over,1,Driver Rider,1: PDO,No Control,,,1336884.68,1723454.72,1.34E+13
2019-8940-27/05/2021,3 Country,LOCHIEL,5510,WAKEFIELD REGIONAL COUNCIL,2,1,0,1,0,2019,September,Monday,10:30 AM,100,Not Divided,"CURVED, VIEW OBSCURED",Slope,Not Applicable,Sealed,Dry,Not Raining,Daylight,Hit Fixed Object,1,Driver Rider,3: SI,No Control,,,1289292.74,1782193.92,1.29E+13
2019-8941-27/05/2021,3 Country,MOUNT GAMBIER,5290,CC MT.GAMBIER.                ,2,0,0,0,0,2019,September,Monday,3:40 PM,60,Not Divided,Straight road,Level,Not Applicable,Sealed,Dry,Not Raining,Daylight,Side Swipe,1,Driver Rider,1: PDO,No Control,,,1511508.91,1339085.87,1.51E+13
2019-8942-27/05/2021,2 Metropolitan,GLANDORE,5037,CITY OF WEST TORRENS,3,0,0,0,0,2019,September,Monday,3:45 PM,60,Divided Road,Straight road,Level,Not Applicable,Sealed,Dry,Not Raining,Daylight,Rear End,1,Driver Rider,1: PDO,No Control,,,1325117.12,1667211.89,1.33E+13
2019-8943-27/05/2021,2 Metropolitan,BLAKEVIEW,5114,CITY OF PLAYFORD.,2,0,0,0,0,2019,September,Monday,12:15 PM,80,Divided Road,Straight road,Level,Not Applicable,Sealed,Dry,Not Raining,Daylight,Rear End,1,Driver Rider,1: PDO,No Control,,,1337669.75,1696696.53,1.34E+13
2019-8944-27/05/2021,2 Metropolitan,ENFIELD,5085,CITY OF PORT ADELAIDE ENFIELD,2,0,0,0,0,2019,September,Monday,3:55 PM,60,Divided Road,Straight road,Level,Not Applicable,Sealed,Dry,Not Raining,Daylight,Side Swipe,2,Driver Rider,1: PDO,No Control,,,1328817.85,1678356.04,1.33E+13
2019-8945-27/05/2021,2 Metropolitan,SEAFORD,5169,CITY OF ONKAPARINGA,2,0,0,0,0,2019,September,Monday,4:05 PM,60,Divided Road,Straight road,Level,Median Opening (not at I/S),Sealed,Dry,Not Raining,Daylight,Rear End,1,Driver Rider,1: PDO,No Control,,,1317538.96,1641744.06,1.32E+13
2019-8946-27/05/2021,2 Metropolitan,SALISBURY SOUTH,5106,CITY OF SALISBURY,2,0,0,0,0,2019,September,Monday,10:30 AM,60,T-Junction,Straight road,Level,Not Applicable,Sealed,Dry,Not Raining,Daylight,Rear End,2,Driver Rider,1: PDO,No Control,,,1332684.44,1686505.74,1.33E+13
2019-8947-27/05/2021,2 Metropolitan,ALBERTON,5014,CITY OF PORT ADELAIDE ENFIELD,2,0,0,0,0,2019,September,Monday,8:30 AM,50,Not Divided,Straight road,Level,Not Applicable,Sealed,Dry,Not Raining,Daylight,Hit Parked Vehicle,1,Driver Rider,1: PDO,No Control,,,1320997.7,1678248.07,1.32E+13
2019-8948-27/05/2021,2 Metropolitan,UNDERDALE,5032,CITY OF WEST TORRENS,2,1,0,0,1,2019,September,Monday,4:37 PM,60,T-Junction,Straight road,Level,Not Applicable,Sealed,Dry,Not Raining,Daylight,Right Angle,1,Driver Rider,2: MI,No Control,,Y,1324328.3,1670954.65,1.32E+13
2019-8949-27/05/2021,2 Metropolitan,WATTLE PARK,5066,CITY OF BURNSIDE,2,0,0,0,0,2019,September,Monday,4:30 PM,60,T-Junction,Straight road,Slope,Not Applicable,Sealed,Dry,Not Raining,Daylight,Hit Fixed Object,1,Driver Rider,1: PDO,Stop Sign,,,1334714.84,1670114.71,1.33E+13
2019-8950-27/05/2021,1 City,ADELAIDE,5000,CITY OF ADELAIDE,4,0,0,0,0,2019,September,Monday,5:50 PM,50,T-Junction,Straight road,Level,Not Applicable,Sealed,Dry,Not Raining,Daylight,Right Turn,1,Driver Rider,1: PDO,No Control,,,1329232.39,1670960.41,1.33E+13
2019-8951-27/05/2021,2 Metropolitan,THORNGATE,5082,WALKERVILLE TOWN COUNCIL,2,0,0,0,0,2019,September,Monday,8:30 AM,60,Cross Road,"CURVED, VIEW OBSCURED",Level,Not Applicable,Sealed,Dry,Not Raining,Daylight,Side Swipe,2,Driver Rider,1: PDO,Traffic Signals,,,1328359.11,1673680.45,1.33E+13
2019-8952-27/05/2021,2 Metropolitan,NORTHFIELD,5085,CITY OF PORT ADELAIDE ENFIELD,2,0,0,0,0,2019,September,Monday,5:50 PM,60,T-Junction,Straight road,Level,Not Applicable,Sealed,Dry,Not Raining,Daylight,Right Angle,1,Driver Rider,1: PDO,No Control,,,1330402.07,1678326.47,1.33E+13
2019-8953-27/05/2021,3 Country,MOUNT GAMBIER,5290,CC MT.GAMBIER.                ,2,0,0,0,0,2019,September,Monday,3:20 PM,60,Cross Road,Straight road,Level,Not Applicable,Sealed,Dry,Not Raining,Daylight,Rear End,2,Driver Rider,1: PDO,Roundabout,,,1509805.52,1340997.45,1.51E+13
2019-8954-27/05/2021,2 Metropolitan,CALLINGTON,5254,DC MT.BARKER.                 ,2,0,0,0,0,2019,September,Monday,7:49 PM,110,Freeway,Straight road,Bottom of Hill,Not Applicable,Sealed,Dry,Not Raining,Night,Hit Animal,2,Animal,1: PDO,No Control,,,1366436.79,1647524.97,1.37E+13
2019-8955-27/05/2021,2 Metropolitan,MORPHETT VALE,5162,CITY OF ONKAPARINGA,3,0,0,0,0,2019,September,Monday,8:00 PM,60,T-Junction,Straight road,Slope,Not Applicable,Sealed,Dry,Not Raining,Night,Right Turn,1,Driver Rider,1: PDO,Stop Sign,,,1320315.29,1651001.19,1.32E+13
2019-8956-27/05/2021,2 Metropolitan,ASHFORD,5035,CITY OF WEST TORRENS,2,0,0,0,0,2019,September,Monday,5:25 PM,50,Cross Road,Straight road,Level,Not Applicable,Sealed,Dry,Not Raining,Daylight,Right Angle,1,Driver Rider,1: PDO,Stop Sign,,,1326034,1668341.91,1.33E+13
2019-8957-27/05/2021,3 Country,RENMARK,5341,DC RENMARK PARINGA            ,2,0,0,0,0,2019,September,Monday,9:19 PM,60,Not Divided,"CURVED, VIEW OBSCURED",Level,"Bridge, Culvert, Causeway",Sealed,Dry,Not Raining,Night,Hit Fixed Object,9,Other,1: PDO,No Control,,,1531060.7,1744476.59,1.53E+13
2019-8958-27/05/2021,2 Metropolitan,FLINDERS PARK,5025,CITY OF CHARLES STURT,3,0,0,0,0,2019,September,Tuesday,8:27 AM,60,Not Divided,Straight road,Level,Not Applicable,Sealed,Dry,Not Raining,Daylight,Rear End,1,Driver Rider,1: PDO,No Control,,,1322516.45,1672397.29,1.32E+13
2019-8959-27/05/2021,2 Metropolitan,VIRGINIA,5120,CITY OF PLAYFORD.,3,1,0,0,1,2019,September,Thursday,10:00 AM,50,Not Divided,Straight road,Level,Not Applicable,Sealed,Dry,Not Raining,Daylight,Hit Parked Vehicle,1,Driver Rider,2: MI,No Control,,,1325817.25,1699475.68,1.33E+13
2019-8960-27/05/2021,2 Metropolitan,SOUTH PLYMPTON,5038,CC MARION.                    ,4,1,0,0,1,2019,September,Tuesday,1:00 PM,60,Cross Road,Straight road,Level,Not Applicable,Sealed,Dry,Not Raining,Daylight,Rear End,1,Driver Rider,2: MI,Stop Sign,,,1324251.16,1665691.41,1.32E+13
2019-8961-27/05/2021,2 Metropolitan,MILE END,5031,CITY OF WEST TORRENS,2,0,0,0,0,2019,September,Tuesday,8:10 AM,50,Cross Road,Straight road,Level,Not Applicable,Sealed,Dry,Not Raining,Daylight,Right Angle,1,Driver Rider,1: PDO,Give Way Sign,,,1325483,1670443.4,1.33E+13
2019-8962-27/05/2021,2 Metropolitan,KLEMZIG,5087,CITY OF PORT ADELAIDE ENFIELD,2,0,0,0,0,2019,September,Tuesday,7:45 AM,60,Cross Road,Straight road,Level,Not Applicable,Sealed,Dry,Not Raining,Daylight,Rear End,2,Driver Rider,1: PDO,Traffic Signals,,,1332072.8,1676595.28,1.33E+13
2019-8963-27/05/2021,2 Metropolitan,ONE TREE HILL,5114,CITY OF PLAYFORD.,2,0,0,0,0,2019,September,Tuesday,8:45 AM,80,T-Junction,Straight road,Slope,Not Applicable,Sealed,Dry,Not Raining,Daylight,Right Angle,2,Driver Rider,1: PDO,No Control,,,1343511.7,1693306.77,1.34E+13
2019-8964-27/05/2021,2 Metropolitan,PARKSIDE,5063,CITY OF UNLEY,2,0,0,0,0,2019,September,Tuesday,8:20 AM,60,Cross Road,Straight road,Level,Not Applicable,Sealed,Dry,Not Raining,Daylight,Right Turn,2,Driver Rider,1: PDO,Traffic Signals,,,1329603.75,1668978.88,1.33E+13
2019-8965-27/05/2021,2 Metropolitan,MANNINGHAM,5086,CITY OF PORT ADELAIDE ENFIELD,2,4,0,0,4,2019,September,Tuesday,8:32 AM,60,Divided Road,Straight road,Level,Not Applicable,Sealed,Dry,Not Raining,Daylight,Rear End,2,Driver Rider,2: MI,No Control,,,1330441.8,1676429.77,1.33E+13
2019-8966-27/05/2021,3 Country,BORDERTOWN,5268,DC TATIARA.                   ,3,1,0,0,1,2019,September,Tuesday,10:40 AM,50,Cross Road,Straight road,Level,Not Applicable,Sealed,Dry,Not Raining,Daylight,Right Angle,1,Driver Rider,2: MI,Give Way Sign,,,1518429.92,1508881.93,1.52E+13
2019-8967-27/05/2021,3 Country,WAIKERIE,5330,LOXTON WAIKERIE DISTRICT COUNCIL,3,0,0,0,0,2019,September,Tuesday,10:15 AM,50,Not Divided,Straight road,Level,Not Applicable,Sealed,Dry,Not Raining,Daylight,Hit Pedestrian,2,Driver Rider,1: PDO,No Control,,,1458669.93,1748237.58,1.46E+13
2019-8968-27/05/2021,2 Metropolitan,ST MARYS,5042,CC MITCHAM.                   ,2,0,0,0,0,2019,September,Tuesday,7:27 AM,60,Cross Road,Straight road,Level,Not Applicable,Sealed,Dry,Not Raining,Daylight,Right Turn,2,Driver Rider,1: PDO,Traffic Signals,,,1325965.45,1663318.74,1.33E+13
2019-8969-27/05/2021,2 Metropolitan,GULFVIEW HEIGHTS,5096,CITY OF SALISBURY,3,0,0,0,0,2019,September,Tuesday,11:20 AM,60,T-Junction,Straight road,Slope,Not Applicable,Sealed,Dry,Not Raining,Daylight,Right Turn,2,Driver Rider,1: PDO,No Control,,,1334426.81,1684341.95,1.33E+13
2019-8970-27/05/2021,2 Metropolitan,ASCOT PARK,5043,CC MARION.                    ,3,0,0,0,0,2019,September,Tuesday,8:59 AM,60,Divided Road,Straight road,Level,Not Applicable,Sealed,Dry,Not Raining,Daylight,Rear End,1,Driver Rider,1: PDO,No Control,,,1324312.57,1663679.04,1.32E+13
2019-8971-27/05/2021,2 Metropolitan,PAYNEHAM,5070,"CC OF NORWOOD,PAYNEHAM & ST PETERS",2,1,0,0,1,2019,August,Friday,1:15 PM,60,Cross Road,Straight road,Level,Unknown,Sealed,Dry,Not Raining,Daylight,Rear End,2,Driver Rider,2: MI,Traffic Signals,,,1332162.99,1673774.81,1.33E+13
2019-8972-27/05/2021,2 Metropolitan,LEABROOK,5068,CITY OF BURNSIDE,3,0,0,0,0,2019,September,Tuesday,12:30 PM,60,Cross Road,Straight road,Level,Not Applicable,Sealed,Dry,Not Raining,Daylight,Rear End,1,Driver Rider,1: PDO,Give Way Sign,,,1333907.29,1670185.95,1.33E+13
2019-8973-27/05/2021,2 Metropolitan,NORWOOD,5067,"CC OF NORWOOD,PAYNEHAM & ST PETERS",2,0,0,0,0,2019,September,Tuesday,10:45 AM,60,Divided Road,Straight road,Level,Not Applicable,Sealed,Dry,Not Raining,Daylight,Side Swipe,2,Driver Rider,1: PDO,No Control,,,1330816.16,1671040.64,1.33E+13
2019-8974-27/05/2021,2 Metropolitan,ST AGNES,5097,CITY OF TEA TREE GULLY,2,1,0,0,1,2019,September,Tuesday,8:25 AM,60,Cross Road,Straight road,Level,Not Applicable,Sealed,Dry,Not Raining,Daylight,Right Angle,2,Driver Rider,2: MI,Roundabout,,,1338614.98,1680677.78,1.34E+13
2019-8975-27/05/2021,2 Metropolitan,RENOWN PARK,5008,CITY OF CHARLES STURT,3,1,1,0,0,2019,September,Tuesday,10:52 AM,60,Not Divided,Straight road,Level,Not Applicable,Sealed,Dry,Not Raining,Daylight,Hit Fixed Object,1,Driver Rider,4: Fatal,No Control,,Y,1326436.18,1674483.72,1.33E+13
2019-8976-27/05/2021,2 Metropolitan,HALLETT COVE,5158,CC MARION.                    ,2,0,0,0,0,2019,September,Tuesday,1:20 PM,50,T-Junction,Straight road,Level,Not Applicable,Sealed,Dry,Not Raining,Daylight,Hit Pedestrian,2,Pedestrian,1: PDO,No Control,,,1319796.4,1654946.31,1.32E+13
2019-8977-27/05/2021,3 Country,OODNADATTA,5734,,1,0,0,0,0,2019,September,Tuesday,9:30 AM,100,Not Divided,Straight road,Level,Not Applicable,Unsealed,Dry,Not Raining,Daylight,Roll Over,1,Driver Rider,1: PDO,No Control,,,1041944.61,2496118.9,1.04E+13
2019-8978-27/05/2021,3 Country,WILLIAMSTOWN,5351,THE BAROSSA COUNCIL.,2,1,0,0,1,2019,September,Tuesday,12:25 PM,80,Not Divided,Straight road,Slope,Not Applicable,Sealed,Dry,Not Raining,Daylight,Hit Fixed Object,1,Driver Rider,2: MI,No Control,,,1357450.53,1697320.67,1.36E+13
2019-8979-27/05/2021,3 Country,PORT LINCOLN,5606,CC PT.LINCOLN.                ,2,1,0,0,1,2019,September,Tuesday,3:00 PM,40,Not Divided,Straight road,Level,Not Applicable,Sealed,Dry,Not Raining,Daylight,Right Angle,2,Driver Rider,2: MI,No Control,,,1078454.5,1698663.13,1.08E+13
2019-8980-27/05/2021,2 Metropolitan,PARA HILLS WEST,5096,CITY OF SALISBURY,2,0,0,0,0,2019,September,Tuesday,3:20 PM,60,T-Junction,Straight road,Level,Not Applicable,Sealed,Dry,Not Raining,Daylight,Rear End,1,Driver Rider,1: PDO,No Control,,,1333506.98,1685190.89,1.33E+13
2019-8981-27/05/2021,2 Metropolitan,GEPPS CROSS,5094,CITY OF PORT ADELAIDE ENFIELD,2,0,0,0,0,2019,September,Monday,2:15 PM,60,Cross Road,"CURVED, VIEW OPEN",Level,Not Applicable,Sealed,Dry,Not Raining,Daylight,Side Swipe,1,Driver Rider,1: PDO,Traffic Signals,,,1327996.81,1679245.21,1.33E+13
2019-8982-27/05/2021,2 Metropolitan,GOLDEN GROVE,5125,CITY OF TEA TREE GULLY,1,1,0,0,1,2019,September,Tuesday,4:15 PM,60,Not Divided,"CURVED, VIEW OBSCURED",Crest of Hill,Not Applicable,Sealed,Dry,Not Raining,Daylight,Roll Over,1,Driver Rider,2: MI,No Control,,,1339860.88,1685995.62,1.34E+13
2019-8983-27/05/2021,2 Metropolitan,PAYNEHAM,5070,"CC OF NORWOOD,PAYNEHAM & ST PETERS",2,0,0,0,0,2019,September,Tuesday,8:50 AM,60,Cross Road,Straight road,Level,Not Applicable,Sealed,Dry,Not Raining,Daylight,Side Swipe,2,Driver Rider,1: PDO,Traffic Signals,,,1332176.1,1673782.43,1.33E+13