REPORT_ID,Stats Area,Suburb,Postcode,LGA Name,Total Units,Total Cas,Total Fats,Total SI,Total MI,Year,Month,Day,Time,Area Speed,Position Type,Horizontal Align,Vertical Align,Other Feat,Road Surface,Moisture Cond,Weather Cond,DayNight,Crash Type,Unit Resp,Entity Code,CSEF Severity,Traffic Ctrls,DUI Involved,Drugs Involved,ACCLOC_X,ACCLOC_Y,UNIQUE_LOC
2019-9065-27/05/2021,2 Metropolitan,HACKNEY,5069,"CC OF NORWOOD,PAYNEHAM & ST PETERS",2,0,0,0,0,2019,September,Thursday,4:10 PM,60,Not Divided,Straight road,Level,Not Applicable,Sealed,Dry,Not Raining,Daylight,Rear End,1,Driver Rider,1: PDO,No Control,,,1330093.55,1671423.15,1.33E+13
2019-9066-27/05/2021,2 Metropolitan,WYNN VALE,5127,CITY OF TEA TREE GULLY,4,1,0,0,1,2019,September,Thursday,8:25 PM,60,Not Divided,Straight road,Level,Not Applicable,Sealed,Dry,Not Raining,Night,Hit Animal,1,Animal,2: MI,No Control,,,1338618.6,1684205.2,1.34E+13
2019-9067-27/05/2021,2 Metropolitan,WILLUNGA SOUTH,5172,CITY OF ONKAPARINGA,2,1,0,0,1,2019,September,Thursday,10:26 PM,100,Divided Road,Straight road,Unknown,Unknown,Sealed,Unknown,Unknown,Night,Hit Fixed Object,1,Driver Rider,2: MI,No Control,,,1324983.48,1630368.58,1.32E+13
2019-9068-27/05/2021,3 Country,MURRAY BRIDGE,5253,RC MURRAY BRIDGE.             ,2,0,0,0,0,2019,September,Friday,12:30 AM,50,T-Junction,Straight road,Level,Not Applicable,Sealed,Dry,Not Raining,Night,Hit Fixed Object,1,Driver Rider,1: PDO,No Control,,,1388648.67,1644341.78,1.39E+13
2019-9069-27/05/2021,2 Metropolitan,MAWSON LAKES,5095,CITY OF SALISBURY,2,0,0,0,0,2019,September,Thursday,6:42 AM,80,T-Junction,Straight road,Level,Not Applicable,Sealed,Dry,Not Raining,Daylight,Side Swipe,1,Driver Rider,1: PDO,No Control,,,1328666.89,1683469.13,1.33E+13
2019-9070-27/05/2021,2 Metropolitan,KILBURN,5084,CITY OF PORT ADELAIDE ENFIELD,2,0,0,0,0,2019,September,Friday,7:15 AM,60,Divided Road,Straight road,Level,Not Applicable,Sealed,Dry,Not Raining,Daylight,Side Swipe,1,Driver Rider,1: PDO,No Control,,,1327182.65,1678928,1.33E+13
2019-9071-27/05/2021,3 Country,WOOL BAY,5575,YORKE PENINSULA COUNCIL,2,0,0,0,0,2019,September,Thursday,8:30 PM,100,Not Divided,Straight road,Level,Not Applicable,Sealed,Dry,Not Raining,Night,Hit Animal,2,Animal,1: PDO,No Control,,,1246967.41,1667876.4,1.25E+13
2019-9072-27/05/2021,2 Metropolitan,NOARLUNGA CENTRE,5168,CITY OF ONKAPARINGA,2,0,0,0,0,2019,September,Friday,9:00 AM,60,Not Divided,Straight road,Level,Not Applicable,Sealed,Dry,Not Raining,Daylight,Side Swipe,1,Driver Rider,1: PDO,No Control,,,1317369.2,1647045.1,1.32E+13
2019-9073-27/05/2021,2 Metropolitan,TORRENSVILLE,5031,CITY OF WEST TORRENS,2,1,0,0,1,2019,September,Wednesday,1:30 PM,60,Cross Road,Straight road,Level,Not Applicable,Sealed,Dry,Not Raining,Daylight,Right Turn,2,Driver Rider,2: MI,Traffic Signals,,,1325740.32,1670993.32,1.33E+13
2019-9074-27/05/2021,2 Metropolitan,GREENACRES,5086,CITY OF PORT ADELAIDE ENFIELD,2,0,0,0,0,2019,September,Friday,8:10 AM,50,Not Divided,Straight road,Level,Not Applicable,Sealed,Dry,Not Raining,Daylight,Hit Parked Vehicle,2,Driver Rider,1: PDO,No Control,,,1331139.51,1677144.95,1.33E+13
2019-9075-27/05/2021,3 Country,MURPUTJA,872,,2,0,0,0,0,2019,September,Thursday,10:07 AM,80,Not Divided,Straight road,Level,Not Applicable,Unsealed,Dry,Not Raining,Daylight,Hit Animal,2,Animal,1: PDO,No Control,,,517315.98,2636033.69,5.17E+12
2019-9076-27/05/2021,2 Metropolitan,MAWSON LAKES,5095,CITY OF SALISBURY,3,0,0,0,0,2019,September,Friday,7:00 AM,50,Divided Road,Straight road,Level,Not Applicable,Sealed,Dry,Not Raining,Daylight,Hit Parked Vehicle,2,Driver Rider,1: PDO,No Control,,,1330057.63,1683657.88,1.33E+13
2019-9077-27/05/2021,2 Metropolitan,TORRENS PARK,5062,CC MITCHAM.                   ,3,0,0,0,0,2019,September,Friday,9:50 AM,60,T-Junction,Straight road,Level,Not Applicable,Sealed,Dry,Not Raining,Daylight,Right Turn,1,Driver Rider,1: PDO,Traffic Signals,,,1329336.44,1664210.74,1.33E+13
2019-9078-27/05/2021,2 Metropolitan,FINDON,5023,CITY OF CHARLES STURT,2,1,0,0,1,2019,September,Thursday,12:30 PM,60,T-Junction,Straight road,Level,Not Applicable,Sealed,Dry,Not Raining,Daylight,Right Angle,2,Driver Rider,2: MI,No Control,,,1322415.86,1673273.5,1.32E+13
2019-9079-27/05/2021,2 Metropolitan,MITCHELL PARK,5043,CC MARION.                    ,2,0,0,0,0,2019,September,Friday,7:05 AM,60,Divided Road,Straight road,Level,Driveway or Entrance,Sealed,Dry,Not Raining,Daylight,Side Swipe,2,Driver Rider,1: PDO,No Control,,,1324359.3,1662086.72,1.32E+13
2019-9080-27/05/2021,2 Metropolitan,GLENELG SOUTH,5045,CITY OF HOLDFAST BAY,3,1,0,0,1,2019,September,Friday,11:15 AM,40,Not Divided,Straight road,Level,Not Applicable,Sealed,Dry,Not Raining,Daylight,Hit Pedestrian,2,Pedestrian,2: MI,No Control,,,1320607.88,1664008.09,1.32E+13
2019-9081-27/05/2021,2 Metropolitan,MILE END,5031,CITY OF WEST TORRENS,2,0,0,0,0,2019,September,Wednesday,9:30 AM,60,Divided Road,Straight road,Level,Not Applicable,Sealed,Dry,Not Raining,Daylight,Hit Pedestrian,1,Pedestrian,1: PDO,No Control,,,1326625.91,1671037.7,1.33E+13
2019-9082-27/05/2021,1 City,ADELAIDE,5000,CITY OF ADELAIDE,2,0,0,0,0,2019,September,Thursday,5:10 PM,50,Not Divided,Straight road,Level,Not Applicable,Sealed,Dry,Not Raining,Daylight,Side Swipe,1,Driver Rider,1: PDO,No Control,,,1328066.61,1670659.19,1.33E+13
2019-9083-27/05/2021,1 City,ADELAIDE,5000,CITY OF ADELAIDE,2,1,0,0,1,2019,September,Friday,12:40 PM,50,Cross Road,Straight road,Level,Not Applicable,Sealed,Dry,Not Raining,Daylight,Right Angle,2,Driver Rider,2: MI,Give Way Sign,,,1327395.92,1670003.03,1.33E+13
2019-9084-27/05/2021,3 Country,MONASH,5342,THE BERRI BARMERA COUNCIL,2,0,0,0,0,2019,September,Friday,9:20 AM,110,T-Junction,Straight road,Level,Not Applicable,Sealed,Dry,Not Raining,Daylight,Rear End,2,Driver Rider,1: PDO,No Control,,,1517051.33,1738239.35,1.52E+13
2019-9085-27/05/2021,2 Metropolitan,LOWER MITCHAM,5062,CC MITCHAM.                   ,2,0,0,0,0,2019,September,Friday,8:51 AM,60,T-Junction,Straight road,Level,Not Applicable,Sealed,Dry,Not Raining,Daylight,Side Swipe,2,Driver Rider,1: PDO,Traffic Signals,,,1329170.96,1665061.71,1.33E+13
2019-9086-27/05/2021,2 Metropolitan,PARAFIELD,5106,CITY OF SALISBURY,2,0,0,0,0,2019,September,Friday,2:00 PM,80,Cross Road,Straight road,Level,Not Applicable,Sealed,Dry,Not Raining,Daylight,Rear End,1,Driver Rider,1: PDO,Traffic Signals,,,1332521.09,1684419.56,1.33E+13
2019-9087-27/05/2021,2 Metropolitan,HILLBANK,5112,CITY OF PLAYFORD.,2,0,0,0,0,2019,September,Friday,1:30 PM,80,Cross Road,Straight road,Level,Not Applicable,Sealed,Dry,Not Raining,Daylight,Rear End,2,Driver Rider,1: PDO,Traffic Signals,,,1336127.25,1690847.05,1.34E+13
2019-9088-27/05/2021,2 Metropolitan,ANDREWS FARM,5114,CITY OF PLAYFORD.,2,0,0,0,0,2019,September,Friday,10:45 AM,50,Not Divided,Straight road,Level,Not Applicable,Unsealed,Dry,Not Raining,Daylight,Right Angle,1,Driver Rider,1: PDO,No Control,,,1334839.33,1698124.02,1.33E+13
2019-9089-27/05/2021,1 City,ADELAIDE,5000,CITY OF ADELAIDE,2,0,0,0,0,2019,September,Friday,3:15 PM,50,Cross Road,Straight road,Level,Not Applicable,Sealed,Dry,Not Raining,Daylight,Right Angle,1,Driver Rider,1: PDO,Traffic Signals,,,1327951.24,1669556.92,1.33E+13
2019-9090-27/05/2021,2 Metropolitan,SALISBURY DOWNS,5108,CITY OF SALISBURY,3,0,0,0,0,2019,September,Friday,3:25 PM,60,Divided Road,Straight road,Level,Not Applicable,Sealed,Dry,Not Raining,Daylight,Rear End,1,Driver Rider,1: PDO,No Control,,,1331419.01,1686843.24,1.33E+13
2019-9091-27/05/2021,2 Metropolitan,TORRENSVILLE,5031,CITY OF WEST TORRENS,2,1,0,0,1,2019,September,Friday,3:30 PM,50,Cross Road,Straight road,Level,Not Applicable,Sealed,Dry,Not Raining,Daylight,Right Angle,1,Driver Rider,2: MI,Give Way Sign,,,1324746.26,1671390.05,1.32E+13
2019-9092-27/05/2021,2 Metropolitan,PARAFIELD GARDENS,5107,CITY OF SALISBURY,3,1,0,0,1,2019,September,Friday,3:15 PM,60,T-Junction,Straight road,Level,Not Applicable,Sealed,Dry,Not Raining,Daylight,Rear End,1,Driver Rider,2: MI,Roundabout,,,1330109.87,1687875.58,1.33E+13
2019-9093-27/05/2021,2 Metropolitan,GRANGE,5022,CITY OF CHARLES STURT,2,0,0,0,0,2019,September,Friday,4:00 PM,60,Not Divided,"CURVED, VIEW OBSCURED",Level,Not Applicable,Sealed,Dry,Not Raining,Daylight,Head On,2,Driver Rider,1: PDO,No Control,,,1319233.53,1675846.9,1.32E+13
2019-9094-27/05/2021,2 Metropolitan,GLENELG NORTH,5045,CITY OF WEST TORRENS,2,1,0,0,1,2019,September,Friday,2:15 PM,60,Not Divided,Straight road,Level,Not Applicable,Sealed,Dry,Not Raining,Daylight,Side Swipe,1,Driver Rider,2: MI,No Control,,,1320949.56,1666825.01,1.32E+13
2019-9095-27/05/2021,2 Metropolitan,OTTOWAY,5013,CITY OF PORT ADELAIDE ENFIELD,2,0,0,0,0,2019,September,Friday,4:38 PM,60,Cross Road,Straight road,Level,Not Applicable,Sealed,Dry,Not Raining,Daylight,Right Angle,1,Driver Rider,1: PDO,Stop Sign,,,1322718.98,1679683.43,1.32E+13
2019-9096-27/05/2021,2 Metropolitan,MORPHETT VALE,5162,CITY OF ONKAPARINGA,2,0,0,0,0,2019,September,Friday,2:50 PM,50,Not Divided,Straight road,Level,Driveway or Entrance,Sealed,Dry,Not Raining,Daylight,Side Swipe,2,Driver Rider,1: PDO,No Control,,,1320292.41,1650395.88,1.32E+13
2019-9097-27/05/2021,2 Metropolitan,MODBURY,5092,CITY OF TEA TREE GULLY,2,0,0,0,0,2019,September,Friday,5:10 PM,60,Cross Road,Straight road,Slope,Not Applicable,Sealed,Dry,Not Raining,Daylight,Rear End,1,Driver Rider,1: PDO,Traffic Signals,,,1336395.9,1680602.76,1.34E+13
2019-9098-27/05/2021,2 Metropolitan,MOUNT BARKER,5251,DC MT.BARKER.                 ,2,1,0,0,1,2019,September,Friday,5:00 PM,50,Cross Road,Straight road,Level,Not Applicable,Sealed,Dry,Not Raining,Daylight,Right Angle,1,Driver Rider,2: MI,Give Way Sign,,,1351836.26,1653932.15,1.35E+13
2019-9099-27/05/2021,2 Metropolitan,PASADENA,5042,CC MITCHAM.                   ,2,0,0,0,0,2019,September,Friday,5:15 PM,50,Not Divided,Straight road,Slope,Driveway or Entrance,Sealed,Dry,Not Raining,Daylight,Right Angle,1,Driver Rider,1: PDO,No Control,,,1327270.45,1662252.7,1.33E+13
2019-9100-27/05/2021,2 Metropolitan,CAVAN,5094,CITY OF SALISBURY,2,0,0,0,0,2019,September,Friday,5:00 PM,70,T-Junction,Straight road,Level,Not Applicable,Sealed,Dry,Not Raining,Daylight,Side Swipe,2,Driver Rider,1: PDO,No Control,,,1328724.52,1681375.36,1.33E+13
2019-9101-27/05/2021,2 Metropolitan,CLARENCE GARDENS,5039,CC MITCHAM.                   ,2,1,0,0,1,2019,September,Friday,3:20 PM,60,Rail Xing,Straight road,Level,Not Applicable,Sealed,Dry,Not Raining,Daylight,Rear End,2,Driver Rider,2: MI,Traffic Signals,,,1325860.85,1666161.82,1.33E+13
2019-9102-27/05/2021,2 Metropolitan,WOODVILLE SOUTH,5011,CITY OF CHARLES STURT,2,0,0,0,0,2019,September,Friday,6:00 PM,50,Not Divided,Straight road,Slope,Not Applicable,Sealed,Dry,Not Raining,Daylight,Hit Parked Vehicle,1,Driver Rider,1: PDO,No Control,,,1322974.28,1674685.22,1.32E+13
2019-9103-27/05/2021,2 Metropolitan,NOARLUNGA CENTRE,5168,CITY OF ONKAPARINGA,2,0,0,0,0,2019,September,Friday,5:30 PM,60,T-Junction,Straight road,Level,Not Applicable,Sealed,Dry,Not Raining,Daylight,Rear End,2,Driver Rider,1: PDO,Traffic Signals,,,1318788.81,1647471.6,1.32E+13
2019-9104-27/05/2021,2 Metropolitan,GILLES PLAINS,5086,CITY OF TEA TREE GULLY,2,0,0,0,0,2019,September,Friday,4:50 PM,50,T-Junction,Straight road,Level,Not Applicable,Sealed,Dry,Not Raining,Daylight,Hit Fixed Object,1,Driver Rider,1: PDO,No Control,,,1334581.19,1678976.22,1.33E+13
2019-9105-27/05/2021,2 Metropolitan,WOODVILLE WEST,5011,CITY OF CHARLES STURT,3,0,0,0,0,2019,September,Friday,8:25 PM,50,Not Divided,"CURVED, VIEW OPEN",Level,Not Applicable,Sealed,Dry,Not Raining,Night,Head On,2,Driver Rider,1: PDO,No Control,,,1322202.91,1675176.13,1.32E+13
2019-9106-27/05/2021,2 Metropolitan,KINGSWOOD,5062,CC MITCHAM.                   ,2,0,0,0,0,2019,September,Friday,8:45 PM,60,T-Junction,Straight road,Level,Not Applicable,Sealed,Dry,Not Raining,Night,Right Angle,2,Driver Rider,1: PDO,Stop Sign,,,1329537.32,1666256.16,1.33E+13
2019-9107-27/05/2021,2 Metropolitan,HINDMARSH,5007,CITY OF CHARLES STURT,2,0,0,0,0,2019,September,Friday,9:35 PM,60,Divided Road,Straight road,Level,Not Applicable,Sealed,Dry,Not Raining,Night,Rear End,2,Driver Rider,1: PDO,No Control,,,1326032.3,1673049.21,1.33E+13
2019-9108-27/05/2021,2 Metropolitan,BLACKWOOD,5051,CC MITCHAM.                   ,2,0,0,0,0,2019,September,Friday,9:20 PM,50,Multiple,Straight road,Crest of Hill,Not Applicable,Sealed,Dry,Not Raining,Night,Right Angle,1,Driver Rider,1: PDO,Roundabout,,,1329678.48,1660052.36,1.33E+13
2019-9109-27/05/2021,3 Country,NORMANVILLE,5204,DC YANKALILLA.                ,2,0,0,0,0,2019,September,Friday,8:50 PM,80,Not Divided,Straight road,Level,Not Applicable,Sealed,Dry,Not Raining,Night,Hit Animal,2,Animal,1: PDO,No Control,,,1299536.59,1611651.79,1.30E+13
2019-9110-27/05/2021,2 Metropolitan,TRANMERE,5073,CC CAMPBELLTOWN.              ,2,0,0,0,0,2019,September,Friday,5:05 PM,60,Divided Road,Straight road,Level,Not Applicable,Sealed,Dry,Not Raining,Daylight,Rear End,1,Driver Rider,1: PDO,No Control,,,1333824.6,1673278.43,1.33E+13
2019-9111-27/05/2021,2 Metropolitan,BROADVIEW,5083,CITY OF PORT ADELAIDE ENFIELD,1,1,0,0,1,2019,September,Saturday,8:00 AM,50,Not Divided,Straight road,Level,Not Applicable,Sealed,Dry,Not Raining,Daylight,Roll Over,1,Driver Rider,2: MI,No Control,,,1330166.06,1677049.29,1.33E+13
2019-9112-27/05/2021,2 Metropolitan,SEATON,5023,CITY OF CHARLES STURT,2,0,0,0,0,2019,September,Saturday,8:30 AM,60,Cross Road,Straight road,Level,Not Applicable,Sealed,Dry,Not Raining,Daylight,Right Turn,2,Driver Rider,1: PDO,Traffic Signals,,,1320713.72,1676060.8,1.32E+13
2019-9113-27/05/2021,2 Metropolitan,ELIZABETH SOUTH,5112,CITY OF PLAYFORD.,2,0,0,0,0,2019,September,Friday,1:30 PM,50,T-Junction,Straight road,Level,Not Applicable,Sealed,Dry,Not Raining,Daylight,Right Angle,2,Driver Rider,1: PDO,No Control,,,1334215.61,1689468.7,1.33E+13
2019-9114-27/05/2021,3 Country,MINBRIE,5602,DC FRANKLIN HARBOR.           ,2,0,0,0,0,2019,September,Friday,2:50 PM,110,Not Divided,"CURVED, VIEW OBSCURED",Level,Not Applicable,Sealed,Dry,Not Raining,Daylight,Hit Animal,2,Animal,1: PDO,No Control,,,1184805.42,1822064.87,1.18E+13
2019-9115-27/05/2021,2 Metropolitan,GAWLER EAST,5118,CT GAWLER.                    ,2,0,0,0,0,2019,September,Friday,4:00 PM,50,T-Junction,"CURVED, VIEW OPEN",Level,Not Applicable,Sealed,Dry,Not Raining,Daylight,Head On,2,Driver Rider,1: PDO,No Control,,,1345753.8,1705776.72,1.35E+13
2019-9116-27/05/2021,2 Metropolitan,ROYAL PARK,5014,CITY OF CHARLES STURT,3,1,0,0,1,2019,September,Saturday,11:05 AM,60,Pedestrian Crossing,Straight road,Level,Not Applicable,Sealed,Dry,Not Raining,Daylight,Rear End,1,Driver Rider,2: MI,Traffic Signals,,,1320688,1676764.6,1.32E+13
2019-9117-27/05/2021,2 Metropolitan,MUNNO PARA,5115,CITY OF PLAYFORD.,2,0,0,0,0,2019,September,Saturday,11:30 AM,60,T-Junction,Straight road,Level,Not Applicable,Sealed,Dry,Not Raining,Daylight,Right Angle,1,Driver Rider,1: PDO,Give Way Sign,,,1336515.35,1698629.88,1.34E+13
2019-9118-27/05/2021,2 Metropolitan,SALISBURY PLAIN,5109,CITY OF SALISBURY,1,0,0,0,0,2019,September,Saturday,11:00 AM,80,Cross Road,Straight road,Level,Not Applicable,Sealed,Dry,Not Raining,Daylight,Roll Over,1,Driver Rider,1: PDO,Traffic Signals,,,1334701.93,1687209.78,1.33E+13
2019-9119-27/05/2021,2 Metropolitan,MAGILL,5072,CC CAMPBELLTOWN.              ,2,0,0,0,0,2019,September,Friday,3:00 PM,60,Not Divided,Straight road,Level,Not Applicable,Sealed,Dry,Not Raining,Daylight,Rear End,2,Driver Rider,1: PDO,No Control,,,1335451.54,1671846.9,1.34E+13
2019-9120-27/05/2021,3 Country,TAILEM BEND,5260,COORONG DISTRICT COUNCIL,2,0,0,0,0,2019,September,Saturday,6:00 AM,110,Not Divided,Straight road,Level,Not Applicable,Sealed,Dry,Not Raining,Night,Hit Fixed Object,1,Driver Rider,1: PDO,No Control,,,1399915.38,1637338.44,1.40E+13
2019-9121-27/05/2021,3 Country,MIDDLETON,5213,ALEXANDRINA COUNCIL,2,0,0,0,0,2019,September,Saturday,1:00 PM,50,Not Divided,"CURVED, VIEW OBSCURED",Level,Not Applicable,Sealed,Dry,Not Raining,Daylight,Head On,2,Driver Rider,1: PDO,No Control,,,1338528.2,1605393.48,1.34E+13
2019-9122-27/05/2021,2 Metropolitan,ULEYBURY,5114,CITY OF PLAYFORD.,2,1,0,0,1,2019,September,Saturday,1:50 PM,100,Not Divided,"CURVED, VIEW OBSCURED",Slope,Not Applicable,Sealed,Dry,Not Raining,Daylight,Head On,1,Driver Rider,2: MI,No Control,,,1342008.81,1695212.81,1.34E+13
2019-9123-27/05/2021,2 Metropolitan,NOARLUNGA CENTRE,5168,CITY OF ONKAPARINGA,2,0,0,0,0,2019,September,Saturday,1:40 PM,60,T-Junction,Straight road,Level,Not Applicable,Sealed,Dry,Not Raining,Daylight,Right Turn,2,Driver Rider,1: PDO,Traffic Signals,,,1318788.81,1647471.6,1.32E+13
2019-9124-27/05/2021,2 Metropolitan,MOANA,5169,CITY OF ONKAPARINGA,2,1,0,1,0,2019,September,Saturday,1:45 PM,50,T-Junction,Straight road,Level,Not Applicable,Sealed,Dry,Not Raining,Daylight,Side Swipe,2,Driver Rider,3: SI,No Control,,,1315723.57,1641134.64,1.32E+13
2019-9125-27/05/2021,2 Metropolitan,TORRENSVILLE,5031,CITY OF WEST TORRENS,3,0,0,0,0,2019,September,Friday,5:00 PM,60,Divided Road,Straight road,Level,Not Applicable,Sealed,Dry,Not Raining,Daylight,Rear End,1,Driver Rider,1: PDO,No Control,,,1325671.83,1671413.25,1.33E+13
2019-9126-27/05/2021,2 Metropolitan,POORAKA,5095,CITY OF SALISBURY,3,3,0,0,3,2019,September,Saturday,3:28 PM,60,T-Junction,Straight road,Level,Not Applicable,Sealed,Dry,Not Raining,Daylight,Rear End,1,Driver Rider,2: MI,No Control,,,1331419.79,1680901.15,1.33E+13
2019-9127-27/05/2021,2 Metropolitan,ELIZABETH NORTH,5113,CITY OF PLAYFORD.,2,0,0,0,0,2019,September,Saturday,1:30 PM,80,Divided Road,Straight road,Level,Not Applicable,Sealed,Dry,Not Raining,Daylight,Rear End,2,Driver Rider,1: PDO,No Control,,,1336928.19,1695449.12,1.34E+13
2019-9128-27/05/2021,2 Metropolitan,HENLEY BEACH,5022,CITY OF CHARLES STURT,2,0,0,0,0,2019,September,Saturday,3:00 PM,50,Cross Road,Straight road,Level,Not Applicable,Sealed,Dry,Not Raining,Daylight,Rear End,1,Driver Rider,1: PDO,Give Way Sign,,,1318817.37,1671996.21,1.32E+13
2019-9129-27/05/2021,2 Metropolitan,SEATON,5023,CITY OF CHARLES STURT,3,0,0,0,0,2019,September,Saturday,2:40 PM,60,Not Divided,Straight road,Level,Not Applicable,Sealed,Dry,Not Raining,Daylight,Hit Parked Vehicle,1,Driver Rider,1: PDO,No Control,,,1319949.86,1673425.95,1.32E+13
2019-9130-27/05/2021,2 Metropolitan,HILLCREST,5086,CITY OF PORT ADELAIDE ENFIELD,3,0,0,0,0,2019,September,Saturday,3:20 PM,60,Divided Road,Straight road,Level,Not Applicable,Sealed,Dry,Not Raining,Daylight,Rear End,2,Driver Rider,1: PDO,No Control,,,1332221.57,1676721.54,1.33E+13
2019-9131-27/05/2021,3 Country,ROCKLEIGH,5254,MID MURRAY DISTRICT COUNCIL,2,0,0,0,0,2019,September,Saturday,10:00 AM,80,Not Divided,"CURVED, VIEW OBSCURED",Bottom of Hill,Not Applicable,Unsealed,Dry,Not Raining,Daylight,Hit Fixed Object,1,Driver Rider,1: PDO,No Control,,,1379509.07,1664737.41,1.38E+13
2019-9132-27/05/2021,2 Metropolitan,GLENELG EAST,5045,CITY OF HOLDFAST BAY,2,0,0,0,0,2019,September,Saturday,3:15 PM,60,Divided Road,Straight road,Level,Not Applicable,Sealed,Dry,Not Raining,Daylight,Side Swipe,2,Driver Rider,1: PDO,No Control,,,1321009.57,1665156.19,1.32E+13
2019-9133-27/05/2021,2 Metropolitan,MANSFIELD PARK,5012,CITY OF PORT ADELAIDE ENFIELD,3,6,0,0,6,2019,September,Saturday,6:10 PM,60,T-Junction,Straight road,Level,Not Applicable,Sealed,Dry,Not Raining,Night,Right Angle,1,Driver Rider,2: MI,No Control,,,1323929.02,1678141.14,1.32E+13
2019-9134-27/05/2021,2 Metropolitan,CRAIGMORE,5114,CITY OF PLAYFORD.,3,1,1,0,0,2019,September,Saturday,1:40 PM,50,Not Divided,Straight road,Level,Not Applicable,Sealed,Dry,Not Raining,Daylight,Hit Fixed Object,1,Driver Rider,4: Fatal,No Control,,,1338825.38,1696110.28,1.34E+13
2019-9135-27/05/2021,2 Metropolitan,DRY CREEK,5094,CITY OF SALISBURY,2,6,0,0,6,2019,September,Saturday,7:50 PM,80,T-Junction,Straight road,Level,Not Applicable,Sealed,Dry,Not Raining,Night,Right Turn,2,Driver Rider,2: MI,Traffic Signals,,,1328672.58,1683237.82,1.33E+13
2019-9136-27/05/2021,3 Country,PORT PIRIE WEST,5540,PT.PIRIE CITY & DIST. COUNCIL ,2,0,0,0,0,2019,September,Saturday,8:06 PM,50,Not Divided,Straight road,Level,Not Applicable,Sealed,Dry,Not Raining,Night,Hit Parked Vehicle,1,Driver Rider,1: PDO,No Control,,,1278878.92,1864660.26,1.28E+13
2019-9137-27/05/2021,2 Metropolitan,SEAFORD RISE,5169,CITY OF ONKAPARINGA,2,1,0,1,0,2019,September,Saturday,8:31 PM,70,T-Junction,Straight road,Slope,Not Applicable,Sealed,Dry,Not Raining,Night,Hit Fixed Object,1,Driver Rider,3: SI,No Control,Y,,1316413.22,1640775.43,1.32E+13
2019-9138-27/05/2021,2 Metropolitan,WINGFIELD,5013,CITY OF PORT ADELAIDE ENFIELD,1,1,0,0,1,2019,September,Saturday,11:30 AM,60,Cross Road,Straight road,Level,Not Applicable,Sealed,Dry,Not Raining,Daylight,Roll Over,1,Driver Rider,2: MI,Traffic Signals,,,1323910.63,1679162.4,1.32E+13
2019-9139-27/05/2021,2 Metropolitan,LENSWOOD,5240,THE ADELAIDE HILLS COUNCIL,2,1,0,0,1,2019,September,Sunday,12:02 AM,80,Not Divided,"CURVED, VIEW OPEN",Slope,Not Applicable,Unsealed,Dry,Not Raining,Night,Hit Fixed Object,1,Driver Rider,2: MI,No Control,,,1349540.77,1674146.25,1.35E+13
2019-9140-27/05/2021,2 Metropolitan,EXETER,5019,CITY OF PORT ADELAIDE ENFIELD,4,0,0,0,0,2019,September,Sunday,3:08 AM,50,Not Divided,Straight road,Level,Not Applicable,Sealed,Dry,Not Raining,Night,Hit Parked Vehicle,1,Driver Rider,1: PDO,No Control,,,1318760.48,1680365.96,1.32E+13
2019-9141-27/05/2021,2 Metropolitan,KANGARILLA,5157,CITY OF ONKAPARINGA,2,0,0,0,0,2019,September,Sunday,4:50 AM,80,Not Divided,"CURVED, VIEW OBSCURED",Slope,Not Applicable,Sealed,Dry,Not Raining,Night,Hit Fixed Object,1,Driver Rider,1: PDO,No Control,,Y,1332567.08,1647984.25,1.33E+13
2019-9142-27/05/2021,3 Country,PORT AUGUSTA,5700,CC PT.AUGUSTA.                ,1,2,0,1,1,2019,September,Sunday,6:10 AM,60,Not Divided,Straight road,Level,Not Applicable,Sealed,Dry,Not Raining,Night,Roll Over,1,Driver Rider,3: SI,No Control,Y,Y,1260623.62,1943642.06,1.26E+13
2019-9143-27/05/2021,2 Metropolitan,DARLINGTON,5047,CITY OF ONKAPARINGA,2,1,0,0,1,2019,September,Sunday,9:23 AM,70,Cross Road,Straight road,Slope,Not Applicable,Sealed,Dry,Not Raining,Daylight,Side Swipe,1,Driver Rider,2: MI,Traffic Signals,,,1324432.96,1659694.42,1.32E+13
2019-9144-27/05/2021,2 Metropolitan,WYNN VALE,5127,CITY OF TEA TREE GULLY,2,0,0,0,0,2019,September,Sunday,9:25 AM,70,T-Junction,"CURVED, VIEW OPEN",Level,Not Applicable,Sealed,Dry,Not Raining,Daylight,Right Angle,1,Driver Rider,1: PDO,No Control,,,1336816.75,1684469.13,1.34E+13
2019-9145-27/05/2021,2 Metropolitan,HAWTHORN,5062,CC MITCHAM.                   ,2,0,0,0,0,2019,September,Sunday,10:00 AM,60,Divided Road,Straight road,Level,Not Applicable,Sealed,Dry,Not Raining,Daylight,Side Swipe,2,Driver Rider,1: PDO,No Control,,,1328330.22,1666219.8,1.33E+13
2019-9146-27/05/2021,3 Country,MONASH,5342,THE BERRI BARMERA COUNCIL,2,0,0,0,0,2019,September,Saturday,10:00 PM,80,Not Divided,"CURVED, VIEW OBSCURED",Level,Not Applicable,Sealed,Dry,Not Raining,Night,Hit Fixed Object,1,Driver Rider,1: PDO,No Control,,,1510238.1,1740156.95,1.51E+13