REPORT_ID,Stats Area,Suburb,Postcode,LGA Name,Total Units,Total Cas,Total Fats,Total SI,Total MI,Year,Month,Day,Time,Area Speed,Position Type,Horizontal Align,Vertical Align,Other Feat,Road Surface,Moisture Cond,Weather Cond,DayNight,Crash Type,Unit Resp,Entity Code,CSEF Severity,Traffic Ctrls,DUI Involved,Drugs Involved,ACCLOC_X,ACCLOC_Y,UNIQUE_LOC
2019-9309-27/05/2021,2 Metropolitan,CLARENCE PARK,5034,CITY OF UNLEY,2,0,0,0,0,2019,September,Wednesday,6:15 PM,40,T-Junction,Straight road,Level,Not Applicable,Sealed,Dry,Not Raining,Night,Right Angle,2,Driver Rider,1: PDO,Give Way Sign,,,1326680.12,1666318.29,1.33E+13
2019-9310-27/05/2021,2 Metropolitan,PORT ADELAIDE,5015,CITY OF PORT ADELAIDE ENFIELD,4,0,0,0,0,2019,September,Thursday,8:50 AM,60,Freeway,Straight road,Slope,"Bridge, Culvert, Causeway",Sealed,Dry,Not Raining,Daylight,Rear End,1,Driver Rider,1: PDO,Other,,,1320425.23,1680598.4,1.32E+13
2019-9311-27/05/2021,2 Metropolitan,FULHAM,5024,CITY OF WEST TORRENS,2,0,0,0,0,2019,September,Thursday,7:30 AM,60,Cross Road,Straight road,Level,Not Applicable,Sealed,Dry,Not Raining,Daylight,Rear End,2,Driver Rider,1: PDO,Traffic Signals,,,1320990.35,1670844.64,1.32E+13
2019-9312-27/05/2021,3 Country,MUNDOORA,5555,BARUNGA WEST DISTRICT COUNCIL,1,0,0,0,0,2019,September,Thursday,8:05 AM,100,Not Divided,"CURVED, VIEW OPEN",Level,Not Applicable,Sealed,Dry,Not Raining,Daylight,Roll Over,1,Driver Rider,1: PDO,No Control,,,1283014.35,1820052.18,1.28E+13
2019-9313-27/05/2021,2 Metropolitan,GLANDORE,5037,CC MARION.                    ,2,0,0,0,0,2019,September,Wednesday,10:20 PM,50,T-Junction,Straight road,Level,Not Applicable,Sealed,Dry,Not Raining,Night,Right Turn,2,Driver Rider,1: PDO,No Control,,,1325045.34,1666456.3,1.33E+13
2019-9314-27/05/2021,2 Metropolitan,HAWTHORN,5062,CC MITCHAM.                   ,2,0,0,0,0,2019,September,Thursday,8:40 AM,60,Cross Road,Straight road,Level,Not Applicable,Sealed,Dry,Not Raining,Daylight,Right Angle,1,Driver Rider,1: PDO,Give Way Sign,,,1328854.2,1666245.58,1.33E+13
2019-9315-27/05/2021,2 Metropolitan,GEPPS CROSS,5094,CITY OF PORT ADELAIDE ENFIELD,3,1,0,0,1,2019,September,Thursday,9:45 AM,60,Divided Road,Straight road,Level,Not Applicable,Sealed,Dry,Not Raining,Daylight,Rear End,1,Driver Rider,2: MI,No Control,,,1328804.2,1679422.24,1.33E+13
2019-9316-27/05/2021,2 Metropolitan,BRAHMA LODGE,5109,CITY OF SALISBURY,2,1,0,0,1,2019,September,Thursday,8:20 AM,50,Not Divided,Straight road,Level,Not Applicable,Sealed,Dry,Not Raining,Daylight,Hit Parked Vehicle,2,Driver Rider,2: MI,No Control,,,1334284.74,1686889.88,1.33E+13
2019-9317-27/05/2021,2 Metropolitan,TORRENSVILLE,5031,CITY OF WEST TORRENS,2,0,0,0,0,2019,September,Thursday,10:10 AM,60,Divided Road,Straight road,Level,Not Applicable,Sealed,Dry,Not Raining,Daylight,Side Swipe,2,Driver Rider,1: PDO,No Control,,,1325492.6,1671840.09,1.33E+13
2019-9318-27/05/2021,1 City,ADELAIDE,5000,CITY OF ADELAIDE,2,0,0,0,0,2019,September,Thursday,9:45 AM,50,T-Junction,Straight road,Level,Not Applicable,Sealed,Dry,Not Raining,Daylight,Side Swipe,2,Driver Rider,1: PDO,No Control,,,1327878.65,1669860.7,1.33E+13
2019-9319-27/05/2021,2 Metropolitan,MAWSON LAKES,5095,CITY OF SALISBURY,2,0,0,0,0,2019,September,Thursday,10:59 AM,80,Divided Road,Straight road,Level,Not Applicable,Sealed,Dry,Not Raining,Daylight,Rear End,2,Driver Rider,1: PDO,No Control,,,1328665.82,1684326.2,1.33E+13
2019-9320-27/05/2021,2 Metropolitan,POORAKA,5095,CITY OF SALISBURY,3,2,0,1,1,2019,September,Monday,5:15 PM,70,Divided Road,Straight road,Level,Not Applicable,Sealed,Dry,Not Raining,Daylight,Rear End,2,Driver Rider,3: SI,No Control,,,1330342.69,1681817.66,1.33E+13
2019-9321-27/05/2021,2 Metropolitan,ROSTREVOR,5073,CC CAMPBELLTOWN.              ,2,0,0,0,0,2019,September,Thursday,12:25 PM,60,Not Divided,Straight road,Level,Driveway or Entrance,Sealed,Dry,Not Raining,Daylight,Right Angle,2,Driver Rider,1: PDO,No Control,,,1335411.8,1674487.83,1.34E+13
2019-9322-27/05/2021,2 Metropolitan,GREENWITH,5125,CITY OF TEA TREE GULLY,2,1,0,0,1,2019,September,Thursday,11:55 AM,60,Not Divided,"CURVED, VIEW OPEN",Crest of Hill,Not Applicable,Sealed,Dry,Not Raining,Daylight,Head On,2,Driver Rider,2: MI,No Control,,,1337954.14,1687926.23,1.34E+13
2019-9323-27/05/2021,2 Metropolitan,MILE END,5031,CITY OF WEST TORRENS,2,0,0,0,0,2019,September,Thursday,12:50 PM,60,Divided Road,Straight road,Level,Not Applicable,Sealed,Dry,Not Raining,Daylight,Hit Fixed Object,1,Driver Rider,1: PDO,No Control,,,1326619.03,1671073.06,1.33E+13
2019-9324-27/05/2021,3 Country,STRATHALBYN,5255,ALEXANDRINA COUNCIL,2,2,0,0,2,2019,September,Thursday,12:15 PM,50,Not Divided,Straight road,Level,Not Applicable,Sealed,Dry,Not Raining,Daylight,Hit Parked Vehicle,1,Driver Rider,2: MI,No Control,,,1354344.37,1632865.37,1.35E+13
2019-9325-27/05/2021,2 Metropolitan,SOMERTON PARK,5044,CITY OF HOLDFAST BAY,2,0,0,0,0,2019,September,Thursday,1:15 PM,60,Divided Road,Straight road,Level,Not Applicable,Sealed,Dry,Not Raining,Daylight,Rear End,2,Driver Rider,1: PDO,No Control,,,1321095.04,1662481.5,1.32E+13
2019-9326-27/05/2021,3 Country,PORT LINCOLN,5606,CC PT.LINCOLN.                ,3,0,0,0,0,2019,September,Thursday,12:40 PM,40,Not Divided,Straight road,Level,Not Applicable,Sealed,Dry,Not Raining,Daylight,Hit Fixed Object,1,Driver Rider,1: PDO,No Control,,,1078559.58,1698589.36,1.08E+13
2019-9327-27/05/2021,2 Metropolitan,KENT TOWN,5067,"CC OF NORWOOD,PAYNEHAM & ST PETERS",2,0,0,0,0,2019,September,Thursday,1:46 PM,50,Not Divided,Straight road,Slope,Not Applicable,Sealed,Dry,Not Raining,Daylight,Right Angle,2,Driver Rider,1: PDO,No Control,,,1330420.16,1671328.72,1.33E+13
2019-9328-27/05/2021,3 Country,MURRAY BRIDGE,5253,RC MURRAY BRIDGE.             ,2,0,0,0,0,2019,September,Wednesday,10:30 PM,110,Freeway,Straight road,Level,Not Applicable,Sealed,Dry,Not Raining,Night,Hit Animal,2,Animal,1: PDO,No Control,,,1387835.22,1643885.85,1.39E+13
2019-9329-27/05/2021,1 City,ADELAIDE,5000,CITY OF ADELAIDE,2,0,0,0,0,2019,September,Thursday,12:30 PM,50,Divided Road,Straight road,Level,Not Applicable,Sealed,Dry,Not Raining,Daylight,Side Swipe,1,Driver Rider,1: PDO,No Control,,,1328509.73,1670480.29,1.33E+13
2019-9330-27/05/2021,2 Metropolitan,EDWARDSTOWN,5039,CC MARION.                    ,2,0,0,0,0,2019,September,Thursday,2:17 PM,60,T-Junction,Straight road,Level,Driveway or Entrance,Sealed,Dry,Not Raining,Daylight,Right Turn,1,Driver Rider,1: PDO,Traffic Signals,,,1325932.87,1664392.69,1.33E+13
2019-9331-27/05/2021,2 Metropolitan,STEPNEY,5069,"CC OF NORWOOD,PAYNEHAM & ST PETERS",3,0,0,0,0,2019,September,Thursday,2:30 PM,60,Not Divided,Straight road,Level,Not Applicable,Sealed,Dry,Not Raining,Daylight,Rear End,1,Driver Rider,1: PDO,No Control,,,1331110.12,1671731.02,1.33E+13
2019-9332-27/05/2021,3 Country,ROWLAND FLAT,5352,THE BAROSSA COUNCIL.,2,0,0,0,0,2019,September,Thursday,2:35 PM,90,Not Divided,Straight road,Slope,Driveway or Entrance,Sealed,Dry,Not Raining,Daylight,Rear End,2,Driver Rider,1: PDO,No Control,,,1360976.44,1709508.32,1.36E+13
2019-9333-27/05/2021,2 Metropolitan,CUDLEE CREEK,5232,THE ADELAIDE HILLS COUNCIL,3,1,0,1,0,2019,September,Wednesday,6:20 PM,80,Not Divided,"CURVED, VIEW OPEN",Slope,Not Applicable,Sealed,Dry,Not Raining,Night,Head On,2,Driver Rider,3: SI,No Control,Y,,1352676.14,1675849.27,1.35E+13
2019-9334-27/05/2021,2 Metropolitan,ELIZABETH SOUTH,5112,CITY OF PLAYFORD.,2,3,0,3,0,2019,September,Thursday,2:57 PM,60,T-Junction,Straight road,Level,Not Applicable,Sealed,Dry,Not Raining,Daylight,Right Turn,2,Driver Rider,3: SI,No Control,,Y,1334428.27,1690568.59,1.33E+13
2019-9335-27/05/2021,2 Metropolitan,NORTH PLYMPTON,5037,CITY OF WEST TORRENS,2,0,0,0,0,2019,September,Thursday,2:15 PM,50,Not Divided,Straight road,Level,Unknown,Sealed,Dry,Not Raining,Daylight,Side Swipe,2,Driver Rider,1: PDO,No Control,,,1324668.4,1668125.32,1.32E+13
2019-9336-27/05/2021,2 Metropolitan,EDINBURGH,5111,CITY OF SALISBURY,2,0,0,0,0,2019,September,Thursday,3:20 PM,80,Cross Road,Straight road,Level,Not Applicable,Sealed,Dry,Not Raining,Daylight,Right Angle,2,Driver Rider,1: PDO,Roundabout,,,1333520.75,1693631.71,1.33E+13
2019-9337-27/05/2021,2 Metropolitan,PENFIELD,5121,CITY OF PLAYFORD.,2,1,0,0,1,2019,September,Thursday,3:47 PM,80,Not Divided,Straight road,Level,Not Applicable,Sealed,Dry,Not Raining,Daylight,Hit Fixed Object,1,Driver Rider,2: MI,No Control,,Y,1332849.45,1696691.74,1.33E+13
2019-9338-27/05/2021,1 City,ADELAIDE,5000,CITY OF ADELAIDE,2,1,0,0,1,2019,September,Wednesday,7:55 PM,50,Other,Straight road,Level,Not Applicable,Unsealed,Dry,Not Raining,Night,Hit Pedestrian,2,Driver Rider,2: MI,No Control,,,1328582.13,1670983.01,1.33E+13
2019-9339-27/05/2021,2 Metropolitan,NOARLUNGA DOWNS,5168,CITY OF ONKAPARINGA,6,0,0,0,0,2019,September,Thursday,4:25 PM,80,Divided Road,Straight road,Slope,Not Applicable,Sealed,Dry,Not Raining,Daylight,Rear End,1,Driver Rider,1: PDO,No Control,,,1318403.48,1643329.19,1.32E+13
2019-9340-27/05/2021,2 Metropolitan,SALISBURY DOWNS,5108,CITY OF SALISBURY,3,1,0,0,1,2019,September,Thursday,3:28 PM,60,Divided Road,Straight road,Level,Driveway or Entrance,Sealed,Dry,Not Raining,Daylight,Right Angle,2,Driver Rider,2: MI,No Control,,,1332039.26,1687560.2,1.33E+13
2019-9341-27/05/2021,2 Metropolitan,TORRENSVILLE,5031,CITY OF WEST TORRENS,2,1,0,0,1,2019,September,Sunday,4:25 PM,50,Cross Road,Straight road,Level,Not Applicable,Sealed,Dry,Not Raining,Daylight,Rear End,2,Driver Rider,2: MI,Traffic Signals,,,1325416.27,1672003.04,1.33E+13
2019-9342-27/05/2021,2 Metropolitan,WYNN VALE,5127,CITY OF TEA TREE GULLY,2,0,0,0,0,2019,October,Wednesday,6:00 PM,60,T-Junction,Straight road,Slope,Not Applicable,Sealed,Dry,Not Raining,Daylight,Rear End,2,Driver Rider,1: PDO,No Control,,,1335707,1684671.34,1.34E+13
2019-9343-27/05/2021,2 Metropolitan,RIDGEHAVEN,5097,CITY OF TEA TREE GULLY,2,1,0,1,0,2019,September,Thursday,3:52 PM,60,T-Junction,Straight road,Slope,Not Applicable,Sealed,Dry,Not Raining,Daylight,Right Angle,2,Driver Rider,3: SI,No Control,,,1339325.18,1682451.08,1.34E+13
2019-9344-27/05/2021,2 Metropolitan,SALISBURY,5108,CITY OF SALISBURY,3,1,0,0,1,2019,September,Thursday,5:05 PM,60,Not Divided,Straight road,Level,Driveway or Entrance,Sealed,Dry,Not Raining,Daylight,Right Turn,2,Driver Rider,2: MI,No Control,,,1333563.03,1688826.74,1.33E+13
2019-9345-27/05/2021,3 Country,ANNA CREEK,5723,,1,1,0,1,0,2019,September,Thursday,8:30 AM,100,Not Divided,Straight road,Crest of Hill,Not Applicable,Unsealed,Dry,Not Raining,Daylight,Roll Over,1,Driver Rider,3: SI,No Control,,,1135901.92,2336399.18,1.14E+13
2019-9346-27/05/2021,2 Metropolitan,LIGHTSVIEW,5085,CITY OF PORT ADELAIDE ENFIELD,2,0,0,0,0,2019,September,Thursday,5:50 PM,60,Divided Road,Straight road,Level,Not Applicable,Sealed,Dry,Not Raining,Daylight,Rear End,1,Driver Rider,1: PDO,No Control,,,1330416.18,1677420.1,1.33E+13
2019-9347-27/05/2021,1 City,ADELAIDE,5000,CITY OF ADELAIDE,2,2,0,0,2,2019,September,Thursday,7:15 PM,50,Cross Road,Straight road,Level,Not Applicable,Sealed,Dry,Not Raining,Night,Right Turn,2,Driver Rider,2: MI,Traffic Signals,,,1329570.16,1670701.85,1.33E+13
2019-9348-27/05/2021,3 Country,COLLINSFIELD,5555,PT.PIRIE CITY & DIST. COUNCIL ,1,2,0,2,0,2019,September,Thursday,8:16 PM,80,Not Divided,"CURVED, VIEW OPEN",Crest of Hill,Not Applicable,Unsealed,Dry,Not Raining,Daylight,Roll Over,1,Driver Rider,3: SI,No Control,,,1294262.41,1817361.99,1.29E+13
2019-9349-27/05/2021,3 Country,WILLOW SPRINGS,5434,,1,1,0,1,0,2019,September,Thursday,1:03 PM,100,Not Divided,Straight road,Crest of Hill,Not Applicable,Unsealed,Dry,Not Raining,Daylight,Roll Over,1,Driver Rider,3: SI,No Control,,,1354250.13,2054636.49,1.35E+13
2019-9350-27/05/2021,2 Metropolitan,BLEWITT SPRINGS,5171,CITY OF ONKAPARINGA,3,1,0,0,1,2019,September,Thursday,5:21 PM,80,Not Divided,"CURVED, VIEW OBSCURED",Level,Not Applicable,Sealed,Dry,Not Raining,Daylight,Hit Fixed Object,1,Driver Rider,2: MI,No Control,Y,,1325443.12,1644056.81,1.33E+13
2019-9351-27/05/2021,2 Metropolitan,CLAPHAM,5062,CC MITCHAM.                   ,2,0,0,0,0,2019,September,Thursday,8:00 PM,50,Not Divided,Straight road,Level,Not Applicable,Sealed,Dry,Not Raining,Night,Hit Fixed Object,1,Driver Rider,1: PDO,No Control,,,1328646.2,1662924.28,1.33E+13
2019-9352-27/05/2021,2 Metropolitan,ELIZABETH VALE,5112,CITY OF PLAYFORD.,2,0,0,0,0,2019,September,Wednesday,5:34 PM,60,Not Divided,Straight road,Level,Not Applicable,Sealed,Dry,Not Raining,Daylight,Hit Parked Vehicle,2,Driver Rider,1: PDO,No Control,,,1335436.57,1690110.87,1.34E+13
2019-9353-27/05/2021,1 City,ADELAIDE,5000,CITY OF ADELAIDE,2,0,0,0,0,2019,September,Thursday,10:50 PM,50,Divided Road,Straight road,Level,Not Applicable,Sealed,Dry,Not Raining,Night,Right Angle,2,Driver Rider,1: PDO,No Control,,,1328263.49,1670341.78,1.33E+13
2019-9354-27/05/2021,2 Metropolitan,GREENWITH,5125,CITY OF TEA TREE GULLY,1,0,0,0,0,2019,September,Thursday,10:30 PM,60,Not Divided,Straight road,Level,Not Applicable,Sealed,Dry,Not Raining,Night,Roll Over,1,Driver Rider,1: PDO,No Control,,,1338369.89,1687441.16,1.34E+13
2019-9355-27/05/2021,3 Country,GLENBURNIE,5291,DISTRICT COUNCIL OF GRANT,3,0,0,0,0,2019,September,Friday,6:30 AM,80,T-Junction,Straight road,Bottom of Hill,Not Applicable,Sealed,Dry,Not Raining,Daylight,Hit Fixed Object,1,Driver Rider,1: PDO,No Control,,,1514045.8,1339011.24,1.51E+13
2019-9356-27/05/2021,2 Metropolitan,PARAFIELD,5106,CITY OF SALISBURY,4,0,0,0,0,2019,September,Friday,7:35 AM,80,Cross Road,Straight road,Level,Not Applicable,Sealed,Dry,Not Raining,Daylight,Rear End,1,Driver Rider,1: PDO,Traffic Signals,,,1332537.93,1684407.94,1.33E+13
2019-9357-27/05/2021,2 Metropolitan,PARKSIDE,5063,CITY OF UNLEY,2,0,0,0,0,2019,September,Friday,8:25 AM,60,Cross Road,Straight road,Level,Not Applicable,Sealed,Dry,Not Raining,Daylight,Right Turn,1,Driver Rider,1: PDO,Traffic Signals,,,1330707.08,1668319.59,1.33E+13
2019-9358-27/05/2021,1 City,ADELAIDE,5000,CITY OF ADELAIDE,2,1,0,0,1,2019,September,Wednesday,6:00 PM,50,T-Junction,Straight road,Level,Not Applicable,Sealed,Dry,Not Raining,Daylight,Hit Pedestrian,2,Driver Rider,2: MI,No Control,,,1328379,1669875.23,1.33E+13
2019-9359-27/05/2021,3 Country,MOUNT GAMBIER,5290,CC MT.GAMBIER.                ,3,1,0,0,1,2019,September,Friday,10:04 AM,50,Not Divided,Straight road,Bottom of Hill,Not Applicable,Sealed,Dry,Not Raining,Daylight,Hit Parked Vehicle,1,Driver Rider,2: MI,No Control,,,1510671.1,1339607.13,1.51E+13
2019-9360-27/05/2021,2 Metropolitan,LOCKLEYS,5032,CITY OF WEST TORRENS,2,1,0,0,1,2019,September,Friday,10:51 AM,60,T-Junction,Straight road,Level,Not Applicable,Sealed,Dry,Not Raining,Daylight,Right Turn,2,Driver Rider,2: MI,Traffic Signals,,,1321888.03,1669990.23,1.32E+13
2019-9361-27/05/2021,2 Metropolitan,ROSE PARK,5067,CITY OF BURNSIDE,2,0,0,0,0,2019,September,Friday,9:35 AM,60,T-Junction,Straight road,Level,Not Applicable,Sealed,Dry,Not Raining,Daylight,Right Angle,2,Driver Rider,1: PDO,No Control,,,1330651.68,1669710.44,1.33E+13
2019-9362-27/05/2021,3 Country,MONASH,5342,THE BERRI BARMERA COUNCIL,1,0,0,0,0,2019,September,Friday,12:50 PM,110,T-Junction,"CURVED, VIEW OPEN",Level,Not Applicable,Sealed,Dry,Not Raining,Daylight,Roll Over,1,Driver Rider,1: PDO,No Control,,,1517051.33,1738239.35,1.52E+13
2019-9363-27/05/2021,2 Metropolitan,BLAIR ATHOL,5084,CITY OF PORT ADELAIDE ENFIELD,2,0,0,0,0,2019,September,Friday,1:05 PM,50,Not Divided,Straight road,Level,Not Applicable,Sealed,Dry,Not Raining,Daylight,Hit Parked Vehicle,2,Driver Rider,1: PDO,No Control,,,1328633.16,1676897.57,1.33E+13
2019-9364-27/05/2021,2 Metropolitan,SOMERTON PARK,5044,CITY OF HOLDFAST BAY,3,0,0,0,0,2019,September,Friday,2:09 PM,50,Cross Road,Straight road,Level,Not Applicable,Sealed,Dry,Not Raining,Daylight,Hit Parked Vehicle,1,Driver Rider,1: PDO,Give Way Sign,,,1321331.53,1662788.06,1.32E+13
2019-9365-27/05/2021,2 Metropolitan,MILE END SOUTH,5031,CITY OF WEST TORRENS,2,1,0,0,1,2019,September,Friday,2:01 PM,60,T-Junction,Straight road,Level,Not Applicable,Sealed,Dry,Not Raining,Daylight,Rear End,1,Driver Rider,2: MI,No Control,,,1325799.23,1669146.61,1.33E+13
2019-9366-27/05/2021,2 Metropolitan,SALISBURY EAST,5109,CITY OF SALISBURY,2,0,0,0,0,2019,September,Friday,2:30 PM,60,T-Junction,Straight road,Level,Not Applicable,Sealed,Dry,Not Raining,Daylight,Right Angle,2,Driver Rider,1: PDO,Traffic Signals,,,1334901.75,1685566.81,1.33E+13
2019-9367-27/05/2021,2 Metropolitan,GOLDEN GROVE,5125,CITY OF TEA TREE GULLY,2,0,0,0,0,2019,September,Friday,2:35 PM,60,Cross Road,Straight road,Level,Not Applicable,Sealed,Dry,Not Raining,Daylight,Right Turn,2,Driver Rider,1: PDO,Traffic Signals,,,1337859.71,1685518.84,1.34E+13
2019-9368-27/05/2021,2 Metropolitan,ELIZABETH GROVE,5112,CITY OF PLAYFORD.,2,0,0,0,0,2019,September,Friday,2:45 PM,80,Divided Road,Straight road,Level,Not Applicable,Sealed,Dry,Not Raining,Daylight,Hit Parked Vehicle,1,Driver Rider,1: PDO,No Control,,,1336113.81,1691773.44,1.34E+13
2019-9369-27/05/2021,2 Metropolitan,SEAFORD,5169,CITY OF ONKAPARINGA,2,0,0,0,0,2019,September,Friday,3:25 PM,70,Not Divided,Straight road,Level,Driveway or Entrance,Sealed,Dry,Not Raining,Daylight,Right Angle,1,Driver Rider,1: PDO,No Control,,,1316366.21,1642208.13,1.32E+13
2019-9370-27/05/2021,2 Metropolitan,SEAFORD,5169,CITY OF ONKAPARINGA,2,0,0,0,0,2019,September,Friday,3:30 PM,70,Cross Road,Straight road,Level,Not Applicable,Sealed,Dry,Not Raining,Daylight,Rear End,2,Driver Rider,1: PDO,Traffic Signals,,,1316362.9,1642084.21,1.32E+13
2019-9371-27/05/2021,2 Metropolitan,MAWSON LAKES,5095,CITY OF SALISBURY,2,0,0,0,0,2019,September,Friday,2:35 PM,80,Divided Road,Straight road,Level,Not Applicable,Sealed,Dry,Not Raining,Daylight,Rear End,2,Driver Rider,1: PDO,No Control,,,1331761.86,1683460.37,1.33E+13
2019-9372-27/05/2021,2 Metropolitan,HOLDEN HILL,5088,CITY OF TEA TREE GULLY,1,1,0,0,1,2019,September,Friday,5:05 PM,60,T-Junction,Straight road,Level,Not Applicable,Sealed,Wet,Raining,Daylight,Roll Over,1,Driver Rider,2: MI,Give Way Sign,,,1335081.04,1678894.68,1.34E+13
2019-9373-27/05/2021,1 City,ADELAIDE,5000,CITY OF ADELAIDE,2,0,0,0,0,2019,September,Friday,5:17 PM,50,Cross Road,Straight road,Level,Not Applicable,Sealed,Wet,Raining,Daylight,Rear End,2,Driver Rider,1: PDO,Traffic Signals,,,1328475.2,1670187.2,1.33E+13
2019-9374-27/05/2021,2 Metropolitan,SALISBURY DOWNS,5108,CITY OF SALISBURY,2,0,0,0,0,2019,September,Friday,4:50 PM,60,Cross Road,Straight road,Level,Not Applicable,Sealed,Dry,Not Raining,Daylight,Right Turn,2,Driver Rider,1: PDO,Traffic Signals,,,1332167.06,1687734.92,1.33E+13
2019-9375-27/05/2021,2 Metropolitan,KLEMZIG,5087,CITY OF PORT ADELAIDE ENFIELD,2,0,0,0,0,2019,September,Friday,4:55 PM,60,Divided Road,Straight road,Level,Not Applicable,Sealed,Wet,Raining,Daylight,Rear End,1,Driver Rider,1: PDO,No Control,,,1331591.94,1676177.92,1.33E+13
2019-9376-27/05/2021,2 Metropolitan,WOODVILLE PARK,5011,CITY OF CHARLES STURT,3,0,0,0,0,2019,September,Friday,6:15 PM,60,Cross Road,Straight road,Level,Not Applicable,Sealed,Wet,Raining,Night,Side Swipe,1,Driver Rider,1: PDO,Traffic Signals,,,1324186.57,1676250.45,1.32E+13
2019-9377-27/05/2021,2 Metropolitan,MODBURY,5092,CITY OF TEA TREE GULLY,2,0,0,0,0,2019,September,Friday,6:35 PM,60,Cross Road,Straight road,Level,Not Applicable,Sealed,Wet,Raining,Night,Right Turn,1,Driver Rider,1: PDO,Traffic Signals,,,1336176.33,1680596.93,1.34E+13
2019-9378-27/05/2021,2 Metropolitan,MITCHELL PARK,5043,CC MARION.                    ,2,1,0,0,1,2019,September,Friday,6:45 PM,50,Not Divided,"CURVED, VIEW OPEN",Level,Driveway or Entrance,Sealed,Wet,Raining,Night,Hit Fixed Object,1,Driver Rider,2: MI,No Control,,,1324905.14,1660756.85,1.32E+13
2019-9379-27/05/2021,2 Metropolitan,LOBETHAL,5241,THE ADELAIDE HILLS COUNCIL,2,0,0,0,0,2019,September,Friday,4:10 PM,60,T-Junction,"CURVED, VIEW OPEN",Level,Not Applicable,Sealed,Dry,Not Raining,Daylight,Hit Fixed Object,1,Driver Rider,1: PDO,No Control,,,1353873.52,1671598.66,1.35E+13
2019-9380-27/05/2021,3 Country,MOOROOK SOUTH,5332,LOXTON WAIKERIE DISTRICT COUNCIL,2,0,0,0,0,2019,September,Friday,8:00 AM,110,Not Divided,Straight road,Level,Not Applicable,Sealed,Dry,Not Raining,Daylight,Hit Animal,2,Animal,1: PDO,No Control,,,1493182.13,1732758.65,1.49E+13
2019-9381-27/05/2021,2 Metropolitan,PENFIELD GARDENS,5121,CITY OF PLAYFORD.,4,0,0,0,0,2019,September,Friday,6:35 PM,110,Freeway,Straight road,Level,Not Applicable,Sealed,Wet,Raining,Night,Side Swipe,1,Driver Rider,1: PDO,No Control,,,1328894.35,1697043.98,1.33E+13
2019-9382-27/05/2021,3 Country,PIKE RIVER,5340,DC RENMARK PARINGA            ,1,0,0,0,0,2019,September,Friday,4:22 PM,110,Not Divided,"CURVED, VIEW OPEN",Level,Not Applicable,Sealed,Dry,Not Raining,Daylight,Left Road - Out of Control,1,Driver Rider,1: PDO,No Control,,,1534203.85,1734391.58,1.53E+13
2019-9383-27/05/2021,2 Metropolitan,ST MARYS,5042,CC MITCHAM.                   ,2,0,0,0,0,2019,September,Friday,8:30 PM,60,Cross Road,Straight road,Level,Not Applicable,Sealed,Wet,Raining,Night,Right Turn,1,Driver Rider,1: PDO,Traffic Signals,,,1325965.45,1663318.74,1.33E+13
2019-9384-27/05/2021,1 City,ADELAIDE,5000,CITY OF ADELAIDE,2,0,0,0,0,2019,September,Friday,7:45 PM,50,Cross Road,Straight road,Level,Not Applicable,Sealed,Wet,Raining,Night,Right Angle,2,Driver Rider,1: PDO,Stop Sign,,,1328113.15,1670177.4,1.33E+13
2019-9385-27/05/2021,2 Metropolitan,POORAKA,5095,CITY OF SALISBURY,2,1,0,0,1,2019,September,Friday,4:15 PM,60,T-Junction,Straight road,Level,Not Applicable,Sealed,Dry,Not Raining,Daylight,Right Angle,2,Driver Rider,2: MI,No Control,,,1331232.51,1680653.91,1.33E+13
2019-9386-27/05/2021,2 Metropolitan,LEAWOOD GARDENS,5150,CC MITCHAM.                   ,3,0,0,0,0,2019,September,Friday,9:00 PM,100,Freeway,Straight road,Slope,Not Applicable,Sealed,Wet,Raining,Night,Hit Fixed Object,1,Driver Rider,1: PDO,No Control,,,1334824.29,1665802.55,1.33E+13
2019-9387-27/05/2021,2 Metropolitan,CHRISTIE DOWNS,5164,CITY OF ONKAPARINGA,2,0,0,0,0,2019,September,Friday,6:20 PM,60,Divided Road,Straight road,Level,Not Applicable,Sealed,Wet,Raining,Night,Hit Fixed Object,1,Driver Rider,1: PDO,No Control,Y,,1318826,1648637.8,1.32E+13
2019-9388-27/05/2021,3 Country,STRATHALBYN,5255,ALEXANDRINA COUNCIL,2,0,0,0,0,2019,September,Friday,5:00 PM,50,Not Divided,Straight road,Level,Not Applicable,Sealed,Wet,Raining,Daylight,Hit Fixed Object,1,Driver Rider,1: PDO,No Control,,Y,1353696.2,1632756.27,1.35E+13
2019-9389-27/05/2021,2 Metropolitan,SEAFORD,5169,CITY OF ONKAPARINGA,2,0,0,0,0,2019,September,Friday,9:30 PM,50,T-Junction,Straight road,Level,Not Applicable,Sealed,Wet,Raining,Night,Right Angle,2,Driver Rider,1: PDO,No Control,,,1316468,1641616.02,1.32E+13
2019-9390-27/05/2021,2 Metropolitan,COROMANDEL VALLEY,5051,CITY OF ONKAPARINGA,2,0,0,0,0,2019,September,Friday,10:00 PM,60,Not Divided,"CURVED, VIEW OBSCURED",Level,Not Applicable,Sealed,Wet,Raining,Night,Hit Pedestrian,2,Pedestrian,1: PDO,No Control,,,1329913.66,1656989.65,1.33E+13