REPORT_ID,Stats Area,Suburb,Postcode,LGA Name,Total Units,Total Cas,Total Fats,Total SI,Total MI,Year,Month,Day,Time,Area Speed,Position Type,Horizontal Align,Vertical Align,Other Feat,Road Surface,Moisture Cond,Weather Cond,DayNight,Crash Type,Unit Resp,Entity Code,CSEF Severity,Traffic Ctrls,DUI Involved,Drugs Involved,ACCLOC_X,ACCLOC_Y,UNIQUE_LOC
2019-9391-27/05/2021,2 Metropolitan,FULHAM GARDENS,5024,CITY OF CHARLES STURT,2,0,0,0,0,2019,September,Saturday,12:19 AM,50,T-Junction,Straight road,Level,Not Applicable,Sealed,Wet,Raining,Night,Hit Fixed Object,1,Driver Rider,1: PDO,No Control,,,1321112.04,1672536.32,1.32E+13
2019-9392-27/05/2021,2 Metropolitan,WEST BEACH,5024,CITY OF WEST TORRENS,1,0,0,0,0,2019,September,Friday,11:18 PM,50,Not Divided,"CURVED, VIEW OPEN",Level,Not Applicable,Sealed,Wet,Raining,Night,Left Road - Out of Control,1,Driver Rider,1: PDO,No Control,,,1320165.25,1667342.56,1.32E+13
2019-9393-27/05/2021,2 Metropolitan,FINDON,5023,CITY OF CHARLES STURT,2,0,0,0,0,2019,September,Saturday,2:39 AM,60,Cross Road,Straight road,Level,Not Applicable,Sealed,Dry,Not Raining,Night,Hit Fixed Object,1,Driver Rider,1: PDO,Traffic Signals,,,1322391.64,1674259.27,1.32E+13
2019-9394-27/05/2021,2 Metropolitan,CAMDEN PARK,5038,CITY OF WEST TORRENS,2,0,0,0,0,2019,September,Saturday,1:00 AM,60,T-Junction,Straight road,Level,Not Applicable,Sealed,Wet,Raining,Night,Hit Fixed Object,1,Driver Rider,1: PDO,Roundabout,,,1322615.66,1666104.64,1.32E+13
2019-9395-27/05/2021,2 Metropolitan,SELLICKS HILL,5174,CITY OF ONKAPARINGA,1,0,0,0,0,2019,September,Saturday,9:45 AM,90,Cross Road,Straight road,Level,Not Applicable,Sealed,Wet,Unknown,Daylight,Roll Over,1,Driver Rider,1: PDO,Give Way Sign,,,1315545.68,1629931.13,1.32E+13
2019-9396-27/05/2021,2 Metropolitan,FLINDERS PARK,5025,CITY OF CHARLES STURT,2,0,0,0,0,2019,September,Saturday,10:20 AM,60,Divided Road,Straight road,Level,Not Applicable,Sealed,Dry,Not Raining,Daylight,Hit Parked Vehicle,1,Driver Rider,1: PDO,No Control,,,1323356.63,1673143.96,1.32E+13
2019-9397-27/05/2021,2 Metropolitan,MAYLANDS,5069,"CC OF NORWOOD,PAYNEHAM & ST PETERS",2,0,0,0,0,2019,September,Saturday,8:36 AM,60,Divided Road,Straight road,Level,Not Applicable,Sealed,Wet,Not Raining,Daylight,Side Swipe,2,Driver Rider,1: PDO,No Control,,,1332216.48,1672242.89,1.33E+13
2019-9398-27/05/2021,2 Metropolitan,MARION,5043,CC MARION.                    ,3,3,0,0,3,2019,September,Saturday,11:25 AM,60,Divided Road,Straight road,Level,Not Applicable,Sealed,Dry,Not Raining,Daylight,Rear End,1,Driver Rider,2: MI,No Control,,,1324323.86,1663103.91,1.32E+13
2019-9399-27/05/2021,3 Country,WAROOKA,5577,YORKE PENINSULA COUNCIL,1,0,0,0,0,2019,September,Saturday,11:00 AM,100,T-Junction,Straight road,Level,Not Applicable,Unsealed,Dry,Not Raining,Daylight,Roll Over,1,Driver Rider,1: PDO,Give Way Sign,,,1214695.94,1652411.83,1.21E+13
2019-9400-27/05/2021,2 Metropolitan,HOLDEN HILL,5088,CITY OF PORT ADELAIDE ENFIELD,2,1,0,0,1,2019,September,Saturday,9:20 AM,60,Divided Road,Straight road,Level,Not Applicable,Sealed,Dry,Not Raining,Daylight,Rear End,2,Driver Rider,2: MI,No Control,,,1334245.1,1678316.1,1.33E+13
2019-9401-27/05/2021,2 Metropolitan,MUNNO PARA WEST,5115,CITY OF PLAYFORD.,2,1,0,0,1,2019,September,Saturday,12:20 PM,60,Cross Road,Straight road,Level,Not Applicable,Sealed,Dry,Not Raining,Daylight,Right Angle,2,Driver Rider,2: MI,Roundabout,,,1336164.68,1698824.53,1.34E+13
2019-9402-27/05/2021,3 Country,ELWOMPLE,5260,COORONG DISTRICT COUNCIL,2,2,0,0,2,2019,September,Saturday,12:30 PM,110,Not Divided,Straight road,Level,Not Applicable,Sealed,Dry,Not Raining,Daylight,Side Swipe,2,Driver Rider,2: MI,No Control,,,1410203.73,1623518.6,1.41E+13
2019-9403-27/05/2021,2 Metropolitan,PAYNEHAM,5070,"CC OF NORWOOD,PAYNEHAM & ST PETERS",2,0,0,0,0,2019,September,Saturday,7:00 AM,60,Divided Road,Straight road,Level,Not Applicable,Sealed,Dry,Not Raining,Daylight,Side Swipe,2,Driver Rider,1: PDO,No Control,,,1332185.96,1673418.15,1.33E+13
2019-9404-27/05/2021,2 Metropolitan,KILKENNY,5009,CITY OF CHARLES STURT,2,1,0,0,1,2019,September,Friday,3:15 PM,60,T-Junction,Straight road,Level,Not Applicable,Sealed,Wet,Not Raining,Daylight,Right Turn,1,Driver Rider,2: MI,No Control,,,1323973.6,1676658.54,1.32E+13
2019-9405-27/05/2021,2 Metropolitan,CAVAN,5094,CITY OF SALISBURY,3,2,0,0,2,2019,September,Saturday,1:00 PM,70,Divided Road,Straight road,Level,Not Applicable,Sealed,Dry,Not Raining,Daylight,Rear End,1,Driver Rider,2: MI,No Control,,,1328721.76,1681490.78,1.33E+13
2019-9406-27/05/2021,2 Metropolitan,SMITHFIELD,5114,CITY OF PLAYFORD.,2,0,0,0,0,2019,September,Saturday,11:50 AM,80,Divided Road,Straight road,Level,Not Applicable,Sealed,Dry,Not Raining,Daylight,Rear End,1,Driver Rider,1: PDO,No Control,,,1337510.36,1696474.03,1.34E+13
2019-9407-27/05/2021,3 Country,WHYALLA STUART,5608,CC WHYALLA.                   ,3,0,0,0,0,2019,September,Saturday,1:30 PM,60,T-Junction,Straight road,Level,Not Applicable,Sealed,Wet,Raining,Daylight,Hit Fixed Object,1,Driver Rider,1: PDO,No Control,,,1234750.62,1884200.15,1.23E+13
2019-9408-27/05/2021,2 Metropolitan,TOTNESS,5250,DC MT.BARKER.                 ,2,1,0,0,1,2019,September,Saturday,1:15 PM,110,Freeway,Straight road,Slope,Not Applicable,Sealed,Dry,Not Raining,Daylight,Hit Fixed Object,1,Driver Rider,2: MI,No Control,,,1349669.26,1655384.1,1.35E+13
2019-9409-27/05/2021,2 Metropolitan,MUNNO PARA WEST,5115,CITY OF PLAYFORD.,2,0,0,0,0,2019,September,Saturday,3:45 PM,60,Cross Road,Straight road,Level,Not Applicable,Sealed,Wet,Raining,Daylight,Roll Over,1,Driver Rider,1: PDO,Roundabout,,,1336164.68,1698824.53,1.34E+13
2019-9410-27/05/2021,2 Metropolitan,PROSPECT,5082,CITY OF PROSPECT,2,0,0,0,0,2019,September,Saturday,5:25 PM,50,Not Divided,Straight road,Slope,Not Applicable,Sealed,Dry,Not Raining,Daylight,Hit Parked Vehicle,1,Driver Rider,1: PDO,No Control,,,1327361.61,1674371.29,1.33E+13
2019-9411-27/05/2021,2 Metropolitan,MODBURY NORTH,5092,CITY OF TEA TREE GULLY,2,1,0,0,1,2019,September,Friday,5:30 PM,80,Cross Road,Straight road,Level,Not Applicable,Sealed,Wet,Raining,Daylight,Rear End,2,Driver Rider,2: MI,Traffic Signals,,,1336150.87,1681195.09,1.34E+13
2019-9412-27/05/2021,2 Metropolitan,MCLAREN VALE,5171,CITY OF ONKAPARINGA,2,0,0,0,0,2019,September,Saturday,6:00 PM,50,Pedestrian Crossing,Straight road,Slope,Not Applicable,Sealed,Dry,Not Raining,Daylight,Hit Fixed Object,1,Driver Rider,1: PDO,Traffic Signals,Y,,1322189.6,1638459.87,1.32E+13
2019-9413-27/05/2021,2 Metropolitan,POORAKA,5095,CITY OF SALISBURY,2,0,0,0,0,2019,September,Saturday,7:45 PM,70,Cross Road,Straight road,Level,Not Applicable,Sealed,Wet,Raining,Night,Hit Fixed Object,1,Driver Rider,1: PDO,Traffic Signals,,,1330499.62,1681832.25,1.33E+13
2019-9414-27/05/2021,3 Country,BLANCHETOWN,5357,MID MURRAY DISTRICT COUNCIL,2,1,0,0,1,2019,September,Saturday,7:30 PM,30,T-Junction,"CURVED, VIEW OPEN",Level,Not Applicable,Sealed,Dry,Not Raining,Night,Hit Fixed Object,1,Driver Rider,2: MI,No Control,Y,,1424132.8,1730150.24,1.42E+13
2019-9415-27/05/2021,2 Metropolitan,ELIZABETH GROVE,5112,CITY OF PLAYFORD.,2,0,0,0,0,2019,September,Saturday,8:15 PM,80,Cross Road,Straight road,Level,Not Applicable,Sealed,Dry,Not Raining,Night,Rear End,2,Driver Rider,1: PDO,Traffic Signals,,,1336080.31,1692236.44,1.34E+13
2019-9416-27/05/2021,2 Metropolitan,ANDREWS FARM,5114,CITY OF PLAYFORD.,2,0,0,0,0,2019,September,Saturday,10:06 PM,50,T-Junction,Straight road,Level,Not Applicable,Sealed,Dry,Not Raining,Night,Hit Fixed Object,1,Driver Rider,1: PDO,No Control,,,1335179.02,1698047.71,1.34E+13
2019-9417-27/05/2021,2 Metropolitan,KENSINGTON GARDENS,5068,CITY OF BURNSIDE,2,0,0,0,0,2019,September,Saturday,11:15 PM,60,Not Divided,Straight road,Level,Not Applicable,Sealed,Dry,Not Raining,Night,Hit Fixed Object,1,Driver Rider,1: PDO,No Control,Y,,1334048.48,1670466.16,1.33E+13
2019-9418-27/05/2021,2 Metropolitan,FULHAM GARDENS,5024,CITY OF CHARLES STURT,2,0,0,0,0,2019,September,Sunday,2:15 AM,60,Divided Road,Straight road,Level,Not Applicable,Sealed,Dry,Not Raining,Night,Hit Parked Vehicle,1,Driver Rider,1: PDO,No Control,,,1320403.31,1673061.1,1.32E+13
2019-9419-27/05/2021,2 Metropolitan,MOUNT TORRENS,5244,THE ADELAIDE HILLS COUNCIL,2,0,0,0,0,2019,September,Saturday,12:55 PM,80,Not Divided,"CURVED, VIEW OBSCURED",Slope,Not Applicable,Unsealed,Dry,Not Raining,Daylight,Hit Fixed Object,1,Driver Rider,1: PDO,No Control,,,1359174.23,1675658.75,1.36E+13
2019-9420-27/05/2021,2 Metropolitan,GLYNDE,5070,"CC OF NORWOOD,PAYNEHAM & ST PETERS",2,0,0,0,0,2019,September,Sunday,8:45 AM,60,Cross Road,Straight road,Level,Not Applicable,Sealed,Wet,Raining,Daylight,Rear End,2,Driver Rider,1: PDO,Traffic Signals,,,1333785.54,1674516.59,1.33E+13
2019-9421-27/05/2021,2 Metropolitan,WEST BEACH,5024,CITY OF WEST TORRENS,2,0,0,0,0,2019,September,Saturday,5:30 PM,50,Not Divided,Straight road,Level,Not Applicable,Sealed,Dry,Not Raining,Daylight,Side Swipe,1,Driver Rider,1: PDO,No Control,,,1320111.46,1668965.96,1.32E+13
2019-9422-27/05/2021,3 Country,MILLICENT,5280,WATTLE RANGE COUNCIL,2,0,0,0,0,2019,September,Saturday,1:00 PM,60,Not Divided,Straight road,Level,Driveway or Entrance,Sealed,Wet,Raining,Daylight,Rear End,2,Driver Rider,1: PDO,No Control,,,1475166.18,1366018.5,1.48E+13
2019-9423-27/05/2021,2 Metropolitan,COLLINSWOOD,5081,CITY OF PROSPECT,2,1,0,0,1,2019,September,Sunday,9:50 AM,60,T-Junction,Straight road,Level,Not Applicable,Sealed,Dry,Not Raining,Daylight,Rear End,2,Driver Rider,2: MI,Traffic Signals,,,1330008.07,1674796.97,1.33E+13
2019-9424-27/05/2021,2 Metropolitan,EDWARDSTOWN,5039,CC MARION.                    ,2,0,0,0,0,2019,September,Sunday,11:55 AM,60,T-Junction,Straight road,Level,Not Applicable,Sealed,Dry,Not Raining,Daylight,Rear End,1,Driver Rider,1: PDO,No Control,,,1325941.43,1663791.69,1.33E+13
2019-9425-27/05/2021,2 Metropolitan,PORT ADELAIDE,5015,CITY OF PORT ADELAIDE ENFIELD,2,0,0,0,0,2019,September,Friday,11:40 PM,60,Divided Road,Straight road,Level,Not Applicable,Sealed,Wet,Not Raining,Night,Rear End,2,Driver Rider,1: PDO,No Control,,,1321025.36,1680236.36,1.32E+13
2019-9426-27/05/2021,2 Metropolitan,NORTH PLYMPTON,5037,CITY OF WEST TORRENS,2,0,0,0,0,2019,September,Sunday,11:20 AM,50,Multiple,"CURVED, VIEW OPEN",Level,Not Applicable,Sealed,Dry,Not Raining,Daylight,Right Angle,1,Driver Rider,1: PDO,Roundabout,,,1325015.56,1668243.76,1.33E+13
2019-9427-27/05/2021,3 Country,NORTH SHIELDS,5607,DC LOWER EYRE PENINSULA       ,2,0,0,0,0,2019,September,Sunday,10:33 AM,100,Not Divided,Straight road,Level,Not Applicable,Unsealed,Wet,Raining,Daylight,Hit Fixed Object,1,Driver Rider,1: PDO,No Control,,,1075005.27,1713529.16,1.08E+13
2019-9428-27/05/2021,2 Metropolitan,ENFIELD,5085,CITY OF PORT ADELAIDE ENFIELD,2,0,0,0,0,2019,September,Saturday,2:15 PM,50,Not Divided,Straight road,Level,Not Applicable,Sealed,Dry,Not Raining,Daylight,Hit Fixed Object,1,Driver Rider,1: PDO,No Control,,,1328997.89,1678609.62,1.33E+13
2019-9429-27/05/2021,2 Metropolitan,FIRLE,5070,"CC OF NORWOOD,PAYNEHAM & ST PETERS",2,1,0,0,1,2019,September,Sunday,9:15 AM,50,Not Divided,Straight road,Level,Not Applicable,Sealed,Dry,Not Raining,Daylight,Hit Fixed Object,1,Driver Rider,2: MI,No Control,,,1333795.43,1672918.75,1.33E+13
2019-9430-27/05/2021,2 Metropolitan,TORRENSVILLE,5031,CITY OF WEST TORRENS,2,0,0,0,0,2019,September,Sunday,1:15 PM,60,T-Junction,Straight road,Level,Not Applicable,Sealed,Dry,Not Raining,Daylight,Rear End,2,Driver Rider,1: PDO,No Control,,,1324133.95,1670444.82,1.32E+13
2019-9431-27/05/2021,2 Metropolitan,KUDLA,5115,CT GAWLER.                    ,2,1,0,0,1,2019,September,Sunday,11:40 AM,80,T-Junction,Straight road,Level,Not Applicable,Sealed,Dry,Not Raining,Daylight,Rear End,2,Driver Rider,2: MI,Stop Sign,,,1338661.3,1700789.09,1.34E+13
2019-9432-27/05/2021,2 Metropolitan,PARKSIDE,5063,CITY OF UNLEY,2,0,0,0,0,2019,September,Sunday,1:40 PM,60,Multiple,Straight road,Level,Not Applicable,Sealed,Dry,Not Raining,Daylight,Right Angle,2,Driver Rider,1: PDO,Traffic Signals,,,1330353.92,1668599.7,1.33E+13
2019-9433-27/05/2021,2 Metropolitan,POORAKA,5095,CITY OF SALISBURY,2,0,0,0,0,2019,September,Thursday,5:30 PM,70,Divided Road,Straight road,Level,Not Applicable,Sealed,Dry,Not Raining,Daylight,Rear End,1,Driver Rider,1: PDO,No Control,,,1330313.55,1681603.66,1.33E+13
2019-9434-27/05/2021,2 Metropolitan,SOUTH PLYMPTON,5038,CC MARION.                    ,2,0,0,0,0,2019,September,Saturday,3:15 PM,60,Divided Road,Straight road,Level,Driveway or Entrance,Sealed,Dry,Not Raining,Daylight,Side Swipe,2,Driver Rider,1: PDO,No Control,,,1324290.65,1664773.81,1.32E+13
2019-9435-27/05/2021,2 Metropolitan,KENSINGTON PARK,5068,CITY OF BURNSIDE,2,0,0,0,0,2019,September,Sunday,3:44 PM,60,T-Junction,Straight road,Level,Not Applicable,Sealed,Dry,Not Raining,Daylight,Hit Parked Vehicle,1,Driver Rider,1: PDO,Stop Sign,,,1333342.16,1671791.06,1.33E+13
2019-9436-27/05/2021,2 Metropolitan,WEST BEACH,5024,CITY OF WEST TORRENS,2,0,0,0,0,2019,September,Sunday,4:36 PM,80,Divided Road,Straight road,Level,Not Applicable,Sealed,Dry,Not Raining,Daylight,Rear End,2,Driver Rider,1: PDO,No Control,,,1320928.62,1668854.39,1.32E+13
2019-9437-27/05/2021,1 City,ADELAIDE,5000,CITY OF ADELAIDE,2,0,0,0,0,2019,September,Sunday,4:30 PM,50,T-Junction,Straight road,Level,Not Applicable,Sealed,Dry,Not Raining,Daylight,Side Swipe,2,Driver Rider,1: PDO,No Control,,,1329816,1670389.96,1.33E+13
2019-9438-27/05/2021,2 Metropolitan,FULHAM GARDENS,5024,CITY OF CHARLES STURT,2,0,0,0,0,2019,September,Sunday,6:49 PM,50,T-Junction,Straight road,Level,Not Applicable,Sealed,Dry,Not Raining,Night,Hit Fixed Object,1,Driver Rider,1: PDO,No Control,,,1321026.49,1671903.53,1.32E+13
2019-9439-27/05/2021,3 Country,MORGAN,5320,MID MURRAY DISTRICT COUNCIL,2,0,0,0,0,2019,September,Sunday,8:00 PM,60,Not Divided,Straight road,Level,Not Applicable,Sealed,Dry,Not Raining,Night,Hit Fixed Object,1,Driver Rider,1: PDO,No Control,,,1430159.5,1765659.76,1.43E+13
2019-9440-27/05/2021,2 Metropolitan,SOUTH BRIGHTON,5048,CITY OF HOLDFAST BAY,2,0,0,0,0,2019,September,Monday,3:05 AM,50,Cross Road,Straight road,Slope,Not Applicable,Sealed,Dry,Not Raining,Night,Hit Fixed Object,1,Driver Rider,1: PDO,Stop Sign,,,1320804.73,1660161.41,1.32E+13
2019-9441-27/05/2021,2 Metropolitan,WINDSOR GARDENS,5087,CITY OF PORT ADELAIDE ENFIELD,7,1,0,1,0,2019,September,Monday,2:36 AM,60,T-Junction,Straight road,Level,Not Applicable,Sealed,Wet,Not Raining,Night,Right Angle,1,Driver Rider,3: SI,Traffic Signals,,,1333430.2,1677764.78,1.33E+13
2019-9442-27/05/2021,2 Metropolitan,WOODVILLE WEST,5011,CITY OF CHARLES STURT,2,0,0,0,0,2019,September,Monday,5:31 AM,60,T-Junction,Straight road,Level,Not Applicable,Sealed,Wet,Raining,Night,Right Angle,2,Driver Rider,1: PDO,No Control,,,1322357.93,1675433.45,1.32E+13
2019-9443-27/05/2021,2 Metropolitan,WYNN VALE,5127,CITY OF TEA TREE GULLY,2,0,0,0,0,2019,September,Monday,6:30 AM,70,T-Junction,"CURVED, VIEW OPEN",Slope,Not Applicable,Sealed,Dry,Not Raining,Daylight,Hit Parked Vehicle,1,Driver Rider,1: PDO,No Control,,,1336318.45,1683619.49,1.34E+13
2019-9444-27/05/2021,1 City,NORTH ADELAIDE,5006,CITY OF ADELAIDE,2,1,0,0,1,2019,September,Wednesday,7:30 AM,50,T-Junction,Straight road,Level,Not Applicable,Sealed,Dry,Not Raining,Daylight,Rear End,2,Driver Rider,2: MI,Give Way Sign,,,1328724.27,1672222.31,1.33E+13
2019-9445-27/05/2021,2 Metropolitan,HALLETT COVE,5158,CC MARION.                    ,3,0,0,0,0,2019,September,Monday,7:01 AM,50,Not Divided,"CURVED, VIEW OPEN",Slope,Not Applicable,Sealed,Dry,Not Raining,Daylight,Head On,1,Driver Rider,1: PDO,No Control,,,1318177.45,1653036.6,1.32E+13
2019-9446-27/05/2021,2 Metropolitan,KESWICK,5035,CITY OF UNLEY,2,0,0,0,0,2019,September,Monday,8:00 AM,60,Divided Road,Straight road,Level,Not Applicable,Sealed,Dry,Not Raining,Daylight,Rear End,2,Driver Rider,1: PDO,No Control,,,1326441.56,1668338.35,1.33E+13
2019-9447-27/05/2021,2 Metropolitan,HEATHPOOL,5068,"CC OF NORWOOD,PAYNEHAM & ST PETERS",2,0,0,0,0,2019,September,Monday,9:23 AM,60,T-Junction,Straight road,Level,Not Applicable,Sealed,Dry,Not Raining,Daylight,Right Angle,2,Driver Rider,1: PDO,No Control,,,1332292.2,1669983.62,1.33E+13
2019-9448-27/05/2021,2 Metropolitan,EVANSTON PARK,5116,CT GAWLER.                    ,2,2,0,0,2,2019,September,Sunday,2:50 PM,60,T-Junction,Straight road,Level,Not Applicable,Sealed,Dry,Not Raining,Daylight,Rear End,2,Driver Rider,2: MI,Traffic Signals,,,1341881.56,1703214.18,1.34E+13
2019-9449-27/05/2021,2 Metropolitan,YATALA VALE,5126,CITY OF TEA TREE GULLY,2,0,0,0,0,2019,September,Monday,6:45 AM,60,Not Divided,Straight road,Level,Not Applicable,Sealed,Dry,Not Raining,Daylight,Hit Parked Vehicle,2,Driver Rider,1: PDO,No Control,,,1339770.97,1684789.6,1.34E+13
2019-9450-27/05/2021,2 Metropolitan,MILE END,5031,CITY OF WEST TORRENS,3,2,0,0,2,2019,September,Sunday,12:00 PM,60,T-Junction,Straight road,Level,Not Applicable,Sealed,Wet,Not Raining,Daylight,Rear End,2,Driver Rider,2: MI,No Control,,,1326613.31,1671159.5,1.33E+13
2019-9451-27/05/2021,1 City,ADELAIDE,5000,CITY OF ADELAIDE,2,0,0,0,0,2019,September,Monday,7:30 AM,60,Not Divided,Straight road,Level,Not Applicable,Sealed,Dry,Not Raining,Daylight,Side Swipe,2,Driver Rider,1: PDO,No Control,,,1330252.08,1670400.87,1.33E+13
2019-9452-27/05/2021,3 Country,NEW WELL,5357,LOXTON WAIKERIE DISTRICT COUNCIL,3,0,0,0,0,2019,September,Saturday,2:00 PM,110,Not Divided,Straight road,Level,Not Applicable,Unsealed,Wet,Not Raining,Daylight,Hit Fixed Object,1,Driver Rider,1: PDO,No Control,,,1450950.83,1716049.84,1.45E+13
2019-9453-27/05/2021,2 Metropolitan,SEACLIFF PARK,5049,CC MARION.                    ,3,0,0,0,0,2019,September,Monday,9:00 AM,60,Divided Road,Straight road,Slope,Not Applicable,Sealed,Dry,Not Raining,Daylight,Hit Fixed Object,1,Driver Rider,1: PDO,No Control,,,1321749.07,1657916.92,1.32E+13
2019-9454-27/05/2021,2 Metropolitan,PASADENA,5042,CC MITCHAM.                   ,3,0,0,0,0,2019,September,Monday,8:45 AM,60,Divided Road,Straight road,Slope,Not Applicable,Sealed,Dry,Not Raining,Daylight,Rear End,1,Driver Rider,1: PDO,No Control,,,1327206.75,1662030.46,1.33E+13
2019-9455-27/05/2021,2 Metropolitan,THEBARTON,5031,CITY OF WEST TORRENS,2,1,0,0,1,2019,September,Monday,7:30 AM,60,T-Junction,Straight road,Level,Not Applicable,Sealed,Dry,Not Raining,Daylight,Rear End,2,Driver Rider,2: MI,Traffic Signals,,,1326578.58,1671690.95,1.33E+13
2019-9456-27/05/2021,2 Metropolitan,DRY CREEK,5094,CITY OF SALISBURY,2,0,0,0,0,2019,September,Monday,7:30 AM,90,Divided Road,Straight road,Level,Not Applicable,Sealed,Dry,Not Raining,Daylight,Rear End,2,Driver Rider,1: PDO,No Control,,,1327589.83,1681712.95,1.33E+13
2019-9457-27/05/2021,2 Metropolitan,WILLASTON,5118,LIGHT REGIONAL COUNCIL,2,0,0,0,0,2019,September,Monday,6:45 AM,110,Divided Road,Straight road,Level,Not Applicable,Sealed,Wet,Raining,Daylight,Hit Parked Vehicle,1,Driver Rider,1: PDO,No Control,,,1342288.03,1708499.6,1.34E+13
2019-9458-27/05/2021,1 City,ADELAIDE,5000,CITY OF ADELAIDE,2,0,0,0,0,2019,September,Monday,9:00 AM,50,T-Junction,Straight road,Level,Not Applicable,Sealed,Dry,Not Raining,Daylight,Right Angle,1,Driver Rider,1: PDO,No Control,,,1329054.06,1669668.08,1.33E+13
2019-9459-27/05/2021,2 Metropolitan,VIRGINIA,5120,CITY OF PLAYFORD.,2,3,0,3,0,2019,September,Monday,12:00 PM,80,Cross Road,Straight road,Level,Not Applicable,Sealed,Dry,Not Raining,Daylight,Right Angle,2,Driver Rider,3: SI,Give Way Sign,,,1327795.16,1698211.19,1.33E+13
2019-9460-27/05/2021,2 Metropolitan,PROSPECT,5082,CITY OF PROSPECT,2,2,0,0,2,2019,September,Thursday,8:45 AM,60,Divided Road,Straight road,Level,Not Applicable,Sealed,Dry,Not Raining,Daylight,Rear End,2,Driver Rider,2: MI,No Control,,,1327309.06,1676394.46,1.33E+13
2019-9461-27/05/2021,2 Metropolitan,OAKDEN,5086,CITY OF PORT ADELAIDE ENFIELD,2,1,0,0,1,2019,September,Monday,9:15 AM,70,Divided Road,Straight road,Level,Not Applicable,Sealed,Dry,Not Raining,Daylight,Rear End,2,Driver Rider,2: MI,No Control,,,1332689.41,1679317.9,1.33E+13
2019-9462-27/05/2021,2 Metropolitan,WOODVILLE GARDENS,5012,CITY OF PORT ADELAIDE ENFIELD,2,0,0,0,0,2019,September,Monday,1:10 PM,50,Cross Road,Straight road,Level,Not Applicable,Sealed,Dry,Not Raining,Daylight,Right Angle,1,Driver Rider,1: PDO,Stop Sign,,,1324711.91,1677490.7,1.32E+13
2019-9463-27/05/2021,2 Metropolitan,MITCHAM,5062,CC MITCHAM.                   ,2,0,0,0,0,2019,September,Monday,9:15 AM,60,Not Divided,"CURVED, VIEW OBSCURED",Slope,Not Applicable,Sealed,Dry,Not Raining,Daylight,Rear End,1,Driver Rider,1: PDO,No Control,,,1330323.27,1663949.97,1.33E+13
2019-9464-27/05/2021,1 City,NORTH ADELAIDE,5006,CITY OF ADELAIDE,2,0,0,0,0,2019,September,Monday,12:00 PM,50,T-Junction,Straight road,Level,Not Applicable,Sealed,Dry,Not Raining,Daylight,Right Angle,2,Driver Rider,1: PDO,No Control,,,1328950.68,1672542.87,1.33E+13
2019-9465-27/05/2021,3 Country,BORRIKA,5309,DC KAROONDA EAST MURRAY.      ,2,0,0,0,0,2019,September,Sunday,9:00 PM,100,Not Divided,Straight road,Level,Not Applicable,Unsealed,Dry,Not Raining,Night,Hit Fixed Object,1,Driver Rider,1: PDO,No Control,,,1456723.68,1671869.57,1.46E+13
2019-9466-27/05/2021,1 City,NORTH ADELAIDE,5006,CITY OF ADELAIDE,2,1,0,0,1,2019,September,Monday,2:30 PM,50,Cross Road,Straight road,Level,Not Applicable,Sealed,Dry,Not Raining,Daylight,Right Angle,1,Driver Rider,2: MI,Roundabout,,,1328882.35,1671981.92,1.33E+13
2019-9467-27/05/2021,2 Metropolitan,BLAIR ATHOL,5084,CITY OF PORT ADELAIDE ENFIELD,2,0,0,0,0,2019,September,Thursday,5:45 PM,50,T-Junction,Straight road,Level,Not Applicable,Sealed,Wet,Raining,Daylight,Hit Fixed Object,1,Driver Rider,1: PDO,No Control,,,1328013.87,1678388.22,1.33E+13
2019-9468-27/05/2021,2 Metropolitan,CLARENCE PARK,5034,CITY OF UNLEY,2,1,0,0,1,2019,September,Monday,1:10 PM,60,T-Junction,Straight road,Level,Not Applicable,Sealed,Dry,Not Raining,Daylight,Rear End,1,Driver Rider,2: MI,Stop Sign,,,1327496.32,1666601.32,1.33E+13
2019-9469-27/05/2021,3 Country,WATTLE FLAT,5203,DC YANKALILLA.                ,2,1,0,0,1,2019,September,Monday,2:15 PM,100,Not Divided,"CURVED, VIEW OPEN",Level,Not Applicable,Sealed,Dry,Not Raining,Daylight,Head On,1,Driver Rider,2: MI,No Control,,,1308440.95,1616198.97,1.31E+13
2019-9470-27/05/2021,2 Metropolitan,WALKERVILLE,5081,WALKERVILLE TOWN COUNCIL,2,0,0,0,0,2019,September,Monday,3:30 PM,60,Cross Road,"CURVED, VIEW OPEN",Slope,Not Applicable,Sealed,Dry,Not Raining,Daylight,Right Turn,1,Driver Rider,1: PDO,Traffic Signals,,,1329483.39,1674233.16,1.33E+13
2019-9471-27/05/2021,3 Country,MOUNT SCHANK,5291,DISTRICT COUNCIL OF GRANT,1,0,0,0,0,2019,September,Monday,3:00 PM,100,Not Divided,Straight road,Slope,Not Applicable,Unsealed,Dry,Not Raining,Daylight,Roll Over,1,Driver Rider,1: PDO,No Control,,,1504205.02,1329437.96,1.50E+13