REPORT_ID,Stats Area,Suburb,Postcode,LGA Name,Total Units,Total Cas,Total Fats,Total SI,Total MI,Year,Month,Day,Time,Area Speed,Position Type,Horizontal Align,Vertical Align,Other Feat,Road Surface,Moisture Cond,Weather Cond,DayNight,Crash Type,Unit Resp,Entity Code,CSEF Severity,Traffic Ctrls,DUI Involved,Drugs Involved,ACCLOC_X,ACCLOC_Y,UNIQUE_LOC
2019-9879-27/05/2021,2 Metropolitan,ELIZABETH NORTH,5113,CITY OF PLAYFORD.,3,0,0,0,0,2019,October,Friday,5:38 PM,50,Not Divided,Straight road,Level,Median Opening (not at I/S),Sealed,Dry,Not Raining,Daylight,Hit Fixed Object,1,Driver Rider,1: PDO,No Control,,,1336822.31,1695912.76,1.34E+13
2019-9880-27/05/2021,2 Metropolitan,HOLDEN HILL,5088,CITY OF TEA TREE GULLY,2,4,0,0,4,2019,October,Saturday,5:37 AM,60,T-Junction,Straight road,Slope,Not Applicable,Sealed,Dry,Not Raining,Night,Right Angle,2,Driver Rider,2: MI,Give Way Sign,,,1335081.04,1678894.68,1.34E+13
2019-9881-27/05/2021,2 Metropolitan,ADELAIDE,5000,"CC OF NORWOOD,PAYNEHAM & ST PETERS",2,0,0,0,0,2019,October,Friday,11:00 AM,60,Divided Road,Straight road,Level,"Bridge, Culvert, Causeway",Sealed,Dry,Not Raining,Daylight,Side Swipe,1,Driver Rider,1: PDO,No Control,,,1329747.58,1672304.54,1.33E+13
2019-9882-27/05/2021,2 Metropolitan,GLENELG SOUTH,5045,CITY OF HOLDFAST BAY,2,1,0,0,1,2019,October,Friday,4:10 PM,50,Cross Road,Straight road,Level,Not Applicable,Sealed,Dry,Not Raining,Daylight,Right Turn,1,Driver Rider,2: MI,Give Way Sign,,,1320413.6,1663751.86,1.32E+13
2019-9883-27/05/2021,2 Metropolitan,GAWLER,5118,CT GAWLER.                    ,2,0,0,0,0,2019,October,Saturday,10:25 AM,50,T-Junction,"CURVED, VIEW OPEN",Slope,Not Applicable,Sealed,Dry,Not Raining,Daylight,Hit Pedestrian,1,Driver Rider,1: PDO,Traffic Signals,,,1343360.57,1706588.67,1.34E+13
2019-9884-27/05/2021,3 Country,SNOWTOWN,5520,WAKEFIELD REGIONAL COUNCIL,2,1,1,0,0,2019,October,Saturday,6:20 AM,110,Not Divided,Straight road,Level,Not Applicable,Sealed,Dry,Not Raining,Daylight,Hit Fixed Object,1,Driver Rider,4: Fatal,No Control,Y,Y,1295052.7,1792062.7,1.30E+13
2019-9885-27/05/2021,2 Metropolitan,FELIXSTOW,5070,"CC OF NORWOOD,PAYNEHAM & ST PETERS",2,0,0,0,0,2019,October,Thursday,12:00 PM,60,Divided Road,Straight road,Level,Not Applicable,Sealed,Dry,Not Raining,Daylight,Rear End,1,Driver Rider,1: PDO,No Control,,,1332596.41,1673995.25,1.33E+13
2019-9886-27/05/2021,2 Metropolitan,ALDINGA,5173,CITY OF ONKAPARINGA,2,1,0,0,1,2019,October,Saturday,11:05 AM,70,Not Divided,Straight road,Slope,Not Applicable,Sealed,Dry,Not Raining,Daylight,Rear End,1,Driver Rider,2: MI,No Control,,,1316875.42,1633238.66,1.32E+13
2019-9887-27/05/2021,2 Metropolitan,SALISBURY EAST,5109,CITY OF SALISBURY,5,2,0,0,2,2019,October,Saturday,12:12 PM,80,Divided Road,Straight road,Level,Not Applicable,Sealed,Dry,Not Raining,Daylight,Rear End,1,Driver Rider,2: MI,No Control,,,1334176.45,1686513.31,1.33E+13
2019-9888-27/05/2021,1 City,NORTH ADELAIDE,5006,CITY OF ADELAIDE,2,0,0,0,0,2019,October,Friday,4:10 PM,50,Not Divided,Straight road,Level,Not Applicable,Sealed,Dry,Not Raining,Daylight,Rear End,1,Driver Rider,1: PDO,No Control,,,1328817.67,1672459.82,1.33E+13
2019-9889-27/05/2021,2 Metropolitan,COLONEL LIGHT GARDENS,5041,CC MITCHAM.                   ,2,0,0,0,0,2019,October,Saturday,1:55 PM,50,Cross Road,Straight road,Level,Not Applicable,Sealed,Dry,Not Raining,Daylight,Right Angle,1,Driver Rider,1: PDO,Give Way Sign,,,1327804.72,1664529.91,1.33E+13
2019-9890-27/05/2021,2 Metropolitan,HENLEY BEACH,5022,CITY OF CHARLES STURT,2,0,0,0,0,2019,October,Saturday,3:05 PM,50,Cross Road,Straight road,Level,Not Applicable,Sealed,Dry,Not Raining,Daylight,Right Angle,1,Driver Rider,1: PDO,Roundabout,,,1318718.7,1673021.6,1.32E+13
2019-9891-27/05/2021,3 Country,PARAWA,5203,DC YANKALILLA.                ,2,1,1,0,0,2019,October,Saturday,2:00 PM,50,Other,Straight road,Level,Driveway or Entrance,Unsealed,Dry,Not Raining,Daylight,Hit Pedestrian,2,Pedestrian,4: Fatal,No Control,,,1305157.18,1600869.47,1.31E+13
2019-9892-27/05/2021,2 Metropolitan,WOODVILLE WEST,5011,CITY OF CHARLES STURT,3,1,0,0,1,2019,October,Saturday,3:24 PM,50,Not Divided,Straight road,Level,Not Applicable,Sealed,Dry,Not Raining,Daylight,Hit Parked Vehicle,1,Driver Rider,2: MI,No Control,,,1321901.8,1675291,1.32E+13
2019-9893-27/05/2021,2 Metropolitan,PARADISE,5075,CC CAMPBELLTOWN.              ,2,0,0,0,0,2019,October,Saturday,3:30 PM,50,Not Divided,Straight road,Level,Driveway or Entrance,Sealed,Dry,Not Raining,Daylight,Rear End,1,Driver Rider,1: PDO,No Control,,,1334202.23,1676793.29,1.33E+13
2019-9894-27/05/2021,3 Country,BARMERA,5345,THE BERRI BARMERA COUNCIL,2,1,0,1,0,2019,October,Saturday,4:20 PM,80,Not Divided,"CURVED, VIEW OBSCURED",Level,Not Applicable,Sealed,Dry,Not Raining,Daylight,Right Turn,1,Driver Rider,3: SI,No Control,,,1503003.3,1741647.41,1.50E+13
2019-9895-27/05/2021,2 Metropolitan,PLYMPTON,5038,CITY OF WEST TORRENS,2,0,0,0,0,2019,October,Saturday,5:13 PM,60,Divided Road,Straight road,Level,Not Applicable,Sealed,Dry,Not Raining,Daylight,Side Swipe,1,Driver Rider,1: PDO,No Control,,,1324203.1,1666562.53,1.32E+13
2019-9896-27/05/2021,3 Country,WHYALLA STUART,5608,CC WHYALLA.                   ,2,0,0,0,0,2019,October,Saturday,5:00 PM,60,Cross Road,Straight road,Level,Not Applicable,Sealed,Dry,Not Raining,Daylight,Right Angle,2,Driver Rider,1: PDO,Roundabout,,,1235649.87,1882798.37,1.24E+13
2019-9897-27/05/2021,2 Metropolitan,NORTHFIELD,5085,CITY OF PORT ADELAIDE ENFIELD,2,0,0,0,0,2019,October,Saturday,7:30 PM,60,T-Junction,Straight road,Level,Not Applicable,Sealed,Dry,Not Raining,Night,Hit Pedestrian,2,Driver Rider,1: PDO,Traffic Signals,,,1330407.78,1678042.15,1.33E+13
2019-9898-27/05/2021,3 Country,GOOLWA,5214,ALEXANDRINA COUNCIL,2,0,0,0,0,2019,October,Saturday,8:50 PM,50,Not Divided,Straight road,Level,Not Applicable,Sealed,Dry,Not Raining,Night,Hit Parked Vehicle,1,Driver Rider,1: PDO,No Control,Y,,1342273.93,1606956.56,1.34E+13
2019-9899-27/05/2021,3 Country,GREENOCK,5360,LIGHT REGIONAL COUNCIL,1,0,0,0,0,2019,October,Saturday,8:40 PM,100,Not Divided,"CURVED, VIEW OBSCURED",Level,Not Applicable,Sealed,Dry,Not Raining,Night,Roll Over,1,Driver Rider,1: PDO,No Control,,,1361146.74,1723455.61,1.36E+13
2019-9900-27/05/2021,2 Metropolitan,MOUNT BARKER,5251,DC MT.BARKER.                 ,2,1,0,1,0,2019,October,Saturday,10:10 PM,110,Freeway,Straight road,Level,Not Applicable,Sealed,Dry,Not Raining,Night,Hit Fixed Object,1,Driver Rider,3: SI,No Control,,Y,1353321.45,1655642.25,1.35E+13
2019-9901-27/05/2021,2 Metropolitan,MODBURY NORTH,5092,CITY OF TEA TREE GULLY,2,0,0,0,0,2019,October,Saturday,11:30 PM,60,Not Divided,Straight road,Level,Driveway or Entrance,Sealed,Dry,Not Raining,Night,Hit Parked Vehicle,1,Driver Rider,1: PDO,No Control,Y,,1335676.77,1681397.14,1.34E+13
2019-9902-27/05/2021,1 City,ADELAIDE,5000,CITY OF ADELAIDE,2,0,0,0,0,2019,October,Sunday,12:44 AM,50,Not Divided,Straight road,Level,Driveway or Entrance,Sealed,Dry,Not Raining,Night,Right Angle,1,Driver Rider,1: PDO,No Control,Y,,1329039.88,1670166.27,1.33E+13
2019-9903-27/05/2021,3 Country,KEYNETON,5353,MID MURRAY DISTRICT COUNCIL,1,1,0,0,1,2019,October,Saturday,2:45 PM,100,Not Divided,"CURVED, VIEW OPEN",Crest of Hill,Not Applicable,Sealed,Dry,Not Raining,Daylight,Roll Over,1,Driver Rider,2: MI,No Control,,,1381680.58,1708209.94,1.38E+13
2019-9904-27/05/2021,2 Metropolitan,WOODVILLE,5011,CITY OF CHARLES STURT,2,0,0,0,0,2019,October,Sunday,9:50 AM,50,T-Junction,Straight road,Level,Not Applicable,Sealed,Dry,Not Raining,Daylight,Right Angle,1,Driver Rider,1: PDO,Give Way Sign,,,1322832.67,1675961.11,1.32E+13
2019-9905-27/05/2021,3 Country,GILLENTOWN,5453,CLARE AND GILBERT VALLEYS DISTRICT COUNCIL,2,1,0,0,1,2019,October,Saturday,5:00 PM,80,Not Divided,Straight road,Level,Not Applicable,Sealed,Dry,Not Raining,Daylight,Hit Fixed Object,1,Driver Rider,2: MI,No Control,,,1333935.82,1786436.68,1.33E+13
2019-9906-27/05/2021,3 Country,LYNDOCH,5351,THE BAROSSA COUNCIL.,2,0,0,0,0,2019,October,Saturday,10:40 AM,90,Not Divided,Straight road,Slope,Not Applicable,Sealed,Dry,Not Raining,Daylight,Side Swipe,2,Driver Rider,1: PDO,No Control,,,1354292.89,1706884.56,1.35E+13
2019-9907-27/05/2021,2 Metropolitan,FORESTVILLE,5035,CITY OF UNLEY,2,1,0,1,0,2019,October,Friday,1:35 PM,40,Cross Road,Straight road,Level,Not Applicable,Sealed,Dry,Not Raining,Daylight,Rear End,1,Driver Rider,3: SI,No Control,,,1326947.29,1668162.68,1.33E+13
2019-9908-27/05/2021,3 Country,MOUNT JAGGED,5211,DC VICTOR HARBOR.             ,2,0,0,0,0,2019,October,Sunday,10:06 AM,100,Not Divided,"CURVED, VIEW OBSCURED",Slope,Driveway or Entrance,Sealed,Wet,Raining,Daylight,Rear End,2,Driver Rider,1: PDO,No Control,,,1330696.61,1611332.54,1.33E+13
2019-9909-27/05/2021,2 Metropolitan,HAPPY VALLEY,5159,CITY OF ONKAPARINGA,2,0,0,0,0,2019,October,Sunday,12:39 PM,80,Cross Road,Straight road,Slope,Not Applicable,Sealed,Dry,Not Raining,Daylight,Right Turn,2,Driver Rider,1: PDO,Traffic Signals,,,1323417.65,1654231,1.32E+13
2019-9910-27/05/2021,2 Metropolitan,SALISBURY DOWNS,5108,CITY OF SALISBURY,2,0,0,0,0,2019,October,Sunday,1:40 PM,60,Cross Road,Straight road,Level,Not Applicable,Sealed,Dry,Not Raining,Daylight,Side Swipe,2,Driver Rider,1: PDO,Roundabout,,,1330533.89,1687541.31,1.33E+13
2019-9911-27/05/2021,2 Metropolitan,MANNINGHAM,5086,CITY OF PORT ADELAIDE ENFIELD,2,0,0,0,0,2019,October,Sunday,1:00 PM,50,Not Divided,Straight road,Level,Not Applicable,Sealed,Dry,Not Raining,Daylight,Hit Parked Vehicle,2,Driver Rider,1: PDO,No Control,,,1330926.78,1676091.38,1.33E+13
2019-9912-27/05/2021,2 Metropolitan,LARGS BAY,5016,CITY OF PORT ADELAIDE ENFIELD,2,1,0,0,1,2019,October,Sunday,1:48 PM,60,Not Divided,Straight road,Level,Road hump or Slow point,Sealed,Dry,Not Raining,Daylight,Hit Fixed Object,1,Driver Rider,2: MI,No Control,,Y,1318851.96,1682148.03,1.32E+13
2019-9913-27/05/2021,2 Metropolitan,SOMERTON PARK,5044,CITY OF HOLDFAST BAY,2,0,0,0,0,2019,October,Sunday,2:30 PM,60,T-Junction,Straight road,Level,Not Applicable,Sealed,Dry,Not Raining,Daylight,Right Angle,1,Driver Rider,1: PDO,No Control,,,1321754.2,1663277.91,1.32E+13
2019-9914-27/05/2021,2 Metropolitan,IRONBANK,5153,THE ADELAIDE HILLS COUNCIL,2,2,0,0,2,2019,October,Sunday,2:15 PM,80,Not Divided,"CURVED, VIEW OBSCURED",Slope,Not Applicable,Sealed,Wet,Raining,Daylight,Hit Fixed Object,1,Driver Rider,2: MI,No Control,,,1336276.03,1658115.27,1.34E+13
2019-9915-27/05/2021,3 Country,LYNDOCH,5351,THE BAROSSA COUNCIL.,3,0,0,0,0,2019,October,Saturday,3:30 PM,90,Not Divided,Straight road,Level,Not Applicable,Sealed,Dry,Not Raining,Daylight,Hit Object on Road,1,Driver Rider,1: PDO,No Control,,,1355156.53,1706746.24,1.36E+13
2019-9916-27/05/2021,3 Country,WANDILO,5291,DISTRICT COUNCIL OF GRANT,3,1,0,0,1,2019,October,Sunday,11:30 AM,100,Not Divided,Straight road,Crest of Hill,Not Applicable,Sealed,Dry,Not Raining,Daylight,Hit Fixed Object,1,Driver Rider,2: MI,No Control,,,1509917.75,1349264.17,1.51E+13
2019-9917-27/05/2021,2 Metropolitan,RICHMOND,5033,CITY OF WEST TORRENS,3,0,0,0,0,2019,October,Sunday,1:00 PM,60,Divided Road,Straight road,Level,Not Applicable,Sealed,Dry,Not Raining,Daylight,Rear End,1,Driver Rider,1: PDO,No Control,,,1325783.94,1669365.62,1.33E+13
2019-9918-27/05/2021,2 Metropolitan,REYNELLA,5161,CITY OF ONKAPARINGA,2,1,0,0,1,2019,October,Sunday,3:19 PM,50,Cross Road,Straight road,Level,Not Applicable,Sealed,Dry,Not Raining,Daylight,Rear End,2,Driver Rider,2: MI,Roundabout,,,1321875.98,1652208.16,1.32E+13
2019-9919-27/05/2021,2 Metropolitan,FLINDERS PARK,5025,CITY OF CHARLES STURT,2,1,0,0,1,2019,October,Saturday,7:20 PM,60,Not Divided,Straight road,Level,Not Applicable,Sealed,Dry,Not Raining,Night,Hit Pedestrian,1,Pedestrian,2: MI,No Control,,,1322465.39,1672772.38,1.32E+13
2019-9920-27/05/2021,2 Metropolitan,NORWOOD,5067,"CC OF NORWOOD,PAYNEHAM & ST PETERS",4,0,0,0,0,2019,October,Sunday,5:47 PM,50,Divided Road,Straight road,Level,Not Applicable,Sealed,Wet,Not Raining,Daylight,Hit Parked Vehicle,1,Driver Rider,1: PDO,No Control,,,1331877.28,1671078.43,1.33E+13
2019-9921-27/05/2021,2 Metropolitan,CALLINGTON,5254,DC MT.BARKER.                 ,2,0,0,0,0,2019,October,Sunday,4:15 PM,80,Not Divided,"CURVED, VIEW OBSCURED",Level,Not Applicable,Sealed,Dry,Not Raining,Daylight,Right Turn,1,Driver Rider,1: PDO,No Control,,,1367632.3,1648989.16,1.37E+13
2019-9922-27/05/2021,2 Metropolitan,NETHERBY,5062,CC MITCHAM.                   ,2,3,0,0,3,2019,October,Sunday,6:25 PM,60,Not Divided,Straight road,Slope,Not Applicable,Sealed,Wet,Not Raining,Daylight,Hit Fixed Object,1,Driver Rider,2: MI,No Control,,,1330121.31,1666274.52,1.33E+13
2019-9923-27/05/2021,2 Metropolitan,PROSPECT,5082,CITY OF PROSPECT,3,0,0,0,0,2019,October,Sunday,11:49 AM,60,Divided Road,Straight road,Level,Not Applicable,Sealed,Dry,Not Raining,Daylight,Rear End,1,Driver Rider,1: PDO,No Control,,,1328125.36,1676415.16,1.33E+13
2019-9924-27/05/2021,3 Country,STRATHALBYN,5255,ALEXANDRINA COUNCIL,1,0,0,0,0,2019,October,Saturday,9:00 PM,100,Not Divided,"CURVED, VIEW OPEN",Slope,Not Applicable,Sealed,Dry,Not Raining,Night,Roll Over,1,Driver Rider,1: PDO,No Control,,Y,1349460.38,1631540.84,1.35E+13
2019-9925-27/05/2021,2 Metropolitan,WALKERVILLE,5081,WALKERVILLE TOWN COUNCIL,3,1,0,0,1,2019,October,Friday,6:10 PM,60,Divided Road,Straight road,Level,Not Applicable,Sealed,Dry,Not Raining,Daylight,Rear End,2,Driver Rider,2: MI,No Control,,,1329594.06,1674176.72,1.33E+13
2019-9926-27/05/2021,2 Metropolitan,WYNN VALE,5127,CITY OF TEA TREE GULLY,1,0,0,0,0,2019,October,Sunday,9:15 PM,50,T-Junction,Straight road,Slope,Not Applicable,Sealed,Dry,Not Raining,Night,Left Road - Out of Control,1,Driver Rider,1: PDO,Roundabout,Y,,1335945.54,1684613.67,1.34E+13
2019-9927-27/05/2021,2 Metropolitan,GREENHILL,5140,THE ADELAIDE HILLS COUNCIL,2,1,0,0,1,2019,October,Sunday,11:20 PM,80,Not Divided,"CURVED, VIEW OPEN",Slope,Not Applicable,Sealed,Wet,Raining,Night,Hit Fixed Object,1,Driver Rider,2: MI,No Control,,,1338605.04,1666691.47,1.34E+13
2019-9928-27/05/2021,2 Metropolitan,PARALOWIE,5108,CITY OF SALISBURY,2,0,0,0,0,2019,October,Monday,3:55 AM,50,Not Divided,"CURVED, VIEW OPEN",Level,Not Applicable,Sealed,Wet,Raining,Night,Hit Fixed Object,1,Driver Rider,1: PDO,No Control,,,1328336.77,1690217.93,1.33E+13
2019-9929-27/05/2021,2 Metropolitan,ALBERT PARK,5014,CITY OF CHARLES STURT,4,1,0,0,1,2019,October,Monday,8:03 AM,50,Not Divided,Straight road,Level,Not Applicable,Sealed,Dry,Not Raining,Daylight,Hit Parked Vehicle,1,Driver Rider,2: MI,No Control,,,1321270.22,1676895.93,1.32E+13
2019-9930-27/05/2021,2 Metropolitan,GOLDEN GROVE,5125,CITY OF TEA TREE GULLY,2,0,0,0,0,2019,October,Sunday,8:45 PM,60,Cross Road,Straight road,Level,Not Applicable,Sealed,Dry,Not Raining,Night,Right Turn,1,Driver Rider,1: PDO,Traffic Signals,,,1337898.48,1685351.51,1.34E+13
2019-9931-27/05/2021,2 Metropolitan,ROSEWORTHY,5371,LIGHT REGIONAL COUNCIL,3,1,0,0,1,2019,October,Sunday,3:30 PM,100,Not Divided,Straight road,Level,Not Applicable,Sealed,Wet,Raining,Daylight,Hit Fixed Object,1,Driver Rider,2: MI,No Control,,,1344211.38,1713353.29,1.34E+13
2019-9932-27/05/2021,2 Metropolitan,TORRENSVILLE,5031,CITY OF WEST TORRENS,2,0,0,0,0,2019,October,Monday,12:45 PM,60,Divided Road,Straight road,Level,Not Applicable,Sealed,Dry,Not Raining,Daylight,Rear End,2,Driver Rider,1: PDO,No Control,,,1324507.48,1670950.29,1.32E+13
2019-9933-27/05/2021,2 Metropolitan,BIRKENHEAD,5015,CITY OF PORT ADELAIDE ENFIELD,2,1,0,1,0,2019,October,Monday,12:10 PM,40,Not Divided,Straight road,Level,Not Applicable,Sealed,Dry,Not Raining,Daylight,Hit Pedestrian,2,Pedestrian,3: SI,No Control,,,1319423.26,1680755.83,1.32E+13
2019-9934-27/05/2021,2 Metropolitan,PENFIELD,5121,CITY OF PLAYFORD.,2,0,0,0,0,2019,October,Monday,1:30 PM,110,Divided Road,Straight road,Level,Not Applicable,Sealed,Dry,Not Raining,Daylight,Hit Fixed Object,1,Driver Rider,1: PDO,No Control,,,1330853.31,1697925.96,1.33E+13
2019-9935-27/05/2021,2 Metropolitan,MORPHETT VALE,5162,CITY OF ONKAPARINGA,2,0,0,0,0,2019,October,Saturday,10:00 AM,50,Not Divided,Straight road,Level,Not Applicable,Sealed,Dry,Not Raining,Daylight,Hit Parked Vehicle,2,Driver Rider,1: PDO,No Control,,,1322660.79,1648020.21,1.32E+13
2019-9936-27/05/2021,3 Country,ROCKY GULLY,5254,RC MURRAY BRIDGE.             ,2,1,0,0,1,2019,October,Monday,3:15 PM,60,Not Divided,"CURVED, VIEW OBSCURED",Slope,Not Applicable,Unsealed,Dry,Not Raining,Daylight,Hit Fixed Object,9,Other,2: MI,No Control,,,1386618.43,1648847.8,1.39E+13
2019-9937-27/05/2021,3 Country,CULBURRA,5261,COORONG DISTRICT COUNCIL,3,0,0,0,0,2019,October,Monday,1:10 PM,110,Not Divided,Straight road,Level,Not Applicable,Sealed,Dry,Not Raining,Daylight,Hit Fixed Object,1,Driver Rider,1: PDO,No Control,,,1444422.84,1572054.36,1.44E+13
2019-9938-27/05/2021,2 Metropolitan,LEAWOOD GARDENS,5150,CITY OF BURNSIDE,2,0,0,0,0,2019,October,Monday,5:56 PM,90,Freeway,"CURVED, VIEW OBSCURED",Slope,Not Applicable,Sealed,Dry,Not Raining,Daylight,Side Swipe,2,Driver Rider,1: PDO,No Control,,,1335352.44,1665052.9,1.34E+13
2019-9939-27/05/2021,2 Metropolitan,BRAHMA LODGE,5109,CITY OF SALISBURY,2,0,0,0,0,2019,October,Monday,6:55 PM,60,T-Junction,Straight road,Level,Not Applicable,Sealed,Dry,Not Raining,Daylight,Right Angle,1,Driver Rider,1: PDO,No Control,,,1334611.99,1687284.65,1.33E+13
2019-9940-27/05/2021,3 Country,PORT PIRIE SOUTH,5540,PT.PIRIE CITY & DIST. COUNCIL ,2,0,0,0,0,2019,October,Monday,6:40 PM,50,Not Divided,Straight road,Level,Not Applicable,Sealed,Dry,Not Raining,Daylight,Rear End,1,Driver Rider,1: PDO,No Control,,,1280244.11,1864397.67,1.28E+13
2019-9941-27/05/2021,2 Metropolitan,WOODCROFT,5162,CITY OF ONKAPARINGA,2,1,0,0,1,2019,October,Monday,6:35 PM,50,T-Junction,Straight road,Slope,Not Applicable,Sealed,Dry,Not Raining,Daylight,Hit Fixed Object,1,Driver Rider,2: MI,No Control,,,1323789.44,1652264.27,1.32E+13
2019-9942-27/05/2021,2 Metropolitan,ENFIELD,5085,CITY OF PORT ADELAIDE ENFIELD,2,0,0,0,0,2019,October,Friday,12:55 PM,50,Cross Road,Straight road,Slope,Not Applicable,Sealed,Dry,Not Raining,Daylight,Right Turn,1,Driver Rider,1: PDO,Give Way Sign,,,1328933.16,1678607.84,1.33E+13
2019-9943-27/05/2021,2 Metropolitan,SALISBURY DOWNS,5108,CITY OF SALISBURY,6,1,0,1,0,2019,October,Monday,8:15 PM,60,Cross Road,Straight road,Level,Not Applicable,Sealed,Wet,Raining,Night,Hit Fixed Object,1,Driver Rider,3: SI,Traffic Signals,,,1331438.94,1686827.09,1.33E+13
2019-9944-27/05/2021,2 Metropolitan,POORAKA,5095,CITY OF SALISBURY,2,0,0,0,0,2019,October,Monday,3:15 PM,80,T-Junction,Straight road,Level,Not Applicable,Sealed,Dry,Not Raining,Daylight,Right Angle,2,Driver Rider,1: PDO,Stop Sign,,,1331536.65,1683142.51,1.33E+13
2019-9945-27/05/2021,2 Metropolitan,PLYMPTON,5038,CITY OF WEST TORRENS,2,0,0,0,0,2019,October,Monday,9:03 PM,60,Divided Road,Straight road,Level,Median Opening (not at I/S),Sealed,Dry,Not Raining,Night,Right Turn,1,Driver Rider,1: PDO,No Control,,,1324451.26,1666723.25,1.32E+13
2019-9946-27/05/2021,2 Metropolitan,PENFIELD,5121,CITY OF PLAYFORD.,2,0,0,0,0,2019,October,Monday,9:40 PM,110,Not Divided,"CURVED, VIEW OPEN",Slope,Not Applicable,Sealed,Wet,Raining,Night,Hit Object on Road,1,Driver Rider,1: PDO,No Control,,,1331674.13,1697784.74,1.33E+13
2019-9947-27/05/2021,3 Country,BON BON,5719,,2,1,0,1,0,2019,October,Monday,8:19 PM,100,Not Divided,Straight road,Unknown,Not Applicable,Unsealed,Dry,Not Raining,Night,Hit Pedestrian,1,Driver Rider,3: SI,No Control,,,1036051.26,2142402.98,1.04E+13
2019-9948-27/05/2021,2 Metropolitan,EXETER,5019,CITY OF PORT ADELAIDE ENFIELD,2,0,0,0,0,2019,October,Tuesday,5:36 AM,60,Divided Road,Straight road,Slope,Not Applicable,Sealed,Dry,Not Raining,Night,Hit Fixed Object,1,Driver Rider,1: PDO,No Control,,,1319025.36,1680290.3,1.32E+13
2019-9949-27/05/2021,2 Metropolitan,ALDGATE,5154,THE ADELAIDE HILLS COUNCIL,4,1,0,0,1,2019,October,Tuesday,7:10 AM,110,Freeway,Straight road,Level,Not Applicable,Sealed,Wet,Raining,Daylight,Rear End,2,Driver Rider,2: MI,No Control,,,1341439.99,1662228.67,1.34E+13
2019-9950-27/05/2021,2 Metropolitan,BEDFORD PARK,5042,CC MITCHAM.                   ,2,2,0,0,2,2019,October,Tuesday,8:13 AM,10,Not Divided,Straight road,Level,Not Applicable,Sealed,Dry,Not Raining,Daylight,Hit Fixed Object,1,Driver Rider,2: MI,No Control,,,1325346.78,1659999.86,1.33E+13
2019-9951-27/05/2021,2 Metropolitan,CROMER,5235,THE ADELAIDE HILLS COUNCIL,2,0,0,0,0,2019,October,Tuesday,7:25 AM,100,Cross Road,Straight road,Level,Not Applicable,Sealed,Dry,Not Raining,Daylight,Right Angle,2,Driver Rider,1: PDO,Give Way Sign,,,1361394.91,1684498.8,1.36E+13
2019-9952-27/05/2021,2 Metropolitan,BLACKWOOD,5051,CC MITCHAM.                   ,1,0,0,0,0,2019,October,Tuesday,9:00 AM,50,Not Divided,"CURVED, VIEW OBSCURED",Slope,Driveway or Entrance,Unsealed,Dry,Not Raining,Daylight,Other,1,Driver Rider,1: PDO,No Control,,,1328966.96,1661089.82,1.33E+13
2019-9953-27/05/2021,2 Metropolitan,SALISBURY SOUTH,5106,CITY OF SALISBURY,2,0,0,0,0,2019,October,Tuesday,6:10 AM,70,Cross Road,Straight road,Level,Not Applicable,Sealed,Dry,Not Raining,Night,Rear End,2,Driver Rider,1: PDO,Traffic Signals,,,1332370.05,1686105.3,1.33E+13
2019-9954-27/05/2021,2 Metropolitan,MCLAREN VALE,5171,CITY OF ONKAPARINGA,3,0,0,0,0,2019,October,Tuesday,9:40 AM,80,Not Divided,Straight road,Level,Not Applicable,Sealed,Dry,Not Raining,Daylight,Hit Fixed Object,1,Driver Rider,1: PDO,No Control,,,1323248.93,1638335.76,1.32E+13
2019-9955-27/05/2021,3 Country,WALLAROO MINES,5554,COPPER COAST DISTRICT COUNCIL,1,0,0,0,0,2019,October,Friday,11:00 PM,50,Not Divided,"CURVED, VIEW OPEN",Level,Not Applicable,Sealed,Dry,Not Raining,Night,Roll Over,1,Driver Rider,1: PDO,No Control,,,1248495.2,1779589.45,1.25E+13
2019-9956-27/05/2021,3 Country,KAROONDA,5307,DC KAROONDA EAST MURRAY.      ,2,0,0,0,0,2019,October,Tuesday,8:00 AM,50,Not Divided,Straight road,Level,Not Applicable,Sealed,Dry,Not Raining,Daylight,Hit Parked Vehicle,9,Other,1: PDO,No Control,,,1446027.23,1647385.44,1.45E+13
2019-9957-27/05/2021,2 Metropolitan,RICHMOND,5033,CITY OF WEST TORRENS,2,0,0,0,0,2019,October,Tuesday,11:00 AM,60,Multiple,Straight road,Level,Not Applicable,Sealed,Dry,Not Raining,Daylight,Right Angle,2,Driver Rider,1: PDO,Traffic Signals,,,1325793.27,1669439.92,1.33E+13
2019-9958-27/05/2021,2 Metropolitan,NORTHFIELD,5085,CITY OF PORT ADELAIDE ENFIELD,2,0,0,0,0,2019,October,Tuesday,11:20 AM,60,Divided Road,Straight road,Level,Not Applicable,Sealed,Dry,Not Raining,Daylight,Side Swipe,1,Driver Rider,1: PDO,No Control,,,1331120.1,1679289.98,1.33E+13
2019-9959-27/05/2021,2 Metropolitan,MODBURY NORTH,5092,CITY OF TEA TREE GULLY,2,0,0,0,0,2019,October,Tuesday,11:42 AM,60,Cross Road,Straight road,Slope,Not Applicable,Sealed,Dry,Not Raining,Daylight,Right Turn,1,Driver Rider,1: PDO,Traffic Signals,,,1336150.87,1681195.09,1.34E+13
2019-9960-27/05/2021,2 Metropolitan,DRY CREEK,5094,CITY OF SALISBURY,2,0,0,0,0,2019,October,Monday,5:30 PM,60,T-Junction,Straight road,Level,Roadworks,Sealed,Dry,Not Raining,Daylight,Rear End,1,Driver Rider,1: PDO,No Control,,,1328409.56,1682983.96,1.33E+13