REPORT_ID,Stats Area,Suburb,Postcode,LGA Name,Total Units,Total Cas,Total Fats,Total SI,Total MI,Year,Month,Day,Time,Area Speed,Position Type,Horizontal Align,Vertical Align,Other Feat,Road Surface,Moisture Cond,Weather Cond,DayNight,Crash Type,Unit Resp,Entity Code,CSEF Severity,Traffic Ctrls,DUI Involved,Drugs Involved,ACCLOC_X,ACCLOC_Y,UNIQUE_LOC
2019-9961-27/05/2021,1 City,ADELAIDE,5000,CITY OF ADELAIDE,2,1,0,0,1,2019,October,Tuesday,11:30 AM,60,Divided Road,Straight road,Level,Not Applicable,Sealed,Dry,Not Raining,Daylight,Side Swipe,1,Driver Rider,2: MI,No Control,,,1327891.94,1671355.27,1.33E+13
2019-9962-27/05/2021,2 Metropolitan,TRANMERE,5073,CC CAMPBELLTOWN.              ,2,0,0,0,0,2019,October,Tuesday,11:30 AM,50,Not Divided,Straight road,Level,Not Applicable,Sealed,Dry,Not Raining,Daylight,Hit Parked Vehicle,1,Driver Rider,1: PDO,No Control,,,1334557.24,1672904.21,1.33E+13
2019-9963-27/05/2021,2 Metropolitan,KILKENNY,5009,CITY OF CHARLES STURT,2,0,0,0,0,2019,October,Tuesday,1:00 PM,60,T-Junction,Straight road,Level,Not Applicable,Sealed,Dry,Not Raining,Daylight,Right Turn,1,Driver Rider,1: PDO,Stop Sign,,,1324336.95,1676334.48,1.32E+13
2019-9964-27/05/2021,2 Metropolitan,VALLEY VIEW,5093,CITY OF PORT ADELAIDE ENFIELD,2,0,0,0,0,2019,October,Tuesday,8:00 AM,50,Not Divided,Straight road,Level,Driveway or Entrance,Sealed,Dry,Not Raining,Daylight,Hit Parked Vehicle,2,Driver Rider,1: PDO,No Control,,,1333820.51,1679783.86,1.33E+13
2019-9965-27/05/2021,3 Country,LOCK,5633,DC ELLISTON.                  ,1,6,0,0,6,2019,October,Tuesday,11:15 AM,110,Not Divided,Straight road,Level,Not Applicable,Sealed,Dry,Not Raining,Daylight,Roll Over,1,Driver Rider,2: MI,No Control,,,1065972.39,1816251.34,1.07E+13
2019-9966-27/05/2021,2 Metropolitan,HINDMARSH,5007,CITY OF CHARLES STURT,2,0,0,0,0,2019,September,Friday,9:20 AM,60,T-Junction,Straight road,Level,Not Applicable,Sealed,Dry,Not Raining,Daylight,Rear End,2,Driver Rider,1: PDO,Traffic Signals,,,1326056.45,1673028.42,1.33E+13
2019-9967-27/05/2021,2 Metropolitan,GEPPS CROSS,5094,CITY OF PORT ADELAIDE ENFIELD,2,0,0,0,0,2019,October,Tuesday,6:10 AM,70,Divided Road,Straight road,Level,Not Applicable,Sealed,Dry,Not Raining,Night,Side Swipe,1,Driver Rider,1: PDO,No Control,,,1327737.86,1679768.5,1.33E+13
2019-9968-27/05/2021,3 Country,MOUNT GAMBIER,5290,CC MT.GAMBIER.                ,2,1,0,0,1,2019,October,Tuesday,2:03 PM,50,T-Junction,Straight road,Level,Not Applicable,Sealed,Dry,Not Raining,Daylight,Hit Pedestrian,1,Driver Rider,2: MI,Stop Sign,,,1510121.57,1340261.57,1.51E+13
2019-9969-27/05/2021,2 Metropolitan,OAKLANDS PARK,5046,CC MARION.                    ,2,1,0,0,1,2019,October,Thursday,4:30 PM,60,T-Junction,Straight road,Level,Not Applicable,Sealed,Dry,Not Raining,Daylight,Rear End,2,Driver Rider,2: MI,No Control,,,1322732.48,1662087.1,1.32E+13
2019-9970-27/05/2021,2 Metropolitan,SOUTH PLYMPTON,5038,CC MARION.                    ,2,1,0,0,1,2019,October,Tuesday,4:30 PM,60,T-Junction,Straight road,Level,Not Applicable,Sealed,Dry,Not Raining,Daylight,Rear End,2,Driver Rider,2: MI,No Control,,,1324450.53,1666112.3,1.32E+13
2019-9971-27/05/2021,3 Country,TRURO,5356,MID MURRAY DISTRICT COUNCIL,2,1,0,1,0,2019,October,Tuesday,1:44 PM,110,Not Divided,Straight road,Slope,Not Applicable,Sealed,Dry,Not Raining,Daylight,Head On,1,Driver Rider,3: SI,No Control,,,1384383.35,1726850.72,1.38E+13
2019-9972-27/05/2021,2 Metropolitan,ADELAIDE AIRPORT,5950,CITY OF WEST TORRENS,2,0,0,0,0,2019,October,Tuesday,6:00 PM,20,One Way,Straight road,Level,Not Applicable,Sealed,Dry,Not Raining,Daylight,Hit Pedestrian,2,Driver Rider,1: PDO,No Control,,,1322710.51,1669564.39,1.32E+13
2019-9973-27/05/2021,2 Metropolitan,WOODVILLE NORTH,5012,CITY OF CHARLES STURT,2,2,0,0,2,2019,October,Tuesday,4:40 PM,60,Divided Road,Straight road,Level,Not Applicable,Sealed,Dry,Not Raining,Daylight,Rear End,1,Driver Rider,2: MI,No Control,,,1323711.73,1676638.24,1.32E+13
2019-9974-27/05/2021,1 City,ADELAIDE,5000,CITY OF ADELAIDE,2,0,0,0,0,2019,October,Tuesday,5:20 PM,50,T-Junction,Straight road,Level,Not Applicable,Sealed,Dry,Not Raining,Daylight,Side Swipe,2,Driver Rider,1: PDO,Traffic Signals,,,1329012.45,1671149.03,1.33E+13
2019-9975-27/05/2021,3 Country,WALLAROO MINES,5554,COPPER COAST DISTRICT COUNCIL,3,1,0,1,0,2019,October,Monday,8:36 PM,50,Not Divided,"CURVED, VIEW OBSCURED",Level,Not Applicable,Sealed,Dry,Not Raining,Night,Hit Fixed Object,1,Driver Rider,3: SI,No Control,,,1248477.33,1779749,1.25E+13
2019-9976-27/05/2021,2 Metropolitan,ST CLAIR,5011,CITY OF CHARLES STURT,2,0,0,0,0,2019,October,Tuesday,6:20 PM,40,T-Junction,Straight road,Level,Not Applicable,Sealed,Dry,Not Raining,Daylight,Right Angle,2,Driver Rider,1: PDO,No Control,,,1322363.47,1677070.31,1.32E+13
2019-9977-27/05/2021,2 Metropolitan,PLYMPTON,5038,CITY OF WEST TORRENS,2,0,0,0,0,2019,October,Tuesday,7:45 PM,60,Cross Road,Straight road,Level,Not Applicable,Sealed,Dry,Not Raining,Night,Right Turn,2,Driver Rider,1: PDO,Traffic Signals,,,1324237.57,1666566.34,1.32E+13
2019-9978-27/05/2021,3 Country,GOOLWA,5214,ALEXANDRINA COUNCIL,2,0,0,0,0,2019,October,Monday,10:30 PM,50,Cross Road,Straight road,Level,Not Applicable,Sealed,Wet,Raining,Night,Right Angle,1,Driver Rider,1: PDO,Give Way Sign,,,1342573.86,1606891.94,1.34E+13
2019-9979-27/05/2021,2 Metropolitan,PENFIELD,5121,CITY OF PLAYFORD.,2,0,0,0,0,2019,October,Tuesday,8:45 PM,80,Multiple,"CURVED, VIEW OPEN",Slope,Not Applicable,Sealed,Dry,Not Raining,Night,Roll Over,1,Driver Rider,1: PDO,Roundabout,,,1331401.54,1697660.52,1.33E+13
2019-9980-27/05/2021,2 Metropolitan,WINGFIELD,5013,CITY OF PORT ADELAIDE ENFIELD,3,0,0,0,0,2019,October,Tuesday,9:15 PM,70,T-Junction,Straight road,Level,Not Applicable,Sealed,Dry,Not Raining,Night,Rear End,1,Driver Rider,1: PDO,No Control,,,1326183.88,1681076.39,1.33E+13
2019-9981-27/05/2021,2 Metropolitan,MARDEN,5070,"CC OF NORWOOD,PAYNEHAM & ST PETERS",3,2,0,0,2,2019,October,Tuesday,9:42 PM,60,T-Junction,Straight road,Slope,Not Applicable,Sealed,Dry,Not Raining,Night,Right Turn,1,Driver Rider,2: MI,Traffic Signals,,,1332496.75,1673949.58,1.33E+13
2019-9982-27/05/2021,2 Metropolitan,WOODCROFT,5162,CITY OF ONKAPARINGA,2,1,0,1,0,2019,October,Wednesday,12:50 AM,60,Not Divided,"CURVED, VIEW OPEN",Slope,Not Applicable,Sealed,Dry,Not Raining,Night,Hit Fixed Object,1,Driver Rider,3: SI,No Control,,Y,1325211.15,1651128.44,1.33E+13
2019-9983-27/05/2021,2 Metropolitan,SEACLIFF PARK,5049,CC MARION.                    ,2,0,0,0,0,2019,October,Wednesday,1:19 AM,80,Divided Road,Straight road,Slope,Not Applicable,Sealed,Dry,Not Raining,Night,Hit Fixed Object,1,Driver Rider,1: PDO,No Control,Y,,1321936.41,1657245.48,1.32E+13
2019-9984-27/05/2021,3 Country,HAYBOROUGH,5211,DC VICTOR HARBOR.             ,2,0,0,0,0,2019,October,Tuesday,2:00 PM,80,T-Junction,Straight road,Level,Not Applicable,Sealed,Dry,Not Raining,Daylight,Right Angle,1,Driver Rider,1: PDO,Give Way Sign,,,1330764.86,1604198.89,1.33E+13
2019-9985-27/05/2021,2 Metropolitan,DRY CREEK,5094,CITY OF SALISBURY,2,1,0,0,1,2019,October,Wednesday,8:27 AM,90,Ramp On,"CURVED, VIEW OPEN",Level,Not Applicable,Sealed,Dry,Not Raining,Daylight,Rear End,1,Driver Rider,2: MI,No Control,,,1328654.81,1683216.85,1.33E+13
2019-9986-27/05/2021,2 Metropolitan,DULWICH,5065,CITY OF BURNSIDE,2,0,0,0,0,2019,October,Wednesday,9:01 AM,60,T-Junction,Straight road,Level,Not Applicable,Sealed,Dry,Not Raining,Daylight,Right Turn,2,Driver Rider,1: PDO,No Control,,,1330956.83,1669016.89,1.33E+13
2019-9987-27/05/2021,2 Metropolitan,MOUNT BARKER,5251,DC MT.BARKER.                 ,2,1,0,0,1,2019,October,Wednesday,6:50 AM,80,T-Junction,"CURVED, VIEW OPEN",Level,Not Applicable,Sealed,Dry,Not Raining,Daylight,Right Angle,1,Driver Rider,2: MI,Give Way Sign,,,1349673.94,1651511.9,1.35E+13
2019-9988-27/05/2021,2 Metropolitan,MODBURY NORTH,5092,CITY OF TEA TREE GULLY,2,0,0,0,0,2019,October,Tuesday,4:30 PM,80,Cross Road,Straight road,Level,Not Applicable,Sealed,Dry,Not Raining,Daylight,Rear End,1,Driver Rider,1: PDO,Traffic Signals,,,1335966.45,1682345.59,1.34E+13
2019-9989-27/05/2021,2 Metropolitan,DRY CREEK,5094,CITY OF PORT ADELAIDE ENFIELD,2,0,0,0,0,2019,October,Wednesday,10:05 AM,40,Ramp Off,"CURVED, VIEW OPEN",Level,Roadworks,Sealed,Dry,Not Raining,Daylight,Rear End,2,Driver Rider,1: PDO,No Control,,,1325384.82,1681394.33,1.33E+13
2019-9990-27/05/2021,2 Metropolitan,SOMERTON PARK,5044,CITY OF HOLDFAST BAY,3,0,0,0,0,2019,October,Wednesday,9:20 AM,60,T-Junction,Straight road,Level,Not Applicable,Sealed,Dry,Not Raining,Daylight,Rear End,2,Driver Rider,1: PDO,No Control,,,1321064.6,1663512.12,1.32E+13
2019-9991-27/05/2021,2 Metropolitan,WOODVILLE PARK,5011,CITY OF CHARLES STURT,2,0,0,0,0,2019,October,Wednesday,11:45 AM,60,Cross Road,Straight road,Level,Not Applicable,Sealed,Dry,Not Raining,Daylight,Right Angle,1,Driver Rider,1: PDO,Give Way Sign,,,1323610.09,1675074.42,1.32E+13
2019-9992-27/05/2021,2 Metropolitan,NORWOOD,5067,"CC OF NORWOOD,PAYNEHAM & ST PETERS",2,1,0,0,1,2019,October,Wednesday,12:00 PM,50,Cross Road,Straight road,Level,Not Applicable,Sealed,Dry,Not Raining,Daylight,Right Angle,1,Driver Rider,2: MI,Roundabout,,,1331844.74,1671411.97,1.33E+13
2019-9993-27/05/2021,2 Metropolitan,PLYMPTON,5038,CITY OF WEST TORRENS,2,2,0,0,2,2019,October,Wednesday,12:01 PM,60,T-Junction,Straight road,Level,Not Applicable,Sealed,Dry,Not Raining,Daylight,Hit Fixed Object,1,Driver Rider,2: MI,No Control,,,1323849.43,1666497.73,1.32E+13
2019-9994-27/05/2021,2 Metropolitan,SALISBURY PLAIN,5109,CITY OF SALISBURY,2,0,0,0,0,2019,October,Wednesday,6:15 AM,80,Divided Road,Straight road,Level,Not Applicable,Sealed,Dry,Not Raining,Night,Rear End,1,Driver Rider,1: PDO,No Control,,,1335332.85,1687973.09,1.34E+13
2019-9995-27/05/2021,2 Metropolitan,RICHMOND,5033,CITY OF WEST TORRENS,2,1,0,0,1,2019,October,Monday,7:45 PM,60,Multiple,Straight road,Level,Not Applicable,Sealed,Dry,Not Raining,Night,Rear End,2,Driver Rider,2: MI,Traffic Signals,,,1325793.27,1669439.92,1.33E+13
2019-9996-27/05/2021,3 Country,PORT LINCOLN,5606,CC PT.LINCOLN.                ,2,1,0,0,1,2019,September,Sunday,8:55 AM,50,Cross Road,Straight road,Slope,Not Applicable,Sealed,Wet,Not Raining,Daylight,Right Angle,1,Driver Rider,2: MI,Roundabout,,,1078425.94,1698452.72,1.08E+13
2019-9997-27/05/2021,2 Metropolitan,OAKLANDS PARK,5046,CC MARION.                    ,2,0,0,0,0,2019,October,Wednesday,12:00 PM,50,Not Divided,Straight road,Level,Not Applicable,Sealed,Dry,Not Raining,Daylight,Hit Pedestrian,2,Pedestrian,1: PDO,No Control,,,1322823.16,1661112.11,1.32E+13
2019-9998-27/05/2021,2 Metropolitan,MORPHETT VALE,5162,CITY OF ONKAPARINGA,2,1,0,0,1,2019,October,Wednesday,1:00 PM,60,Not Divided,Straight road,Level,Driveway or Entrance,Sealed,Dry,Not Raining,Daylight,Rear End,1,Driver Rider,2: MI,No Control,,,1321948.08,1649385.68,1.32E+13
2019-9999-27/05/2021,2 Metropolitan,COWANDILLA,5033,CITY OF WEST TORRENS,2,0,0,0,0,2019,October,Tuesday,5:30 PM,60,Divided Road,Straight road,Level,Not Applicable,Sealed,Dry,Not Raining,Daylight,Hit Parked Vehicle,1,Driver Rider,1: PDO,No Control,,,1324733.99,1670063.16,1.32E+13
2019-10000-27/05/2021,2 Metropolitan,NOARLUNGA CENTRE,5168,CITY OF ONKAPARINGA,2,2,0,0,2,2019,October,Wednesday,2:50 PM,60,Not Divided,Straight road,Level,Driveway or Entrance,Sealed,Dry,Not Raining,Daylight,Rear End,2,Driver Rider,2: MI,No Control,,,1317449.39,1647428.61,1.32E+13
2019-10001-27/05/2021,2 Metropolitan,NORTHFIELD,5085,CITY OF PORT ADELAIDE ENFIELD,2,0,0,0,0,2019,October,Wednesday,1:30 PM,50,T-Junction,Straight road,Level,Not Applicable,Sealed,Dry,Not Raining,Daylight,Right Angle,2,Driver Rider,1: PDO,No Control,,,1330747.02,1678815.68,1.33E+13
2019-10002-27/05/2021,2 Metropolitan,CROYDON PARK,5008,CITY OF PORT ADELAIDE ENFIELD,2,0,0,0,0,2019,October,Wednesday,2:40 PM,60,Multiple,Straight road,Level,Not Applicable,Sealed,Dry,Not Raining,Daylight,Right Turn,2,Driver Rider,1: PDO,Traffic Signals,,,1325634.17,1675124.25,1.33E+13
2019-10003-27/05/2021,2 Metropolitan,TORRENSVILLE,5031,CITY OF WEST TORRENS,2,0,0,0,0,2019,October,Tuesday,8:20 AM,50,Divided Road,Straight road,Level,Not Applicable,Sealed,Dry,Not Raining,Daylight,Rear End,2,Driver Rider,1: PDO,Roundabout,,,1325154.72,1672039.58,1.33E+13
2019-10004-27/05/2021,2 Metropolitan,MAGILL,5072,CC CAMPBELLTOWN.              ,2,0,0,0,0,2019,October,Wednesday,2:52 PM,60,T-Junction,Straight road,Level,Not Applicable,Sealed,Dry,Not Raining,Daylight,Rear End,2,Driver Rider,1: PDO,No Control,,,1335469.05,1672389.34,1.34E+13
2019-10005-27/05/2021,2 Metropolitan,PARADISE,5075,CC CAMPBELLTOWN.              ,2,0,0,0,0,2019,October,Wednesday,7:50 AM,60,T-Junction,Straight road,Bottom of Hill,Not Applicable,Sealed,Dry,Not Raining,Daylight,Rear End,2,Driver Rider,1: PDO,Traffic Signals,,,1334461.82,1676974.32,1.33E+13
2019-10006-27/05/2021,2 Metropolitan,WOODVILLE NORTH,5012,CITY OF CHARLES STURT,2,0,0,0,0,2019,October,Wednesday,5:00 PM,60,T-Junction,Straight road,Level,Not Applicable,Sealed,Dry,Not Raining,Daylight,Right Angle,2,Driver Rider,1: PDO,No Control,,,1323071.68,1677132.34,1.32E+13
2019-10007-27/05/2021,2 Metropolitan,PLYMPTON PARK,5038,CC MARION.                    ,2,0,0,0,0,2019,October,Wednesday,5:20 PM,60,T-Junction,Straight road,Level,Not Applicable,Sealed,Dry,Not Raining,Daylight,Right Turn,2,Driver Rider,1: PDO,No Control,,,1324245.27,1665892.26,1.32E+13
2019-10008-27/05/2021,2 Metropolitan,PARAFIELD GARDENS,5107,CITY OF SALISBURY,3,0,0,0,0,2019,October,Wednesday,6:35 PM,60,Divided Road,Straight road,Level,Not Applicable,Sealed,Dry,Not Raining,Daylight,Rear End,1,Driver Rider,1: PDO,No Control,,,1329970.81,1684960.37,1.33E+13
2019-10009-27/05/2021,2 Metropolitan,ST MARYS,5042,CC MITCHAM.                   ,2,0,0,0,0,2019,October,Wednesday,5:30 PM,60,Cross Road,Straight road,Level,Not Applicable,Sealed,Dry,Not Raining,Daylight,Right Turn,2,Driver Rider,1: PDO,Traffic Signals,,,1325965.45,1663318.74,1.33E+13
2019-10010-27/05/2021,3 Country,PENOLA,5277,WATTLE RANGE COUNCIL,2,1,0,0,1,2019,October,Wednesday,4:50 PM,100,Not Divided,"CURVED, VIEW OPEN",Level,Not Applicable,Sealed,Wet,Raining,Daylight,Roll Over,1,Driver Rider,2: MI,No Control,,,1523751.25,1391698.72,1.52E+13
2019-10011-27/05/2021,2 Metropolitan,SEATON,5023,CITY OF CHARLES STURT,4,1,0,0,1,2019,October,Wednesday,6:25 PM,60,Divided Road,Straight road,Level,Not Applicable,Sealed,Dry,Not Raining,Daylight,Rear End,1,Driver Rider,2: MI,No Control,,,1320763.41,1674281.67,1.32E+13
2019-10012-27/05/2021,2 Metropolitan,CLELAND,5152,THE ADELAIDE HILLS COUNCIL,2,1,0,0,1,2019,October,Wednesday,3:40 PM,100,Not Divided,"CURVED, VIEW OPEN",Slope,Not Applicable,Unsealed,Dry,Not Raining,Daylight,Hit Fixed Object,1,Driver Rider,2: MI,No Control,,,1339027.4,1665434.13,1.34E+13
2019-10013-27/05/2021,2 Metropolitan,BALHANNAH,5242,THE ADELAIDE HILLS COUNCIL,2,1,0,0,1,2019,October,Wednesday,5:25 PM,80,Not Divided,Straight road,Level,Not Applicable,Sealed,Dry,Not Raining,Daylight,Hit Fixed Object,1,Driver Rider,2: MI,No Control,,,1347356.72,1661550.93,1.35E+13
2019-10014-27/05/2021,2 Metropolitan,ALDINGA BEACH,5173,CITY OF ONKAPARINGA,2,0,0,0,0,2019,October,Wednesday,5:05 PM,50,T-Junction,"CURVED, VIEW OPEN",Level,Not Applicable,Sealed,Dry,Not Raining,Daylight,Hit Fixed Object,1,Driver Rider,1: PDO,No Control,Y,,1314965.43,1631973.71,1.31E+13
2019-10015-27/05/2021,3 Country,OB FLAT,5291,DISTRICT COUNCIL OF GRANT,2,0,0,0,0,2019,October,Wednesday,9:00 PM,110,Not Divided,Straight road,Level,Not Applicable,Sealed,Dry,Not Raining,Night,Hit Animal,2,Animal,1: PDO,No Control,,,1510994.03,1336288.21,1.51E+13
2019-10016-27/05/2021,3 Country,GOOLWA BEACH,5214,ALEXANDRINA COUNCIL,2,2,0,0,2,2019,October,Wednesday,1:00 PM,50,Not Divided,Straight road,Level,Not Applicable,Sealed,Dry,Not Raining,Daylight,Hit Parked Vehicle,1,Driver Rider,2: MI,No Control,,,1342353.06,1605875.11,1.34E+13
2019-10017-27/05/2021,2 Metropolitan,POORAKA,5095,CITY OF SALISBURY,2,1,0,0,1,2019,October,Thursday,7:05 AM,70,T-Junction,Straight road,Level,Not Applicable,Sealed,Dry,Not Raining,Daylight,Right Angle,2,Driver Rider,2: MI,Traffic Signals,,,1329917.43,1680996.65,1.33E+13
2019-10018-27/05/2021,2 Metropolitan,OAKDEN,5086,CITY OF PORT ADELAIDE ENFIELD,4,0,0,0,0,2019,October,Thursday,7:50 AM,70,Divided Road,Straight road,Level,Not Applicable,Sealed,Dry,Not Raining,Daylight,Rear End,1,Driver Rider,1: PDO,No Control,,,1332205.09,1679302.76,1.33E+13
2019-10019-27/05/2021,2 Metropolitan,GAWLER EAST,5118,CT GAWLER.                    ,2,0,0,0,0,2019,October,Thursday,8:30 AM,50,Cross Road,Straight road,Slope,Not Applicable,Sealed,Dry,Not Raining,Daylight,Right Angle,2,Driver Rider,1: PDO,Stop Sign,,,1343430.21,1705742.02,1.34E+13
2019-10020-27/05/2021,2 Metropolitan,MAWSON LAKES,5095,CITY OF SALISBURY,2,0,0,0,0,2019,October,Wednesday,1:00 PM,50,T-Junction,Straight road,Level,Not Applicable,Sealed,Dry,Not Raining,Daylight,Right Angle,2,Driver Rider,1: PDO,No Control,,,1330210.07,1683922.24,1.33E+13
2019-10021-27/05/2021,2 Metropolitan,TORRENSVILLE,5031,CITY OF WEST TORRENS,4,1,0,0,1,2019,October,Thursday,8:34 AM,50,Not Divided,Straight road,Level,Not Applicable,Sealed,Dry,Not Raining,Daylight,Hit Parked Vehicle,1,Driver Rider,2: MI,No Control,,,1324728.19,1670577.18,1.32E+13
2019-10022-27/05/2021,2 Metropolitan,TRINITY GARDENS,5068,CITY OF BURNSIDE,2,0,0,0,0,2019,October,Thursday,8:55 AM,60,Not Divided,Straight road,Level,Driveway or Entrance,Sealed,Dry,Not Raining,Daylight,Side Swipe,2,Driver Rider,1: PDO,No Control,,,1332437.36,1671767.26,1.33E+13
2019-10023-27/05/2021,3 Country,ANGASTON,5353,THE BAROSSA COUNCIL.,2,0,0,0,0,2019,October,Thursday,8:30 AM,100,Not Divided,"CURVED, VIEW OPEN",Level,Not Applicable,Sealed,Dry,Not Raining,Daylight,Hit Fixed Object,1,Driver Rider,1: PDO,No Control,,,1373418.45,1714262.79,1.37E+13
2019-10024-27/05/2021,2 Metropolitan,ST PETERS,5069,"CC OF NORWOOD,PAYNEHAM & ST PETERS",2,0,0,0,0,2019,October,Wednesday,3:30 PM,60,Cross Road,Straight road,Level,Not Applicable,Sealed,Dry,Not Raining,Daylight,Right Angle,1,Driver Rider,1: PDO,Stop Sign,,,1330501.49,1673165.61,1.33E+13
2019-10025-27/05/2021,2 Metropolitan,STIRLING,5152,THE ADELAIDE HILLS COUNCIL,1,1,1,0,0,2019,October,Thursday,9:06 AM,10,Other,Straight road,Level,Not Applicable,Sealed,Dry,Not Raining,Daylight,Other,1,Driver Rider,4: Fatal,No Control,,,1338953.61,1661300.54,1.34E+13
2019-10026-27/05/2021,3 Country,PINNAROO,5304,SOUTHERN MALLEE DISTRICT COUNCIL,2,2,0,1,1,2019,October,Thursday,7:00 AM,100,Not Divided,"CURVED, VIEW OPEN",Level,Not Applicable,Unsealed,Dry,Not Raining,Daylight,Hit Fixed Object,1,Driver Rider,3: SI,No Control,,,1542335.75,1638038.81,1.54E+13
2019-10027-27/05/2021,3 Country,MORGAN,5320,MID MURRAY DISTRICT COUNCIL,2,0,0,0,0,2019,October,Sunday,1:30 PM,110,Not Divided,Straight road,Level,Not Applicable,Sealed,Dry,Not Raining,Daylight,Hit Fixed Object,1,Driver Rider,1: PDO,No Control,,,1426383.99,1763462.14,1.43E+13
2019-10028-27/05/2021,3 Country,MOONTA,5558,COPPER COAST DISTRICT COUNCIL,2,0,0,0,0,2019,October,Wednesday,1:22 PM,50,Cross Road,Straight road,Level,Not Applicable,Sealed,Dry,Not Raining,Daylight,Right Angle,1,Driver Rider,1: PDO,Stop Sign,,,1238857.39,1768157.52,1.24E+13
2019-10029-27/05/2021,2 Metropolitan,BLAIR ATHOL,5084,CITY OF PORT ADELAIDE ENFIELD,2,0,0,0,0,2019,October,Thursday,11:45 AM,60,T-Junction,Straight road,Level,Not Applicable,Sealed,Dry,Not Raining,Daylight,Side Swipe,1,Driver Rider,1: PDO,No Control,,,1328852.8,1676903.19,1.33E+13
2019-10030-27/05/2021,2 Metropolitan,MORPHETT VALE,5162,CITY OF ONKAPARINGA,2,0,0,0,0,2019,October,Thursday,10:30 AM,60,T-Junction,Straight road,Level,Not Applicable,Sealed,Dry,Not Raining,Daylight,Side Swipe,1,Driver Rider,1: PDO,No Control,,,1320606.53,1649851.76,1.32E+13
2019-10031-27/05/2021,2 Metropolitan,UNLEY,5061,CITY OF UNLEY,2,1,0,1,0,2019,October,Thursday,1:45 PM,60,T-Junction,Straight road,Level,Not Applicable,Sealed,Dry,Not Raining,Daylight,Side Swipe,1,Driver Rider,3: SI,No Control,,,1328785.57,1668956.37,1.33E+13
2019-10032-27/05/2021,2 Metropolitan,TAPEROO,5017,CITY OF PORT ADELAIDE ENFIELD,3,1,0,0,1,2019,October,Thursday,1:55 PM,60,Divided Road,Straight road,Level,Not Applicable,Sealed,Dry,Not Raining,Daylight,Hit Fixed Object,1,Driver Rider,2: MI,No Control,,,1319900.83,1683731.9,1.32E+13
2019-10033-27/05/2021,2 Metropolitan,PORT ADELAIDE,5015,CITY OF PORT ADELAIDE ENFIELD,3,1,0,0,1,2019,October,Thursday,2:50 PM,50,T-Junction,Straight road,Level,Not Applicable,Sealed,Dry,Not Raining,Daylight,Rear End,1,Driver Rider,2: MI,No Control,,,1320392.26,1679483.26,1.32E+13
2019-10034-27/05/2021,2 Metropolitan,ST PETERS,5069,"CC OF NORWOOD,PAYNEHAM & ST PETERS",2,1,0,0,1,2019,October,Thursday,2:25 PM,60,T-Junction,Straight road,Level,Not Applicable,Sealed,Dry,Not Raining,Daylight,Right Angle,2,Driver Rider,2: MI,No Control,,,1331000.86,1672251.3,1.33E+13
2019-10035-27/05/2021,2 Metropolitan,PARKSIDE,5063,CITY OF UNLEY,2,0,0,0,0,2019,October,Wednesday,7:10 AM,60,Divided Road,Straight road,Level,Not Applicable,Sealed,Dry,Not Raining,Daylight,Side Swipe,2,Driver Rider,1: PDO,No Control,,,1329556.91,1668995.31,1.33E+13
2019-10036-27/05/2021,2 Metropolitan,ELIZABETH,5112,CITY OF PLAYFORD.,2,0,0,0,0,2019,October,Thursday,3:45 PM,50,Cross Road,Straight road,Level,Not Applicable,Sealed,Dry,Not Raining,Daylight,Right Angle,1,Driver Rider,1: PDO,Give Way Sign,,,1335599.14,1693752.48,1.34E+13
2019-10037-27/05/2021,2 Metropolitan,BELAIR,5052,CC MITCHAM.                   ,2,3,0,0,3,2019,October,Thursday,3:45 PM,60,Not Divided,"CURVED, VIEW OBSCURED",Slope,Not Applicable,Sealed,Dry,Not Raining,Daylight,Head On,1,Driver Rider,2: MI,No Control,,,1329913.56,1662551.73,1.33E+13
2019-10038-27/05/2021,2 Metropolitan,MARRYATVILLE,5068,"CC OF NORWOOD,PAYNEHAM & ST PETERS",2,0,0,0,0,2019,October,Thursday,3:06 PM,60,Cross Road,Straight road,Level,Not Applicable,Sealed,Dry,Not Raining,Daylight,Rear End,1,Driver Rider,1: PDO,Traffic Signals,,,1332269.85,1670409.71,1.33E+13
2019-10039-27/05/2021,2 Metropolitan,INGLE FARM,5098,CITY OF SALISBURY,3,0,0,0,0,2019,October,Thursday,4:50 PM,60,Divided Road,Straight road,Level,Not Applicable,Sealed,Dry,Not Raining,Daylight,Rear End,1,Driver Rider,1: PDO,No Control,,,1332152.79,1681811.35,1.33E+13
2019-10040-27/05/2021,2 Metropolitan,ST MARYS,5042,CC MITCHAM.                   ,2,0,0,0,0,2019,October,Thursday,6:00 PM,60,T-Junction,Straight road,Level,Not Applicable,Sealed,Dry,Not Raining,Daylight,Right Angle,2,Driver Rider,1: PDO,Stop Sign,,,1326615.52,1663325.11,1.33E+13
2019-10041-27/05/2021,2 Metropolitan,OLD REYNELLA,5161,CITY OF ONKAPARINGA,2,0,0,0,0,2019,October,Thursday,5:00 PM,50,Not Divided,Straight road,Level,Driveway or Entrance,Sealed,Dry,Not Raining,Daylight,Right Angle,2,Driver Rider,1: PDO,No Control,,,1322377.38,1652279.86,1.32E+13