REPORT_ID,Stats Area,Suburb,Postcode,LGA Name,Total Units,Total Cas,Total Fats,Total SI,Total MI,Year,Month,Day,Time,Area Speed,Position Type,Horizontal Align,Vertical Align,Other Feat,Road Surface,Moisture Cond,Weather Cond,DayNight,Crash Type,Unit Resp,Entity Code,CSEF Severity,Traffic Ctrls,DUI Involved,Drugs Involved,ACCLOC_X,ACCLOC_Y,UNIQUE_LOC
2019-10124-27/05/2021,3 Country,MOUNT GAMBIER,5290,CC MT.GAMBIER.                ,2,1,0,1,0,2019,October,Saturday,5:21 PM,60,T-Junction,Straight road,Level,Not Applicable,Sealed,Dry,Not Raining,Daylight,Right Angle,1,Driver Rider,3: SI,No Control,,Y,1510778.62,1340230.79,1.51E+13
2019-10125-27/05/2021,2 Metropolitan,LONSDALE,5160,CITY OF ONKAPARINGA,2,0,0,0,0,2019,October,Friday,5:10 PM,100,Divided Road,Straight road,Level,Not Applicable,Sealed,Dry,Not Raining,Daylight,Rear End,1,Driver Rider,1: PDO,No Control,,,1319550.68,1650150,1.32E+13
2019-10126-27/05/2021,2 Metropolitan,PROSPECT,5085,CITY OF PROSPECT,2,0,0,0,0,2019,October,Saturday,6:50 PM,60,Cross Road,Straight road,Level,Not Applicable,Sealed,Dry,Not Raining,Daylight,Right Turn,2,Driver Rider,1: PDO,Traffic Signals,,,1328862.28,1676441.72,1.33E+13
2019-10127-27/05/2021,2 Metropolitan,HUNTFIELD HEIGHTS,5163,CITY OF ONKAPARINGA,2,0,0,0,0,2019,October,Saturday,7:15 PM,50,Not Divided,Straight road,Level,Not Applicable,Sealed,Dry,Not Raining,Daylight,Hit Parked Vehicle,2,Driver Rider,1: PDO,No Control,,,1319364.71,1644593.58,1.32E+13
2019-10128-27/05/2021,2 Metropolitan,EDINBURGH NORTH,5113,CITY OF PLAYFORD.,2,0,0,0,0,2019,October,Saturday,6:55 PM,60,Not Divided,Straight road,Level,Not Applicable,Sealed,Dry,Not Raining,Daylight,Hit Fixed Object,1,Driver Rider,1: PDO,No Control,Y,,1334792.29,1695589.56,1.33E+13
2019-10129-27/05/2021,1 City,ADELAIDE,5000,CITY OF ADELAIDE,3,0,0,0,0,2019,October,Saturday,9:50 PM,50,Divided Road,Straight road,Level,Not Applicable,Sealed,Dry,Not Raining,Night,Side Swipe,1,Driver Rider,1: PDO,No Control,,Y,1328483.11,1671134.87,1.33E+13
2019-10130-27/05/2021,2 Metropolitan,MAWSON LAKES,5095,CITY OF SALISBURY,2,0,0,0,0,2019,October,Saturday,9:40 PM,40,T-Junction,Unknown,Level,Not Applicable,Unsealed,Dry,Not Raining,Night,Hit Fixed Object,1,Driver Rider,1: PDO,No Control,,,1330397.94,1684153.53,1.33E+13
2019-10131-27/05/2021,2 Metropolitan,CUMBERLAND PARK,5041,CC MITCHAM.                   ,2,1,0,0,1,2019,October,Saturday,10:10 PM,50,Not Divided,Straight road,Level,Not Applicable,Sealed,Dry,Not Raining,Night,Hit Fixed Object,1,Driver Rider,2: MI,No Control,,,1326690.54,1666024.09,1.33E+13
2019-10132-27/05/2021,3 Country,STIRLING NORTH,5710,CC PT.AUGUSTA.                ,2,0,0,0,0,2019,October,Saturday,10:25 PM,50,Not Divided,Straight road,Level,Not Applicable,Sealed,Dry,Not Raining,Night,Hit Fixed Object,1,Driver Rider,1: PDO,No Control,,,1266586.97,1939567.47,1.27E+13
2019-10133-27/05/2021,2 Metropolitan,WOODVILLE WEST,5011,CITY OF CHARLES STURT,2,1,0,1,0,2019,October,Sunday,12:50 AM,60,Multiple,Straight road,Level,Not Applicable,Sealed,Dry,Not Raining,Night,Rear End,1,Driver Rider,3: SI,Traffic Signals,,,1322354.24,1676151.89,1.32E+13
2019-10134-27/05/2021,3 Country,PORT LINCOLN,5606,CC PT.LINCOLN.                ,3,0,0,0,0,2019,October,Sunday,12:55 AM,50,Cross Road,Straight road,Level,Not Applicable,Sealed,Dry,Not Raining,Night,Hit Fixed Object,1,Driver Rider,1: PDO,Roundabout,,,1078638.34,1698334.95,1.08E+13
2019-10135-27/05/2021,2 Metropolitan,TAPEROO,5017,CITY OF PORT ADELAIDE ENFIELD,2,0,0,0,0,2019,October,Sunday,5:45 AM,60,Divided Road,Straight road,Level,Not Applicable,Sealed,Dry,Not Raining,Night,Side Swipe,2,Driver Rider,1: PDO,No Control,,,1319919.83,1683719.49,1.32E+13
2019-10136-27/05/2021,2 Metropolitan,PARA HILLS,5096,CITY OF SALISBURY,3,0,0,0,0,2019,October,Sunday,6:30 AM,50,Not Divided,"CURVED, VIEW OPEN",Crest of Hill,Not Applicable,Sealed,Dry,Not Raining,Night,Hit Fixed Object,1,Driver Rider,1: PDO,No Control,,,1334230.16,1683074.56,1.33E+13
2019-10137-27/05/2021,2 Metropolitan,ATHELSTONE,5076,CC CAMPBELLTOWN.              ,3,0,0,0,0,2019,October,Sunday,4:09 AM,60,Not Divided,"CURVED, VIEW OPEN",Slope,Not Applicable,Sealed,Dry,Not Raining,Night,Hit Fixed Object,1,Driver Rider,1: PDO,No Control,,,1338204.07,1676591.13,1.34E+13
2019-10138-27/05/2021,2 Metropolitan,KLEMZIG,5087,CITY OF PORT ADELAIDE ENFIELD,4,1,0,0,1,2019,October,Sunday,8:40 AM,60,Cross Road,Straight road,Level,Not Applicable,Sealed,Dry,Not Raining,Daylight,Rear End,1,Driver Rider,2: MI,Traffic Signals,,Y,1331685.71,1676259.54,1.33E+13
2019-10139-27/05/2021,2 Metropolitan,NORWOOD,5067,"CC OF NORWOOD,PAYNEHAM & ST PETERS",2,0,0,0,0,2019,October,Sunday,10:50 AM,60,Cross Road,Straight road,Slope,Not Applicable,Sealed,Dry,Not Raining,Daylight,Right Turn,1,Driver Rider,1: PDO,Stop Sign,,,1331874.28,1670398.69,1.33E+13
2019-10140-27/05/2021,2 Metropolitan,MILLSWOOD,5034,CITY OF UNLEY,2,0,0,0,0,2019,October,Saturday,2:30 PM,50,T-Junction,Straight road,Level,Not Applicable,Sealed,Dry,Not Raining,Daylight,Rear End,2,Driver Rider,1: PDO,Stop Sign,,,1327473.12,1667380.9,1.33E+13
2019-10141-27/05/2021,2 Metropolitan,SELLICKS HILL,5174,CITY OF ONKAPARINGA,2,1,0,0,1,2019,October,Sunday,10:58 AM,80,T-Junction,Straight road,Level,Not Applicable,Sealed,Dry,Not Raining,Daylight,Hit Animal,2,Animal,2: MI,No Control,,Y,1317876.2,1629994.64,1.32E+13
2019-10142-27/05/2021,3 Country,ARCOONA,5720,,1,1,0,0,1,2019,October,Saturday,3:15 PM,110,Not Divided,Straight road,Level,Not Applicable,Sealed,Dry,Not Raining,Daylight,Roll Over,1,Driver Rider,2: MI,No Control,,,1161863.93,2081199.2,1.16E+13
2019-10143-27/05/2021,1 City,ADELAIDE,5000,CITY OF ADELAIDE,2,0,0,0,0,2019,October,Sunday,11:45 AM,50,Not Divided,Straight road,Level,Not Applicable,Sealed,Dry,Not Raining,Daylight,Side Swipe,2,Driver Rider,1: PDO,No Control,,,1327928.07,1670411.64,1.33E+13
2019-10144-27/05/2021,3 Country,PASKEVILLE,5552,BARUNGA WEST DISTRICT COUNCIL,1,1,0,0,1,2019,October,Saturday,4:55 PM,100,Cross Road,Straight road,Level,Not Applicable,Sealed,Dry,Not Raining,Daylight,Roll Over,1,Driver Rider,2: MI,Give Way Sign,,,1268863.59,1774703.32,1.27E+13
2019-10145-27/05/2021,2 Metropolitan,SELLICKS BEACH,5174,CITY OF ONKAPARINGA,2,0,0,0,0,2019,October,Sunday,1:35 PM,50,Not Divided,Straight road,Level,Not Applicable,Sealed,Dry,Not Raining,Daylight,Hit Parked Vehicle,2,Driver Rider,1: PDO,No Control,,,1313188.37,1625581.19,1.31E+13
2019-10146-27/05/2021,2 Metropolitan,MAWSON LAKES,5095,CITY OF SALISBURY,2,0,0,0,0,2019,October,Sunday,2:29 PM,60,Divided Road,Straight road,Level,Not Applicable,Sealed,Dry,Not Raining,Daylight,Hit Fixed Object,1,Driver Rider,1: PDO,No Control,,,1330776.6,1683827.97,1.33E+13
2019-10147-27/05/2021,1 City,ADELAIDE,5000,CITY OF ADELAIDE,2,0,0,0,0,2019,October,Sunday,3:05 PM,50,Cross Road,Straight road,Level,Not Applicable,Sealed,Dry,Not Raining,Daylight,Right Angle,1,Driver Rider,1: PDO,Traffic Signals,,,1328488.03,1669878.9,1.33E+13
2019-10148-27/05/2021,2 Metropolitan,MUNNO PARA,5115,CITY OF PLAYFORD.,2,2,0,0,2,2019,October,Sunday,1:10 PM,50,Cross Road,Straight road,Level,Not Applicable,Sealed,Dry,Not Raining,Daylight,Right Turn,1,Driver Rider,2: MI,Traffic Signals,,,1336828.02,1698757.52,1.34E+13
2019-10149-27/05/2021,2 Metropolitan,MYLOR,5153,DC MT.BARKER.                 ,3,0,0,0,0,2019,October,Sunday,4:40 PM,80,Not Divided,Straight road,Slope,Not Applicable,Sealed,Dry,Not Raining,Daylight,Hit Fixed Object,1,Driver Rider,1: PDO,No Control,,,1344064.21,1657361.99,1.34E+13
2019-10150-27/05/2021,3 Country,PURPLE DOWNS,5720,,2,0,0,0,0,2019,October,Sunday,5:30 PM,110,Not Divided,Straight road,Level,Not Applicable,Sealed,Dry,Not Raining,Daylight,Hit Fixed Object,1,Driver Rider,1: PDO,No Control,,,1181755.04,2116789.59,1.18E+13
2019-10151-27/05/2021,3 Country,SEDAN,5353,MID MURRAY DISTRICT COUNCIL,2,0,0,0,0,2019,October,Saturday,5:30 PM,110,Not Divided,Straight road,Level,Not Applicable,Sealed,Dry,Not Raining,Daylight,Hit Fixed Object,1,Driver Rider,1: PDO,No Control,,,1395756.12,1707313.13,1.40E+13
2019-10152-27/05/2021,2 Metropolitan,UPPER STURT,5156,THE ADELAIDE HILLS COUNCIL,1,0,0,0,0,2019,October,Sunday,6:40 PM,60,Not Divided,"CURVED, VIEW OBSCURED",Slope,Not Applicable,Sealed,Wet,Raining,Daylight,Left Road - Out of Control,1,Driver Rider,1: PDO,No Control,,,1335272.18,1659671.79,1.34E+13
2019-10153-27/05/2021,2 Metropolitan,MOUNT BARKER,5251,DC MT.BARKER.                 ,2,0,0,0,0,2019,October,Sunday,9:45 PM,80,Not Divided,Straight road,Level,Not Applicable,Sealed,Dry,Not Raining,Night,Hit Fixed Object,1,Driver Rider,1: PDO,No Control,,,1352863.78,1651600.12,1.35E+13
2019-10154-27/05/2021,2 Metropolitan,WOODVILLE WEST,5011,CITY OF CHARLES STURT,3,1,1,0,0,2019,October,Sunday,7:30 PM,50,Not Divided,Straight road,Level,Not Applicable,Sealed,Dry,Not Raining,Night,Roll Over,1,Driver Rider,4: Fatal,No Control,,Y,1322326.57,1674897.3,1.32E+13
2019-10155-27/05/2021,2 Metropolitan,MUNNO PARA WEST,5115,CITY OF PLAYFORD.,2,0,0,0,0,2019,October,Sunday,9:30 PM,50,Not Divided,Straight road,Level,Not Applicable,Sealed,Dry,Not Raining,Night,Hit Parked Vehicle,1,Driver Rider,1: PDO,No Control,Y,,1337003.24,1700417.99,1.34E+13
2019-10156-27/05/2021,2 Metropolitan,VIRGINIA,5120,CITY OF PLAYFORD.,2,0,0,0,0,2019,October,Sunday,11:02 PM,90,T-Junction,Straight road,Level,Not Applicable,Sealed,Dry,Not Raining,Night,Hit Fixed Object,1,Driver Rider,1: PDO,Give Way Sign,,,1326855.31,1701383.3,1.33E+13
2019-10157-27/05/2021,2 Metropolitan,WOODVILLE SOUTH,5011,CITY OF CHARLES STURT,2,0,0,0,0,2019,October,Monday,3:44 AM,50,Not Divided,Straight road,Level,Not Applicable,Sealed,Dry,Not Raining,Night,Hit Parked Vehicle,1,Driver Rider,1: PDO,No Control,,,1323251.05,1674635.17,1.32E+13
2019-10158-27/05/2021,2 Metropolitan,WATERLOO CORNER,5110,CITY OF PLAYFORD.,3,0,0,0,0,2019,October,Monday,6:45 AM,90,Divided Road,Straight road,Level,Not Applicable,Sealed,Dry,Not Raining,Daylight,Rear End,1,Driver Rider,1: PDO,No Control,,,1326751.74,1695618.18,1.33E+13
2019-10159-27/05/2021,2 Metropolitan,PROSPECT,5082,CITY OF PROSPECT,2,0,0,0,0,2019,October,Monday,7:54 AM,60,Cross Road,"CURVED, VIEW OPEN",Level,Not Applicable,Sealed,Dry,Not Raining,Daylight,Side Swipe,2,Driver Rider,1: PDO,Traffic Signals,,,1327235.97,1676403.16,1.33E+13
2019-10160-27/05/2021,3 Country,MURRAY BRIDGE,5253,RC MURRAY BRIDGE.             ,2,0,0,0,0,2019,October,Monday,7:00 AM,50,Cross Road,Straight road,Level,Not Applicable,Sealed,Dry,Not Raining,Daylight,Right Angle,1,Driver Rider,1: PDO,Give Way Sign,,,1389126.37,1645461.85,1.39E+13
2019-10161-27/05/2021,2 Metropolitan,GEPPS CROSS,5094,CITY OF PORT ADELAIDE ENFIELD,2,0,0,0,0,2019,October,Monday,8:30 AM,60,Divided Road,Straight road,Slope,Not Applicable,Sealed,Dry,Not Raining,Daylight,Rear End,2,Driver Rider,1: PDO,No Control,,,1327954.79,1679255.25,1.33E+13
2019-10162-27/05/2021,2 Metropolitan,OTTOWAY,5013,CITY OF PORT ADELAIDE ENFIELD,2,0,0,0,0,2019,October,Monday,9:30 AM,60,T-Junction,"CURVED, VIEW OPEN",Level,Not Applicable,Sealed,Dry,Not Raining,Daylight,Right Angle,1,Driver Rider,1: PDO,Traffic Signals,,,1323011.02,1679141.01,1.32E+13
2019-10163-27/05/2021,3 Country,PORT ELLIOT,5212,ALEXANDRINA COUNCIL,2,0,0,0,0,2019,October,Saturday,3:30 PM,50,Not Divided,Straight road,Level,Not Applicable,Unsealed,Dry,Not Raining,Daylight,Hit Pedestrian,1,Driver Rider,1: PDO,No Control,,,1333258.67,1604180.55,1.33E+13
2019-10164-27/05/2021,3 Country,PORT ELLIOT,5212,ALEXANDRINA COUNCIL,2,1,0,1,0,2019,October,Monday,8:00 AM,60,Not Divided,Straight road,Level,Not Applicable,Sealed,Dry,Not Raining,Daylight,Hit Parked Vehicle,1,Driver Rider,3: SI,No Control,,,1333320.96,1604581.41,1.33E+13
2019-10165-27/05/2021,2 Metropolitan,GLENSIDE,5065,CITY OF BURNSIDE,4,1,0,0,1,2019,October,Monday,7:55 AM,60,Cross Road,Straight road,Level,Not Applicable,Sealed,Dry,Not Raining,Daylight,Rear End,2,Driver Rider,2: MI,Traffic Signals,,,1330687.25,1668997.74,1.33E+13
2019-10166-27/05/2021,2 Metropolitan,MAYLANDS,5069,"CC OF NORWOOD,PAYNEHAM & ST PETERS",2,0,0,0,0,2019,October,Monday,11:50 AM,60,Divided Road,Straight road,Level,Not Applicable,Sealed,Dry,Not Raining,Daylight,Hit Parked Vehicle,1,Driver Rider,1: PDO,No Control,,,1332216.73,1672232.36,1.33E+13
2019-10167-27/05/2021,2 Metropolitan,WINDSOR GARDENS,5087,CITY OF PORT ADELAIDE ENFIELD,3,0,0,0,0,2019,October,Monday,9:00 AM,50,T-Junction,Straight road,Slope,Not Applicable,Sealed,Dry,Not Raining,Daylight,Right Angle,2,Driver Rider,1: PDO,No Control,,,1333761.18,1677308.77,1.33E+13
2019-10168-27/05/2021,2 Metropolitan,TORRENSVILLE,5031,CITY OF WEST TORRENS,2,0,0,0,0,2019,October,Monday,12:15 PM,50,Divided Road,Straight road,Level,Not Applicable,Sealed,Dry,Not Raining,Daylight,Side Swipe,1,Driver Rider,1: PDO,No Control,,,1325121.29,1670974,1.33E+13
2019-10169-27/05/2021,2 Metropolitan,ALBERT PARK,5014,CITY OF CHARLES STURT,2,1,0,0,1,2019,October,Monday,2:20 PM,60,T-Junction,"CURVED, VIEW OPEN",Level,Not Applicable,Sealed,Dry,Not Raining,Daylight,Right Turn,1,Driver Rider,2: MI,No Control,,,1322074.53,1676250,1.32E+13
2019-10170-27/05/2021,2 Metropolitan,URRBRAE,5064,CC MITCHAM.                   ,2,1,0,0,1,2019,October,Friday,12:38 PM,60,T-Junction,Straight road,Level,Not Applicable,Sealed,Dry,Not Raining,Daylight,Right Turn,2,Driver Rider,2: MI,No Control,,,1331920.32,1666325.67,1.33E+13
2019-10171-27/05/2021,2 Metropolitan,WALKERVILLE,5081,WALKERVILLE TOWN COUNCIL,3,1,0,0,1,2019,October,Monday,2:45 PM,60,Cross Road,Straight road,Level,Not Applicable,Sealed,Dry,Not Raining,Daylight,Rear End,1,Driver Rider,2: MI,Traffic Signals,,,1329737.51,1674554.59,1.33E+13
2019-10172-27/05/2021,2 Metropolitan,GLEN OSMOND,5064,CITY OF UNLEY,3,0,0,0,0,2019,October,Monday,3:47 PM,60,Not Divided,Straight road,Slope,Not Applicable,Sealed,Dry,Not Raining,Daylight,Side Swipe,2,Driver Rider,1: PDO,No Control,,,1332093.13,1666814.46,1.33E+13
2019-10173-27/05/2021,2 Metropolitan,NORTH PLYMPTON,5037,CITY OF WEST TORRENS,4,0,0,0,0,2019,October,Monday,2:40 PM,50,Not Divided,Straight road,Level,Not Applicable,Sealed,Dry,Not Raining,Daylight,Hit Parked Vehicle,1,Driver Rider,1: PDO,No Control,,Y,1324278.77,1668009.36,1.32E+13
2019-10174-27/05/2021,2 Metropolitan,PARALOWIE,5108,CITY OF SALISBURY,2,1,0,0,1,2019,October,Monday,4:05 PM,90,Divided Road,Straight road,Level,Not Applicable,Sealed,Dry,Not Raining,Daylight,Rear End,2,Driver Rider,2: MI,No Control,,,1328448.44,1688731.4,1.33E+13
2019-10175-27/05/2021,1 City,NORTH ADELAIDE,5006,CITY OF ADELAIDE,2,1,0,1,0,2019,October,Monday,4:25 PM,60,Cross Road,Straight road,Level,Not Applicable,Sealed,Dry,Not Raining,Daylight,Rear End,2,Driver Rider,3: SI,Traffic Signals,,,1327668.37,1673224.8,1.33E+13
2019-10176-27/05/2021,2 Metropolitan,FLINDERS PARK,5025,CITY OF CHARLES STURT,2,0,0,0,0,2019,October,Monday,2:10 PM,60,Divided Road,Straight road,Level,Not Applicable,Sealed,Dry,Not Raining,Daylight,Side Swipe,1,Driver Rider,1: PDO,No Control,,,1322714.37,1673125.72,1.32E+13
2019-10177-27/05/2021,2 Metropolitan,NORWOOD,5067,"CC OF NORWOOD,PAYNEHAM & ST PETERS",2,0,0,0,0,2019,October,Monday,5:40 PM,60,Cross Road,"CURVED, VIEW OPEN",Level,Not Applicable,Sealed,Dry,Not Raining,Daylight,Right Angle,2,Driver Rider,1: PDO,Roundabout,,,1330623.32,1670361.88,1.33E+13
2019-10178-27/05/2021,2 Metropolitan,GLENELG NORTH,5045,CITY OF HOLDFAST BAY,2,1,0,0,1,2019,October,Monday,5:10 PM,50,Cross Road,"CURVED, VIEW OPEN",Level,Not Applicable,Sealed,Dry,Not Raining,Daylight,Right Angle,2,Driver Rider,2: MI,Roundabout,,,1320786.94,1665298.76,1.32E+13
2019-10179-27/05/2021,1 City,ADELAIDE,5000,CITY OF ADELAIDE,2,0,0,0,0,2019,October,Monday,6:15 PM,50,Not Divided,Straight road,Level,Not Applicable,Sealed,Dry,Not Raining,Daylight,Rear End,2,Driver Rider,1: PDO,No Control,,,1329566.55,1670063.58,1.33E+13
2019-10180-27/05/2021,1 City,ADELAIDE,5000,CITY OF ADELAIDE,2,0,0,0,0,2019,October,Monday,5:00 PM,50,Divided Road,Straight road,Slope,Not Applicable,Sealed,Dry,Not Raining,Daylight,Side Swipe,2,Driver Rider,1: PDO,No Control,,,1328376.35,1671145.87,1.33E+13
2019-10181-27/05/2021,2 Metropolitan,ELIZABETH PARK,5113,CITY OF PLAYFORD.,2,0,0,0,0,2019,October,Monday,2:45 PM,80,Cross Road,Straight road,Level,Not Applicable,Sealed,Dry,Not Raining,Daylight,Rear End,2,Driver Rider,1: PDO,Traffic Signals,,,1335937.05,1693272.57,1.34E+13
2019-10182-27/05/2021,2 Metropolitan,HAPPY VALLEY,5159,CITY OF ONKAPARINGA,3,0,0,0,0,2019,October,Monday,4:57 PM,60,Not Divided,"CURVED, VIEW OPEN",Slope,Not Applicable,Sealed,Dry,Not Raining,Daylight,Head On,2,Driver Rider,1: PDO,No Control,,,1327672.87,1652795.3,1.33E+13
2019-10183-27/05/2021,2 Metropolitan,SALISBURY NORTH,5108,CITY OF SALISBURY,2,0,0,0,0,2019,October,Monday,7:55 PM,60,Not Divided,Straight road,Level,Not Applicable,Sealed,Dry,Not Raining,Night,Hit Fixed Object,1,Driver Rider,1: PDO,No Control,,,1330359.37,1690659.8,1.33E+13
2019-10184-27/05/2021,2 Metropolitan,HAWTHORNDENE,5051,CC MITCHAM.                   ,2,1,0,0,1,2019,October,Monday,8:50 AM,60,Cross Road,Straight road,Level,Not Applicable,Sealed,Dry,Not Raining,Daylight,Rear End,2,Driver Rider,2: MI,Give Way Sign,,,1330152.95,1659737.73,1.33E+13
2019-10185-27/05/2021,2 Metropolitan,PORT NOARLUNGA,5167,CITY OF ONKAPARINGA,3,1,0,1,0,2019,October,Monday,8:20 PM,50,Not Divided,Straight road,Slope,Not Applicable,Sealed,Dry,Not Raining,Night,Hit Fixed Object,1,Driver Rider,3: SI,No Control,,,1317303.5,1646264.1,1.32E+13
2019-10186-27/05/2021,2 Metropolitan,SMITHFIELD,5114,CITY OF PLAYFORD.,2,0,0,0,0,2019,October,Monday,8:54 PM,80,Cross Road,Straight road,Level,Not Applicable,Sealed,Dry,Not Raining,Night,Right Angle,2,Driver Rider,1: PDO,Traffic Signals,,,1337612.7,1696654.75,1.34E+13
2019-10187-27/05/2021,2 Metropolitan,LOCKLEYS,5032,CITY OF WEST TORRENS,2,0,0,0,0,2019,October,Tuesday,3:45 AM,50,Not Divided,Straight road,Level,Not Applicable,Sealed,Dry,Not Raining,Night,Hit Fixed Object,1,Driver Rider,1: PDO,No Control,,,1321719.86,1671397.62,1.32E+13
2019-10188-27/05/2021,2 Metropolitan,MORPHETT VALE,5162,CITY OF ONKAPARINGA,2,0,0,0,0,2019,October,Tuesday,6:49 AM,60,T-Junction,Straight road,Level,Not Applicable,Sealed,Dry,Not Raining,Daylight,Right Angle,1,Driver Rider,1: PDO,No Control,,Y,1322728.72,1649912.06,1.32E+13
2019-10189-27/05/2021,2 Metropolitan,MORPHETT VALE,5162,CITY OF ONKAPARINGA,2,0,0,0,0,2019,October,Tuesday,8:17 AM,60,Cross Road,Straight road,Level,Not Applicable,Sealed,Dry,Not Raining,Daylight,Right Angle,2,Driver Rider,1: PDO,Give Way Sign,,,1321143.64,1648704.96,1.32E+13
2019-10190-27/05/2021,2 Metropolitan,MAWSON LAKES,5095,CITY OF SALISBURY,4,0,0,0,0,2019,October,Tuesday,8:15 AM,70,Divided Road,Straight road,Level,Not Applicable,Sealed,Dry,Not Raining,Daylight,Rear End,1,Driver Rider,1: PDO,No Control,,,1329592.35,1684455.48,1.33E+13
2019-10191-27/05/2021,2 Metropolitan,CLAPHAM,5062,CC MITCHAM.                   ,2,0,0,0,0,2019,October,Tuesday,8:05 AM,50,Cross Road,Straight road,Slope,Not Applicable,Sealed,Dry,Not Raining,Daylight,Right Angle,1,Driver Rider,1: PDO,Give Way Sign,,,1328747.53,1663384.8,1.33E+13
2019-10192-27/05/2021,2 Metropolitan,TOORAK GARDENS,5065,CITY OF BURNSIDE,2,1,0,0,1,2019,October,Tuesday,7:25 AM,50,T-Junction,Straight road,Slope,Not Applicable,Sealed,Dry,Not Raining,Daylight,Right Turn,1,Driver Rider,2: MI,No Control,,,1331959.51,1669904.66,1.33E+13
2019-10193-27/05/2021,2 Metropolitan,BRIGHTON,5048,CITY OF HOLDFAST BAY,3,0,0,0,0,2019,October,Tuesday,9:00 AM,60,T-Junction,Straight road,Level,Not Applicable,Sealed,Dry,Not Raining,Daylight,Other,1,Driver Rider,1: PDO,No Control,,,1321147.01,1660371.41,1.32E+13
2019-10194-27/05/2021,2 Metropolitan,MAWSON LAKES,5095,CITY OF SALISBURY,2,0,0,0,0,2019,October,Tuesday,6:55 AM,50,Not Divided,Straight road,Level,Not Applicable,Sealed,Dry,Not Raining,Daylight,Hit Fixed Object,1,Driver Rider,1: PDO,No Control,,,1330187.05,1682612.93,1.33E+13
2019-10195-27/05/2021,2 Metropolitan,CROYDON PARK,5008,CITY OF PORT ADELAIDE ENFIELD,2,1,0,0,1,2019,October,Monday,8:40 PM,50,Not Divided,Straight road,Level,Driveway or Entrance,Sealed,Dry,Not Raining,Night,Rear End,2,Driver Rider,2: MI,No Control,,,1325912.56,1675552.48,1.33E+13
2019-10196-27/05/2021,3 Country,WORROLONG,5291,DISTRICT COUNCIL OF GRANT,3,1,0,0,1,2019,October,Tuesday,10:50 PM,50,Not Divided,Straight road,Level,Not Applicable,Sealed,Dry,Not Raining,Night,Hit Fixed Object,1,Driver Rider,2: MI,No Control,,,1515913.11,1342583.89,1.52E+13
2019-10197-27/05/2021,2 Metropolitan,ALDGATE,5154,THE ADELAIDE HILLS COUNCIL,2,1,0,0,1,2019,October,Tuesday,8:44 AM,50,Not Divided,Straight road,Level,Not Applicable,Sealed,Dry,Not Raining,Daylight,Hit Pedestrian,1,Driver Rider,2: MI,No Control,,,1341732.78,1659924.14,1.34E+13
2019-10198-27/05/2021,2 Metropolitan,CAMPBELLTOWN,5074,CC CAMPBELLTOWN.              ,2,2,0,0,2,2019,October,Tuesday,10:10 AM,60,T-Junction,Straight road,Level,Not Applicable,Sealed,Dry,Not Raining,Daylight,Right Angle,1,Driver Rider,2: MI,No Control,,,1334346.33,1675518.88,1.33E+13
2019-10199-27/05/2021,2 Metropolitan,MYRTLE BANK,5064,CITY OF UNLEY,2,0,0,0,0,2019,October,Tuesday,8:30 AM,50,T-Junction,Straight road,Level,Not Applicable,Sealed,Dry,Not Raining,Daylight,Rear End,2,Driver Rider,1: PDO,No Control,,,1331152.65,1666746.82,1.33E+13
2019-10200-27/05/2021,2 Metropolitan,BLACKWOOD,5051,CC MITCHAM.                   ,3,0,0,0,0,2019,October,Tuesday,8:30 AM,60,Not Divided,Straight road,Level,Not Applicable,Sealed,Dry,Not Raining,Daylight,Rear End,1,Driver Rider,1: PDO,No Control,,,1330285.2,1661166.81,1.33E+13
2019-10201-27/05/2021,2 Metropolitan,LEABROOK,5068,CITY OF BURNSIDE,2,2,0,0,2,2019,October,Tuesday,9:50 AM,60,T-Junction,Straight road,Slope,Not Applicable,Sealed,Dry,Not Raining,Daylight,Right Angle,2,Driver Rider,2: MI,No Control,,,1333153.56,1670440.32,1.33E+13
2019-10202-27/05/2021,2 Metropolitan,POORAKA,5095,CITY OF SALISBURY,1,0,0,0,0,2019,October,Tuesday,11:52 AM,60,T-Junction,Straight road,Slope,Not Applicable,Sealed,Dry,Not Raining,Daylight,Roll Over,1,Driver Rider,1: PDO,Traffic Signals,,,1332559.2,1682321.72,1.33E+13
2019-10203-27/05/2021,2 Metropolitan,ROSE PARK,5067,CITY OF BURNSIDE,2,0,0,0,0,2019,October,Tuesday,9:40 AM,60,Divided Road,Straight road,Level,Not Applicable,Sealed,Dry,Not Raining,Daylight,Side Swipe,2,Driver Rider,1: PDO,No Control,,,1330648.06,1670325.79,1.33E+13
2019-10204-27/05/2021,2 Metropolitan,KLEMZIG,5087,CITY OF PORT ADELAIDE ENFIELD,2,0,0,0,0,2019,October,Tuesday,12:40 PM,60,Cross Road,Straight road,Level,Not Applicable,Sealed,Dry,Not Raining,Daylight,Rear End,2,Driver Rider,1: PDO,Traffic Signals,,,1332072.8,1676595.28,1.33E+13
2019-10205-27/05/2021,2 Metropolitan,MCLAREN VALE,5171,CITY OF ONKAPARINGA,2,1,0,0,1,2019,October,Tuesday,1:30 PM,50,T-Junction,Straight road,Level,Not Applicable,Sealed,Dry,Not Raining,Daylight,Right Angle,1,Driver Rider,2: MI,No Control,,,1321231.56,1639308.67,1.32E+13