REPORT_ID,Stats Area,Suburb,Postcode,LGA Name,Total Units,Total Cas,Total Fats,Total SI,Total MI,Year,Month,Day,Time,Area Speed,Position Type,Horizontal Align,Vertical Align,Other Feat,Road Surface,Moisture Cond,Weather Cond,DayNight,Crash Type,Unit Resp,Entity Code,CSEF Severity,Traffic Ctrls,DUI Involved,Drugs Involved,ACCLOC_X,ACCLOC_Y,UNIQUE_LOC
2019-10368-27/05/2021,2 Metropolitan,ONKAPARINGA HILLS,5163,CITY OF ONKAPARINGA,2,0,0,0,0,2019,October,Saturday,8:45 PM,80,Not Divided,"CURVED, VIEW OBSCURED",Level,Not Applicable,Unsealed,Dry,Not Raining,Night,Hit Fixed Object,1,Driver Rider,1: PDO,No Control,,,1326543.82,1646983.28,1.33E+13
2019-10369-27/05/2021,2 Metropolitan,FULHAM,5024,CITY OF WEST TORRENS,3,0,0,0,0,2019,October,Saturday,8:55 PM,50,Not Divided,Straight road,Level,Not Applicable,Sealed,Dry,Not Raining,Night,Hit Fixed Object,1,Driver Rider,1: PDO,No Control,,,1320558.28,1670405.16,1.32E+13
2019-10370-27/05/2021,2 Metropolitan,BELAIR,5052,CC MITCHAM.                   ,2,0,0,0,0,2019,October,Saturday,9:10 PM,60,Not Divided,"CURVED, VIEW OBSCURED",Crest of Hill,Not Applicable,Sealed,Dry,Not Raining,Night,Hit Fixed Object,1,Driver Rider,1: PDO,No Control,,,1329421.95,1662301.12,1.33E+13
2019-10371-27/05/2021,2 Metropolitan,HILLCREST,5086,CITY OF PORT ADELAIDE ENFIELD,2,0,0,0,0,2019,October,Saturday,7:20 PM,50,T-Junction,Straight road,Level,Roadworks,Unsealed,Dry,Not Raining,Daylight,Hit Fixed Object,1,Driver Rider,1: PDO,No Control,,,1332430.17,1677538.19,1.33E+13
2019-10372-27/05/2021,2 Metropolitan,SALISBURY EAST,5109,CITY OF SALISBURY,5,1,0,1,0,2019,October,Saturday,9:59 PM,80,Cross Road,Straight road,Level,Not Applicable,Sealed,Dry,Not Raining,Night,Right Angle,1,Driver Rider,3: SI,Traffic Signals,,Y,1333980.46,1686298.22,1.33E+13
2019-10373-27/05/2021,2 Metropolitan,MCLAREN VALE,5171,CITY OF ONKAPARINGA,3,3,1,1,1,2019,October,Saturday,11:11 PM,80,Not Divided,Straight road,Crest of Hill,Not Applicable,Sealed,Dry,Not Raining,Night,Hit Pedestrian,2,Pedestrian,4: Fatal,No Control,,,1319447.39,1640945.48,1.32E+13
2019-10374-27/05/2021,1 City,NORTH ADELAIDE,5006,CITY OF ADELAIDE,2,0,0,0,0,2019,October,Sunday,1:30 AM,50,Cross Road,Straight road,Level,Not Applicable,Sealed,Dry,Not Raining,Night,Right Angle,1,Driver Rider,1: PDO,Traffic Signals,,,1329586.59,1672940.18,1.33E+13
2019-10375-27/05/2021,2 Metropolitan,MUNNO PARA,5115,CITY OF PLAYFORD.,2,1,0,0,1,2019,October,Sunday,12:30 AM,50,Not Divided,Straight road,Level,Not Applicable,Sealed,Dry,Not Raining,Night,Hit Pedestrian,1,Driver Rider,2: MI,No Control,,,1338126.87,1698414.9,1.34E+13
2019-10376-27/05/2021,3 Country,PALLAMANA,5254,RC MURRAY BRIDGE.             ,2,0,0,0,0,2019,October,Sunday,1:00 AM,100,Not Divided,Straight road,Level,Not Applicable,Sealed,Dry,Not Raining,Night,Hit Animal,2,Animal,1: PDO,No Control,,,1388208.84,1657695.45,1.39E+13
2019-10377-27/05/2021,3 Country,PORT AUGUSTA,5700,CC PT.AUGUSTA.                ,2,0,0,0,0,2019,October,Sunday,7:15 AM,80,T-Junction,Straight road,Level,Not Applicable,Sealed,Dry,Not Raining,Daylight,Right Angle,1,Driver Rider,1: PDO,Give Way Sign,,,1262757.49,1940031.5,1.26E+13
2019-10378-27/05/2021,1 City,ADELAIDE,5000,CITY OF ADELAIDE,2,0,0,0,0,2019,October,Saturday,11:23 AM,50,Not Divided,"CURVED, VIEW OPEN",Level,Not Applicable,Sealed,Dry,Not Raining,Daylight,Hit Parked Vehicle,1,Driver Rider,1: PDO,No Control,,,1328429.74,1670265.99,1.33E+13
2019-10379-27/05/2021,3 Country,KEITH,5267,DC TATIARA.                   ,1,0,0,0,0,2019,October,Sunday,1:00 AM,110,Not Divided,Straight road,Level,Not Applicable,Sealed,Dry,Not Raining,Night,Roll Over,1,Driver Rider,1: PDO,No Control,,,1478930.05,1525997.41,1.48E+13
2019-10380-27/05/2021,2 Metropolitan,ECHUNGA,5153,DC MT.BARKER.                 ,2,0,0,0,0,2019,October,Sunday,10:25 AM,60,Not Divided,Straight road,Level,Not Applicable,Sealed,Dry,Not Raining,Daylight,Hit Fixed Object,1,Driver Rider,1: PDO,No Control,,,1345422.52,1650659.45,1.35E+13
2019-10381-27/05/2021,2 Metropolitan,GLENGOWRIE,5044,CC MARION.                    ,3,0,0,0,0,2019,October,Saturday,8:30 AM,50,Cross Road,Straight road,Level,Not Applicable,Sealed,Dry,Not Raining,Daylight,Hit Fixed Object,1,Driver Rider,1: PDO,Give Way Sign,,,1321971.06,1664291.06,1.32E+13
2019-10382-27/05/2021,2 Metropolitan,FLAGSTAFF HILL,5159,CITY OF ONKAPARINGA,2,0,0,0,0,2019,October,Sunday,11:10 AM,60,T-Junction,Straight road,Level,Not Applicable,Sealed,Dry,Not Raining,Daylight,Hit Fixed Object,1,Driver Rider,1: PDO,No Control,,,1326903.88,1655081.78,1.33E+13
2019-10383-27/05/2021,2 Metropolitan,HAPPY VALLEY,5159,CITY OF ONKAPARINGA,2,0,0,0,0,2019,October,Sunday,11:40 AM,80,Cross Road,Straight road,Level,Not Applicable,Sealed,Dry,Not Raining,Daylight,Rear End,2,Driver Rider,1: PDO,Traffic Signals,,,1323029.26,1653595.87,1.32E+13
2019-10384-27/05/2021,3 Country,CORUNNA STATION,5611,,2,1,0,0,1,2019,October,Sunday,10:30 AM,110,Not Divided,"CURVED, VIEW OPEN",Level,Not Applicable,Sealed,Dry,Not Raining,Daylight,Hit Fixed Object,1,Driver Rider,2: MI,No Control,,,1205894.07,1921549.17,1.21E+13
2019-10385-27/05/2021,2 Metropolitan,NORTH BRIGHTON,5048,CITY OF HOLDFAST BAY,2,0,0,0,0,2019,October,Saturday,11:20 AM,60,Divided Road,Straight road,Level,Not Applicable,Sealed,Dry,Not Raining,Daylight,Side Swipe,2,Driver Rider,1: PDO,No Control,,,1321098.78,1662030.54,1.32E+13
2019-10386-27/05/2021,3 Country,NURIOOTPA,5355,LIGHT REGIONAL COUNCIL,2,0,0,0,0,2019,October,Sunday,11:55 AM,100,Cross Road,Straight road,Slope,Not Applicable,Sealed,Dry,Not Raining,Daylight,Right Angle,2,Driver Rider,1: PDO,Give Way Sign,,,1366006.95,1721558.24,1.37E+13
2019-10387-27/05/2021,2 Metropolitan,HILLCREST,5086,CITY OF PORT ADELAIDE ENFIELD,2,0,0,0,0,2019,October,Sunday,1:20 PM,50,Not Divided,Straight road,Level,Driveway or Entrance,Sealed,Dry,Not Raining,Daylight,Side Swipe,2,Driver Rider,1: PDO,No Control,,,1333691.78,1678065.29,1.33E+13
2019-10388-27/05/2021,3 Country,BOWER,5374,MID MURRAY DISTRICT COUNCIL,2,1,0,1,0,2019,October,Saturday,12:50 PM,100,Not Divided,Straight road,Level,Not Applicable,Unsealed,Dry,Not Raining,Daylight,Rear End,2,Driver Rider,3: SI,No Control,,,1401270.9,1761105.35,1.40E+13
2019-10389-27/05/2021,2 Metropolitan,MCLAREN FLAT,5171,CITY OF ONKAPARINGA,2,0,0,0,0,2019,October,Saturday,7:45 PM,80,Not Divided,"CURVED, VIEW OBSCURED",Level,Not Applicable,Sealed,Dry,Not Raining,Night,Hit Object on Road,1,Driver Rider,1: PDO,No Control,,,1329458.89,1640139.86,1.33E+13
2019-10390-27/05/2021,2 Metropolitan,ATHELSTONE,5076,CC CAMPBELLTOWN.              ,2,0,0,0,0,2019,October,Sunday,1:57 PM,60,T-Junction,Straight road,Level,Not Applicable,Sealed,Dry,Not Raining,Daylight,Right Angle,2,Driver Rider,1: PDO,No Control,,,1338091.82,1676551.75,1.34E+13
2019-10391-27/05/2021,2 Metropolitan,URRBRAE,5064,CC MITCHAM.                   ,2,0,0,0,0,2019,October,Saturday,8:25 PM,60,Cross Road,Straight road,Level,Not Applicable,Sealed,Dry,Not Raining,Night,Right Turn,1,Driver Rider,1: PDO,Traffic Signals,,,1330765.11,1666293.95,1.33E+13
2019-10392-27/05/2021,2 Metropolitan,PARADISE,5075,CC CAMPBELLTOWN.              ,2,1,0,0,1,2019,October,Sunday,2:10 PM,60,Cross Road,Straight road,Slope,Not Applicable,Sealed,Dry,Not Raining,Daylight,Rear End,2,Driver Rider,2: MI,Traffic Signals,,,1335197.86,1675910.65,1.34E+13
2019-10393-27/05/2021,2 Metropolitan,CUDLEE CREEK,5232,THE ADELAIDE HILLS COUNCIL,2,0,0,0,0,2019,October,Sunday,2:00 PM,80,T-Junction,"CURVED, VIEW OBSCURED",Level,Not Applicable,Sealed,Dry,Not Raining,Daylight,Rear End,2,Driver Rider,1: PDO,Stop Sign,,,1350938.3,1677815.1,1.35E+13
2019-10394-27/05/2021,2 Metropolitan,BROOKLYN PARK,5032,CITY OF WEST TORRENS,3,4,0,0,4,2019,October,Sunday,4:05 PM,60,T-Junction,Straight road,Level,Not Applicable,Sealed,Dry,Not Raining,Daylight,Right Turn,1,Driver Rider,2: MI,Traffic Signals,,,1324123.03,1670938.82,1.32E+13
2019-10395-27/05/2021,3 Country,INMAN VALLEY,5211,DC YANKALILLA.                ,2,1,0,0,1,2019,October,Sunday,4:00 PM,100,Not Divided,"CURVED, VIEW OPEN",Slope,Not Applicable,Sealed,Dry,Not Raining,Daylight,Hit Fixed Object,1,Driver Rider,2: MI,No Control,Y,,1314680.99,1608387.34,1.31E+13
2019-10396-27/05/2021,2 Metropolitan,CHRISTIES BEACH,5165,CITY OF ONKAPARINGA,2,1,0,0,1,2019,October,Sunday,7:02 PM,50,Not Divided,Straight road,Slope,Not Applicable,Sealed,Dry,Not Raining,Daylight,Hit Parked Vehicle,1,Driver Rider,2: MI,No Control,,,1316414.75,1647853.57,1.32E+13
2019-10397-27/05/2021,2 Metropolitan,KLEMZIG,5087,CITY OF PORT ADELAIDE ENFIELD,2,0,0,0,0,2019,October,Sunday,7:36 PM,60,Not Divided,Straight road,Level,Not Applicable,Sealed,Dry,Not Raining,Night,Hit Parked Vehicle,1,Driver Rider,1: PDO,No Control,,,1332068.28,1675226.41,1.33E+13
2019-10398-27/05/2021,2 Metropolitan,BUGLE RANGES,5251,DC MT.BARKER.                 ,2,0,0,0,0,2019,October,Sunday,10:15 PM,100,Not Divided,"CURVED, VIEW OPEN",Level,Not Applicable,Sealed,Dry,Not Raining,Night,Hit Fixed Object,1,Driver Rider,1: PDO,No Control,,,1353581,1645398.74,1.35E+13
2019-10399-27/05/2021,2 Metropolitan,FLINDERS PARK,5025,CITY OF CHARLES STURT,2,1,0,0,1,2019,October,Sunday,11:04 PM,60,Divided Road,Straight road,Level,Not Applicable,Sealed,Dry,Not Raining,Night,Hit Fixed Object,1,Driver Rider,2: MI,No Control,,Y,1323253.95,1673150.21,1.32E+13
2019-10400-27/05/2021,2 Metropolitan,BEVERLEY,5008,CITY OF CHARLES STURT,2,0,0,0,0,2019,October,Monday,5:44 AM,60,T-Junction,Straight road,Level,Not Applicable,Sealed,Dry,Not Raining,Night,Side Swipe,2,Driver Rider,1: PDO,Traffic Signals,,,1324144.77,1674680.08,1.32E+13
2019-10401-27/05/2021,2 Metropolitan,VIRGINIA,5120,CITY OF PLAYFORD.,2,2,0,0,2,2019,October,Monday,6:50 AM,110,T-Junction,Straight road,Level,Not Applicable,Sealed,Dry,Not Raining,Daylight,Right Angle,2,Driver Rider,2: MI,Stop Sign,,,1324127.47,1701207.09,1.32E+13
2019-10402-27/05/2021,2 Metropolitan,WATERLOO CORNER,5110,CITY OF PLAYFORD.,3,0,0,0,0,2019,October,Monday,7:57 AM,90,Divided Road,Straight road,Level,Not Applicable,Sealed,Dry,Not Raining,Daylight,Rear End,1,Driver Rider,1: PDO,No Control,,,1327150.85,1694060.72,1.33E+13
2019-10403-27/05/2021,2 Metropolitan,OTTOWAY,5013,CITY OF PORT ADELAIDE ENFIELD,2,0,0,0,0,2019,October,Monday,8:55 AM,60,Cross Road,Straight road,Level,Not Applicable,Sealed,Dry,Not Raining,Daylight,Right Angle,2,Driver Rider,1: PDO,Stop Sign,,,1322718.98,1679683.43,1.32E+13
2019-10404-27/05/2021,1 City,ADELAIDE,5000,CITY OF ADELAIDE,4,6,0,0,6,2019,October,Monday,8:20 AM,60,Divided Road,Straight road,Level,Driveway or Entrance,Sealed,Dry,Not Raining,Daylight,Right Turn,1,Driver Rider,2: MI,No Control,,,1327088.72,1670880.07,1.33E+13
2019-10405-27/05/2021,2 Metropolitan,WINGFIELD,5013,CITY OF PORT ADELAIDE ENFIELD,2,0,0,0,0,2019,October,Monday,8:29 AM,90,T-Junction,"CURVED, VIEW OPEN",Slope,Not Applicable,Sealed,Dry,Not Raining,Daylight,Rear End,2,Driver Rider,1: PDO,No Control,,,1326183.88,1681076.39,1.33E+13
2019-10406-27/05/2021,2 Metropolitan,LOBETHAL,5241,THE ADELAIDE HILLS COUNCIL,2,0,0,0,0,2019,October,Monday,9:00 AM,50,Not Divided,Straight road,Slope,Not Applicable,Sealed,Dry,Not Raining,Daylight,Hit Fixed Object,1,Driver Rider,1: PDO,No Control,,,1353604.36,1672073.22,1.35E+13
2019-10407-27/05/2021,2 Metropolitan,KIDMAN PARK,5025,CITY OF CHARLES STURT,2,0,0,0,0,2019,October,Monday,8:54 AM,60,Cross Road,Straight road,Level,Not Applicable,Sealed,Dry,Not Raining,Daylight,Right Turn,1,Driver Rider,1: PDO,Traffic Signals,,,1322420.13,1673116.28,1.32E+13
2019-10408-27/05/2021,2 Metropolitan,ENFIELD,5085,CITY OF PORT ADELAIDE ENFIELD,2,0,0,0,0,2019,October,Monday,9:48 AM,60,Divided Road,Straight road,Slope,Not Applicable,Sealed,Dry,Not Raining,Daylight,Side Swipe,1,Driver Rider,1: PDO,No Control,,,1328860.89,1676989.31,1.33E+13
2019-10409-27/05/2021,2 Metropolitan,SALISBURY PLAIN,5109,CITY OF SALISBURY,2,1,0,0,1,2019,October,Friday,4:30 PM,80,Cross Road,Straight road,Level,Not Applicable,Sealed,Dry,Not Raining,Daylight,Rear End,2,Driver Rider,2: MI,Traffic Signals,,,1335452.41,1688124.93,1.34E+13
2019-10410-27/05/2021,2 Metropolitan,MODBURY HEIGHTS,5092,CITY OF TEA TREE GULLY,2,1,0,0,1,2019,October,Monday,9:30 AM,60,T-Junction,Straight road,Level,Not Applicable,Sealed,Dry,Not Raining,Daylight,Rear End,2,Driver Rider,2: MI,Traffic Signals,,,1338014.78,1683502.09,1.34E+13
2019-10411-27/05/2021,2 Metropolitan,PARAFIELD GARDENS,5107,CITY OF SALISBURY,2,0,0,0,0,2019,October,Monday,10:15 AM,60,Not Divided,Straight road,Level,Driveway or Entrance,Sealed,Dry,Not Raining,Daylight,Right Angle,1,Driver Rider,1: PDO,No Control,,,1329838.52,1686661.44,1.33E+13
2019-10412-27/05/2021,2 Metropolitan,PARAFIELD,5106,CITY OF SALISBURY,2,0,0,0,0,2019,October,Monday,10:25 AM,80,Divided Road,Straight road,Level,Not Applicable,Sealed,Dry,Not Raining,Daylight,Side Swipe,2,Driver Rider,1: PDO,No Control,,,1332025.71,1683793.57,1.33E+13
2019-10413-27/05/2021,3 Country,ANNADALE,5356,MID MURRAY DISTRICT COUNCIL,2,2,0,0,2,2019,October,Monday,9:15 AM,110,Not Divided,Straight road,Level,Not Applicable,Sealed,Dry,Not Raining,Daylight,Hit Fixed Object,1,Driver Rider,2: MI,No Control,,,1404187.25,1727328,1.40E+13
2019-10414-27/05/2021,2 Metropolitan,KURRALTA PARK,5037,CITY OF WEST TORRENS,2,0,0,0,0,2019,October,Sunday,4:15 PM,60,Cross Road,Straight road,Level,Not Applicable,Sealed,Dry,Not Raining,Daylight,Rear End,2,Driver Rider,1: PDO,Traffic Signals,,,1325808.51,1668480.07,1.33E+13
2019-10415-27/05/2021,2 Metropolitan,DERNANCOURT,5075,CITY OF TEA TREE GULLY,2,0,0,0,0,2019,October,Monday,10:20 AM,60,T-Junction,Straight road,Level,Not Applicable,Sealed,Dry,Not Raining,Daylight,Right Angle,1,Driver Rider,1: PDO,No Control,,,1336008.43,1678069.21,1.34E+13
2019-10416-27/05/2021,2 Metropolitan,PARK HOLME,5043,CC MARION.                    ,2,2,0,0,2,2019,October,Monday,8:30 AM,60,Cross Road,Straight road,Level,Not Applicable,Sealed,Dry,Not Raining,Daylight,Rear End,1,Driver Rider,2: MI,Traffic Signals,,,1324333.22,1663274.32,1.32E+13
2019-10417-27/05/2021,2 Metropolitan,FINDON,5023,CITY OF CHARLES STURT,2,0,0,0,0,2019,October,Monday,8:10 AM,60,T-Junction,Straight road,Level,Not Applicable,Sealed,Dry,Not Raining,Daylight,Right Angle,2,Driver Rider,1: PDO,No Control,,,1323055.76,1673698.71,1.32E+13
2019-10418-27/05/2021,2 Metropolitan,BIGGS FLAT,5153,DC MT.BARKER.                 ,2,0,0,0,0,2019,October,Monday,7:30 AM,80,Not Divided,Straight road,Level,Not Applicable,Sealed,Dry,Not Raining,Daylight,Hit Animal,2,Animal,1: PDO,No Control,,,1344322.95,1653168.36,1.34E+13
2019-10419-27/05/2021,2 Metropolitan,ROYAL PARK,5014,CITY OF CHARLES STURT,2,0,0,0,0,2019,October,Monday,8:45 AM,60,Divided Road,Straight road,Level,Not Applicable,Sealed,Dry,Not Raining,Daylight,Side Swipe,2,Driver Rider,1: PDO,No Control,,,1320687.28,1676810.37,1.32E+13
2019-10420-27/05/2021,2 Metropolitan,GAWLER SOUTH,5118,CT GAWLER.                    ,2,0,0,0,0,2019,October,Monday,1:00 PM,50,Not Divided,Straight road,Level,Driveway or Entrance,Sealed,Dry,Not Raining,Daylight,Right Angle,1,Driver Rider,1: PDO,No Control,,,1342898.49,1705546.28,1.34E+13
2019-10421-27/05/2021,2 Metropolitan,GLENELG,5045,CITY OF HOLDFAST BAY,2,0,0,0,0,2019,October,Monday,1:30 PM,50,Not Divided,Straight road,Level,Not Applicable,Sealed,Dry,Not Raining,Daylight,Right Turn,2,Driver Rider,1: PDO,No Control,,,1320803.93,1664660.29,1.32E+13
2019-10422-27/05/2021,2 Metropolitan,MODBURY,5092,CITY OF TEA TREE GULLY,3,1,0,0,1,2019,October,Monday,1:45 PM,60,Divided Road,Straight road,Level,Not Applicable,Sealed,Dry,Not Raining,Daylight,Hit Fixed Object,1,Driver Rider,2: MI,No Control,,,1336286.38,1680476.66,1.34E+13
2019-10423-27/05/2021,2 Metropolitan,MANNINGHAM,5086,CITY OF PORT ADELAIDE ENFIELD,2,0,0,0,0,2019,October,Monday,12:30 PM,50,T-Junction,Straight road,Level,Not Applicable,Sealed,Dry,Not Raining,Daylight,Side Swipe,2,Driver Rider,1: PDO,No Control,,,1330925.32,1676153.36,1.33E+13
2019-10424-27/05/2021,2 Metropolitan,GILLMAN,5013,CITY OF PORT ADELAIDE ENFIELD,3,0,0,0,0,2019,October,Monday,4:45 PM,50,T-Junction,Straight road,Level,Not Applicable,Sealed,Dry,Not Raining,Daylight,Hit Object on Road,1,Driver Rider,1: PDO,No Control,,,1321493.73,1679801.53,1.32E+13
2019-10425-27/05/2021,3 Country,PORT PIRIE SOUTH,5540,PT.PIRIE CITY & DIST. COUNCIL ,2,1,0,1,0,2019,October,Monday,2:30 PM,60,Cross Road,Straight road,Level,Not Applicable,Sealed,Dry,Not Raining,Daylight,Right Angle,2,Driver Rider,3: SI,Give Way Sign,,,1280454.06,1863470.35,1.28E+13
2019-10426-27/05/2021,2 Metropolitan,RIDGEHAVEN,5097,CITY OF TEA TREE GULLY,2,1,0,0,1,2019,October,Monday,11:05 AM,60,Cross Road,Straight road,Crest of Hill,Not Applicable,Sealed,Dry,Not Raining,Daylight,Rear End,2,Driver Rider,2: MI,Traffic Signals,,,1337423.89,1681217.95,1.34E+13
2019-10427-27/05/2021,2 Metropolitan,SALISBURY NORTH,5108,CITY OF SALISBURY,3,1,0,0,1,2019,October,Monday,12:00 PM,60,Not Divided,Straight road,Level,Not Applicable,Sealed,Dry,Not Raining,Daylight,Hit Object on Road,1,Driver Rider,2: MI,No Control,,,1331251.47,1691441.57,1.33E+13
2019-10428-27/05/2021,2 Metropolitan,WINGFIELD,5013,CITY OF PORT ADELAIDE ENFIELD,3,0,0,0,0,2019,October,Monday,12:30 PM,50,Cross Road,Straight road,Level,Not Applicable,Sealed,Dry,Not Raining,Daylight,Other,2,Driver Rider,1: PDO,Traffic Signals,,,1323891.5,1680181.33,1.32E+13
2019-10429-27/05/2021,3 Country,TANUNDA,5352,THE BAROSSA COUNCIL.,2,1,0,0,1,2019,October,Monday,2:58 PM,50,Not Divided,Straight road,Level,Not Applicable,Sealed,Dry,Not Raining,Daylight,Hit Fixed Object,1,Driver Rider,2: MI,No Control,,,1363123.65,1715266.78,1.36E+13
2019-10430-27/05/2021,2 Metropolitan,MOUNT BARKER,5251,DC MT.BARKER.                 ,2,0,0,0,0,2019,October,Monday,4:10 PM,50,Not Divided,Straight road,Slope,Not Applicable,Sealed,Dry,Not Raining,Daylight,Hit Parked Vehicle,2,Driver Rider,1: PDO,No Control,,,1351490.83,1654159.49,1.35E+13
2019-10431-27/05/2021,2 Metropolitan,TOORAK GARDENS,5065,CITY OF BURNSIDE,2,1,0,0,1,2019,October,Thursday,5:50 PM,60,Divided Road,Straight road,Level,Driveway or Entrance,Sealed,Dry,Not Raining,Daylight,Right Angle,2,Driver Rider,2: MI,No Control,,,1331540.48,1669025.2,1.33E+13
2019-10432-27/05/2021,2 Metropolitan,BEVERLEY,5009,CITY OF CHARLES STURT,2,0,0,0,0,2019,October,Monday,9:50 AM,60,Divided Road,Straight road,Level,Not Applicable,Sealed,Dry,Not Raining,Daylight,Rear End,1,Driver Rider,1: PDO,No Control,,,1323521.65,1675151.04,1.32E+13
2019-10433-27/05/2021,1 City,NORTH ADELAIDE,5006,CITY OF ADELAIDE,2,0,0,0,0,2019,October,Monday,5:44 PM,50,T-Junction,Straight road,Level,Not Applicable,Sealed,Dry,Not Raining,Daylight,Rear End,1,Driver Rider,1: PDO,No Control,,,1328036.62,1672520.88,1.33E+13
2019-10434-27/05/2021,2 Metropolitan,FAIRVIEW PARK,5126,CITY OF TEA TREE GULLY,2,0,0,0,0,2019,October,Monday,5:45 PM,60,T-Junction,Straight road,Level,Not Applicable,Sealed,Dry,Not Raining,Daylight,Right Angle,2,Driver Rider,1: PDO,No Control,,,1340942.85,1683639.76,1.34E+13
2019-10435-27/05/2021,2 Metropolitan,ELIZABETH VALE,5112,CITY OF PLAYFORD.,2,0,0,0,0,2019,October,Monday,7:20 AM,50,Not Divided,Straight road,Level,Driveway or Entrance,Sealed,Dry,Not Raining,Daylight,Right Angle,2,Driver Rider,1: PDO,No Control,,,1335468.41,1690523.59,1.34E+13
2019-10436-27/05/2021,2 Metropolitan,SMITHFIELD,5114,CITY OF PLAYFORD.,2,1,0,1,0,2019,October,Monday,2:00 PM,50,Not Divided,Straight road,Level,Not Applicable,Sealed,Dry,Not Raining,Daylight,Hit Pedestrian,2,Driver Rider,3: SI,No Control,,,1336883.37,1697376.36,1.34E+13
2019-10437-27/05/2021,2 Metropolitan,GLENUNGA,5064,CITY OF BURNSIDE,2,0,0,0,0,2019,October,Monday,3:10 PM,60,T-Junction,Straight road,Level,Not Applicable,Sealed,Dry,Not Raining,Daylight,Right Turn,2,Driver Rider,1: PDO,Give Way Sign,,,1332339.92,1668038.79,1.33E+13
2019-10438-27/05/2021,2 Metropolitan,ELIZABETH PARK,5113,CITY OF PLAYFORD.,2,0,0,0,0,2019,October,Monday,5:05 PM,60,Divided Road,Straight road,Level,Not Applicable,Sealed,Dry,Not Raining,Daylight,Rear End,1,Driver Rider,1: PDO,No Control,,,1337570.06,1694608.3,1.34E+13
2019-10439-27/05/2021,2 Metropolitan,CUDLEE CREEK,5232,THE ADELAIDE HILLS COUNCIL,2,0,0,0,0,2019,October,Monday,7:40 PM,80,Not Divided,"CURVED, VIEW OBSCURED",Slope,Not Applicable,Sealed,Dry,Not Raining,Night,Roll Over,1,Driver Rider,1: PDO,No Control,,,1347550.41,1679481.68,1.35E+13
2019-10440-27/05/2021,3 Country,WILLAMULKA,5554,COPPER COAST DISTRICT COUNCIL,1,0,0,0,0,2019,October,Monday,11:45 PM,100,T-Junction,Straight road,Level,Not Applicable,Unsealed,Dry,Not Raining,Night,Left Road - Out of Control,1,Driver Rider,1: PDO,No Control,,,1260309.36,1782341.92,1.26E+13
2019-10441-27/05/2021,3 Country,TANUNDA,5352,LIGHT REGIONAL COUNCIL,2,0,0,0,0,2019,October,Tuesday,6:10 AM,90,Not Divided,Straight road,Level,Not Applicable,Sealed,Dry,Not Raining,Night,Hit Animal,2,Animal,1: PDO,No Control,,,1360340.39,1712615.8,1.36E+13
2019-10442-27/05/2021,2 Metropolitan,EDEN HILLS,5050,CC MITCHAM.                   ,2,0,0,0,0,2019,October,Tuesday,6:49 AM,60,Divided Road,Straight road,Level,Not Applicable,Sealed,Dry,Not Raining,Daylight,Hit Parked Vehicle,1,Driver Rider,1: PDO,No Control,,,1326706.91,1660030.68,1.33E+13
2019-10443-27/05/2021,3 Country,WAITPINGA,5211,DC VICTOR HARBOR.             ,2,0,0,0,0,2019,October,Monday,6:30 PM,100,Not Divided,Straight road,Level,Not Applicable,Sealed,Dry,Not Raining,Daylight,Hit Animal,2,Animal,1: PDO,No Control,,,1324761.49,1598926.28,1.32E+13
2019-10444-27/05/2021,2 Metropolitan,LOCKLEYS,5032,CITY OF WEST TORRENS,2,0,0,0,0,2019,October,Tuesday,8:00 AM,60,T-Junction,Straight road,Level,Not Applicable,Sealed,Dry,Not Raining,Daylight,Right Turn,2,Driver Rider,1: PDO,No Control,,,1321617.87,1670854.13,1.32E+13
2019-10445-27/05/2021,1 City,ADELAIDE,5000,CITY OF ADELAIDE,2,1,0,0,1,2019,October,Saturday,1:00 PM,60,Cross Road,Straight road,Slope,Not Applicable,Sealed,Dry,Not Raining,Daylight,Rear End,2,Driver Rider,2: MI,Traffic Signals,,,1327901.33,1670963.7,1.33E+13
2019-10446-27/05/2021,2 Metropolitan,NORTH BRIGHTON,5048,CITY OF HOLDFAST BAY,2,0,0,0,0,2019,October,Tuesday,10:01 AM,60,Not Divided,Straight road,Level,Not Applicable,Sealed,Dry,Not Raining,Daylight,Hit Parked Vehicle,1,Driver Rider,1: PDO,No Control,,,1321199.17,1661886.1,1.32E+13
2019-10447-27/05/2021,2 Metropolitan,HALLETT COVE,5158,CC MARION.                    ,2,1,0,0,1,2019,October,Tuesday,10:37 AM,80,T-Junction,Straight road,Level,Not Applicable,Sealed,Dry,Not Raining,Daylight,Right Turn,2,Driver Rider,2: MI,Give Way Sign,,,1319752.15,1653443.13,1.32E+13
2019-10448-27/05/2021,2 Metropolitan,NOARLUNGA CENTRE,5168,CITY OF ONKAPARINGA,2,0,0,0,0,2019,October,Tuesday,8:55 AM,60,T-Junction,Straight road,Level,Not Applicable,Sealed,Dry,Not Raining,Daylight,Right Turn,1,Driver Rider,1: PDO,Traffic Signals,,,1318788.81,1647471.6,1.32E+13
2019-10449-27/05/2021,2 Metropolitan,URRBRAE,5064,CC MITCHAM.                   ,2,0,0,0,0,2019,October,Tuesday,12:23 PM,60,Cross Road,Straight road,Level,Not Applicable,Sealed,Dry,Not Raining,Daylight,Right Turn,2,Driver Rider,1: PDO,Traffic Signals,,,1330786.89,1665600.37,1.33E+13