REPORT_ID,Stats Area,Suburb,Postcode,LGA Name,Total Units,Total Cas,Total Fats,Total SI,Total MI,Year,Month,Day,Time,Area Speed,Position Type,Horizontal Align,Vertical Align,Other Feat,Road Surface,Moisture Cond,Weather Cond,DayNight,Crash Type,Unit Resp,Entity Code,CSEF Severity,Traffic Ctrls,DUI Involved,Drugs Involved,ACCLOC_X,ACCLOC_Y,UNIQUE_LOC
2019-10531-27/05/2021,2 Metropolitan,NEWTON,5074,CC CAMPBELLTOWN.              ,2,1,0,0,1,2019,October,Thursday,7:45 AM,50,T-Junction,Straight road,Level,Not Applicable,Sealed,Dry,Not Raining,Daylight,Right Turn,2,Driver Rider,2: MI,No Control,,,1336364.46,1675832.35,1.34E+13
2019-10532-27/05/2021,3 Country,PORT LINCOLN,5606,CC PT.LINCOLN.                ,2,1,0,0,1,2019,October,Wednesday,2:55 PM,50,Cross Road,Straight road,Level,Not Applicable,Sealed,Dry,Not Raining,Daylight,Right Angle,2,Driver Rider,2: MI,Stop Sign,,,1079607.87,1698103.65,1.08E+13
2019-10533-27/05/2021,2 Metropolitan,CHRISTIES BEACH,5165,CITY OF ONKAPARINGA,2,1,0,0,1,2019,October,Thursday,8:30 AM,50,T-Junction,Straight road,Slope,Not Applicable,Sealed,Dry,Not Raining,Daylight,Side Swipe,1,Driver Rider,2: MI,No Control,,,1315710.55,1647036.57,1.32E+13
2019-10534-27/05/2021,2 Metropolitan,COLLINSWOOD,5081,CITY OF PROSPECT,2,1,0,0,1,2019,October,Wednesday,8:15 AM,60,T-Junction,Straight road,Slope,Not Applicable,Sealed,Dry,Not Raining,Daylight,Right Angle,1,Driver Rider,2: MI,Traffic Signals,,,1330007.92,1674808.61,1.33E+13
2019-10535-27/05/2021,2 Metropolitan,WINDSOR GARDENS,5087,CITY OF PORT ADELAIDE ENFIELD,3,0,0,0,0,2019,October,Thursday,7:45 AM,60,Divided Road,Straight road,Level,Not Applicable,Sealed,Dry,Not Raining,Daylight,Rear End,2,Driver Rider,1: PDO,No Control,,,1333614.4,1677922.27,1.33E+13
2019-10536-27/05/2021,2 Metropolitan,GLEN OSMOND,5064,CITY OF UNLEY,2,0,0,0,0,2019,October,Thursday,7:30 AM,60,Cross Road,Straight road,Level,Not Applicable,Sealed,Dry,Not Raining,Daylight,Rear End,1,Driver Rider,1: PDO,Traffic Signals,,,1332373.16,1666370.92,1.33E+13
2019-10537-27/05/2021,2 Metropolitan,LOWER MITCHAM,5062,CC MITCHAM.                   ,2,0,0,0,0,2019,October,Thursday,8:15 AM,60,T-Junction,Straight road,Level,Not Applicable,Sealed,Dry,Not Raining,Daylight,Side Swipe,2,Driver Rider,1: PDO,Traffic Signals,,,1329170.96,1665061.71,1.33E+13
2019-10538-27/05/2021,1 City,ADELAIDE,5000,CITY OF ADELAIDE,2,0,0,0,0,2019,October,Thursday,9:25 AM,60,Divided Road,Straight road,Crest of Hill,Not Applicable,Sealed,Dry,Not Raining,Daylight,Hit Fixed Object,1,Driver Rider,1: PDO,No Control,Y,,1326853.39,1671353.88,1.33E+13
2019-10539-27/05/2021,3 Country,HALBURY,5461,WAKEFIELD REGIONAL COUNCIL,2,0,0,0,0,2019,October,Thursday,9:55 AM,80,Not Divided,Straight road,Slope,Not Applicable,Sealed,Dry,Not Raining,Daylight,Hit Fixed Object,1,Driver Rider,1: PDO,No Control,,,1324276.82,1764072.6,1.32E+13
2019-10540-27/05/2021,2 Metropolitan,URRBRAE,5064,CC MITCHAM.                   ,2,0,0,0,0,2019,October,Thursday,8:05 AM,60,Cross Road,"CURVED, VIEW OPEN",Bottom of Hill,Not Applicable,Sealed,Dry,Not Raining,Daylight,Side Swipe,1,Driver Rider,1: PDO,Traffic Signals,,,1332373.16,1666370.92,1.33E+13
2019-10541-27/05/2021,3 Country,PORT LINCOLN,5606,CC PT.LINCOLN.                ,2,1,0,0,1,2019,October,Tuesday,3:00 PM,50,Not Divided,Straight road,Slope,Not Applicable,Sealed,Dry,Not Raining,Daylight,Hit Pedestrian,1,Driver Rider,2: MI,No Control,,,1080735.85,1697713.71,1.08E+13
2019-10542-27/05/2021,2 Metropolitan,KESWICK,5035,CITY OF WEST TORRENS,2,0,0,0,0,2019,October,Thursday,9:00 AM,60,Divided Road,Straight road,Level,Not Applicable,Sealed,Dry,Not Raining,Daylight,Rear End,2,Driver Rider,1: PDO,No Control,,,1326803.61,1668820.77,1.33E+13
2019-10543-27/05/2021,2 Metropolitan,CLELAND,5152,THE ADELAIDE HILLS COUNCIL,4,2,0,0,2,2019,October,Thursday,10:14 AM,80,Not Divided,"CURVED, VIEW OPEN",Slope,Not Applicable,Sealed,Dry,Not Raining,Daylight,Side Swipe,1,Driver Rider,2: MI,No Control,,,1336114.68,1667458.52,1.34E+13
2019-10544-27/05/2021,2 Metropolitan,PORT ADELAIDE,5015,CITY OF PORT ADELAIDE ENFIELD,2,1,0,1,0,2019,October,Thursday,10:39 AM,50,Multiple,Straight road,Level,Not Applicable,Sealed,Dry,Not Raining,Daylight,Right Angle,1,Driver Rider,3: SI,Traffic Signals,,,1319866.72,1679909.05,1.32E+13
2019-10545-27/05/2021,3 Country,NULLARBOR,5690,,2,0,0,0,0,2019,October,Thursday,6:00 AM,110,Not Divided,"CURVED, VIEW OPEN",Level,Not Applicable,Sealed,Dry,Not Raining,Night,Hit Animal,2,Animal,1: PDO,No Control,,,491048.66,2030769.14,4.91E+12
2019-10546-27/05/2021,2 Metropolitan,HOLDEN HILL,5088,CITY OF PORT ADELAIDE ENFIELD,2,0,0,0,0,2019,October,Wednesday,12:02 PM,60,Cross Road,Straight road,Level,Not Applicable,Sealed,Dry,Not Raining,Daylight,Side Swipe,1,Driver Rider,1: PDO,Traffic Signals,,,1333809.35,1678092.37,1.33E+13
2019-10547-27/05/2021,2 Metropolitan,MILLBROOK,5231,THE ADELAIDE HILLS COUNCIL,2,1,0,1,0,2019,October,Thursday,10:57 AM,80,Not Divided,"CURVED, VIEW OBSCURED",Slope,Not Applicable,Sealed,Dry,Not Raining,Daylight,Head On,1,Driver Rider,3: SI,No Control,,,1349402.79,1680954.39,1.35E+13
2019-10548-27/05/2021,2 Metropolitan,BROADVIEW,5083,CITY OF PORT ADELAIDE ENFIELD,2,1,0,0,1,2019,October,Thursday,12:18 PM,60,Divided Road,Straight road,Level,Not Applicable,Sealed,Dry,Not Raining,Daylight,Hit Parked Vehicle,1,Driver Rider,2: MI,No Control,,,1330116.62,1676465.28,1.33E+13
2019-10549-27/05/2021,2 Metropolitan,GLANDORE,5037,CC MARION.                    ,2,0,0,0,0,2019,October,Thursday,9:30 AM,60,Divided Road,Straight road,Level,Not Applicable,Sealed,Dry,Not Raining,Daylight,Rear End,1,Driver Rider,1: PDO,No Control,,,1325862.54,1666559.34,1.33E+13
2019-10550-27/05/2021,2 Metropolitan,BROOKLYN PARK,5032,CITY OF WEST TORRENS,2,1,0,0,1,2019,October,Thursday,1:10 PM,60,T-Junction,Straight road,Level,Not Applicable,Sealed,Dry,Not Raining,Daylight,Right Turn,1,Driver Rider,2: MI,Traffic Signals,,,1324123.03,1670938.82,1.32E+13
2019-10551-27/05/2021,3 Country,GLENBURNIE,5291,DISTRICT COUNCIL OF GRANT,2,0,0,0,0,2019,October,Thursday,1:15 PM,110,Not Divided,Straight road,Level,Not Applicable,Sealed,Dry,Not Raining,Daylight,Hit Animal,2,Animal,1: PDO,No Control,,,1520165.16,1336532.67,1.52E+13
2019-10552-27/05/2021,2 Metropolitan,WATERLOO CORNER,5110,CITY OF SALISBURY,1,1,0,0,1,2019,October,Thursday,1:40 PM,90,Divided Road,Straight road,Level,Not Applicable,Sealed,Dry,Not Raining,Daylight,Left Road - Out of Control,1,Driver Rider,2: MI,No Control,,,1327646.24,1692027.01,1.33E+13
2019-10553-27/05/2021,2 Metropolitan,HAWTHORNDENE,5051,CC MITCHAM.                   ,2,2,0,0,2,2019,October,Thursday,8:10 AM,50,T-Junction,Straight road,Slope,Not Applicable,Sealed,Dry,Not Raining,Daylight,Rear End,2,Driver Rider,2: MI,Give Way Sign,,,1330080.09,1659943.6,1.33E+13
2019-10554-27/05/2021,2 Metropolitan,SOMERTON PARK,5044,CC MARION.                    ,2,0,0,0,0,2019,October,Wednesday,8:45 AM,60,Divided Road,Straight road,Level,Not Applicable,Sealed,Dry,Not Raining,Daylight,Side Swipe,1,Driver Rider,1: PDO,No Control,,,1321885.71,1663055.97,1.32E+13
2019-10555-27/05/2021,2 Metropolitan,ST MARYS,5042,CC MARION.                    ,2,0,0,0,0,2019,October,Thursday,11:45 AM,60,Not Divided,Straight road,Level,Not Applicable,Sealed,Dry,Not Raining,Daylight,Rear End,1,Driver Rider,1: PDO,No Control,,,1325957.56,1663224.11,1.33E+13
2019-10556-27/05/2021,2 Metropolitan,ELIZABETH SOUTH,5112,CITY OF PLAYFORD.,2,0,0,0,0,2019,October,Thursday,3:00 PM,60,Not Divided,Straight road,Level,Not Applicable,Sealed,Dry,Not Raining,Daylight,Hit Fixed Object,1,Driver Rider,1: PDO,No Control,,,1333757.29,1689648.81,1.33E+13
2019-10557-27/05/2021,2 Metropolitan,GLENELG EAST,5045,CITY OF HOLDFAST BAY,2,0,0,0,0,2019,October,Thursday,3:30 PM,60,Divided Road,Straight road,Level,Not Applicable,Sealed,Dry,Not Raining,Daylight,Rear End,2,Driver Rider,1: PDO,No Control,,,1321008.93,1665172.4,1.32E+13
2019-10558-27/05/2021,2 Metropolitan,MARION,5043,CC MARION.                    ,2,1,0,0,1,2019,October,Thursday,3:10 PM,60,T-Junction,Straight road,Level,Not Applicable,Sealed,Dry,Not Raining,Daylight,Right Angle,1,Driver Rider,2: MI,No Control,,,1324360.63,1662037.64,1.32E+13
2019-10559-27/05/2021,2 Metropolitan,TORRENSVILLE,5031,CITY OF WEST TORRENS,2,0,0,0,0,2019,October,Thursday,2:55 PM,50,Divided Road,Straight road,Level,Not Applicable,Sealed,Dry,Not Raining,Daylight,Hit Parked Vehicle,1,Driver Rider,1: PDO,No Control,,,1325215,1670976.54,1.33E+13
2019-10560-27/05/2021,1 City,NORTH ADELAIDE,5006,CITY OF ADELAIDE,2,1,0,0,1,2019,October,Thursday,3:10 PM,50,T-Junction,"CURVED, VIEW OPEN",Slope,Not Applicable,Sealed,Dry,Not Raining,Daylight,Right Angle,1,Driver Rider,2: MI,No Control,,,1328470.47,1672343.26,1.33E+13
2019-10561-27/05/2021,2 Metropolitan,SALISBURY EAST,5109,CITY OF SALISBURY,2,0,0,0,0,2019,October,Thursday,3:21 PM,80,T-Junction,Straight road,Level,Not Applicable,Sealed,Dry,Not Raining,Daylight,Right Angle,2,Driver Rider,1: PDO,Stop Sign,,,1335835.12,1686714.21,1.34E+13
2019-10562-27/05/2021,2 Metropolitan,SALISBURY SOUTH,5106,CITY OF SALISBURY,3,1,0,0,1,2019,October,Thursday,3:15 PM,60,Divided Road,Straight road,Level,Not Applicable,Sealed,Dry,Not Raining,Daylight,Rear End,1,Driver Rider,2: MI,No Control,,,1333055.65,1685547.31,1.33E+13
2019-10563-27/05/2021,2 Metropolitan,WINGFIELD,5013,CITY OF PORT ADELAIDE ENFIELD,2,0,0,0,0,2019,October,Thursday,10:00 AM,60,Divided Road,Straight road,Level,Not Applicable,Sealed,Dry,Not Raining,Daylight,Side Swipe,2,Driver Rider,1: PDO,No Control,,,1325091.47,1679182.35,1.33E+13
2019-10564-27/05/2021,2 Metropolitan,RICHMOND,5033,CITY OF WEST TORRENS,1,1,0,0,1,2019,October,Thursday,3:20 PM,60,Divided Road,Straight road,Level,Driveway or Entrance,Sealed,Dry,Not Raining,Daylight,Roll Over,9,Other,2: MI,No Control,,,1325772.92,1669758.47,1.33E+13
2019-10565-27/05/2021,2 Metropolitan,SALISBURY SOUTH,5106,CITY OF SALISBURY,3,0,0,0,0,2019,October,Thursday,3:30 PM,70,Cross Road,Straight road,Level,Not Applicable,Sealed,Dry,Not Raining,Daylight,Rear End,1,Driver Rider,1: PDO,Traffic Signals,,,1332363.35,1686096.24,1.33E+13
2019-10566-27/05/2021,2 Metropolitan,LINDEN PARK,5065,CITY OF BURNSIDE,2,0,0,0,0,2019,October,Thursday,4:45 PM,60,Divided Road,Straight road,Level,Not Applicable,Sealed,Dry,Not Raining,Daylight,Rear End,2,Driver Rider,1: PDO,No Control,,,1332330.94,1668859.74,1.33E+13
2019-10567-27/05/2021,2 Metropolitan,MANSFIELD PARK,5012,CITY OF PORT ADELAIDE ENFIELD,2,1,0,0,1,2019,October,Thursday,4:50 PM,60,Divided Road,Straight road,Level,Not Applicable,Sealed,Dry,Not Raining,Daylight,Hit Fixed Object,1,Driver Rider,2: MI,No Control,,,1323926.45,1678630.98,1.32E+13
2019-10568-27/05/2021,2 Metropolitan,MODBURY,5092,CITY OF TEA TREE GULLY,2,0,0,0,0,2019,October,Thursday,5:20 PM,60,T-Junction,Straight road,Level,Not Applicable,Sealed,Dry,Not Raining,Daylight,Side Swipe,2,Driver Rider,1: PDO,Traffic Signals,,,1337226.45,1681128.28,1.34E+13
2019-10569-27/05/2021,2 Metropolitan,ST MARYS,5042,CC MARION.                    ,3,0,0,0,0,2019,October,Wednesday,8:15 AM,60,Divided Road,Straight road,Level,Not Applicable,Sealed,Dry,Not Raining,Daylight,Side Swipe,1,Driver Rider,1: PDO,No Control,,,1325980.19,1662413.23,1.33E+13
2019-10570-27/05/2021,2 Metropolitan,MITCHAM,5062,CC MITCHAM.                   ,3,0,0,0,0,2019,October,Thursday,6:00 PM,60,T-Junction,Straight road,Level,Not Applicable,Sealed,Dry,Not Raining,Daylight,Rear End,1,Driver Rider,1: PDO,No Control,,,1330678.38,1664848.85,1.33E+13
2019-10571-27/05/2021,3 Country,GLOSSOP,5344,THE BERRI BARMERA COUNCIL,2,0,0,0,0,2019,October,Thursday,3:10 PM,100,Cross Road,"CURVED, VIEW OPEN",Slope,Not Applicable,Sealed,Dry,Unknown,Daylight,Right Angle,2,Driver Rider,1: PDO,Stop Sign,,,1511919.84,1736357.01,1.51E+13
2019-10572-27/05/2021,2 Metropolitan,HOLDEN HILL,5088,CITY OF TEA TREE GULLY,2,0,0,0,0,2019,October,Wednesday,3:30 PM,60,Divided Road,Straight road,Level,Not Applicable,Sealed,Dry,Not Raining,Daylight,Rear End,1,Driver Rider,1: PDO,No Control,,,1334637.75,1678514.81,1.33E+13
2019-10573-27/05/2021,3 Country,MCCRACKEN,5211,DC VICTOR HARBOR.             ,2,0,0,0,0,2019,October,Thursday,5:30 PM,50,Not Divided,Straight road,Level,Driveway or Entrance,Sealed,Dry,Not Raining,Daylight,Hit Fixed Object,1,Driver Rider,1: PDO,No Control,,,1328598.92,1602631.28,1.33E+13
2019-10574-27/05/2021,2 Metropolitan,MORPHETT VALE,5162,CITY OF ONKAPARINGA,2,0,0,0,0,2019,October,Thursday,2:30 PM,60,Cross Road,Straight road,Level,Not Applicable,Sealed,Dry,Not Raining,Daylight,Right Angle,2,Driver Rider,1: PDO,Roundabout,,,1321901.02,1651049.42,1.32E+13
2019-10575-27/05/2021,2 Metropolitan,ELIZABETH,5112,CITY OF PLAYFORD.,2,1,0,0,1,2019,October,Thursday,6:10 PM,60,Not Divided,Straight road,Level,Not Applicable,Sealed,Dry,Not Raining,Daylight,Rear End,2,Driver Rider,2: MI,No Control,,,1335259.34,1692489.81,1.34E+13
2019-10576-27/05/2021,2 Metropolitan,PLYMPTON PARK,5038,CC MARION.                    ,3,0,0,0,0,2019,October,Thursday,8:50 AM,40,T-Junction,Straight road,Level,Not Applicable,Sealed,Dry,Not Raining,Daylight,Rear End,1,Driver Rider,1: PDO,No Control,,,1323632.88,1664735.2,1.32E+13
2019-10577-27/05/2021,2 Metropolitan,PORT NOARLUNGA,5167,CITY OF ONKAPARINGA,2,1,0,0,1,2019,October,Thursday,7:25 PM,50,Not Divided,Straight road,Slope,Not Applicable,Sealed,Dry,Not Raining,Daylight,Side Swipe,1,Driver Rider,2: MI,No Control,,,1315823.97,1646866.71,1.32E+13
2019-10578-27/05/2021,2 Metropolitan,SEMAPHORE,5019,CITY OF PORT ADELAIDE ENFIELD,2,1,0,0,1,2019,October,Thursday,7:00 PM,50,T-Junction,Straight road,Slope,Not Applicable,Sealed,Dry,Not Raining,Daylight,Side Swipe,1,Driver Rider,2: MI,No Control,,,1317821,1680516.86,1.32E+13
2019-10579-27/05/2021,2 Metropolitan,WINGFIELD,5013,CITY OF PORT ADELAIDE ENFIELD,2,0,0,0,0,2019,October,Wednesday,5:15 PM,60,Cross Road,Straight road,Level,Not Applicable,Sealed,Dry,Not Raining,Daylight,Side Swipe,1,Driver Rider,1: PDO,Traffic Signals,,,1325526.71,1679203.7,1.33E+13
2019-10580-27/05/2021,2 Metropolitan,PROSPECT,5082,CITY OF PROSPECT,3,0,0,0,0,2019,October,Thursday,9:25 PM,60,Divided Road,Straight road,Slope,Not Applicable,Sealed,Dry,Not Raining,Night,Hit Fixed Object,1,Driver Rider,1: PDO,No Control,,,1327891.92,1676408.84,1.33E+13
2019-10581-27/05/2021,2 Metropolitan,KUITPO,5201,DC MT.BARKER.                 ,2,0,0,0,0,2019,October,Thursday,9:00 PM,60,Not Divided,Straight road,Level,Not Applicable,Unsealed,Dry,Not Raining,Night,Hit Fixed Object,1,Driver Rider,1: PDO,No Control,,,1336921.72,1637921.19,1.34E+13
2019-10582-27/05/2021,2 Metropolitan,TORRENSVILLE,5031,CITY OF WEST TORRENS,2,0,0,0,0,2019,October,Thursday,11:00 PM,50,Not Divided,Straight road,Level,Not Applicable,Sealed,Dry,Not Raining,Night,Hit Parked Vehicle,1,Driver Rider,1: PDO,No Control,,,1324477.19,1671101.6,1.32E+13
2019-10583-27/05/2021,2 Metropolitan,ROYAL PARK,5014,CITY OF CHARLES STURT,2,0,0,0,0,2019,October,Thursday,11:30 PM,50,Not Divided,Straight road,Level,Not Applicable,Sealed,Dry,Not Raining,Night,Hit Parked Vehicle,1,Driver Rider,1: PDO,No Control,,,1320085.65,1676340.06,1.32E+13
2019-10584-27/05/2021,2 Metropolitan,ELIZABETH DOWNS,5113,CITY OF PLAYFORD.,2,0,0,0,0,2019,October,Friday,7:35 AM,80,Divided Road,Straight road,Level,Not Applicable,Sealed,Dry,Not Raining,Daylight,Side Swipe,2,Driver Rider,1: PDO,No Control,,,1336820.69,1695190.98,1.34E+13
2019-10585-27/05/2021,2 Metropolitan,KIDMAN PARK,5025,CITY OF CHARLES STURT,2,0,0,0,0,2019,October,Friday,8:30 AM,60,T-Junction,Straight road,Level,Not Applicable,Sealed,Dry,Not Raining,Daylight,Right Angle,2,Driver Rider,1: PDO,No Control,,,1321925.33,1673102.36,1.32E+13
2019-10586-27/05/2021,2 Metropolitan,SOUTH BRIGHTON,5048,CITY OF HOLDFAST BAY,2,0,0,0,0,2019,October,Thursday,10:00 AM,60,T-Junction,Straight road,Level,Not Applicable,Sealed,Dry,Not Raining,Daylight,Side Swipe,2,Driver Rider,1: PDO,No Control,,,1321152.76,1660173.94,1.32E+13
2019-10587-27/05/2021,2 Metropolitan,INGLE FARM,5098,CITY OF SALISBURY,2,0,0,0,0,2019,October,Thursday,10:15 PM,50,Not Divided,Straight road,Level,Not Applicable,Sealed,Dry,Not Raining,Night,Hit Parked Vehicle,2,Driver Rider,1: PDO,No Control,,,1334205.06,1682033.79,1.33E+13
2019-10588-27/05/2021,2 Metropolitan,WINGFIELD,5013,CITY OF PORT ADELAIDE ENFIELD,2,0,0,0,0,2019,October,Friday,7:45 AM,90,T-Junction,Straight road,Level,Not Applicable,Sealed,Dry,Not Raining,Daylight,Rear End,1,Driver Rider,1: PDO,No Control,,,1326183.88,1681076.39,1.33E+13
2019-10589-27/05/2021,2 Metropolitan,ADELAIDE AIRPORT,5950,CITY OF WEST TORRENS,2,0,0,0,0,2019,October,Thursday,6:00 PM,50,Cross Road,"CURVED, VIEW OPEN",Level,Not Applicable,Sealed,Dry,Not Raining,Daylight,Side Swipe,2,Driver Rider,1: PDO,Roundabout,,,1322960.83,1669785.8,1.32E+13
2019-10590-27/05/2021,2 Metropolitan,OAKDEN,5086,CITY OF PORT ADELAIDE ENFIELD,2,0,0,0,0,2019,October,Thursday,2:00 PM,70,Not Divided,Straight road,Level,Not Applicable,Sealed,Dry,Not Raining,Daylight,Side Swipe,1,Driver Rider,1: PDO,No Control,,,1333303.82,1679241.78,1.33E+13
2019-10591-27/05/2021,2 Metropolitan,BLACKWOOD,5051,CC MITCHAM.                   ,2,0,0,0,0,2019,October,Thursday,8:30 PM,50,Multiple,Straight road,Level,Not Applicable,Sealed,Dry,Not Raining,Night,Right Angle,2,Driver Rider,1: PDO,Roundabout,,,1329678.48,1660052.36,1.33E+13
2019-10592-27/05/2021,2 Metropolitan,WEST BEACH,5024,CITY OF CHARLES STURT,2,0,0,0,0,2019,October,Thursday,3:30 PM,50,Not Divided,Straight road,Level,Not Applicable,Sealed,Dry,Not Raining,Daylight,Hit Parked Vehicle,1,Driver Rider,1: PDO,No Control,,,1319534.14,1669154.04,1.32E+13
2019-10593-27/05/2021,2 Metropolitan,PASADENA,5042,CC MITCHAM.                   ,4,1,0,0,1,2019,October,Friday,9:50 AM,60,Divided Road,Straight road,Slope,Not Applicable,Sealed,Dry,Not Raining,Daylight,Rear End,1,Driver Rider,2: MI,No Control,,,1327586.52,1663244.91,1.33E+13
2019-10594-27/05/2021,3 Country,MONTEITH,5254,RC MURRAY BRIDGE.             ,2,0,0,0,0,2019,October,Friday,11:50 AM,110,Divided Road,Straight road,Level,Not Applicable,Sealed,Dry,Not Raining,Daylight,Side Swipe,2,Driver Rider,1: PDO,No Control,,,1395342.14,1641570.75,1.40E+13
2019-10595-27/05/2021,2 Metropolitan,ALDGATE,5154,THE ADELAIDE HILLS COUNCIL,2,1,0,1,0,2019,October,Friday,9:00 AM,60,Not Divided,"CURVED, VIEW OBSCURED",Slope,Not Applicable,Sealed,Dry,Not Raining,Daylight,Head On,2,Driver Rider,3: SI,No Control,,,1341736.87,1658325.12,1.34E+13
2019-10596-27/05/2021,2 Metropolitan,ALDINGA BEACH,5173,CITY OF ONKAPARINGA,3,1,0,0,1,2019,October,Friday,12:30 PM,50,Cross Road,Straight road,Level,Not Applicable,Sealed,Wet,Raining,Daylight,Right Angle,2,Driver Rider,2: MI,Give Way Sign,,,1313206.21,1631983.85,1.31E+13
2019-10597-27/05/2021,2 Metropolitan,HILTON,5033,CITY OF WEST TORRENS,2,0,0,0,0,2019,October,Thursday,6:45 PM,60,Cross Road,Straight road,Level,Not Applicable,Sealed,Dry,Not Raining,Daylight,Rear End,2,Driver Rider,1: PDO,Traffic Signals,,,1325777.47,1670088.72,1.33E+13
2019-10598-27/05/2021,2 Metropolitan,PARAFIELD,5106,CITY OF SALISBURY,2,0,0,0,0,2019,October,Wednesday,4:00 PM,80,Divided Road,Straight road,Level,Not Applicable,Sealed,Dry,Not Raining,Daylight,Side Swipe,1,Driver Rider,1: PDO,No Control,,,1332926.02,1684931.54,1.33E+13
2019-10599-27/05/2021,1 City,ADELAIDE,5000,CITY OF ADELAIDE,2,0,0,0,0,2019,October,Thursday,2:00 PM,40,Not Divided,Straight road,Level,Driveway or Entrance,Sealed,Dry,Not Raining,Daylight,Hit Parked Vehicle,1,Driver Rider,1: PDO,No Control,,,1329430.62,1670587.52,1.33E+13
2019-10600-27/05/2021,3 Country,WALLAROO,5556,COPPER COAST DISTRICT COUNCIL,2,0,0,0,0,2019,October,Friday,9:00 AM,80,T-Junction,Straight road,Level,Not Applicable,Sealed,Dry,Not Raining,Daylight,Right Angle,1,Driver Rider,1: PDO,Give Way Sign,,,1244061.26,1784316.82,1.24E+13
2019-10601-27/05/2021,2 Metropolitan,CLARENDON,5157,CITY OF ONKAPARINGA,2,1,0,0,1,2019,October,Friday,2:10 PM,50,Not Divided,"CURVED, VIEW OPEN",Slope,Not Applicable,Sealed,Dry,Not Raining,Daylight,Hit Fixed Object,1,Driver Rider,2: MI,No Control,,Y,1330357.99,1650367.31,1.33E+13
2019-10602-27/05/2021,1 City,NORTH ADELAIDE,5006,CITY OF ADELAIDE,2,0,0,0,0,2019,October,Friday,12:50 AM,50,Not Divided,Straight road,Level,Not Applicable,Sealed,Dry,Not Raining,Night,Hit Parked Vehicle,2,Driver Rider,1: PDO,No Control,,,1327726.73,1672716.04,1.33E+13
2019-10603-27/05/2021,2 Metropolitan,KIDMAN PARK,5025,CITY OF CHARLES STURT,2,0,0,0,0,2019,October,Friday,10:48 AM,50,T-Junction,Straight road,Level,Not Applicable,Sealed,Dry,Not Raining,Daylight,Right Angle,2,Driver Rider,1: PDO,No Control,,,1321928.74,1673007.37,1.32E+13
2019-10604-27/05/2021,3 Country,RENMARK WEST,5341,DC RENMARK PARINGA            ,2,1,0,0,1,2019,October,Friday,2:30 PM,80,Cross Road,Straight road,Level,Not Applicable,Sealed,Dry,Not Raining,Daylight,Right Angle,1,Driver Rider,2: MI,Give Way Sign,,,1525809.84,1745877.14,1.53E+13
2019-10605-27/05/2021,2 Metropolitan,SALISBURY DOWNS,5108,CITY OF SALISBURY,2,2,0,0,2,2019,October,Friday,2:30 PM,70,Rail Crossing,Straight road,Level,Not Applicable,Sealed,Wet,Raining,Daylight,Rear End,2,Driver Rider,2: MI,Rail Xing - Boom,,,1331896.08,1686464.33,1.33E+13
2019-10606-27/05/2021,2 Metropolitan,INGLE FARM,5098,CITY OF SALISBURY,4,0,0,0,0,2019,October,Friday,2:50 PM,50,T-Junction,Straight road,Level,Not Applicable,Sealed,Wet,Not Raining,Daylight,Side Swipe,2,Driver Rider,1: PDO,No Control,,,1333897.07,1682276.83,1.33E+13
2019-10607-27/05/2021,2 Metropolitan,RICHMOND,5033,CITY OF WEST TORRENS,2,0,0,0,0,2019,October,Friday,2:10 PM,60,Divided Road,Straight road,Level,Not Applicable,Sealed,Dry,Not Raining,Daylight,Rear End,2,Driver Rider,1: PDO,No Control,,,1324670.76,1668915.39,1.32E+13
2019-10608-27/05/2021,2 Metropolitan,ADELAIDE AIRPORT,5950,CITY OF WEST TORRENS,3,0,0,0,0,2019,December,Thursday,10:05 AM,80,Divided Road,Straight road,Level,Not Applicable,Sealed,Dry,Not Raining,Daylight,Rear End,1,Driver Rider,1: PDO,No Control,,,1320924.35,1668986.78,1.32E+13
2019-10609-27/05/2021,2 Metropolitan,DRY CREEK,5094,CITY OF PORT ADELAIDE ENFIELD,2,0,0,0,0,2019,October,Friday,3:10 PM,70,T-Junction,Straight road,Level,Not Applicable,Sealed,Dry,Not Raining,Daylight,Right Angle,2,Driver Rider,1: PDO,No Control,,,1327751.83,1679804.64,1.33E+13
2019-10610-27/05/2021,2 Metropolitan,HAWTHORN,5062,CC MITCHAM.                   ,2,0,0,0,0,2019,October,Wednesday,4:30 PM,60,Divided Road,Straight road,Level,Not Applicable,Sealed,Dry,Not Raining,Daylight,Side Swipe,2,Driver Rider,1: PDO,No Control,,,1328615.48,1666230.1,1.33E+13
2019-10611-27/05/2021,2 Metropolitan,ELIZABETH PARK,5113,CITY OF PLAYFORD.,2,0,0,0,0,2019,October,Friday,2:10 AM,60,T-Junction,Straight road,Level,Not Applicable,Sealed,Dry,Not Raining,Night,Right Turn,2,Driver Rider,1: PDO,No Control,,,1336982.82,1694349.59,1.34E+13
2019-10612-27/05/2021,2 Metropolitan,ONKAPARINGA HILLS,5163,CITY OF ONKAPARINGA,2,0,0,0,0,2019,October,Friday,3:24 PM,80,Not Divided,"CURVED, VIEW OBSCURED",Slope,Not Applicable,Sealed,Wet,Raining,Daylight,Hit Fixed Object,1,Driver Rider,1: PDO,No Control,,,1325214.01,1649838.86,1.33E+13