REPORT_ID,Stats Area,Suburb,Postcode,LGA Name,Total Units,Total Cas,Total Fats,Total SI,Total MI,Year,Month,Day,Time,Area Speed,Position Type,Horizontal Align,Vertical Align,Other Feat,Road Surface,Moisture Cond,Weather Cond,DayNight,Crash Type,Unit Resp,Entity Code,CSEF Severity,Traffic Ctrls,DUI Involved,Drugs Involved,ACCLOC_X,ACCLOC_Y,UNIQUE_LOC
2019-10857-27/05/2021,3 Country,MOSELEY,5641,DC KIMBA.                     ,3,0,0,0,0,2019,October,Thursday,7:05 AM,110,Not Divided,"CURVED, VIEW OBSCURED",Level,Not Applicable,Sealed,Dry,Not Raining,Daylight,Roll Over,1,Driver Rider,1: PDO,No Control,,,1136672.77,1874668.1,1.14E+13
2019-10858-27/05/2021,2 Metropolitan,MOUNT BARKER,5251,DC MT.BARKER.                 ,2,1,0,1,0,2019,October,Thursday,10:00 AM,50,Cross Road,Straight road,Slope,Not Applicable,Sealed,Dry,Not Raining,Daylight,Hit Fixed Object,1,Driver Rider,3: SI,Roundabout,,,1351409.02,1653530.17,1.35E+13
2019-10859-27/05/2021,2 Metropolitan,FLINDERS PARK,5025,CITY OF CHARLES STURT,2,0,0,0,0,2019,October,Thursday,11:00 AM,60,Divided Road,Straight road,Level,Not Applicable,Sealed,Dry,Not Raining,Daylight,Side Swipe,2,Driver Rider,1: PDO,No Control,,,1322498.58,1673119.11,1.32E+13
2019-10860-27/05/2021,3 Country,RISDON PARK,5540,PT.PIRIE CITY & DIST. COUNCIL ,2,4,0,0,4,2019,October,Thursday,10:15 AM,50,Cross Road,Straight road,Level,Not Applicable,Sealed,Dry,Not Raining,Daylight,Right Angle,2,Driver Rider,2: MI,Give Way Sign,,,1278849.47,1863513.39,1.28E+13
2019-10861-27/05/2021,2 Metropolitan,GREENACRES,5086,CITY OF PORT ADELAIDE ENFIELD,2,1,0,0,1,2019,October,Thursday,12:20 PM,60,T-Junction,Straight road,Level,Not Applicable,Sealed,Dry,Not Raining,Daylight,Right Angle,2,Driver Rider,2: MI,No Control,,,1330949.57,1676582.67,1.33E+13
2019-10862-27/05/2021,2 Metropolitan,WOODVILLE SOUTH,5011,CITY OF CHARLES STURT,2,0,0,0,0,2019,October,Thursday,12:30 PM,60,T-Junction,Straight road,Level,Not Applicable,Sealed,Dry,Not Raining,Daylight,Right Angle,1,Driver Rider,1: PDO,No Control,,,1323057.97,1675616.73,1.32E+13
2019-10863-27/05/2021,2 Metropolitan,CLEARVIEW,5085,CITY OF PORT ADELAIDE ENFIELD,2,0,0,0,0,2019,October,Thursday,12:14 PM,60,T-Junction,Straight road,Level,Not Applicable,Sealed,Dry,Not Raining,Daylight,Right Angle,2,Driver Rider,1: PDO,No Control,,,1330426.52,1677332.86,1.33E+13
2019-10864-27/05/2021,2 Metropolitan,SALISBURY,5108,CITY OF SALISBURY,2,1,0,0,1,2019,October,Thursday,12:45 PM,40,Pedestrian Crossing,Straight road,Level,Not Applicable,Sealed,Dry,Not Raining,Daylight,Hit Pedestrian,1,Driver Rider,2: MI,No Control,,,1333048.12,1688597.97,1.33E+13
2019-10865-27/05/2021,2 Metropolitan,MOUNT BARKER,5251,DC MT.BARKER.                 ,2,2,0,1,1,2019,October,Thursday,12:10 PM,60,Not Divided,Straight road,Level,Not Applicable,Sealed,Dry,Not Raining,Daylight,Head On,2,Driver Rider,3: SI,No Control,,Y,1352092.76,1652875.7,1.35E+13
2019-10866-27/05/2021,2 Metropolitan,SEATON,5023,CITY OF CHARLES STURT,2,0,0,0,0,2019,October,Thursday,2:15 PM,60,Rail Xing,Straight road,Level,Not Applicable,Sealed,Dry,Not Raining,Daylight,Side Swipe,1,Driver Rider,1: PDO,Traffic Signals,,,1320741.8,1674689.58,1.32E+13
2019-10867-27/05/2021,2 Metropolitan,SALISBURY EAST,5109,CITY OF SALISBURY,3,1,0,0,1,2019,October,Thursday,12:09 PM,60,Divided Road,Straight road,Level,Not Applicable,Sealed,Dry,Not Raining,Daylight,Hit Fixed Object,1,Driver Rider,2: MI,No Control,,,1335533.42,1686344.2,1.34E+13
2019-10868-27/05/2021,2 Metropolitan,MILE END SOUTH,5031,CITY OF WEST TORRENS,2,0,0,0,0,2019,October,Thursday,2:30 PM,60,T-Junction,Straight road,Level,Not Applicable,Sealed,Dry,Not Raining,Daylight,Right Angle,2,Driver Rider,1: PDO,No Control,,,1325799.23,1669146.61,1.33E+13
2019-10869-27/05/2021,2 Metropolitan,LINDEN PARK,5065,CITY OF BURNSIDE,2,0,0,0,0,2019,October,Thursday,2:40 PM,25,Divided Road,Straight road,Level,Roadworks,Sealed,Dry,Not Raining,Daylight,Side Swipe,2,Driver Rider,1: PDO,No Control,,,1332316.45,1668909.63,1.33E+13
2019-10870-27/05/2021,2 Metropolitan,ST PETERS,5069,"CC OF NORWOOD,PAYNEHAM & ST PETERS",2,1,0,0,1,2019,October,Thursday,12:50 PM,60,T-Junction,Straight road,Level,Not Applicable,Sealed,Dry,Not Raining,Daylight,Right Angle,2,Driver Rider,2: MI,No Control,,,1331000.86,1672251.3,1.33E+13
2019-10871-27/05/2021,2 Metropolitan,CAVAN,5094,CITY OF SALISBURY,2,0,0,0,0,2019,October,Thursday,9:20 AM,50,Other,Straight road,Level,Driveway or Entrance,Sealed,Dry,Not Raining,Daylight,Hit Parked Vehicle,1,Driver Rider,1: PDO,No Control,,,1329291.43,1682490.13,1.33E+13
2019-10872-27/05/2021,2 Metropolitan,SALISBURY EAST,5109,CITY OF SALISBURY,2,0,0,0,0,2019,October,Thursday,4:25 PM,80,Cross Road,Straight road,Level,Not Applicable,Sealed,Dry,Not Raining,Daylight,Rear End,1,Driver Rider,1: PDO,Traffic Signals,,,1333277.7,1685371.45,1.33E+13
2019-10873-27/05/2021,2 Metropolitan,PLYMPTON PARK,5038,CC MARION.                    ,2,1,0,0,1,2019,October,Thursday,1:20 PM,60,Divided Road,Straight road,Level,Not Applicable,Sealed,Dry,Not Raining,Daylight,Rear End,2,Driver Rider,2: MI,No Control,,,1324290.94,1664763.91,1.32E+13
2019-10874-27/05/2021,2 Metropolitan,RIDGEHAVEN,5097,CITY OF TEA TREE GULLY,2,0,0,0,0,2019,October,Thursday,4:15 PM,60,Not Divided,Straight road,Slope,Not Applicable,Sealed,Dry,Not Raining,Daylight,Rear End,2,Driver Rider,1: PDO,No Control,,,1339719.46,1682063.3,1.34E+13
2019-10875-27/05/2021,2 Metropolitan,FULHAM,5024,CITY OF WEST TORRENS,3,1,0,0,1,2019,October,Thursday,7:06 PM,60,Divided Road,Straight road,Level,Not Applicable,Sealed,Dry,Not Raining,Daylight,Rear End,2,Driver Rider,2: MI,No Control,,,1320972.27,1670663.42,1.32E+13
2019-10876-27/05/2021,2 Metropolitan,CLELAND,5152,THE ADELAIDE HILLS COUNCIL,2,0,0,0,0,2019,October,Wednesday,4:50 PM,80,Not Divided,Straight road,Slope,Not Applicable,Sealed,Dry,Not Raining,Daylight,Hit Fixed Object,1,Driver Rider,1: PDO,No Control,,,1336259.81,1667518.35,1.34E+13
2019-10877-27/05/2021,2 Metropolitan,CHARLESTON,5244,THE ADELAIDE HILLS COUNCIL,2,1,0,0,1,2019,October,Thursday,4:40 PM,100,Not Divided,Straight road,Crest of Hill,Not Applicable,Unsealed,Dry,Not Raining,Daylight,Head On,2,Driver Rider,2: MI,No Control,,,1359287.09,1671296.84,1.36E+13
2019-10878-27/05/2021,2 Metropolitan,OTTOWAY,5013,CITY OF PORT ADELAIDE ENFIELD,2,1,0,0,1,2019,October,Thursday,8:15 PM,60,Cross Road,Straight road,Level,Not Applicable,Sealed,Dry,Not Raining,Night,Right Angle,2,Driver Rider,2: MI,Give Way Sign,,,1322902.28,1679362.03,1.32E+13
2019-10879-27/05/2021,2 Metropolitan,ST MARYS,5042,CC MITCHAM.                   ,3,0,0,0,0,2019,October,Thursday,5:15 PM,70,Cross Road,Straight road,Bottom of Hill,Not Applicable,Sealed,Dry,Not Raining,Daylight,Rear End,1,Driver Rider,1: PDO,Traffic Signals,,,1326003.5,1661279.45,1.33E+13
2019-10880-27/05/2021,2 Metropolitan,WEST LAKES,5021,CITY OF CHARLES STURT,2,1,0,0,1,2019,October,Thursday,5:36 PM,60,Divided Road,Straight road,Level,Not Applicable,Sealed,Dry,Not Raining,Daylight,Hit Pedestrian,2,Pedestrian,2: MI,No Control,,,1319551.2,1679104.11,1.32E+13
2019-10881-27/05/2021,2 Metropolitan,CHRISTIE DOWNS,5164,CITY OF ONKAPARINGA,2,2,0,0,2,2019,October,Thursday,3:30 PM,60,T-Junction,Straight road,Level,Not Applicable,Sealed,Dry,Not Raining,Daylight,Rear End,2,Driver Rider,2: MI,Traffic Signals,,,1318513.27,1647464.88,1.32E+13
2019-10882-27/05/2021,1 City,ADELAIDE,5000,CITY OF ADELAIDE,2,0,0,0,0,2019,November,Friday,12:00 AM,50,Cross Road,Straight road,Level,Not Applicable,Sealed,Dry,Not Raining,Night,Right Angle,1,Driver Rider,1: PDO,Traffic Signals,,,1327546.38,1670804.3,1.33E+13
2019-10883-27/05/2021,2 Metropolitan,MAYLANDS,5069,"CC OF NORWOOD,PAYNEHAM & ST PETERS",2,1,0,0,1,2019,November,Friday,5:39 AM,60,Cross Road,Straight road,Level,Not Applicable,Sealed,Dry,Not Raining,Night,Right Turn,1,Driver Rider,2: MI,Traffic Signals,,,1332227.63,1671761.35,1.33E+13
2019-10884-27/05/2021,2 Metropolitan,KURRALTA PARK,5037,CITY OF WEST TORRENS,3,0,0,0,0,2019,November,Friday,7:35 AM,60,Divided Road,Straight road,Level,Not Applicable,Sealed,Dry,Not Raining,Daylight,Rear End,1,Driver Rider,1: PDO,No Control,,,1325809.51,1668452.74,1.33E+13
2019-10885-27/05/2021,2 Metropolitan,SALISBURY HEIGHTS,5109,CITY OF SALISBURY,3,1,0,0,1,2019,November,Friday,8:04 AM,80,T-Junction,Straight road,Level,Not Applicable,Sealed,Dry,Not Raining,Daylight,Rear End,1,Driver Rider,2: MI,No Control,,,1335937.64,1688754.16,1.34E+13
2019-10886-27/05/2021,3 Country,ROCKY GULLY,5254,RC MURRAY BRIDGE.             ,2,0,0,0,0,2019,November,Friday,12:01 AM,100,Not Divided,Straight road,Slope,Not Applicable,Unsealed,Dry,Not Raining,Night,Hit Fixed Object,1,Driver Rider,1: PDO,No Control,,,1382635,1648169.68,1.38E+13
2019-10887-27/05/2021,2 Metropolitan,ALBERTON,5014,CITY OF PORT ADELAIDE ENFIELD,2,0,0,0,0,2019,September,Monday,11:26 AM,50,Not Divided,"CURVED, VIEW OPEN",Level,Not Applicable,Sealed,Dry,Not Raining,Daylight,Hit Parked Vehicle,2,Driver Rider,1: PDO,No Control,,,1320615.81,1678937.58,1.32E+13
2019-10888-27/05/2021,2 Metropolitan,ST MARYS,5042,CC MITCHAM.                   ,2,0,0,0,0,2019,November,Friday,9:40 AM,40,Cross Road,"CURVED, VIEW OPEN",Level,Roadworks,Sealed,Dry,Not Raining,Daylight,Side Swipe,2,Driver Rider,1: PDO,Traffic Signals,,,1326003.5,1661279.45,1.33E+13
2019-10889-27/05/2021,2 Metropolitan,PORT WILLUNGA,5173,CITY OF ONKAPARINGA,2,0,0,0,0,2019,November,Friday,10:15 AM,50,Cross Road,Straight road,Level,Not Applicable,Sealed,Dry,Not Raining,Daylight,Right Angle,1,Driver Rider,1: PDO,Roundabout,,,1314279.52,1633113.57,1.31E+13
2019-10890-27/05/2021,2 Metropolitan,ATHELSTONE,5076,CC CAMPBELLTOWN.              ,2,0,0,0,0,2019,November,Friday,6:45 AM,60,Cross Road,Straight road,Level,Not Applicable,Sealed,Dry,Not Raining,Daylight,Right Angle,1,Driver Rider,1: PDO,Roundabout,,,1337033.54,1674736.87,1.34E+13
2019-10891-27/05/2021,2 Metropolitan,HAPPY VALLEY,5159,CITY OF ONKAPARINGA,2,0,0,0,0,2019,November,Friday,10:50 AM,80,Cross Road,Straight road,Slope,Not Applicable,Sealed,Dry,Not Raining,Daylight,Side Swipe,1,Driver Rider,1: PDO,Traffic Signals,,,1323033.85,1653421.92,1.32E+13
2019-10892-27/05/2021,2 Metropolitan,CHRISTIES BEACH,5165,CITY OF ONKAPARINGA,2,0,0,0,0,2019,November,Friday,11:45 AM,60,Divided Road,Straight road,Level,Driveway or Entrance,Sealed,Dry,Not Raining,Daylight,Right Angle,1,Driver Rider,1: PDO,No Control,,,1317175.15,1647417.82,1.32E+13
2019-10893-27/05/2021,2 Metropolitan,PARKSIDE,5063,CITY OF UNLEY,2,1,0,0,1,2019,November,Friday,8:30 AM,40,Not Divided,Straight road,Level,Not Applicable,Sealed,Dry,Not Raining,Daylight,Hit Parked Vehicle,2,Driver Rider,2: MI,No Control,,,1329332.61,1668925.73,1.33E+13
2019-10894-27/05/2021,2 Metropolitan,NORTHGATE,5085,CITY OF PORT ADELAIDE ENFIELD,2,1,0,0,1,2019,November,Friday,9:00 AM,70,Divided Road,Straight road,Slope,Not Applicable,Unsealed,Dry,Not Raining,Daylight,Rear End,2,Driver Rider,2: MI,No Control,,,1331581.24,1679289.19,1.33E+13
2019-10895-27/05/2021,2 Metropolitan,STURT,5047,CC MARION.                    ,2,1,0,0,1,2019,November,Friday,11:30 AM,60,Divided Road,Straight road,Level,Not Applicable,Sealed,Dry,Not Raining,Daylight,Side Swipe,2,Driver Rider,2: MI,No Control,,,1324428.42,1659761.39,1.32E+13
2019-10896-27/05/2021,2 Metropolitan,UNLEY PARK,5061,CITY OF UNLEY,2,1,0,0,1,2019,November,Friday,9:50 AM,60,Not Divided,Straight road,Level,Not Applicable,Sealed,Dry,Not Raining,Daylight,Hit Fixed Object,1,Driver Rider,2: MI,No Control,,,1329126.18,1666700.42,1.33E+13
2019-10897-27/05/2021,2 Metropolitan,UPPER STURT,5156,THE ADELAIDE HILLS COUNCIL,2,0,0,0,0,2019,November,Friday,10:20 AM,60,Not Divided,Straight road,Slope,Not Applicable,Sealed,Dry,Not Raining,Daylight,Rear End,2,Driver Rider,1: PDO,No Control,,,1336052.56,1660173.15,1.34E+13
2019-10898-27/05/2021,2 Metropolitan,GLYNDE,5070,"CC OF NORWOOD,PAYNEHAM & ST PETERS",2,0,0,0,0,2019,November,Friday,7:20 AM,60,T-Junction,Straight road,Level,Not Applicable,Sealed,Dry,Not Raining,Daylight,Right Angle,2,Driver Rider,1: PDO,No Control,,,1332992.05,1674173.54,1.33E+13
2019-10899-27/05/2021,3 Country,COCKATOO VALLEY,5351,THE BAROSSA COUNCIL.,2,4,0,0,4,2019,November,Friday,11:45 AM,80,T-Junction,Straight road,Level,Not Applicable,Sealed,Dry,Not Raining,Daylight,Rear End,2,Driver Rider,2: MI,Give Way Sign,,,1352070.8,1703135.24,1.35E+13
2019-10900-27/05/2021,2 Metropolitan,WEST LAKES SHORE,5020,CITY OF CHARLES STURT,2,1,0,0,1,2019,November,Friday,1:25 PM,60,T-Junction,Straight road,Level,Not Applicable,Sealed,Dry,Not Raining,Daylight,Right Turn,2,Driver Rider,2: MI,Traffic Signals,,,1317947.1,1677022.93,1.32E+13
2019-10901-27/05/2021,2 Metropolitan,FULHAM GARDENS,5024,CITY OF CHARLES STURT,3,1,0,0,1,2019,November,Friday,1:35 AM,60,Cross Road,Straight road,Level,Not Applicable,Sealed,Dry,Not Raining,Night,Rear End,1,Driver Rider,2: MI,Traffic Signals,,,1320790.16,1673081.46,1.32E+13
2019-10902-27/05/2021,3 Country,MURRAY BRIDGE,5253,RC MURRAY BRIDGE.             ,2,1,0,0,1,2019,November,Friday,3:15 PM,50,T-Junction,Straight road,Level,Not Applicable,Sealed,Dry,Not Raining,Daylight,Side Swipe,2,Driver Rider,2: MI,No Control,,,1388589.08,1646380.35,1.39E+13
2019-10903-27/05/2021,2 Metropolitan,GRANGE,5022,CITY OF CHARLES STURT,2,0,0,0,0,2019,November,Friday,6:20 AM,50,Cross Road,Straight road,Level,Not Applicable,Sealed,Dry,Not Raining,Daylight,Right Angle,1,Driver Rider,1: PDO,Roundabout,,,1318670.04,1673285.31,1.32E+13
2019-10904-27/05/2021,2 Metropolitan,SEACLIFF,5049,CITY OF HOLDFAST BAY,2,0,0,0,0,2019,November,Friday,9:00 AM,60,Divided Road,Straight road,Level,Not Applicable,Sealed,Dry,Not Raining,Daylight,Rear End,1,Driver Rider,1: PDO,No Control,,,1321177.46,1659690.31,1.32E+13
2019-10905-27/05/2021,2 Metropolitan,DRY CREEK,5094,CITY OF PORT ADELAIDE ENFIELD,2,0,0,0,0,2019,November,Friday,3:50 PM,60,Ramp Off,Straight road,Slope,Not Applicable,Sealed,Dry,Not Raining,Daylight,Hit Fixed Object,1,Driver Rider,1: PDO,No Control,,,1323930.04,1681063,1.32E+13
2019-10906-27/05/2021,3 Country,MURRAY BRIDGE,5253,RC MURRAY BRIDGE.             ,2,0,0,0,0,2019,November,Friday,4:10 PM,60,Cross Road,Straight road,Level,Not Applicable,Sealed,Dry,Not Raining,Daylight,Hit Fixed Object,1,Driver Rider,1: PDO,Traffic Signals,,,1387586.7,1646248.9,1.39E+13
2019-10907-27/05/2021,2 Metropolitan,WOODVILLE WEST,5011,CITY OF CHARLES STURT,2,0,0,0,0,2019,November,Friday,4:11 PM,50,Not Divided,Straight road,Level,Not Applicable,Sealed,Dry,Not Raining,Daylight,Head On,1,Driver Rider,1: PDO,No Control,,,1322305.23,1674897.55,1.32E+13
2019-10908-27/05/2021,2 Metropolitan,ELIZABETH EAST,5112,CITY OF PLAYFORD.,2,1,0,1,0,2019,November,Friday,4:50 PM,60,Cross Road,Straight road,Level,Not Applicable,Sealed,Dry,Not Raining,Daylight,Hit Fixed Object,1,Driver Rider,3: SI,Roundabout,,,1336896.21,1693032.29,1.34E+13
2019-10909-27/05/2021,2 Metropolitan,POORAKA,5095,CITY OF SALISBURY,2,1,0,0,1,2019,October,Thursday,3:45 PM,70,Cross Road,Straight road,Slope,Not Applicable,Sealed,Dry,Not Raining,Daylight,Rear End,2,Driver Rider,2: MI,Traffic Signals,,,1330475.28,1681830.96,1.33E+13
2019-10910-27/05/2021,2 Metropolitan,WESTBOURNE PARK,5041,CC MITCHAM.                   ,3,1,0,0,1,2019,October,Thursday,6:21 PM,60,Cross Road,Straight road,Level,Not Applicable,Sealed,Dry,Not Raining,Daylight,Rear End,1,Driver Rider,2: MI,Traffic Signals,,,1327508,1666198.52,1.33E+13
2019-10911-27/05/2021,2 Metropolitan,SALISBURY EAST,5109,CITY OF SALISBURY,2,2,0,0,2,2019,November,Friday,5:20 PM,80,Divided Road,Straight road,Level,Not Applicable,Sealed,Dry,Not Raining,Daylight,Rear End,1,Driver Rider,2: MI,No Control,,,1334012.57,1686306.65,1.33E+13
2019-10912-27/05/2021,3 Country,KADINA,5554,COPPER COAST DISTRICT COUNCIL,2,0,0,0,0,2019,November,Friday,3:17 PM,50,Cross Road,Straight road,Level,Not Applicable,Sealed,Dry,Not Raining,Daylight,Right Angle,1,Driver Rider,1: PDO,Give Way Sign,,,1250579.9,1779496.96,1.25E+13
2019-10913-27/05/2021,2 Metropolitan,GLENELG EAST,5045,CITY OF HOLDFAST BAY,2,0,0,0,0,2019,November,Friday,5:45 PM,60,Divided Road,Straight road,Level,Not Applicable,Sealed,Dry,Not Raining,Daylight,Rear End,2,Driver Rider,1: PDO,No Control,,,1321004.77,1665278.34,1.32E+13
2019-10914-27/05/2021,3 Country,YALLUNDA FLAT,5607,DC TUMBY BAY.                 ,1,0,0,0,0,2019,October,Monday,4:45 PM,80,Not Divided,"CURVED, VIEW OPEN",Level,Not Applicable,Unsealed,Dry,Not Raining,Daylight,Roll Over,1,Driver Rider,1: PDO,No Control,,,1071668.65,1741783.79,1.07E+13
2019-10915-27/05/2021,2 Metropolitan,MEDINDIE,5081,WALKERVILLE TOWN COUNCIL,2,0,0,0,0,2019,November,Friday,6:45 PM,60,T-Junction,Straight road,Level,Not Applicable,Sealed,Dry,Not Raining,Daylight,Hit Fixed Object,1,Driver Rider,1: PDO,No Control,,,1328749.73,1673538.52,1.33E+13
2019-10916-27/05/2021,2 Metropolitan,ROSE PARK,5067,CITY OF BURNSIDE,2,0,0,0,0,2019,October,Thursday,8:30 AM,50,T-Junction,Straight road,Level,Not Applicable,Sealed,Dry,Not Raining,Daylight,Right Turn,2,Driver Rider,1: PDO,Stop Sign,,,1330735.45,1669866.37,1.33E+13
2019-10917-27/05/2021,2 Metropolitan,HALLETT COVE,5158,CC MARION.                    ,2,0,0,0,0,2019,November,Friday,9:15 PM,80,T-Junction,Straight road,Level,Not Applicable,Sealed,Wet,Raining,Night,Hit Fixed Object,1,Driver Rider,1: PDO,No Control,,,1322124.88,1656109.08,1.32E+13
2019-10918-27/05/2021,3 Country,HILTABA,5717,,1,0,0,0,0,2019,October,Thursday,1:00 PM,100,Not Divided,"CURVED, VIEW OBSCURED",Level,Not Applicable,Unsealed,Dry,Not Raining,Daylight,Roll Over,1,Driver Rider,1: PDO,No Control,,,1007916.16,1981657.26,1.01E+13
2019-10919-27/05/2021,2 Metropolitan,WOODVILLE,5011,CITY OF CHARLES STURT,3,0,0,0,0,2019,November,Saturday,4:18 AM,60,Rail Crossing,Straight road,Level,Not Applicable,Sealed,Wet,Not Raining,Night,Hit Fixed Object,1,Driver Rider,1: PDO,Rail Xing-Traffic Signals,,,1322238.91,1676325.77,1.32E+13
2019-10920-27/05/2021,2 Metropolitan,WINGFIELD,5013,CITY OF PORT ADELAIDE ENFIELD,2,0,0,0,0,2019,November,Saturday,7:30 AM,60,Cross Road,Straight road,Level,Not Applicable,Sealed,Dry,Not Raining,Daylight,Rear End,1,Driver Rider,1: PDO,Traffic Signals,,,1325526.71,1679203.7,1.33E+13
2019-10921-27/05/2021,2 Metropolitan,PARAFIELD GARDENS,5107,CITY OF SALISBURY,2,0,0,0,0,2019,November,Friday,5:20 PM,60,T-Junction,Straight road,Level,Not Applicable,Sealed,Dry,Not Raining,Daylight,Right Angle,2,Driver Rider,1: PDO,Give Way Sign,,,1329531.6,1687621.98,1.33E+13
2019-10922-27/05/2021,2 Metropolitan,ROSE PARK,5067,CITY OF BURNSIDE,3,0,0,0,0,2019,November,Saturday,9:36 AM,60,T-Junction,Straight road,Level,Not Applicable,Sealed,Dry,Not Raining,Daylight,Rear End,1,Driver Rider,1: PDO,Traffic Signals,,,1330648.6,1669865.48,1.33E+13
2019-10923-27/05/2021,2 Metropolitan,NORWOOD,5067,"CC OF NORWOOD,PAYNEHAM & ST PETERS",5,0,0,0,0,2019,November,Saturday,9:45 AM,60,Cross Road,Straight road,Level,Not Applicable,Sealed,Dry,Not Raining,Daylight,Right Turn,1,Driver Rider,1: PDO,Give Way Sign,,,1330847.9,1670368.13,1.33E+13
2019-10924-27/05/2021,2 Metropolitan,MILLBROOK,5231,THE ADELAIDE HILLS COUNCIL,1,0,0,0,0,2019,November,Friday,12:10 PM,80,Not Divided,"CURVED, VIEW OPEN",Level,Not Applicable,Sealed,Dry,Not Raining,Daylight,Roll Over,9,Other,1: PDO,No Control,,,1349288.83,1680878.9,1.35E+13
2019-10925-27/05/2021,2 Metropolitan,NAILSWORTH,5083,CITY OF PROSPECT,2,0,0,0,0,2019,November,Saturday,11:20 AM,60,T-Junction,Straight road,Level,Not Applicable,Sealed,Dry,Not Raining,Daylight,Rear End,1,Driver Rider,1: PDO,No Control,,,1328914.32,1674886.77,1.33E+13
2019-10926-27/05/2021,2 Metropolitan,ENFIELD,5085,CITY OF PORT ADELAIDE ENFIELD,3,1,0,0,1,2019,November,Friday,8:45 AM,60,Divided Road,Straight road,Level,Not Applicable,Sealed,Dry,Not Raining,Daylight,Rear End,2,Driver Rider,2: MI,No Control,,,1328819.25,1678685.7,1.33E+13
2019-10927-27/05/2021,2 Metropolitan,MAWSON LAKES,5095,CITY OF SALISBURY,1,0,0,0,0,2019,November,Friday,10:45 PM,50,T-Junction,Straight road,Level,Not Applicable,Sealed,Wet,Raining,Night,Left Road - Out of Control,1,Driver Rider,1: PDO,No Control,,,1330506.67,1684118.28,1.33E+13
2019-10928-27/05/2021,2 Metropolitan,STEPNEY,5069,"CC OF NORWOOD,PAYNEHAM & ST PETERS",2,1,0,0,1,2019,November,Saturday,12:55 PM,60,Cross Road,Straight road,Level,Not Applicable,Sealed,Dry,Not Raining,Daylight,Right Turn,1,Driver Rider,2: MI,Traffic Signals,,,1331410.34,1671738.59,1.33E+13
2019-10929-27/05/2021,3 Country,HINDMARSH VALLEY,5211,DC VICTOR HARBOR.             ,2,0,0,0,0,2019,November,Saturday,1:05 PM,100,Not Divided,"CURVED, VIEW OPEN",Slope,Not Applicable,Sealed,Dry,Not Raining,Daylight,Hit Fixed Object,1,Driver Rider,1: PDO,No Control,,,1330743.04,1610685.59,1.33E+13
2019-10930-27/05/2021,2 Metropolitan,NORTH PLYMPTON,5037,CITY OF WEST TORRENS,2,0,0,0,0,2019,November,Saturday,1:50 PM,50,Cross Road,Straight road,Level,Not Applicable,Sealed,Dry,Not Raining,Daylight,Right Angle,2,Driver Rider,1: PDO,Roundabout,,,1324633.13,1667638.23,1.32E+13
2019-10931-27/05/2021,3 Country,MOUNT GAMBIER,5290,CC MT.GAMBIER.                ,2,2,0,0,2,2019,November,Saturday,12:00 PM,60,Cross Road,Straight road,Slope,Not Applicable,Sealed,Dry,Not Raining,Daylight,Rear End,2,Driver Rider,2: MI,Roundabout,,,1510345.94,1340747.66,1.51E+13
2019-10932-27/05/2021,2 Metropolitan,NOARLUNGA DOWNS,5168,CITY OF ONKAPARINGA,4,0,0,0,0,2019,November,Saturday,2:55 PM,50,Not Divided,Straight road,Slope,Not Applicable,Sealed,Dry,Not Raining,Daylight,Hit Parked Vehicle,1,Driver Rider,1: PDO,No Control,,,1318864.51,1645143.32,1.32E+13
2019-10933-27/05/2021,2 Metropolitan,FLAGSTAFF HILL,5159,CITY OF ONKAPARINGA,2,0,0,0,0,2019,October,Tuesday,3:30 PM,60,Not Divided,Straight road,Level,Not Applicable,Sealed,Dry,Not Raining,Daylight,Rear End,2,Driver Rider,1: PDO,No Control,,,1329168.22,1655926.38,1.33E+13
2019-10934-27/05/2021,2 Metropolitan,BROOKLYN PARK,5032,CITY OF WEST TORRENS,2,3,0,0,3,2019,November,Saturday,3:45 PM,60,Cross Road,Straight road,Level,Not Applicable,Sealed,Dry,Not Raining,Daylight,Right Angle,2,Driver Rider,2: MI,Give Way Sign,,,1323280.39,1670502.25,1.32E+13
2019-10935-27/05/2021,2 Metropolitan,CUDLEE CREEK,5232,THE ADELAIDE HILLS COUNCIL,2,1,0,0,1,2019,November,Saturday,2:00 PM,80,Not Divided,"CURVED, VIEW OBSCURED",Slope,Not Applicable,Sealed,Dry,Not Raining,Daylight,Head On,2,Driver Rider,2: MI,No Control,,,1350647.22,1674970.66,1.35E+13
2019-10936-27/05/2021,2 Metropolitan,SALISBURY DOWNS,5108,CITY OF SALISBURY,2,0,0,0,0,2019,November,Saturday,4:15 PM,60,Divided Road,Straight road,Level,Not Applicable,Sealed,Dry,Not Raining,Daylight,Rear End,2,Driver Rider,1: PDO,No Control,,,1331710.62,1687161.65,1.33E+13
2019-10937-27/05/2021,2 Metropolitan,NEW PORT,5015,CITY OF PORT ADELAIDE ENFIELD,2,0,0,0,0,2019,November,Saturday,5:00 PM,60,Not Divided,Straight road,Level,Not Applicable,Sealed,Dry,Not Raining,Daylight,Side Swipe,2,Driver Rider,1: PDO,No Control,,,1319366.8,1680447.6,1.32E+13