REPORT_ID,Stats Area,Suburb,Postcode,LGA Name,Total Units,Total Cas,Total Fats,Total SI,Total MI,Year,Month,Day,Time,Area Speed,Position Type,Horizontal Align,Vertical Align,Other Feat,Road Surface,Moisture Cond,Weather Cond,DayNight,Crash Type,Unit Resp,Entity Code,CSEF Severity,Traffic Ctrls,DUI Involved,Drugs Involved,ACCLOC_X,ACCLOC_Y,UNIQUE_LOC
2019-10938-27/05/2021,3 Country,GREENOCK,5360,LIGHT REGIONAL COUNCIL,3,1,0,0,1,2019,November,Saturday,7:10 PM,110,Divided Road,Straight road,Slope,Not Applicable,Sealed,Dry,Not Raining,Daylight,Hit Fixed Object,1,Driver Rider,2: MI,No Control,,,1361291.87,1720334.55,1.36E+13
2019-10939-27/05/2021,2 Metropolitan,PAYNEHAM,5070,"CC OF NORWOOD,PAYNEHAM & ST PETERS",2,0,0,0,0,2019,November,Saturday,5:10 PM,60,Cross Road,"CURVED, VIEW OPEN",Level,Not Applicable,Sealed,Dry,Not Raining,Daylight,Rear End,2,Driver Rider,1: PDO,Traffic Signals,,,1332162.99,1673774.81,1.33E+13
2019-10940-27/05/2021,2 Metropolitan,COLLINSWOOD,5081,CITY OF PROSPECT,2,1,0,0,1,2019,November,Saturday,9:55 PM,50,Not Divided,Straight road,Level,Not Applicable,Sealed,Dry,Not Raining,Night,Hit Fixed Object,1,Driver Rider,2: MI,No Control,,,1329631.7,1674717.75,1.33E+13
2019-10941-27/05/2021,2 Metropolitan,KENSINGTON PARK,5068,CITY OF BURNSIDE,2,0,0,0,0,2019,November,Saturday,10:10 PM,60,Cross Road,Straight road,Level,Not Applicable,Sealed,Dry,Not Raining,Night,Right Turn,1,Driver Rider,1: PDO,Traffic Signals,,,1333879.5,1671121.63,1.33E+13
2019-10942-27/05/2021,2 Metropolitan,TATACHILLA,5171,CITY OF ONKAPARINGA,3,2,0,1,1,2019,November,Saturday,3:50 PM,90,Cross Road,Straight road,Bottom of Hill,Not Applicable,Sealed,Dry,Not Raining,Daylight,Right Angle,2,Driver Rider,3: SI,Stop Sign,,,1317646.97,1638169.75,1.32E+13
2019-10943-27/05/2021,2 Metropolitan,CRAFERS WEST,5152,THE ADELAIDE HILLS COUNCIL,3,2,0,0,2,2019,November,Saturday,10:30 PM,50,Not Divided,"CURVED, VIEW OBSCURED",Slope,Not Applicable,Sealed,Dry,Not Raining,Night,Hit Fixed Object,1,Driver Rider,2: MI,No Control,,,1336865.01,1663074.4,1.34E+13
2019-10944-27/05/2021,2 Metropolitan,MUNNO PARA,5115,CITY OF PLAYFORD.,2,1,1,0,0,2019,November,Saturday,8:45 PM,60,T-Junction,Straight road,Level,Not Applicable,Sealed,Dry,Not Raining,Night,Right Turn,2,Driver Rider,4: Fatal,Give Way Sign,,,1336452.23,1698683.45,1.34E+13
2019-10945-27/05/2021,2 Metropolitan,MODBURY NORTH,5092,CITY OF TEA TREE GULLY,2,5,0,3,2,2019,November,Saturday,8:44 PM,80,Cross Road,Straight road,Level,Not Applicable,Sealed,Dry,Not Raining,Night,Right Angle,2,Driver Rider,3: SI,Traffic Signals,,,1336165.68,1681195.41,1.34E+13
2019-10946-27/05/2021,2 Metropolitan,ELIZABETH DOWNS,5113,CITY OF PLAYFORD.,2,0,0,0,0,2019,November,Saturday,10:30 PM,60,Not Divided,Straight road,Level,Not Applicable,Sealed,Dry,Not Raining,Night,Hit Parked Vehicle,1,Driver Rider,1: PDO,No Control,Y,,1337601.22,1695831.08,1.34E+13
2019-10947-27/05/2021,2 Metropolitan,EVERARD PARK,5035,CITY OF UNLEY,2,0,0,0,0,2019,November,Sunday,2:30 AM,60,Cross Road,Straight road,Level,Not Applicable,Sealed,Dry,Not Raining,Night,Hit Fixed Object,1,Driver Rider,1: PDO,Traffic Signals,,,1325837.34,1667760.95,1.33E+13
2019-10948-27/05/2021,2 Metropolitan,MODBURY,5092,CITY OF TEA TREE GULLY,3,0,0,0,0,2019,November,Sunday,7:35 AM,60,Cross Road,Straight road,Slope,Not Applicable,Sealed,Dry,Not Raining,Daylight,Right Turn,1,Driver Rider,1: PDO,Traffic Signals,,,1336876.15,1680848.77,1.34E+13
2019-10949-27/05/2021,2 Metropolitan,SEATON,5023,CITY OF CHARLES STURT,2,0,0,0,0,2019,November,Saturday,1:48 PM,60,T-Junction,Straight road,Level,Not Applicable,Sealed,Dry,Not Raining,Daylight,Hit Fixed Object,1,Driver Rider,1: PDO,Give Way Sign,,,1321556.74,1674705.24,1.32E+13
2019-10950-27/05/2021,3 Country,CURRENCY CREEK,5214,ALEXANDRINA COUNCIL,2,1,0,0,1,2019,November,Sunday,7:15 AM,100,Not Divided,Straight road,Level,Not Applicable,Sealed,Dry,Not Raining,Daylight,Hit Fixed Object,1,Driver Rider,2: MI,No Control,Y,Y,1342937,1614761.14,1.34E+13
2019-10951-27/05/2021,3 Country,SANDY CREEK,5350,THE BAROSSA COUNCIL.,2,1,0,0,1,2019,November,Sunday,10:45 AM,90,Not Divided,Straight road,Level,Not Applicable,Sealed,Dry,Not Raining,Daylight,Right Turn,1,Driver Rider,2: MI,No Control,,,1350864.42,1705870.84,1.35E+13
2019-10952-27/05/2021,2 Metropolitan,SEFTON PARK,5083,CITY OF PORT ADELAIDE ENFIELD,2,1,0,0,1,2019,November,Sunday,11:00 AM,60,T-Junction,Straight road,Level,Not Applicable,Sealed,Dry,Not Raining,Daylight,Right Angle,1,Driver Rider,2: MI,No Control,,,1329030.84,1676437.2,1.33E+13
2019-10953-27/05/2021,2 Metropolitan,ELIZABETH DOWNS,5113,CITY OF PLAYFORD.,3,0,0,0,0,2019,November,Sunday,12:02 PM,60,Not Divided,Straight road,Level,Driveway or Entrance,Sealed,Dry,Not Raining,Daylight,Rear End,1,Driver Rider,1: PDO,No Control,,,1337669.95,1694923.44,1.34E+13
2019-10954-27/05/2021,2 Metropolitan,ROYAL PARK,5014,CITY OF CHARLES STURT,2,1,0,0,1,2019,November,Sunday,2:00 PM,60,Cross Road,Straight road,Level,Not Applicable,Unsealed,Dry,Not Raining,Daylight,Right Turn,2,Driver Rider,2: MI,Traffic Signals,,,1320696.01,1677657.59,1.32E+13
2019-10955-27/05/2021,2 Metropolitan,CHELTENHAM,5014,CITY OF CHARLES STURT,2,0,0,0,0,2019,November,Saturday,8:00 PM,60,Cross Road,Straight road,Level,Not Applicable,Sealed,Dry,Not Raining,Night,Rear End,1,Driver Rider,1: PDO,Traffic Signals,,,1322118.29,1676363.89,1.32E+13
2019-10956-27/05/2021,2 Metropolitan,CHRISTIE DOWNS,5164,CITY OF ONKAPARINGA,2,1,0,0,1,2019,November,Sunday,2:50 PM,50,Not Divided,Straight road,Level,Driveway or Entrance,Sealed,Dry,Not Raining,Daylight,Right Turn,1,Driver Rider,2: MI,No Control,,,1318958.46,1648974.85,1.32E+13
2019-10957-27/05/2021,2 Metropolitan,HENLEY BEACH,5022,CITY OF CHARLES STURT,2,0,0,0,0,2019,November,Friday,3:44 PM,50,Not Divided,Straight road,Level,Not Applicable,Sealed,Dry,Not Raining,Daylight,Hit Parked Vehicle,2,Driver Rider,1: PDO,No Control,,,1318642.56,1672935.07,1.32E+13
2019-10958-27/05/2021,2 Metropolitan,ASCOT PARK,5043,CC MARION.                    ,2,0,0,0,0,2019,November,Sunday,3:30 PM,50,Not Divided,Straight road,Level,Not Applicable,Sealed,Dry,Not Raining,Daylight,Hit Parked Vehicle,1,Driver Rider,1: PDO,No Control,,,1324603.93,1664031.85,1.32E+13
2019-10959-27/05/2021,2 Metropolitan,BIBARINGA,5118,CITY OF PLAYFORD.,2,1,0,0,1,2019,November,Sunday,3:07 PM,100,Not Divided,"CURVED, VIEW OPEN",Slope,Not Applicable,Sealed,Dry,Not Raining,Daylight,Hit Fixed Object,1,Driver Rider,2: MI,No Control,,,1345190.76,1700131.63,1.35E+13
2019-10960-27/05/2021,3 Country,COOKE PLAINS,5261,COORONG DISTRICT COUNCIL,3,0,0,0,0,2019,November,Sunday,12:40 PM,110,Not Divided,Straight road,Level,Not Applicable,Sealed,Dry,Not Raining,Daylight,Other,2,Driver Rider,1: PDO,No Control,,,1416767.3,1613985.38,1.42E+13
2019-10961-27/05/2021,3 Country,MYPONGA,5202,DC YANKALILLA.                ,1,0,0,0,0,2019,November,Sunday,2:40 PM,100,Not Divided,"CURVED, VIEW OBSCURED",Bottom of Hill,Not Applicable,Unsealed,Dry,Not Raining,Daylight,Roll Over,1,Driver Rider,1: PDO,No Control,,,1310507.97,1617453.97,1.31E+13
2019-10962-27/05/2021,2 Metropolitan,CROYDON PARK,5008,CITY OF PORT ADELAIDE ENFIELD,2,0,0,0,0,2019,November,Sunday,4:15 PM,50,Not Divided,Straight road,Level,Not Applicable,Sealed,Dry,Not Raining,Daylight,Hit Parked Vehicle,2,Driver Rider,1: PDO,No Control,,,1324982.68,1676056.53,1.32E+13
2019-10963-27/05/2021,2 Metropolitan,OLD NOARLUNGA,5168,CITY OF ONKAPARINGA,2,0,0,0,0,2019,November,Saturday,6:25 PM,60,Not Divided,"CURVED, VIEW OPEN",Level,Not Applicable,Sealed,Dry,Not Raining,Daylight,Hit Parked Vehicle,1,Driver Rider,1: PDO,No Control,,,1318583.67,1642555.11,1.32E+13
2019-10964-27/05/2021,2 Metropolitan,HAWTHORNDENE,5051,CC MITCHAM.                   ,2,0,0,0,0,2019,November,Sunday,5:01 PM,50,Not Divided,Straight road,Crest of Hill,Not Applicable,Sealed,Dry,Not Raining,Daylight,Hit Fixed Object,1,Driver Rider,1: PDO,No Control,,,1331393.16,1660359.24,1.33E+13
2019-10965-27/05/2021,2 Metropolitan,UNLEY,5061,CITY OF UNLEY,2,1,0,0,1,2019,November,Sunday,5:00 PM,60,Not Divided,Straight road,Level,Not Applicable,Sealed,Dry,Not Raining,Daylight,Side Swipe,1,Driver Rider,2: MI,No Control,,,1329080.02,1668193.61,1.33E+13
2019-10966-27/05/2021,3 Country,UCOLTA,5422,DC OF PETERBOROUGH,2,0,0,0,0,2019,November,Sunday,3:47 PM,110,Not Divided,"CURVED, VIEW OPEN",Slope,Not Applicable,Sealed,Dry,Not Raining,Daylight,Hit Fixed Object,1,Driver Rider,1: PDO,No Control,,,1369931.84,1885691.55,1.37E+13
2019-10967-27/05/2021,2 Metropolitan,NORWOOD,5067,"CC OF NORWOOD,PAYNEHAM & ST PETERS",2,0,0,0,0,2019,November,Sunday,12:45 AM,60,Cross Road,"CURVED, VIEW OPEN",Level,Not Applicable,Sealed,Dry,Not Raining,Night,Side Swipe,2,Driver Rider,1: PDO,Roundabout,,,1330623.32,1670361.88,1.33E+13
2019-10968-27/05/2021,2 Metropolitan,WHITES VALLEY,5172,CITY OF ONKAPARINGA,2,0,0,0,0,2019,November,Sunday,7:35 PM,80,Not Divided,Straight road,Level,Not Applicable,Sealed,Dry,Not Raining,Daylight,Hit Fixed Object,1,Driver Rider,1: PDO,No Control,,,1320093.33,1634241.08,1.32E+13
2019-10969-27/05/2021,3 Country,MACGILLIVRAY,5223,KANGAROO ISLAND COUNCIL,2,1,0,0,1,2019,November,Sunday,4:30 PM,110,Not Divided,Straight road,Level,Driveway or Entrance,Sealed,Dry,Not Raining,Daylight,Side Swipe,1,Driver Rider,2: MI,No Control,,,1217083.6,1568193.47,1.22E+13
2019-10970-27/05/2021,3 Country,MACGILLIVRAY,5223,KANGAROO ISLAND COUNCIL,2,1,0,0,1,2019,November,Sunday,6:50 PM,110,Not Divided,"CURVED, VIEW OPEN",Level,Not Applicable,Sealed,Dry,Not Raining,Daylight,Hit Fixed Object,1,Driver Rider,2: MI,No Control,,,1217083.6,1568193.47,1.22E+13
2019-10971-27/05/2021,3 Country,WHYALLA PLAYFORD,5600,CC WHYALLA.                   ,2,0,0,0,0,2019,November,Sunday,5:46 PM,60,Cross Road,Straight road,Bottom of Hill,Not Applicable,Sealed,Dry,Not Raining,Daylight,Right Angle,1,Driver Rider,1: PDO,Stop Sign,,,1237791.41,1883912.37,1.24E+13
2019-10972-27/05/2021,2 Metropolitan,BURTON,5110,CITY OF SALISBURY,2,0,0,0,0,2019,November,Monday,6:39 AM,90,Divided Road,Straight road,Level,Not Applicable,Sealed,Unknown,Unknown,Daylight,Rear End,1,Driver Rider,1: PDO,No Control,,,1328002.45,1690569.95,1.33E+13
2019-10973-27/05/2021,2 Metropolitan,STURT,5047,CC MARION.                    ,2,2,0,1,1,2019,November,Monday,6:36 AM,60,Cross Road,Straight road,Level,Not Applicable,Sealed,Wet,Not Raining,Daylight,Right Angle,1,Driver Rider,3: SI,Traffic Signals,,,1324403.19,1660679.72,1.32E+13
2019-10974-27/05/2021,2 Metropolitan,MUNNO PARA WEST,5115,CITY OF PLAYFORD.,2,1,0,0,1,2019,November,Monday,7:33 AM,60,T-Junction,Straight road,Level,Not Applicable,Sealed,Wet,Raining,Daylight,Rear End,1,Driver Rider,2: MI,Give Way Sign,,,1336882.16,1700182.52,1.34E+13
2019-10975-27/05/2021,2 Metropolitan,SELLICKS BEACH,5174,CITY OF ONKAPARINGA,2,0,0,0,0,2019,November,Sunday,4:30 PM,90,Cross Road,Straight road,Level,Not Applicable,Sealed,Dry,Not Raining,Daylight,Rear End,1,Driver Rider,1: PDO,Give Way Sign,,,1315514.14,1626426.57,1.32E+13
2019-10976-27/05/2021,2 Metropolitan,KENSINGTON GARDENS,5068,CITY OF BURNSIDE,2,0,0,0,0,2019,November,Sunday,1:40 PM,60,T-Junction,Straight road,Level,Not Applicable,Sealed,Dry,Not Raining,Daylight,Right Angle,2,Driver Rider,1: PDO,No Control,,,1334151.21,1670468.53,1.33E+13
2019-10977-27/05/2021,2 Metropolitan,BROMPTON,5007,CITY OF CHARLES STURT,2,1,0,0,1,2019,November,Monday,8:30 AM,40,T-Junction,Straight road,Level,Not Applicable,Sealed,Dry,Not Raining,Daylight,Right Turn,1,Driver Rider,2: MI,No Control,,,1326886.15,1673875.09,1.33E+13
2019-10978-27/05/2021,2 Metropolitan,MITCHELL PARK,5043,CC MARION.                    ,2,0,0,0,0,2019,November,Monday,8:40 AM,50,Cross Road,Straight road,Level,Not Applicable,Sealed,Dry,Not Raining,Daylight,Right Angle,1,Driver Rider,1: PDO,Roundabout,,,1325086.53,1661634.86,1.33E+13
2019-10979-27/05/2021,3 Country,MURRAY BRIDGE EAST,5253,RC MURRAY BRIDGE.             ,2,0,0,0,0,2019,November,Monday,7:50 AM,50,Not Divided,"CURVED, VIEW OPEN",Slope,Driveway or Entrance,Sealed,Dry,Not Raining,Daylight,Hit Fixed Object,1,Driver Rider,1: PDO,No Control,,,1390303.73,1648415.99,1.39E+13
2019-10980-27/05/2021,2 Metropolitan,OAKLANDS PARK,5046,CC MARION.                    ,2,0,0,0,0,2019,November,Sunday,1:15 PM,60,T-Junction,Straight road,Level,Not Applicable,Sealed,Dry,Not Raining,Daylight,Right Angle,1,Driver Rider,1: PDO,Give Way Sign,,,1322761.73,1661110.22,1.32E+13
2019-10981-27/05/2021,3 Country,TANUNDA,5352,THE BAROSSA COUNCIL.,2,0,0,0,0,2019,November,Saturday,11:15 AM,50,Not Divided,Straight road,Level,Not Applicable,Sealed,Dry,Not Raining,Daylight,Hit Pedestrian,1,Pedestrian,1: PDO,No Control,,,1363759.16,1714682.87,1.36E+13
2019-10982-27/05/2021,2 Metropolitan,MEDINDIE,5081,WALKERVILLE TOWN COUNCIL,2,1,0,0,1,2019,November,Monday,9:20 AM,60,T-Junction,Straight road,Level,Not Applicable,Sealed,Dry,Not Raining,Daylight,Right Turn,2,Driver Rider,2: MI,No Control,,,1329091.54,1674227.45,1.33E+13
2019-10983-27/05/2021,3 Country,YORKETOWN,5576,YORKE PENINSULA COUNCIL,1,0,0,0,0,2019,November,Monday,8:30 AM,100,Not Divided,"CURVED, VIEW OBSCURED",Level,Not Applicable,Sealed,Wet,Not Raining,Daylight,Roll Over,1,Driver Rider,1: PDO,No Control,,,1243982.77,1665179.3,1.24E+13
2019-10984-27/05/2021,2 Metropolitan,RIDGEHAVEN,5097,CITY OF TEA TREE GULLY,3,1,0,1,0,2019,November,Monday,10:40 AM,50,Not Divided,Straight road,Slope,Not Applicable,Sealed,Dry,Not Raining,Daylight,Hit Parked Vehicle,1,Driver Rider,3: SI,No Control,,,1337803.6,1681496.18,1.34E+13
2019-10985-27/05/2021,3 Country,CYGNET RIVER,5223,KANGAROO ISLAND COUNCIL,2,1,0,0,1,2019,October,Monday,1:48 PM,110,T-Junction,Straight road,Level,Not Applicable,Sealed,Dry,Not Raining,Daylight,Right Turn,1,Driver Rider,2: MI,Give Way Sign,,,1227360.49,1586865.58,1.23E+13
2019-10986-27/05/2021,2 Metropolitan,CUDLEE CREEK,5232,THE ADELAIDE HILLS COUNCIL,2,0,0,0,0,2019,November,Monday,8:05 AM,80,Not Divided,"CURVED, VIEW OBSCURED",Level,Not Applicable,Sealed,Wet,Raining,Daylight,Hit Fixed Object,1,Driver Rider,1: PDO,No Control,,,1348346.18,1679472.03,1.35E+13
2019-10987-27/05/2021,2 Metropolitan,CAMPBELLTOWN,5074,CC CAMPBELLTOWN.              ,2,0,0,0,0,2019,November,Monday,12:00 PM,60,T-Junction,Straight road,Level,Not Applicable,Sealed,Dry,Not Raining,Daylight,Right Angle,2,Driver Rider,1: PDO,Traffic Signals,,,1334468.27,1675734.19,1.33E+13
2019-10988-27/05/2021,2 Metropolitan,SALISBURY,5108,CITY OF SALISBURY,2,0,0,0,0,2019,November,Monday,12:30 PM,50,Cross Road,Straight road,Level,Not Applicable,Sealed,Dry,Not Raining,Daylight,Right Angle,2,Driver Rider,1: PDO,Roundabout,,,1333516.42,1688617.32,1.33E+13
2019-10989-27/05/2021,3 Country,LOWER LIGHT,5501,DC MALLALA.                   ,1,2,0,2,0,2019,November,Monday,11:00 AM,110,Divided Road,Straight road,Level,Not Applicable,Sealed,Dry,Not Raining,Daylight,Roll Over,1,Driver Rider,3: SI,No Control,,,1312520.88,1717628.41,1.31E+13
2019-10990-27/05/2021,2 Metropolitan,MELROSE PARK,5039,CC MITCHAM.                   ,2,0,0,0,0,2019,November,Monday,1:08 PM,60,Divided Road,Straight road,Level,Not Applicable,Sealed,Dry,Not Raining,Daylight,Rear End,1,Driver Rider,1: PDO,No Control,,,1325940.61,1664125.22,1.33E+13
2019-10991-27/05/2021,2 Metropolitan,WARRADALE,5046,CC MARION.                    ,2,0,0,0,0,2019,October,Thursday,10:00 PM,60,Divided Road,Straight road,Level,Driveway or Entrance,Sealed,Dry,Not Raining,Night,Right Angle,2,Driver Rider,1: PDO,No Control,,,1322622.55,1661700.89,1.32E+13
2019-10992-27/05/2021,2 Metropolitan,HOLDEN HILL,5088,CITY OF TEA TREE GULLY,2,0,0,0,0,2019,November,Monday,2:34 PM,60,T-Junction,Straight road,Level,Not Applicable,Sealed,Dry,Not Raining,Daylight,Right Turn,1,Driver Rider,1: PDO,Traffic Signals,,,1334713.27,1678543.84,1.33E+13
2019-10993-27/05/2021,2 Metropolitan,FULLARTON,5063,CITY OF UNLEY,2,0,0,0,0,2019,November,Monday,11:20 AM,60,Not Divided,Straight road,Level,Not Applicable,Sealed,Dry,Not Raining,Daylight,Hit Parked Vehicle,2,Driver Rider,1: PDO,No Control,,,1331418.09,1667778.66,1.33E+13
2019-10994-27/05/2021,2 Metropolitan,HINDMARSH,5007,CITY OF CHARLES STURT,2,1,0,0,1,2019,November,Monday,2:20 PM,50,Not Divided,Straight road,Level,Not Applicable,Sealed,Dry,Not Raining,Daylight,Hit Fixed Object,1,Driver Rider,2: MI,No Control,,,1326306.41,1672877.7,1.33E+13
2019-10995-27/05/2021,2 Metropolitan,GLENELG,5045,CITY OF HOLDFAST BAY,2,0,0,0,0,2019,November,Sunday,10:30 AM,50,Not Divided,Straight road,Level,Not Applicable,Sealed,Dry,Not Raining,Daylight,Right Angle,2,Driver Rider,1: PDO,No Control,,,1320543.11,1664725.55,1.32E+13
2019-10996-27/05/2021,2 Metropolitan,HAPPY VALLEY,5159,CITY OF ONKAPARINGA,2,1,0,0,1,2019,October,Thursday,5:15 PM,70,Cross Road,Straight road,Level,Not Applicable,Sealed,Dry,Not Raining,Daylight,Rear End,2,Driver Rider,2: MI,Roundabout,,,1325603.37,1656854,1.33E+13
2019-10997-27/05/2021,2 Metropolitan,MODBURY NORTH,5092,CITY OF TEA TREE GULLY,2,1,0,1,0,2019,November,Monday,3:56 PM,60,Divided Road,Straight road,Level,Driveway or Entrance,Sealed,Dry,Not Raining,Daylight,Right Turn,2,Driver Rider,3: SI,No Control,,,1335515.38,1681173.45,1.34E+13
2019-10998-27/05/2021,2 Metropolitan,MORPHETT VALE,5162,CITY OF ONKAPARINGA,2,0,0,0,0,2019,November,Monday,2:29 PM,60,Divided Road,Straight road,Level,Not Applicable,Sealed,Dry,Not Raining,Daylight,Rear End,1,Driver Rider,1: PDO,No Control,,,1322784.45,1649913.55,1.32E+13
2019-10999-27/05/2021,2 Metropolitan,EDWARDSTOWN,5039,CC MARION.                    ,2,1,0,1,0,2019,November,Monday,3:10 PM,50,Cross Road,Straight road,Level,Not Applicable,Sealed,Dry,Not Raining,Daylight,Right Angle,1,Driver Rider,3: SI,Stop Sign,,,1325071.63,1665621.26,1.33E+13
2019-11000-27/05/2021,2 Metropolitan,SALISBURY DOWNS,5108,CITY OF SALISBURY,2,0,0,0,0,2019,November,Monday,4:40 PM,60,Cross Road,Straight road,Level,Not Applicable,Sealed,Dry,Not Raining,Daylight,Rear End,2,Driver Rider,1: PDO,Traffic Signals,,,1331438.94,1686827.09,1.33E+13
2019-11001-27/05/2021,3 Country,HINDMARSH ISLAND,5214,ALEXANDRINA COUNCIL,2,2,0,2,0,2019,November,Monday,3:25 PM,100,Not Divided,Straight road,Level,Driveway or Entrance,Sealed,Dry,Not Raining,Daylight,Rear End,2,Driver Rider,3: SI,No Control,,,1346091.99,1605209.7,1.35E+13
2019-11002-27/05/2021,2 Metropolitan,RIDLEYTON,5008,CITY OF CHARLES STURT,2,1,0,0,1,2019,November,Monday,5:20 PM,60,Not Divided,Straight road,Level,Driveway or Entrance,Sealed,Dry,Not Raining,Daylight,Side Swipe,1,Driver Rider,2: MI,No Control,,,1325963.3,1674857.45,1.33E+13
2019-11003-27/05/2021,3 Country,BARMERA,5345,THE BERRI BARMERA COUNCIL,2,0,0,0,0,2019,November,Monday,5:39 PM,90,T-Junction,Straight road,Level,Not Applicable,Sealed,Wet,Raining,Daylight,Right Angle,2,Driver Rider,1: PDO,Give Way Sign,,,1503843.09,1736748.42,1.50E+13
2019-11004-27/05/2021,3 Country,BEACHPORT,5280,WATTLE RANGE COUNCIL,1,0,0,0,0,2019,November,Monday,3:30 PM,110,Not Divided,Straight road,Level,"Bridge, Culvert, Causeway",Sealed,Dry,Not Raining,Daylight,Roll Over,1,Driver Rider,1: PDO,No Control,,,1447005.97,1385648.14,1.45E+13
2019-11005-27/05/2021,2 Metropolitan,CUMBERLAND PARK,5041,CC MITCHAM.                   ,2,0,0,0,0,2019,November,Monday,1:45 PM,50,Cross Road,Straight road,Level,Driveway or Entrance,Sealed,Dry,Not Raining,Daylight,Hit Parked Vehicle,2,Driver Rider,1: PDO,Give Way Sign,,,1327372.07,1665941.31,1.33E+13
2019-11006-27/05/2021,2 Metropolitan,PLYMPTON,5038,CITY OF WEST TORRENS,2,0,0,0,0,2019,November,Monday,4:05 PM,60,Divided Road,Straight road,Level,Not Applicable,Sealed,Dry,Not Raining,Daylight,Hit Parked Vehicle,1,Driver Rider,1: PDO,No Control,,,1324610.97,1666860.85,1.32E+13
2019-11007-27/05/2021,2 Metropolitan,NAILSWORTH,5083,CITY OF PROSPECT,2,0,0,0,0,2019,November,Monday,4:10 PM,60,T-Junction,Straight road,Level,Not Applicable,Sealed,Dry,Not Raining,Daylight,Right Angle,1,Driver Rider,1: PDO,Give Way Sign,,,1328912,1674980.22,1.33E+13
2019-11008-27/05/2021,2 Metropolitan,PLYMPTON,5038,CITY OF WEST TORRENS,2,0,0,0,0,2019,November,Monday,4:15 PM,60,Divided Road,Straight road,Level,Not Applicable,Sealed,Dry,Not Raining,Daylight,Hit Parked Vehicle,1,Driver Rider,1: PDO,No Control,,,1324668.61,1666903.31,1.32E+13
2019-11009-27/05/2021,2 Metropolitan,PARAFIELD,5106,CITY OF SALISBURY,2,0,0,0,0,2019,November,Monday,6:00 PM,70,Cross Road,Straight road,Level,Not Applicable,Sealed,Dry,Not Raining,Daylight,Rear End,1,Driver Rider,1: PDO,Traffic Signals,,,1331785.25,1683489.99,1.33E+13
2019-11010-27/05/2021,2 Metropolitan,BEDFORD PARK,5042,CC MITCHAM.                   ,2,1,0,0,1,2019,November,Monday,8:17 PM,60,T-Junction,Straight road,Bottom of Hill,Not Applicable,Sealed,Dry,Not Raining,Night,Right Turn,2,Driver Rider,2: MI,Traffic Signals,,,1325724.1,1660702.39,1.33E+13
2019-11011-27/05/2021,2 Metropolitan,FERRYDEN PARK,5010,CITY OF PORT ADELAIDE ENFIELD,2,4,0,0,4,2019,November,Monday,10:30 PM,50,Not Divided,Straight road,Level,Not Applicable,Sealed,Dry,Not Raining,Night,Hit Parked Vehicle,1,Driver Rider,2: MI,No Control,,,1325397.43,1677671.25,1.33E+13
2019-11012-27/05/2021,3 Country,ROBE,5276,DC ROBE.                      ,1,1,0,0,1,2019,November,Tuesday,3:20 AM,110,Not Divided,"CURVED, VIEW OBSCURED",Level,Not Applicable,Sealed,Dry,Not Raining,Night,Roll Over,1,Driver Rider,2: MI,No Control,,Y,1429588.82,1414774.43,1.43E+13
2019-11013-27/05/2021,2 Metropolitan,DERNANCOURT,5075,CITY OF TEA TREE GULLY,3,0,0,0,0,2019,November,Tuesday,6:00 AM,60,Not Divided,Straight road,Slope,Not Applicable,Sealed,Dry,Not Raining,Night,Hit Fixed Object,1,Driver Rider,1: PDO,No Control,,,1336544.23,1677702.35,1.34E+13
2019-11014-27/05/2021,2 Metropolitan,URRBRAE,5064,CC MITCHAM.                   ,2,0,0,0,0,2019,November,Monday,9:00 AM,60,Cross Road,Straight road,Slope,Not Applicable,Sealed,Dry,Not Raining,Daylight,Side Swipe,2,Driver Rider,1: PDO,Traffic Signals,,,1332373.16,1666370.92,1.33E+13
2019-11015-27/05/2021,2 Metropolitan,HACKNEY,5069,"CC OF NORWOOD,PAYNEHAM & ST PETERS",2,1,0,0,1,2019,November,Tuesday,9:05 AM,60,Divided Road,Straight road,Level,Not Applicable,Sealed,Dry,Not Raining,Daylight,Right Angle,2,Driver Rider,2: MI,No Control,,,1329757.62,1672239.19,1.33E+13
2019-11016-27/05/2021,2 Metropolitan,POORAKA,5095,CITY OF SALISBURY,2,1,0,0,1,2019,November,Tuesday,8:45 AM,70,T-Junction,Straight road,Level,Not Applicable,Sealed,Dry,Not Raining,Daylight,Right Angle,2,Driver Rider,2: MI,No Control,,,1331418,1681822.24,1.33E+13
2019-11017-27/05/2021,2 Metropolitan,KESWICK TERMINAL,5035,CITY OF WEST TORRENS,3,1,0,0,1,2019,November,Tuesday,8:40 AM,60,Cross Road,Straight road,Level,Not Applicable,Sealed,Dry,Not Raining,Daylight,Right Angle,1,Driver Rider,2: MI,Traffic Signals,,,1326431.95,1668966.24,1.33E+13
2019-11018-27/05/2021,2 Metropolitan,GULFVIEW HEIGHTS,5096,CITY OF SALISBURY,2,1,0,0,1,2019,November,Tuesday,9:25 AM,60,T-Junction,Straight road,Slope,Not Applicable,Sealed,Dry,Not Raining,Daylight,Right Angle,2,Driver Rider,2: MI,No Control,,,1334347.46,1684460.46,1.33E+13