REPORT_ID,Stats Area,Suburb,Postcode,LGA Name,Total Units,Total Cas,Total Fats,Total SI,Total MI,Year,Month,Day,Time,Area Speed,Position Type,Horizontal Align,Vertical Align,Other Feat,Road Surface,Moisture Cond,Weather Cond,DayNight,Crash Type,Unit Resp,Entity Code,CSEF Severity,Traffic Ctrls,DUI Involved,Drugs Involved,ACCLOC_X,ACCLOC_Y,UNIQUE_LOC
2019-11019-27/05/2021,2 Metropolitan,POORAKA,5095,CITY OF SALISBURY,2,2,0,0,2,2019,November,Wednesday,8:40 AM,70,Cross Road,Straight road,Level,Not Applicable,Sealed,Dry,Not Raining,Daylight,Rear End,1,Driver Rider,2: MI,Traffic Signals,,,1330499.62,1681832.25,1.33E+13
2019-11020-27/05/2021,3 Country,WALLAROO,5556,COPPER COAST DISTRICT COUNCIL,3,1,0,0,1,2019,November,Monday,9:00 PM,100,Not Divided,Straight road,Level,Not Applicable,Unsealed,Dry,Not Raining,Night,Hit Fixed Object,1,Driver Rider,2: MI,No Control,,,1244466.6,1781023.19,1.24E+13
2019-11021-27/05/2021,2 Metropolitan,DERNANCOURT,5075,CITY OF TEA TREE GULLY,2,0,0,0,0,2019,November,Tuesday,9:25 AM,60,Divided Road,"CURVED, VIEW OPEN",Crest of Hill,Not Applicable,Sealed,Dry,Not Raining,Daylight,Hit Parked Vehicle,1,Driver Rider,1: PDO,No Control,,,1336544.23,1677702.35,1.34E+13
2019-11022-27/05/2021,2 Metropolitan,CALLINGTON,5254,DC MT.BARKER.                 ,2,0,0,0,0,2019,November,Monday,10:35 PM,110,Freeway,"CURVED, VIEW OPEN",Slope,Not Applicable,Sealed,Dry,Not Raining,Night,Hit Fixed Object,1,Driver Rider,1: PDO,No Control,,,1366015.18,1647717,1.37E+13
2019-11023-27/05/2021,2 Metropolitan,SALISBURY PLAIN,5109,CITY OF SALISBURY,2,0,0,0,0,2019,November,Tuesday,10:00 AM,60,Not Divided,Straight road,Level,Not Applicable,Sealed,Dry,Not Raining,Daylight,Right Angle,2,Driver Rider,1: PDO,No Control,,,1334577.58,1687309.96,1.33E+13
2019-11024-27/05/2021,2 Metropolitan,STEPNEY,5069,"CC OF NORWOOD,PAYNEHAM & ST PETERS",2,1,0,0,1,2019,November,Monday,1:00 PM,60,Multiple,"CURVED, VIEW OPEN",Level,Not Applicable,Sealed,Dry,Not Raining,Daylight,Rear End,2,Driver Rider,2: MI,Traffic Signals,,,1330600.73,1671714.93,1.33E+13
2019-11025-27/05/2021,2 Metropolitan,MARDEN,5070,"CC OF NORWOOD,PAYNEHAM & ST PETERS",2,0,0,0,0,2019,November,Tuesday,10:47 AM,60,T-Junction,Straight road,Level,Not Applicable,Sealed,Dry,Not Raining,Daylight,Right Turn,2,Driver Rider,1: PDO,Traffic Signals,,,1332493.44,1673948.19,1.33E+13
2019-11026-27/05/2021,2 Metropolitan,GLOBE DERBY PARK,5110,CITY OF SALISBURY,2,1,0,0,1,2019,November,Tuesday,11:30 AM,80,T-Junction,Straight road,Level,Not Applicable,Sealed,Dry,Not Raining,Daylight,Rear End,2,Driver Rider,2: MI,Traffic Signals,,,1328637.45,1684641.8,1.33E+13
2019-11027-27/05/2021,2 Metropolitan,ELIZABETH EAST,5112,CITY OF PLAYFORD.,1,1,0,0,1,2019,November,Monday,8:55 AM,60,T-Junction,Straight road,Level,Not Applicable,Sealed,Dry,Not Raining,Daylight,Other,9,Other,2: MI,No Control,,,1336368.19,1692381.31,1.34E+13
2019-11028-27/05/2021,2 Metropolitan,NORWOOD,5067,"CC OF NORWOOD,PAYNEHAM & ST PETERS",2,0,0,0,0,2019,October,Monday,5:00 PM,60,Cross Road,Straight road,Level,Not Applicable,Sealed,Dry,Not Raining,Daylight,Right Angle,2,Driver Rider,1: PDO,Roundabout,,,1330623.32,1670361.88,1.33E+13
2019-11029-27/05/2021,2 Metropolitan,PROSPECT,5082,CITY OF PROSPECT,2,0,0,0,0,2019,November,Tuesday,1:05 PM,60,T-Junction,Straight road,Level,Not Applicable,Sealed,Dry,Not Raining,Daylight,Hit Fixed Object,1,Driver Rider,1: PDO,No Control,,,1328726.42,1676429.12,1.33E+13
2019-11030-27/05/2021,2 Metropolitan,THORNGATE,5082,WALKERVILLE TOWN COUNCIL,2,1,0,0,1,2019,November,Tuesday,9:10 AM,60,Divided Road,Straight road,Level,Not Applicable,Sealed,Dry,Not Raining,Daylight,Rear End,1,Driver Rider,2: MI,No Control,,,1328479.97,1673807.58,1.33E+13
2019-11031-27/05/2021,3 Country,VICTOR HARBOR,5211,DC VICTOR HARBOR.             ,2,0,0,0,0,2019,November,Tuesday,2:30 PM,50,Cross Road,Straight road,Level,Not Applicable,Sealed,Dry,Not Raining,Daylight,Rear End,2,Driver Rider,1: PDO,Roundabout,,,1328269.21,1601257.77,1.33E+13
2019-11032-27/05/2021,2 Metropolitan,CAVAN,5094,CITY OF SALISBURY,2,0,0,0,0,2019,November,Tuesday,2:00 PM,70,T-Junction,Straight road,Level,Not Applicable,Sealed,Dry,Not Raining,Daylight,Side Swipe,1,Driver Rider,1: PDO,No Control,,,1328724.52,1681375.36,1.33E+13
2019-11033-27/05/2021,2 Metropolitan,GLENELG EAST,5045,CITY OF HOLDFAST BAY,2,0,0,0,0,2019,November,Tuesday,8:30 AM,50,Not Divided,Straight road,Level,Not Applicable,Sealed,Dry,Not Raining,Daylight,Hit Parked Vehicle,1,Driver Rider,1: PDO,No Control,,,1321642.96,1664287.92,1.32E+13
2019-11034-27/05/2021,2 Metropolitan,COROMANDEL VALLEY,5051,CITY OF ONKAPARINGA,2,1,0,0,1,2019,November,Tuesday,2:52 PM,60,Not Divided,"CURVED, VIEW OBSCURED",Slope,Not Applicable,Sealed,Dry,Not Raining,Daylight,Hit Fixed Object,1,Driver Rider,2: MI,No Control,,,1329817.21,1656428.89,1.33E+13
2019-11035-27/05/2021,2 Metropolitan,MITCHELL PARK,5043,CC MARION.                    ,3,2,0,0,2,2019,November,Tuesday,3:45 PM,60,Divided Road,Straight road,Level,Not Applicable,Sealed,Dry,Not Raining,Daylight,Rear End,1,Driver Rider,2: MI,No Control,,,1324335.67,1662835.6,1.32E+13
2019-11036-27/05/2021,2 Metropolitan,WHITES VALLEY,5172,CITY OF ONKAPARINGA,2,1,0,0,1,2019,November,Tuesday,4:00 PM,60,Cross Road,Straight road,Level,Not Applicable,Sealed,Dry,Not Raining,Daylight,Right Angle,1,Driver Rider,2: MI,Give Way Sign,,,1321339.67,1631268.91,1.32E+13
2019-11037-27/05/2021,2 Metropolitan,SEATON,5023,CITY OF CHARLES STURT,2,0,0,0,0,2019,November,Tuesday,4:20 PM,60,T-Junction,Straight road,Level,Not Applicable,Sealed,Dry,Not Raining,Daylight,Rear End,2,Driver Rider,1: PDO,No Control,,,1320770.29,1673572.29,1.32E+13
2019-11038-27/05/2021,2 Metropolitan,PAYNEHAM,5070,"CC OF NORWOOD,PAYNEHAM & ST PETERS",2,0,0,0,0,2019,November,Tuesday,4:35 PM,60,T-Junction,Straight road,Level,Not Applicable,Sealed,Dry,Not Raining,Daylight,Rear End,1,Driver Rider,1: PDO,No Control,,,1332068.49,1673670.55,1.33E+13
2019-11039-27/05/2021,2 Metropolitan,PLYMPTON,5038,CITY OF WEST TORRENS,3,0,0,0,0,2019,November,Tuesday,5:05 PM,60,Cross Road,Straight road,Level,Not Applicable,Sealed,Dry,Not Raining,Daylight,Side Swipe,2,Driver Rider,1: PDO,Traffic Signals,,,1324237.57,1666566.34,1.32E+13
2019-11040-27/05/2021,2 Metropolitan,WATERLOO CORNER,5110,CITY OF SALISBURY,2,0,0,0,0,2019,November,Tuesday,4:00 PM,70,Not Divided,Straight road,Level,Not Applicable,Sealed,Dry,Not Raining,Daylight,Side Swipe,2,Driver Rider,1: PDO,No Control,,,1328369.21,1692318.02,1.33E+13
2019-11041-27/05/2021,2 Metropolitan,PORT ADELAIDE,5015,CITY OF PORT ADELAIDE ENFIELD,2,0,0,0,0,2019,November,Tuesday,6:05 PM,60,Divided Road,Straight road,Level,Not Applicable,Sealed,Dry,Not Raining,Daylight,Side Swipe,2,Driver Rider,1: PDO,No Control,,,1321205.85,1680374.95,1.32E+13
2019-11042-27/05/2021,2 Metropolitan,TORRENSVILLE,5031,CITY OF WEST TORRENS,2,0,0,0,0,2019,November,Tuesday,6:57 PM,50,Cross Road,Straight road,Level,Not Applicable,Sealed,Dry,Not Raining,Daylight,Right Angle,2,Driver Rider,1: PDO,Give Way Sign,,,1324841.27,1671819.83,1.32E+13
2019-11043-27/05/2021,2 Metropolitan,CHELTENHAM,5014,CITY OF CHARLES STURT,3,1,0,0,1,2019,November,Tuesday,7:45 PM,60,Cross Road,Straight road,Level,Not Applicable,Sealed,Dry,Not Raining,Daylight,Right Angle,1,Driver Rider,2: MI,Traffic Signals,,,1322118.29,1676363.89,1.32E+13
2019-11044-27/05/2021,2 Metropolitan,PROSPECT,5082,CITY OF PROSPECT,2,0,0,0,0,2019,November,Tuesday,9:10 PM,60,Cross Road,Straight road,Level,Not Applicable,Sealed,Dry,Not Raining,Night,Right Turn,2,Driver Rider,1: PDO,Traffic Signals,,,1328059.62,1676423.15,1.33E+13
2019-11045-27/05/2021,2 Metropolitan,TOORAK GARDENS,5065,CITY OF BURNSIDE,1,1,0,0,1,2019,November,Wednesday,7:30 AM,50,T-Junction,Straight road,Level,Not Applicable,Sealed,Wet,Not Raining,Daylight,Roll Over,1,Driver Rider,2: MI,Roundabout,,,1331888.86,1669899.53,1.33E+13
2019-11046-27/05/2021,3 Country,SHERWOOD,5267,DC TATIARA.                   ,3,1,0,1,0,2019,November,Tuesday,4:20 PM,110,Not Divided,Straight road,Level,Not Applicable,Sealed,Dry,Not Raining,Daylight,Hit Fixed Object,1,Driver Rider,3: SI,No Control,,,1510289.83,1535499.27,1.51E+13
2019-11047-27/05/2021,2 Metropolitan,HAHNDORF,5245,DC MT.BARKER.                 ,2,0,0,0,0,2019,November,Wednesday,8:00 AM,110,Freeway,Straight road,Slope,Not Applicable,Sealed,Dry,Not Raining,Daylight,Hit Animal,2,Animal,1: PDO,No Control,,,1345779.3,1658942.23,1.35E+13
2019-11048-27/05/2021,2 Metropolitan,GLENGOWRIE,5044,CC MARION.                    ,4,0,0,0,0,2019,November,Wednesday,7:58 AM,60,Not Divided,Straight road,Level,Not Applicable,Sealed,Dry,Not Raining,Daylight,Rear End,1,Driver Rider,1: PDO,No Control,,,1322645.68,1665037.35,1.32E+13
2019-11049-27/05/2021,1 City,ADELAIDE,5000,CITY OF ADELAIDE,2,1,0,0,1,2019,October,Tuesday,8:45 AM,50,Not Divided,Straight road,Level,Not Applicable,Sealed,Dry,Not Raining,Daylight,Hit Parked Vehicle,2,Driver Rider,2: MI,No Control,,,1328620.44,1670037.05,1.33E+13
2019-11050-27/05/2021,2 Metropolitan,WEST BEACH,5024,CITY OF WEST TORRENS,2,0,0,0,0,2019,November,Monday,12:00 PM,60,Divided Road,Straight road,Level,Not Applicable,Sealed,Dry,Not Raining,Daylight,Side Swipe,2,Driver Rider,1: PDO,No Control,,,1320895.63,1669844.95,1.32E+13
2019-11051-27/05/2021,2 Metropolitan,LEWISTON,5501,DC MALLALA.                   ,2,0,0,0,0,2019,November,Tuesday,1:38 PM,100,T-Junction,Straight road,Level,Not Applicable,Sealed,Dry,Not Raining,Daylight,Right Angle,2,Driver Rider,1: PDO,No Control,,,1326769.03,1704118.23,1.33E+13
2019-11052-27/05/2021,2 Metropolitan,LONSDALE,5160,CITY OF ONKAPARINGA,3,1,0,0,1,2019,November,Wednesday,7:10 AM,80,T-Junction,Straight road,Level,Not Applicable,Sealed,Dry,Not Raining,Daylight,Right Turn,2,Driver Rider,2: MI,Traffic Signals,,Y,1318716.44,1651448.02,1.32E+13
2019-11053-27/05/2021,2 Metropolitan,ADELAIDE AIRPORT,5950,CITY OF WEST TORRENS,2,0,0,0,0,2019,November,Tuesday,5:30 PM,50,Cross Road,"CURVED, VIEW OPEN",Level,Not Applicable,Sealed,Dry,Not Raining,Daylight,Side Swipe,2,Driver Rider,1: PDO,Roundabout,,,1322459.48,1669366.27,1.32E+13
2019-11054-27/05/2021,2 Metropolitan,MORPHETT VALE,5162,CITY OF ONKAPARINGA,2,0,0,0,0,2019,November,Wednesday,10:20 AM,60,Divided Road,Straight road,Level,Not Applicable,Sealed,Dry,Not Raining,Daylight,Side Swipe,2,Driver Rider,1: PDO,No Control,,,1320797.94,1649139.43,1.32E+13
2019-11055-27/05/2021,1 City,ADELAIDE,5000,CITY OF ADELAIDE,2,0,0,0,0,2019,November,Wednesday,8:56 AM,50,Divided Road,Straight road,Level,Not Applicable,Sealed,Dry,Not Raining,Daylight,Rear End,2,Driver Rider,1: PDO,No Control,,,1328453.56,1671109.02,1.33E+13
2019-11056-27/05/2021,2 Metropolitan,MODBURY HEIGHTS,5092,CITY OF TEA TREE GULLY,2,1,0,0,1,2019,November,Wednesday,7:40 AM,60,Divided Road,Straight road,Level,Not Applicable,Sealed,Dry,Not Raining,Daylight,Rear End,2,Driver Rider,2: MI,No Control,,,1338031.43,1683540.02,1.34E+13
2019-11057-27/05/2021,2 Metropolitan,SURREY DOWNS,5126,CITY OF TEA TREE GULLY,2,0,0,0,0,2019,November,Wednesday,12:22 PM,60,T-Junction,Straight road,Slope,Not Applicable,Sealed,Dry,Not Raining,Daylight,Right Angle,1,Driver Rider,1: PDO,No Control,,,1338383.45,1683578.82,1.34E+13
2019-11058-27/05/2021,2 Metropolitan,WINGFIELD,5013,CITY OF PORT ADELAIDE ENFIELD,2,0,0,0,0,2019,November,Wednesday,12:50 PM,25,Divided Road,Straight road,Level,Roadworks,Sealed,Dry,Not Raining,Daylight,Side Swipe,2,Driver Rider,1: PDO,No Control,,,1324264.09,1679161.67,1.32E+13
2019-11059-27/05/2021,3 Country,BEACHPORT,5280,WATTLE RANGE COUNCIL,1,1,0,0,1,2019,November,Saturday,6:00 PM,50,Not Divided,"CURVED, VIEW OBSCURED",Level,Not Applicable,Unsealed,Dry,Not Raining,Daylight,Roll Over,1,Driver Rider,2: MI,No Control,,,1441291.49,1390032.09,1.44E+13
2019-11060-27/05/2021,2 Metropolitan,BLAIR ATHOL,5084,CITY OF PORT ADELAIDE ENFIELD,2,0,0,0,0,2019,November,Monday,10:00 PM,50,Not Divided,Straight road,Level,Not Applicable,Sealed,Dry,Not Raining,Night,Hit Parked Vehicle,2,Driver Rider,1: PDO,No Control,,,1328775.13,1676901.26,1.33E+13
2019-11061-27/05/2021,2 Metropolitan,COLLINSWOOD,5081,CITY OF PROSPECT,2,0,0,0,0,2019,November,Wednesday,2:30 PM,50,Not Divided,Straight road,Level,Not Applicable,Sealed,Dry,Not Raining,Daylight,Head On,2,Driver Rider,1: PDO,No Control,,,1329780.84,1675130.33,1.33E+13
2019-11062-27/05/2021,2 Metropolitan,CHELTENHAM,5014,CITY OF CHARLES STURT,2,4,0,0,4,2019,November,Wednesday,3:15 PM,60,T-Junction,Straight road,Level,Not Applicable,Sealed,Dry,Not Raining,Daylight,Right Turn,1,Driver Rider,2: MI,Give Way Sign,,,1322188.8,1676951.34,1.32E+13
2019-11063-27/05/2021,2 Metropolitan,ALDINGA BEACH,5173,CITY OF ONKAPARINGA,2,0,0,0,0,2019,November,Wednesday,3:45 PM,50,Cross Road,Straight road,Level,Not Applicable,Sealed,Dry,Not Raining,Daylight,Side Swipe,2,Driver Rider,1: PDO,Roundabout,,,1314312.27,1631985.12,1.31E+13
2019-11064-27/05/2021,2 Metropolitan,BEDFORD PARK,5042,CC MITCHAM.                   ,2,1,0,0,1,2019,November,Tuesday,4:50 PM,70,Divided Road,Straight road,Level,Not Applicable,Sealed,Dry,Not Raining,Daylight,Rear End,2,Driver Rider,2: MI,No Control,,,1325694.58,1660916.77,1.33E+13
2019-11065-27/05/2021,2 Metropolitan,VALLEY VIEW,5093,CITY OF TEA TREE GULLY,3,1,0,0,1,2019,November,Wednesday,3:38 PM,60,Divided Road,Straight road,Level,Not Applicable,Sealed,Dry,Not Raining,Daylight,Hit Parked Vehicle,1,Driver Rider,2: MI,No Control,,Y,1334768.04,1679382.17,1.33E+13
2019-11066-27/05/2021,2 Metropolitan,PROSPECT,5082,CITY OF PROSPECT,3,0,0,0,0,2019,November,Wednesday,3:47 PM,60,Divided Road,Straight road,Level,Not Applicable,Sealed,Dry,Not Raining,Daylight,Rear End,1,Driver Rider,1: PDO,No Control,,,1328918.05,1674433.71,1.33E+13
2019-11067-27/05/2021,2 Metropolitan,MEDINDIE,5081,WALKERVILLE TOWN COUNCIL,2,0,0,0,0,2019,November,Wednesday,4:00 PM,60,T-Junction,Straight road,Level,Not Applicable,Sealed,Dry,Not Raining,Daylight,Side Swipe,1,Driver Rider,1: PDO,Traffic Signals,,,1328912.72,1674237.63,1.33E+13
2019-11068-27/05/2021,2 Metropolitan,MORPHETT VALE,5162,CITY OF ONKAPARINGA,2,0,0,0,0,2019,November,Wednesday,4:40 PM,60,T-Junction,Straight road,Level,Not Applicable,Sealed,Dry,Not Raining,Daylight,Right Turn,1,Driver Rider,1: PDO,No Control,,,1321949.03,1649296.55,1.32E+13
2019-11069-27/05/2021,2 Metropolitan,NOARLUNGA DOWNS,5168,CITY OF ONKAPARINGA,2,1,0,0,1,2019,November,Wednesday,5:18 PM,60,Divided Road,Straight road,Level,Driveway or Entrance,Sealed,Dry,Not Raining,Daylight,Right Angle,2,Driver Rider,2: MI,No Control,,,1318141.08,1646799.61,1.32E+13
2019-11070-27/05/2021,3 Country,NARACOORTE,5271,DC NARACOORTE & LUCINDALE.,3,0,0,0,0,2019,November,Saturday,11:30 AM,50,Not Divided,Straight road,Level,Not Applicable,Unsealed,Dry,Not Raining,Daylight,Hit Fixed Object,1,Driver Rider,1: PDO,No Control,,,1511676.42,1433216.48,1.51E+13
2019-11071-27/05/2021,2 Metropolitan,HINDMARSH,5007,CITY OF CHARLES STURT,3,1,0,0,1,2019,November,Wednesday,4:00 PM,60,Cross Road,Straight road,Level,Not Applicable,Sealed,Dry,Not Raining,Daylight,Right Angle,1,Driver Rider,2: MI,Traffic Signals,,,1325539.86,1673426,1.33E+13
2019-11072-27/05/2021,3 Country,SAINTS,5461,WAKEFIELD REGIONAL COUNCIL,2,0,0,0,0,2019,November,Wednesday,5:07 PM,100,Not Divided,Straight road,Level,Not Applicable,Unsealed,Dry,Not Raining,Daylight,Roll Over,1,Driver Rider,1: PDO,No Control,,,1306942.38,1757192.53,1.31E+13
2019-11073-27/05/2021,2 Metropolitan,GLYNDE,5070,"CC OF NORWOOD,PAYNEHAM & ST PETERS",2,2,0,0,2,2019,November,Wednesday,5:15 PM,60,Cross Road,"CURVED, VIEW OPEN",Level,Not Applicable,Sealed,Dry,Not Raining,Daylight,Right Turn,2,Driver Rider,2: MI,Traffic Signals,,,1333785.54,1674516.59,1.33E+13
2019-11074-27/05/2021,2 Metropolitan,SHEIDOW PARK,5158,CC MARION.                    ,2,1,0,0,1,2019,November,Wednesday,5:10 PM,50,Not Divided,"CURVED, VIEW OPEN",Slope,Not Applicable,Sealed,Dry,Not Raining,Daylight,Hit Parked Vehicle,1,Driver Rider,2: MI,No Control,,,1321007.49,1653659.17,1.32E+13
2019-11075-27/05/2021,2 Metropolitan,MCLAREN VALE,5171,CITY OF ONKAPARINGA,2,0,0,0,0,2019,November,Wednesday,6:45 PM,80,Cross Road,Straight road,Slope,Not Applicable,Sealed,Dry,Not Raining,Daylight,Right Angle,2,Driver Rider,1: PDO,Give Way Sign,,,1319434.14,1640949.27,1.32E+13
2019-11076-27/05/2021,2 Metropolitan,WARRADALE,5046,CC MARION.                    ,2,0,0,0,0,2019,November,Wednesday,5:30 PM,60,Not Divided,Straight road,Level,Not Applicable,Sealed,Dry,Not Raining,Daylight,Side Swipe,1,Driver Rider,1: PDO,No Control,,,1322165.76,1661414.65,1.32E+13
2019-11077-27/05/2021,1 City,ADELAIDE,5000,CITY OF ADELAIDE,2,0,0,0,0,2019,November,Wednesday,7:30 AM,50,T-Junction,Straight road,Level,Not Applicable,Sealed,Dry,Not Raining,Daylight,Rear End,1,Driver Rider,1: PDO,No Control,,,1328086.65,1670659.77,1.33E+13
2019-11078-27/05/2021,1 City,ADELAIDE,5000,CITY OF ADELAIDE,2,0,0,0,0,2019,November,Wednesday,7:31 PM,50,Not Divided,Straight road,Level,Not Applicable,Sealed,Dry,Not Raining,Daylight,Side Swipe,1,Driver Rider,1: PDO,No Control,,,1329034.8,1670342.2,1.33E+13
2019-11079-27/05/2021,2 Metropolitan,URRBRAE,5064,CC MITCHAM.                   ,2,0,0,0,0,2019,November,Wednesday,5:00 PM,60,T-Junction,Straight road,Level,Not Applicable,Sealed,Dry,Not Raining,Daylight,Rear End,1,Driver Rider,1: PDO,No Control,,,1331920.32,1666325.67,1.33E+13
2019-11080-27/05/2021,2 Metropolitan,CUDLEE CREEK,5232,THE ADELAIDE HILLS COUNCIL,2,0,0,0,0,2019,November,Wednesday,4:15 PM,80,Not Divided,"CURVED, VIEW OBSCURED",Slope,Not Applicable,Sealed,Dry,Not Raining,Daylight,Head On,1,Driver Rider,1: PDO,No Control,,,1349228.71,1679790.22,1.35E+13
2019-11081-27/05/2021,2 Metropolitan,VALLEY VIEW,5093,CITY OF TEA TREE GULLY,3,2,1,1,0,2019,November,Wednesday,4:10 PM,60,T-Junction,Straight road,Level,Not Applicable,Sealed,Dry,Not Raining,Daylight,Hit Fixed Object,1,Driver Rider,4: Fatal,Traffic Signals,,,1334550.31,1679374.64,1.33E+13
2019-11082-27/05/2021,2 Metropolitan,HALLETT COVE,5158,CC MARION.                    ,2,0,0,0,0,2019,November,Wednesday,8:45 PM,60,Not Divided,Straight road,Slope,Not Applicable,Sealed,Dry,Not Raining,Night,Hit Fixed Object,1,Driver Rider,1: PDO,No Control,,,1320740.95,1655783.16,1.32E+13
2019-11083-27/05/2021,2 Metropolitan,GLENELG SOUTH,5045,CITY OF HOLDFAST BAY,2,0,0,0,0,2019,November,Wednesday,9:43 PM,50,Not Divided,Straight road,Level,Not Applicable,Sealed,Dry,Not Raining,Night,Hit Parked Vehicle,1,Driver Rider,1: PDO,No Control,,,1320171.34,1663996.1,1.32E+13
2019-11084-27/05/2021,2 Metropolitan,POORAKA,5095,CITY OF SALISBURY,2,0,0,0,0,2019,November,Wednesday,2:44 PM,80,T-Junction,"CURVED, VIEW OPEN",Level,Not Applicable,Sealed,Dry,Not Raining,Daylight,Right Angle,1,Driver Rider,1: PDO,Stop Sign,,,1331520.62,1683155,1.33E+13
2019-11085-27/05/2021,2 Metropolitan,LOCKLEYS,5032,CITY OF WEST TORRENS,2,0,0,0,0,2019,November,Thursday,1:30 AM,50,Not Divided,Straight road,Level,Not Applicable,Sealed,Dry,Not Raining,Night,Hit Parked Vehicle,2,Driver Rider,1: PDO,No Control,,,1322317.8,1671018.37,1.32E+13
2019-11086-27/05/2021,2 Metropolitan,REDWOOD PARK,5097,CITY OF TEA TREE GULLY,2,0,0,0,0,2019,November,Thursday,3:45 AM,50,T-Junction,Straight road,Level,Not Applicable,Sealed,Dry,Not Raining,Night,Hit Fixed Object,1,Driver Rider,1: PDO,No Control,,,1339393.03,1683394.54,1.34E+13
2019-11087-27/05/2021,2 Metropolitan,OVINGHAM,5082,CITY OF CHARLES STURT,2,0,0,0,0,2019,November,Thursday,6:00 AM,60,Cross Road,Straight road,Bottom of Hill,Not Applicable,Sealed,Dry,Not Raining,Night,Rear End,2,Driver Rider,1: PDO,Traffic Signals,,,1327131.58,1673269.49,1.33E+13
2019-11088-27/05/2021,2 Metropolitan,O'HALLORAN HILL,5158,CITY OF ONKAPARINGA,2,0,0,0,0,2019,November,Thursday,5:40 AM,80,Divided Road,"CURVED, VIEW OPEN",Level,Not Applicable,Sealed,Dry,Not Raining,Night,Hit Fixed Object,1,Driver Rider,1: PDO,No Control,,,1323908.25,1655457.03,1.32E+13
2019-11089-27/05/2021,2 Metropolitan,SEAFORD MEADOWS,5169,CITY OF ONKAPARINGA,3,0,0,0,0,2019,November,Thursday,6:58 AM,50,Not Divided,Straight road,Level,Not Applicable,Sealed,Dry,Not Raining,Daylight,Hit Fixed Object,1,Driver Rider,1: PDO,No Control,,,1316392.6,1642779.44,1.32E+13
2019-11090-27/05/2021,2 Metropolitan,ENFIELD,5085,CITY OF PORT ADELAIDE ENFIELD,2,0,0,0,0,2019,November,Thursday,7:15 AM,60,Divided Road,Straight road,Level,Not Applicable,Sealed,Dry,Not Raining,Daylight,Rear End,1,Driver Rider,1: PDO,No Control,,,1328809.05,1679197.06,1.33E+13
2019-11091-27/05/2021,2 Metropolitan,FULLARTON,5063,CITY OF UNLEY,2,1,0,0,1,2019,November,Thursday,7:45 AM,60,Cross Road,Straight road,Level,Not Applicable,Sealed,Dry,Not Raining,Daylight,Rear End,1,Driver Rider,2: MI,Traffic Signals,,,1330731.84,1667482.42,1.33E+13
2019-11092-27/05/2021,3 Country,PORT PIRIE WEST,5540,PT.PIRIE CITY & DIST. COUNCIL ,2,0,0,0,0,2019,November,Thursday,8:04 AM,50,Cross Road,Straight road,Level,Not Applicable,Sealed,Dry,Not Raining,Daylight,Right Angle,1,Driver Rider,1: PDO,Give Way Sign,,,1278887.42,1864992.34,1.28E+13
2019-11093-27/05/2021,2 Metropolitan,LITTLEHAMPTON,5250,DC MT.BARKER.                 ,2,0,0,0,0,2019,November,Thursday,3:00 AM,110,Freeway,Straight road,Level,Not Applicable,Sealed,Wet,Raining,Night,Hit Parked Vehicle,1,Driver Rider,1: PDO,No Control,,,1353264.2,1655677.34,1.35E+13
2019-11094-27/05/2021,2 Metropolitan,ROYSTON PARK,5070,"CC OF NORWOOD,PAYNEHAM & ST PETERS",2,1,0,0,1,2019,November,Monday,5:45 PM,60,Not Divided,Straight road,Level,Driveway or Entrance,Sealed,Dry,Not Raining,Daylight,Right Turn,1,Driver Rider,2: MI,No Control,,,1331963.52,1673533.6,1.33E+13
2019-11095-27/05/2021,2 Metropolitan,CLOVELLY PARK,5042,CC MARION.                    ,2,0,0,0,0,2019,November,Thursday,9:50 AM,50,Cross Road,Straight road,Level,Not Applicable,Sealed,Dry,Not Raining,Daylight,Right Angle,1,Driver Rider,1: PDO,Give Way Sign,,,1325436.75,1662640.2,1.33E+13
2019-11096-27/05/2021,2 Metropolitan,PARKSIDE,5063,CITY OF UNLEY,2,0,0,0,0,2019,October,Tuesday,4:10 PM,60,Not Divided,Straight road,Level,Not Applicable,Sealed,Dry,Not Raining,Daylight,Side Swipe,2,Driver Rider,1: PDO,No Control,,,1329059.8,1668881.02,1.33E+13
2019-11097-27/05/2021,2 Metropolitan,SEACOMBE GARDENS,5047,CC MARION.                    ,2,0,0,0,0,2019,November,Wednesday,2:30 PM,60,Divided Road,Straight road,Level,Not Applicable,Sealed,Dry,Not Raining,Daylight,Side Swipe,1,Driver Rider,1: PDO,No Control,,,1323092.46,1660634.09,1.32E+13
2019-11098-27/05/2021,3 Country,MOUNT GAMBIER,5290,CC MT.GAMBIER.                ,2,1,0,0,1,2019,November,Thursday,9:52 AM,60,Not Divided,Straight road,Level,Not Applicable,Sealed,Wet,Raining,Daylight,Side Swipe,1,Driver Rider,2: MI,No Control,,,1511541.72,1339159.01,1.51E+13