REPORT_ID,Stats Area,Suburb,Postcode,LGA Name,Total Units,Total Cas,Total Fats,Total SI,Total MI,Year,Month,Day,Time,Area Speed,Position Type,Horizontal Align,Vertical Align,Other Feat,Road Surface,Moisture Cond,Weather Cond,DayNight,Crash Type,Unit Resp,Entity Code,CSEF Severity,Traffic Ctrls,DUI Involved,Drugs Involved,ACCLOC_X,ACCLOC_Y,UNIQUE_LOC
2019-11181-27/05/2021,2 Metropolitan,NORTHFIELD,5085,CITY OF PORT ADELAIDE ENFIELD,2,0,0,0,0,2019,November,Saturday,6:00 PM,50,T-Junction,Straight road,Level,Not Applicable,Sealed,Dry,Not Raining,Daylight,Right Angle,2,Driver Rider,1: PDO,No Control,,,1330857.37,1678725.32,1.33E+13
2019-11182-27/05/2021,2 Metropolitan,WARRADALE,5046,CC MARION.                    ,3,0,0,0,0,2019,November,Saturday,7:10 PM,60,Cross Road,Straight road,Level,Not Applicable,Sealed,Dry,Not Raining,Daylight,Right Turn,2,Driver Rider,1: PDO,Give Way Sign,,,1322740.76,1661807.4,1.32E+13
2019-11183-27/05/2021,2 Metropolitan,MARRYATVILLE,5068,"CC OF NORWOOD,PAYNEHAM & ST PETERS",2,2,0,0,2,2019,November,Saturday,8:27 PM,60,Cross Road,Straight road,Level,Not Applicable,Sealed,Dry,Not Raining,Night,Right Turn,1,Driver Rider,2: MI,Traffic Signals,,,1332280.78,1670410.05,1.33E+13
2019-11184-27/05/2021,1 City,ADELAIDE,5000,CITY OF ADELAIDE,2,0,0,0,0,2019,November,Saturday,9:25 PM,50,Cross Road,Straight road,Level,Not Applicable,Sealed,Dry,Not Raining,Night,Side Swipe,2,Driver Rider,1: PDO,Traffic Signals,,,1328480.78,1670670.87,1.33E+13
2019-11185-27/05/2021,2 Metropolitan,MONTACUTE,5134,THE ADELAIDE HILLS COUNCIL,1,2,0,1,1,2019,November,Saturday,10:50 PM,70,Not Divided,"CURVED, VIEW OPEN",Crest of Hill,Not Applicable,Sealed,Dry,Not Raining,Night,Left Road - Out of Control,1,Driver Rider,3: SI,No Control,,,1341829.87,1677274.75,1.34E+13
2019-11186-27/05/2021,3 Country,MYPONGA,5202,DC YANKALILLA.                ,1,0,0,0,0,2019,November,Saturday,10:45 PM,100,Not Divided,"CURVED, VIEW OBSCURED",Slope,Not Applicable,Unsealed,Dry,Not Raining,Night,Roll Over,1,Driver Rider,1: PDO,No Control,,,1314134.37,1613205.27,1.31E+13
2019-11187-27/05/2021,2 Metropolitan,HENLEY BEACH,5022,CITY OF CHARLES STURT,2,0,0,0,0,2019,November,Sunday,2:35 AM,40,Not Divided,Straight road,Level,Not Applicable,Sealed,Dry,Not Raining,Night,Hit Parked Vehicle,2,Driver Rider,1: PDO,No Control,,,1319037.39,1671626.36,1.32E+13
2019-11188-27/05/2021,2 Metropolitan,ELIZABETH DOWNS,5113,CITY OF PLAYFORD.,2,0,0,0,0,2019,November,Sunday,5:40 AM,50,T-Junction,Straight road,Level,Not Applicable,Sealed,Dry,Not Raining,Night,Hit Fixed Object,1,Driver Rider,1: PDO,No Control,,,1337619.93,1695047.31,1.34E+13
2019-11189-27/05/2021,2 Metropolitan,KIDMAN PARK,5025,CITY OF CHARLES STURT,2,1,0,0,1,2019,November,Sunday,8:26 AM,60,T-Junction,Straight road,Level,Not Applicable,Sealed,Dry,Not Raining,Daylight,Right Turn,2,Driver Rider,2: MI,Traffic Signals,,,1322537.88,1672228.09,1.32E+13
2019-11190-27/05/2021,2 Metropolitan,TOORAK GARDENS,5065,CITY OF BURNSIDE,2,1,0,0,1,2019,November,Sunday,9:00 AM,60,Divided Road,Straight road,Level,Not Applicable,Sealed,Dry,Not Raining,Daylight,Hit Fixed Object,1,Driver Rider,2: MI,No Control,,,1331931.06,1669044.94,1.33E+13
2019-11191-27/05/2021,3 Country,COCKATOO VALLEY,5351,THE BAROSSA COUNCIL.,2,0,0,0,0,2019,November,Saturday,3:30 PM,80,T-Junction,Straight road,Level,Not Applicable,Sealed,Dry,Not Raining,Daylight,Right Angle,2,Driver Rider,1: PDO,Give Way Sign,,,1352070.8,1703135.24,1.35E+13
2019-11192-27/05/2021,2 Metropolitan,FLINDERS PARK,5025,CITY OF CHARLES STURT,2,0,0,0,0,2019,November,Tuesday,11:55 AM,60,Cross Road,Straight road,Level,Not Applicable,Sealed,Dry,Not Raining,Daylight,Right Turn,1,Driver Rider,1: PDO,Give Way Sign,,,1324310.41,1673172.58,1.32E+13
2019-11193-27/05/2021,2 Metropolitan,PORT ADELAIDE,5015,CITY OF PORT ADELAIDE ENFIELD,2,0,0,0,0,2019,November,Saturday,2:00 PM,60,Not Divided,Straight road,Level,Not Applicable,Sealed,Dry,Not Raining,Daylight,Side Swipe,2,Driver Rider,1: PDO,No Control,,,1321539.35,1680669.94,1.32E+13
2019-11194-27/05/2021,2 Metropolitan,SALISBURY NORTH,5108,CITY OF SALISBURY,2,0,0,0,0,2019,November,Sunday,11:17 AM,50,Not Divided,Straight road,Level,Not Applicable,Sealed,Dry,Not Raining,Daylight,Hit Parked Vehicle,1,Driver Rider,1: PDO,No Control,,,1331282.98,1690205.17,1.33E+13
2019-11195-27/05/2021,2 Metropolitan,NETHERBY,5062,CC MITCHAM.                   ,2,0,0,0,0,2019,November,Sunday,9:43 AM,50,Cross Road,Straight road,Slope,Not Applicable,Sealed,Dry,Not Raining,Daylight,Right Angle,1,Driver Rider,1: PDO,Give Way Sign,,,1331093.14,1665340.01,1.33E+13
2019-11196-27/05/2021,2 Metropolitan,STIRLING,5152,THE ADELAIDE HILLS COUNCIL,2,0,0,0,0,2019,November,Sunday,10:50 AM,60,T-Junction,Straight road,Level,Not Applicable,Sealed,Dry,Not Raining,Daylight,Side Swipe,1,Driver Rider,1: PDO,No Control,,,1337620.27,1662005.81,1.34E+13
2019-11197-27/05/2021,2 Metropolitan,GILBERTON,5081,WALKERVILLE TOWN COUNCIL,2,0,0,0,0,2019,November,Sunday,10:27 AM,60,Divided Road,"CURVED, VIEW OPEN",Level,Not Applicable,Sealed,Dry,Not Raining,Daylight,Side Swipe,2,Driver Rider,1: PDO,No Control,,,1329491.39,1673253.59,1.33E+13
2019-11198-27/05/2021,2 Metropolitan,BRIGHTON,5048,CITY OF HOLDFAST BAY,2,1,0,0,1,2019,November,Sunday,10:15 AM,50,T-Junction,Straight road,Level,Not Applicable,Sealed,Dry,Not Raining,Daylight,Right Angle,1,Driver Rider,2: MI,No Control,,,1320918.63,1660801.95,1.32E+13
2019-11199-27/05/2021,3 Country,MURRAY BRIDGE,5253,RC MURRAY BRIDGE.             ,3,0,0,0,0,2019,November,Sunday,12:05 PM,60,Cross Road,Straight road,Level,Not Applicable,Sealed,Dry,Not Raining,Daylight,Hit Fixed Object,1,Driver Rider,1: PDO,Give Way Sign,,,1386408.58,1645736.95,1.39E+13
2019-11200-27/05/2021,2 Metropolitan,MILE END,5031,CITY OF WEST TORRENS,2,0,0,0,0,2019,November,Friday,6:20 AM,60,Not Divided,Straight road,Level,Not Applicable,Sealed,Dry,Not Raining,Daylight,Side Swipe,2,Driver Rider,1: PDO,No Control,,,1325748.06,1670602.18,1.33E+13
2019-11201-27/05/2021,3 Country,NEPABUNNA,5732,,2,1,1,0,0,2019,November,Sunday,1:00 AM,100,Not Divided,"CURVED, VIEW OPEN",Slope,"Bridge, Culvert, Causeway",Unsealed,Dry,Not Raining,Night,Hit Fixed Object,1,Driver Rider,4: Fatal,No Control,Y,Y,1380322.53,2149350.72,1.38E+13
2019-11202-27/05/2021,2 Metropolitan,FINDON,5023,CITY OF CHARLES STURT,3,0,0,0,0,2019,November,Sunday,2:10 PM,60,T-Junction,Straight road,Level,Not Applicable,Sealed,Dry,Not Raining,Daylight,Right Angle,2,Driver Rider,1: PDO,No Control,,,1322381.82,1674423.39,1.32E+13
2019-11203-27/05/2021,2 Metropolitan,SEATON,5023,CITY OF CHARLES STURT,1,0,0,0,0,2019,November,Saturday,2:00 PM,40,Divided Road,Straight road,Level,Not Applicable,Sealed,Dry,Not Raining,Daylight,Other,1,Driver Rider,1: PDO,No Control,,,1321220.21,1674495.02,1.32E+13
2019-11204-27/05/2021,3 Country,PONDE,5238,MID MURRAY DISTRICT COUNCIL,2,0,0,0,0,2019,November,Saturday,8:10 AM,100,Not Divided,Straight road,Level,Not Applicable,Sealed,Dry,Not Raining,Daylight,Hit Animal,2,Animal,1: PDO,No Control,,,1395926.36,1666627.74,1.40E+13
2019-11205-27/05/2021,1 City,ADELAIDE,5000,CITY OF ADELAIDE,1,0,0,0,0,2019,November,Sunday,12:30 PM,60,T-Junction,Straight road,Slope,Not Applicable,Sealed,Dry,Not Raining,Daylight,Left Road - Out of Control,1,Driver Rider,1: PDO,Traffic Signals,,,1327137.37,1671204.31,1.33E+13
2019-11206-27/05/2021,3 Country,FINNISS,5255,ALEXANDRINA COUNCIL,2,0,0,0,0,2019,November,Friday,5:30 PM,50,Not Divided,Straight road,Level,Not Applicable,Sealed,Dry,Not Raining,Daylight,Hit Parked Vehicle,2,Driver Rider,1: PDO,No Control,,,1346909.85,1617239.02,1.35E+13
2019-11207-27/05/2021,3 Country,FINNISS,5255,ALEXANDRINA COUNCIL,2,1,0,0,1,2019,November,Sunday,1:15 PM,50,Not Divided,Straight road,Level,Not Applicable,Sealed,Dry,Not Raining,Daylight,Hit Fixed Object,1,Driver Rider,2: MI,No Control,,Y,1346909.85,1617239.02,1.35E+13
2019-11208-27/05/2021,2 Metropolitan,ELIZABETH GROVE,5112,CITY OF PLAYFORD.,2,0,0,0,0,2019,November,Sunday,4:30 PM,80,Cross Road,Straight road,Level,Not Applicable,Sealed,Dry,Not Raining,Daylight,Rear End,1,Driver Rider,1: PDO,Traffic Signals,,,1336102.24,1692239.97,1.34E+13
2019-11209-27/05/2021,2 Metropolitan,PAYNEHAM,5070,"CC OF NORWOOD,PAYNEHAM & ST PETERS",2,0,0,0,0,2019,November,Sunday,4:45 PM,60,Cross Road,Straight road,Level,Not Applicable,Sealed,Dry,Not Raining,Daylight,Rear End,2,Driver Rider,1: PDO,Traffic Signals,,,1332176.1,1673782.43,1.33E+13
2019-11210-27/05/2021,2 Metropolitan,CAMDEN PARK,5038,CITY OF WEST TORRENS,2,1,0,0,1,2019,November,Sunday,3:20 PM,60,Cross Road,Straight road,Level,Not Applicable,Sealed,Dry,Not Raining,Daylight,Rear End,1,Driver Rider,2: MI,Stop Sign,,,1323001.35,1667014.36,1.32E+13
2019-11211-27/05/2021,1 City,ADELAIDE,5000,CITY OF ADELAIDE,2,0,0,0,0,2019,November,Sunday,6:00 PM,50,Cross Road,Straight road,Level,Not Applicable,Sealed,Dry,Not Raining,Daylight,Right Turn,2,Driver Rider,1: PDO,Traffic Signals,,,1327930.25,1670331.8,1.33E+13
2019-11212-27/05/2021,2 Metropolitan,FERRYDEN PARK,5010,CITY OF PORT ADELAIDE ENFIELD,3,2,0,0,2,2019,November,Sunday,6:00 PM,60,Divided Road,Straight road,Level,Driveway or Entrance,Sealed,Dry,Not Raining,Daylight,Rear End,2,Driver Rider,2: MI,No Control,,,1324963.23,1676348.7,1.32E+13
2019-11213-27/05/2021,3 Country,KAPUNDA,5373,LIGHT REGIONAL COUNCIL,1,0,0,0,0,2019,November,Sunday,6:40 PM,100,Not Divided,"CURVED, VIEW OPEN",Level,Not Applicable,Sealed,Dry,Not Raining,Daylight,Roll Over,1,Driver Rider,1: PDO,No Control,Y,,1361897.03,1734422.33,1.36E+13
2019-11214-27/05/2021,3 Country,TUNKALILLA,5203,DC YANKALILLA.                ,1,0,0,0,0,2019,November,Sunday,2:30 PM,80,Not Divided,"CURVED, VIEW OBSCURED",Slope,Not Applicable,Unsealed,Dry,Not Raining,Daylight,Roll Over,1,Driver Rider,1: PDO,No Control,,,1299953.21,1594927.54,1.30E+13
2019-11215-27/05/2021,2 Metropolitan,NORWOOD,5067,"CC OF NORWOOD,PAYNEHAM & ST PETERS",2,0,0,0,0,2019,November,Sunday,3:20 PM,60,T-Junction,Straight road,Level,Not Applicable,Sealed,Dry,Not Raining,Daylight,Right Angle,2,Driver Rider,1: PDO,No Control,,,1331962.4,1670401.64,1.33E+13
2019-11216-27/05/2021,3 Country,MOUNT PLEASANT,5235,THE BAROSSA COUNCIL.,2,0,0,0,0,2019,November,Sunday,6:10 PM,80,T-Junction,"CURVED, VIEW OPEN",Slope,Not Applicable,Unsealed,Dry,Not Raining,Daylight,Hit Fixed Object,1,Driver Rider,1: PDO,No Control,,,1367129.98,1684953.86,1.37E+13
2019-11217-27/05/2021,2 Metropolitan,CHRISTIE DOWNS,5164,CITY OF ONKAPARINGA,2,0,0,0,0,2019,November,Sunday,8:00 PM,50,Cross Road,Straight road,Level,Not Applicable,Sealed,Dry,Not Raining,Night,Rear End,2,Driver Rider,1: PDO,Roundabout,,,1318509.73,1647871.37,1.32E+13
2019-11218-27/05/2021,2 Metropolitan,MARION,5043,CC MARION.                    ,3,0,0,0,0,2019,November,Sunday,6:55 PM,50,Not Divided,Straight road,Level,Not Applicable,Sealed,Dry,Not Raining,Daylight,Hit Pedestrian,2,Pedestrian,1: PDO,No Control,,,1324294.52,1661801.48,1.32E+13
2019-11219-27/05/2021,2 Metropolitan,ST IVES,5252,DC MT.BARKER.                 ,2,2,0,0,2,2019,November,Sunday,5:40 PM,110,Freeway,"CURVED, VIEW OPEN",Slope,Not Applicable,Sealed,Dry,Not Raining,Daylight,Hit Fixed Object,1,Driver Rider,2: MI,No Control,Y,Y,1362150.81,1649319.65,1.36E+13
2019-11220-27/05/2021,3 Country,TRURO,5356,THE BAROSSA COUNCIL.,2,0,0,0,0,2019,November,Sunday,9:00 PM,110,Not Divided,Straight road,Level,Not Applicable,Sealed,Dry,Not Raining,Night,Side Swipe,1,Driver Rider,1: PDO,No Control,,,1373882.14,1725019.22,1.37E+13
2019-11221-27/05/2021,2 Metropolitan,PORT ADELAIDE,5015,CITY OF PORT ADELAIDE ENFIELD,2,1,0,0,1,2019,November,Sunday,9:45 PM,60,Cross Road,Straight road,Level,Not Applicable,Sealed,Dry,Not Raining,Night,Right Turn,1,Driver Rider,2: MI,Traffic Signals,Y,,1320480.87,1679082.5,1.32E+13
2019-11222-27/05/2021,1 City,ADELAIDE,5000,CITY OF ADELAIDE,2,1,0,0,1,2019,November,Sunday,10:05 PM,60,Not Divided,Straight road,Level,Not Applicable,Sealed,Dry,Not Raining,Night,Hit Pedestrian,1,Pedestrian,2: MI,No Control,,,1327421.3,1669101.84,1.33E+13
2019-11223-27/05/2021,2 Metropolitan,SEACLIFF PARK,5049,CITY OF HOLDFAST BAY,3,1,0,0,1,2019,November,Sunday,11:25 PM,60,T-Junction,Straight road,Level,Not Applicable,Sealed,Dry,Not Raining,Night,Hit Fixed Object,1,Driver Rider,2: MI,Traffic Signals,,,1321177.45,1659325.41,1.32E+13
2019-11224-27/05/2021,3 Country,WILLIAMSTOWN,5351,THE BAROSSA COUNCIL.,2,1,0,0,1,2019,November,Sunday,9:50 PM,60,Not Divided,"CURVED, VIEW OBSCURED",Level,Not Applicable,Sealed,Dry,Not Raining,Night,Hit Fixed Object,1,Driver Rider,2: MI,No Control,,,1355255.45,1697040.8,1.36E+13
2019-11225-27/05/2021,3 Country,WHYALLA,5600,CC WHYALLA.                   ,2,4,0,0,4,2019,November,Sunday,11:58 PM,50,T-Junction,Straight road,Slope,Not Applicable,Sealed,Dry,Not Raining,Night,Hit Fixed Object,1,Driver Rider,2: MI,No Control,,,1241287.49,1882541.89,1.24E+13
2019-11226-27/05/2021,2 Metropolitan,WAYVILLE,5034,CITY OF UNLEY,3,0,0,0,0,2019,November,Monday,5:48 AM,60,Cross Road,Straight road,Level,Not Applicable,Sealed,Dry,Not Raining,Night,Right Turn,1,Driver Rider,1: PDO,Traffic Signals,,,1326865.31,1668904.7,1.33E+13
2019-11227-27/05/2021,2 Metropolitan,PARK HOLME,5043,CC MARION.                    ,3,1,0,0,1,2019,November,Monday,7:00 AM,60,Divided Road,Straight road,Level,Not Applicable,Sealed,Dry,Not Raining,Daylight,Rear End,1,Driver Rider,2: MI,No Control,,,1324313.72,1663617.52,1.32E+13
2019-11228-27/05/2021,2 Metropolitan,PARA HILLS WEST,5096,CITY OF SALISBURY,3,0,0,0,0,2019,November,Monday,7:30 AM,80,Divided Road,Straight road,Level,Not Applicable,Sealed,Dry,Not Raining,Daylight,Rear End,1,Driver Rider,1: PDO,No Control,,,1332515.85,1684380.04,1.33E+13
2019-11229-27/05/2021,2 Metropolitan,WINDSOR GARDENS,5087,CITY OF PORT ADELAIDE ENFIELD,2,0,0,0,0,2019,November,Monday,9:30 AM,50,T-Junction,Straight road,Level,Not Applicable,Sealed,Dry,Not Raining,Daylight,Hit Fixed Object,1,Driver Rider,1: PDO,No Control,,,1333802.52,1677395.48,1.33E+13
2019-11230-27/05/2021,2 Metropolitan,KUDLA,5115,CT GAWLER.                    ,2,1,1,0,0,2019,November,Monday,7:00 AM,80,Not Divided,Straight road,Level,Not Applicable,Sealed,Dry,Not Raining,Daylight,Hit Fixed Object,1,Driver Rider,4: Fatal,No Control,,,1337922.83,1701554.76,1.34E+13
2019-11231-27/05/2021,2 Metropolitan,NORWOOD,5067,"CC OF NORWOOD,PAYNEHAM & ST PETERS",2,2,0,0,2,2019,November,Monday,11:10 AM,60,Cross Road,Straight road,Level,Not Applicable,Sealed,Dry,Not Raining,Daylight,Right Angle,2,Driver Rider,2: MI,Stop Sign,,,1331874.28,1670398.69,1.33E+13
2019-11232-27/05/2021,3 Country,WATTLE RANGE,5280,WATTLE RANGE COUNCIL,2,0,0,0,0,2019,November,Sunday,2:25 PM,100,Not Divided,Straight road,Level,"Bridge, Culvert, Causeway",Sealed,Dry,Not Raining,Daylight,Hit Fixed Object,1,Driver Rider,1: PDO,No Control,,,1488044.22,1384239.19,1.49E+13
2019-11233-27/05/2021,2 Metropolitan,MARDEN,5070,"CC OF NORWOOD,PAYNEHAM & ST PETERS",2,0,0,0,0,2019,November,Monday,10:45 AM,60,T-Junction,Straight road,Level,Not Applicable,Sealed,Dry,Not Raining,Daylight,Rear End,2,Driver Rider,1: PDO,Traffic Signals,,,1332493.44,1673948.19,1.33E+13
2019-11234-27/05/2021,1 City,ADELAIDE,5000,CITY OF ADELAIDE,2,1,0,1,0,2019,November,Monday,12:10 PM,50,Not Divided,Straight road,Level,Not Applicable,Sealed,Dry,Not Raining,Daylight,Hit Pedestrian,1,Driver Rider,3: SI,No Control,,,1329234.46,1670890.7,1.33E+13
2019-11235-27/05/2021,2 Metropolitan,MONTACUTE,5134,THE ADELAIDE HILLS COUNCIL,2,0,0,0,0,2019,November,Monday,12:15 PM,80,Not Divided,"CURVED, VIEW OBSCURED",Slope,Not Applicable,Sealed,Dry,Not Raining,Daylight,Hit Fixed Object,1,Driver Rider,1: PDO,No Control,,,1342056.98,1674806.64,1.34E+13
2019-11236-27/05/2021,2 Metropolitan,CLARENCE GARDENS,5039,CC MITCHAM.                   ,2,0,0,0,0,2019,November,Monday,12:00 PM,60,T-Junction,Straight road,Level,Not Applicable,Sealed,Dry,Not Raining,Daylight,Rear End,2,Driver Rider,1: PDO,No Control,,,1325910.01,1665215.09,1.33E+13
2019-11237-27/05/2021,2 Metropolitan,INGLE FARM,5098,CITY OF SALISBURY,3,0,0,0,0,2019,November,Monday,12:05 PM,60,Cross Road,Straight road,Level,Not Applicable,Sealed,Dry,Not Raining,Daylight,Right Angle,2,Driver Rider,1: PDO,Stop Sign,,,1331807.38,1681390.84,1.33E+13
2019-11238-27/05/2021,3 Country,BUMBUNGA,5520,WAKEFIELD REGIONAL COUNCIL,1,1,0,0,1,2019,November,Sunday,10:00 AM,100,Not Divided,"CURVED, VIEW OPEN",Level,Not Applicable,Sealed,Dry,Not Raining,Daylight,Roll Over,1,Driver Rider,2: MI,No Control,,,1300231.55,1784319.5,1.30E+13
2019-11239-27/05/2021,2 Metropolitan,GLENELG,5045,CITY OF HOLDFAST BAY,2,0,0,0,0,2019,November,Saturday,10:30 PM,40,Not Divided,Straight road,Level,Not Applicable,Sealed,Dry,Not Raining,Night,Hit Parked Vehicle,2,Driver Rider,1: PDO,No Control,,,1320388.67,1664882.32,1.32E+13
2019-11240-27/05/2021,2 Metropolitan,KINGS PARK,5034,CITY OF UNLEY,2,0,0,0,0,2019,November,Monday,1:25 PM,60,Not Divided,Straight road,Level,Not Applicable,Sealed,Dry,Not Raining,Daylight,Hit Fixed Object,1,Driver Rider,1: PDO,No Control,,,1327492.06,1666741.19,1.33E+13
2019-11241-27/05/2021,2 Metropolitan,NEW PORT,5015,CITY OF PORT ADELAIDE ENFIELD,2,1,0,0,1,2019,November,Monday,1:15 PM,60,T-Junction,Straight road,Level,Not Applicable,Sealed,Dry,Not Raining,Daylight,Right Angle,2,Driver Rider,2: MI,Traffic Signals,,,1319183.09,1679153.2,1.32E+13
2019-11242-27/05/2021,2 Metropolitan,ENFIELD,5085,CITY OF PORT ADELAIDE ENFIELD,2,0,0,0,0,2019,November,Monday,2:20 PM,60,T-Junction,Straight road,Level,Not Applicable,Sealed,Dry,Not Raining,Daylight,Right Turn,2,Driver Rider,1: PDO,Traffic Signals,,,1328821.62,1678606.27,1.33E+13
2019-11243-27/05/2021,2 Metropolitan,DERNANCOURT,5075,CITY OF TEA TREE GULLY,2,0,0,0,0,2019,November,Monday,1:03 PM,50,T-Junction,Straight road,Level,Not Applicable,Sealed,Dry,Not Raining,Daylight,Hit Fixed Object,9,Other,1: PDO,No Control,,,1336492.89,1677544.18,1.34E+13
2019-11244-27/05/2021,2 Metropolitan,MCLAREN VALE,5171,CITY OF ONKAPARINGA,2,0,0,0,0,2019,November,Monday,9:30 AM,50,Not Divided,Straight road,Level,Driveway or Entrance,Sealed,Dry,Not Raining,Daylight,Right Angle,2,Driver Rider,1: PDO,No Control,,,1321415.18,1639130.57,1.32E+13
2019-11245-27/05/2021,2 Metropolitan,VIRGINIA,5120,CITY OF PLAYFORD.,2,0,0,0,0,2019,November,Monday,12:40 PM,40,Divided Road,Straight road,Level,Roadworks,Sealed,Dry,Not Raining,Daylight,Hit Parked Vehicle,2,Driver Rider,1: PDO,No Control,,,1324814.36,1698605.14,1.32E+13
2019-11246-27/05/2021,2 Metropolitan,GLENELG SOUTH,5045,CITY OF HOLDFAST BAY,2,0,0,0,0,2019,November,Monday,4:30 PM,60,T-Junction,Straight road,Level,Not Applicable,Sealed,Dry,Not Raining,Daylight,Right Angle,2,Driver Rider,1: PDO,No Control,,,1321047.09,1663771.8,1.32E+13
2019-11247-27/05/2021,2 Metropolitan,MAGILL,5072,CC CAMPBELLTOWN.              ,2,0,0,0,0,2019,November,Monday,4:24 PM,60,T-Junction,Straight road,Level,Not Applicable,Sealed,Dry,Not Raining,Daylight,Right Turn,1,Driver Rider,1: PDO,No Control,,,1335454.04,1672931.35,1.34E+13
2019-11248-27/05/2021,2 Metropolitan,HOLDEN HILL,5088,CITY OF TEA TREE GULLY,2,1,0,0,1,2019,November,Monday,4:51 PM,60,T-Junction,"CURVED, VIEW OPEN",Slope,Not Applicable,Sealed,Dry,Not Raining,Daylight,Right Angle,1,Driver Rider,2: MI,No Control,,,1335152.81,1679026.35,1.34E+13
2019-11249-27/05/2021,2 Metropolitan,MOUNT BARKER,5251,DC MT.BARKER.                 ,3,1,0,0,1,2019,November,Monday,3:20 PM,80,Not Divided,Straight road,Slope,Not Applicable,Sealed,Dry,Not Raining,Daylight,Rear End,1,Driver Rider,2: MI,No Control,,,1353220.97,1654001.24,1.35E+13
2019-11250-27/05/2021,2 Metropolitan,MOUNT GEORGE,5155,THE ADELAIDE HILLS COUNCIL,2,1,0,0,1,2019,November,Monday,4:15 PM,100,Not Divided,"CURVED, VIEW OBSCURED",Slope,Not Applicable,Unsealed,Dry,Not Raining,Daylight,Hit Fixed Object,1,Driver Rider,2: MI,No Control,,,1342735.78,1663803.99,1.34E+13
2019-11251-27/05/2021,2 Metropolitan,PAYNEHAM,5070,"CC OF NORWOOD,PAYNEHAM & ST PETERS",2,0,0,0,0,2019,November,Monday,1:04 PM,60,Cross Road,Straight road,Level,Not Applicable,Sealed,Dry,Not Raining,Daylight,Rear End,1,Driver Rider,1: PDO,Traffic Signals,,,1332162.99,1673774.81,1.33E+13
2019-11252-27/05/2021,2 Metropolitan,CHANDLERS HILL,5159,CITY OF ONKAPARINGA,2,0,0,0,0,2019,November,Monday,4:30 PM,70,Cross Road,Straight road,Crest of Hill,Not Applicable,Sealed,Dry,Not Raining,Daylight,Right Angle,2,Driver Rider,1: PDO,No Control,,,1330404.38,1654176.38,1.33E+13
2019-11253-27/05/2021,2 Metropolitan,ANDREWS FARM,5114,CITY OF PLAYFORD.,2,0,0,0,0,2019,November,Monday,6:20 PM,50,Not Divided,Straight road,Level,Not Applicable,Sealed,Dry,Not Raining,Daylight,Hit Parked Vehicle,1,Driver Rider,1: PDO,No Control,,,1335243.91,1698781.81,1.34E+13
2019-11254-27/05/2021,2 Metropolitan,ST MARYS,5042,CC MITCHAM.                   ,2,1,0,0,1,2019,November,Monday,5:02 PM,40,Divided Road,Straight road,Level,Roadworks,Sealed,Dry,Not Raining,Daylight,Side Swipe,1,Driver Rider,2: MI,No Control,,,1326005.71,1661879.21,1.33E+13
2019-11255-27/05/2021,2 Metropolitan,COLLINSWOOD,5081,CITY OF PROSPECT,2,0,0,0,0,2019,November,Monday,10:45 AM,50,T-Junction,Straight road,Slope,Driveway or Entrance,Sealed,Dry,Not Raining,Daylight,Hit Parked Vehicle,1,Driver Rider,1: PDO,No Control,,,1330000.56,1675155.6,1.33E+13
2019-11256-27/05/2021,2 Metropolitan,FULLARTON,5063,CITY OF UNLEY,2,1,0,0,1,2019,October,Thursday,4:25 PM,60,Cross Road,Straight road,Level,Not Applicable,Sealed,Dry,Not Raining,Daylight,Right Angle,2,Driver Rider,2: MI,Stop Sign,,,1331657.73,1667500.33,1.33E+13
2019-11257-27/05/2021,3 Country,SHEA-OAK LOG,5371,LIGHT REGIONAL COUNCIL,2,0,0,0,0,2019,November,Monday,6:43 PM,110,T-Junction,Straight road,Crest of Hill,Not Applicable,Sealed,Dry,Not Raining,Daylight,Right Turn,1,Driver Rider,1: PDO,No Control,,,1347458.7,1713695.88,1.35E+13
2019-11258-27/05/2021,2 Metropolitan,TORRENS PARK,5062,CC MITCHAM.                   ,2,1,0,0,1,2019,November,Monday,8:45 PM,60,Not Divided,Straight road,Level,Driveway or Entrance,Sealed,Dry,Not Raining,Night,Right Angle,2,Driver Rider,2: MI,No Control,,,1329167.94,1665169.68,1.33E+13
2019-11259-27/05/2021,3 Country,PURNONG,5238,MID MURRAY DISTRICT COUNCIL,2,1,0,1,0,2019,November,Friday,8:10 AM,100,Not Divided,Straight road,Slope,Not Applicable,Unsealed,Dry,Not Raining,Daylight,Hit Animal,2,Animal,3: SI,No Control,,,1426924.86,1682704.95,1.43E+13
2019-11260-27/05/2021,3 Country,ASHBOURNE,5157,ALEXANDRINA COUNCIL,1,1,0,1,0,2019,November,Monday,10:00 AM,80,Not Divided,"CURVED, VIEW OBSCURED",Slope,Not Applicable,Sealed,Dry,Not Raining,Daylight,Roll Over,1,Driver Rider,3: SI,No Control,,,1342580.37,1631297.51,1.34E+13
2019-11261-27/05/2021,3 Country,HONITON,5576,YORKE PENINSULA COUNCIL,1,0,0,0,0,2019,November,Monday,4:00 PM,100,Not Divided,Straight road,Level,Not Applicable,Unsealed,Dry,Not Raining,Daylight,Roll Over,1,Driver Rider,1: PDO,No Control,,,1242694.31,1647519.03,1.24E+13