REPORT_ID,Stats Area,Suburb,Postcode,LGA Name,Total Units,Total Cas,Total Fats,Total SI,Total MI,Year,Month,Day,Time,Area Speed,Position Type,Horizontal Align,Vertical Align,Other Feat,Road Surface,Moisture Cond,Weather Cond,DayNight,Crash Type,Unit Resp,Entity Code,CSEF Severity,Traffic Ctrls,DUI Involved,Drugs Involved,ACCLOC_X,ACCLOC_Y,UNIQUE_LOC
2019-11424-27/05/2021,2 Metropolitan,ASHTON,5137,THE ADELAIDE HILLS COUNCIL,3,1,0,0,1,2019,November,Saturday,8:00 AM,80,Not Divided,Straight road,Crest of Hill,Driveway or Entrance,Sealed,Dry,Not Raining,Daylight,Other,9,Other,2: MI,No Control,,,1340157.94,1667825.24,1.34E+13
2019-11425-27/05/2021,2 Metropolitan,MUNNO PARA,5115,CITY OF PLAYFORD.,2,1,0,1,0,2019,November,Tuesday,3:50 PM,60,Cross Road,Straight road,Level,Not Applicable,Sealed,Dry,Not Raining,Daylight,Rear End,2,Driver Rider,3: SI,Traffic Signals,,,1338231.02,1697708.49,1.34E+13
2019-11426-27/05/2021,2 Metropolitan,WEST BEACH,5024,CITY OF CHARLES STURT,1,1,0,0,1,2019,November,Saturday,9:40 AM,50,Not Divided,Straight road,Level,Not Applicable,Sealed,Dry,Not Raining,Daylight,Roll Over,1,Other,2: MI,No Control,,,1319602.13,1669211.46,1.32E+13
2019-11427-27/05/2021,3 Country,MOUNT GAMBIER,5290,CC MT.GAMBIER.                ,2,0,0,0,0,2019,November,Saturday,10:00 AM,50,Not Divided,Straight road,Crest of Hill,Not Applicable,Sealed,Dry,Not Raining,Daylight,Hit Fixed Object,1,Driver Rider,1: PDO,No Control,,,1510290.36,1340622.87,1.51E+13
2019-11428-27/05/2021,2 Metropolitan,FOREST RANGE,5139,THE ADELAIDE HILLS COUNCIL,2,1,0,1,0,2019,November,Saturday,8:50 AM,80,T-Junction,"CURVED, VIEW OBSCURED",Slope,Not Applicable,Sealed,Dry,Not Raining,Daylight,Right Angle,1,Driver Rider,3: SI,No Control,,,1348254.61,1670840.61,1.35E+13
2019-11429-27/05/2021,2 Metropolitan,CRAIGMORE,5114,CITY OF PLAYFORD.,2,0,0,0,0,2019,November,Friday,6:20 PM,60,Not Divided,Straight road,Level,Not Applicable,Sealed,Dry,Not Raining,Daylight,Rear End,1,Driver Rider,1: PDO,No Control,,,1339113.09,1695752.63,1.34E+13
2019-11430-27/05/2021,3 Country,PAGES FLAT,5172,ALEXANDRINA COUNCIL,1,1,0,0,1,2019,November,Saturday,10:00 AM,100,Not Divided,"CURVED, VIEW OPEN",Level,Not Applicable,Sealed,Dry,Not Raining,Daylight,Roll Over,1,Driver Rider,2: MI,No Control,,,1321161.02,1625519.27,1.32E+13
2019-11431-27/05/2021,2 Metropolitan,COLONEL LIGHT GARDENS,5041,CC MITCHAM.                   ,2,0,0,0,0,2019,November,Friday,3:15 PM,50,Not Divided,Straight road,Level,Not Applicable,Sealed,Dry,Not Raining,Daylight,Head On,2,Driver Rider,1: PDO,No Control,,,1327760.5,1664528.95,1.33E+13
2019-11432-27/05/2021,2 Metropolitan,GAWLER,5118,CT GAWLER.                    ,2,1,0,0,1,2019,November,Friday,8:55 AM,50,T-Junction,Straight road,Slope,Not Applicable,Sealed,Dry,Not Raining,Daylight,Rear End,2,Driver Rider,2: MI,Traffic Signals,,,1343360.57,1706588.67,1.34E+13
2019-11433-27/05/2021,2 Metropolitan,FULHAM GARDENS,5024,CITY OF CHARLES STURT,2,0,0,0,0,2019,November,Saturday,10:30 AM,60,Divided Road,Straight road,Level,Not Applicable,Sealed,Dry,Not Raining,Daylight,Rear End,2,Driver Rider,1: PDO,No Control,,,1320637.09,1672306.06,1.32E+13
2019-11434-27/05/2021,2 Metropolitan,MASLIN BEACH,5170,CITY OF ONKAPARINGA,2,0,0,0,0,2019,November,Saturday,11:00 AM,80,Cross Road,Straight road,Bottom of Hill,Not Applicable,Sealed,Dry,Not Raining,Daylight,Right Angle,2,Driver Rider,1: PDO,Stop Sign,,,1316480.48,1638128.35,1.32E+13
2019-11435-27/05/2021,2 Metropolitan,EDWARDSTOWN,5039,CC MITCHAM.                   ,2,1,0,0,1,2019,November,Thursday,11:05 AM,60,Divided Road,Straight road,Level,Not Applicable,Sealed,Dry,Not Raining,Daylight,Rear End,2,Driver Rider,2: MI,No Control,,,1325916.46,1664970.55,1.33E+13
2019-11436-27/05/2021,3 Country,MOUNT WILLOUGHBY,5723,,2,1,0,0,1,2019,November,Saturday,7:30 AM,110,Not Divided,Straight road,Level,"Bridge, Culvert, Causeway",Sealed,Dry,Not Raining,Daylight,Hit Fixed Object,1,Driver Rider,2: MI,No Control,,,921691.41,2392356.19,9.22E+12
2019-11437-27/05/2021,2 Metropolitan,TROTT PARK,5158,CC MARION.                    ,2,0,0,0,0,2019,November,Saturday,9:30 AM,50,T-Junction,Straight road,Level,Not Applicable,Sealed,Dry,Not Raining,Daylight,Right Angle,2,Driver Rider,1: PDO,No Control,,,1322206.43,1655040.23,1.32E+13
2019-11438-27/05/2021,2 Metropolitan,PROSPECT,5082,CITY OF PROSPECT,2,0,0,0,0,2019,November,Saturday,10:55 AM,60,Cross Road,Straight road,Level,Not Applicable,Sealed,Dry,Not Raining,Daylight,Rear End,2,Driver Rider,1: PDO,Traffic Signals,,,1328873.3,1676432.66,1.33E+13
2019-11439-27/05/2021,2 Metropolitan,MARDEN,5070,"CC OF NORWOOD,PAYNEHAM & ST PETERS",2,1,0,0,1,2019,November,Saturday,12:00 PM,60,Divided Road,Straight road,Slope,Driveway or Entrance,Sealed,Dry,Not Raining,Daylight,Right Angle,2,Driver Rider,2: MI,No Control,,,1332037.35,1673942.02,1.33E+13
2019-11440-27/05/2021,2 Metropolitan,PARA HILLS WEST,5096,CITY OF SALISBURY,4,0,0,0,0,2019,November,Friday,4:15 PM,60,Divided Road,Straight road,Level,Not Applicable,Sealed,Dry,Not Raining,Daylight,Rear End,1,Driver Rider,1: PDO,No Control,,,1333779.48,1684137.51,1.33E+13
2019-11441-27/05/2021,2 Metropolitan,THORNGATE,5082,CITY OF PROSPECT,2,0,0,0,0,2019,November,Friday,3:06 PM,60,Divided Road,Straight road,Level,Not Applicable,Sealed,Dry,Not Raining,Daylight,Side Swipe,2,Driver Rider,1: PDO,No Control,,,1328451.07,1673794.04,1.33E+13
2019-11442-27/05/2021,2 Metropolitan,UNLEY,5061,CITY OF UNLEY,2,1,0,1,0,2019,November,Friday,7:00 PM,50,Not Divided,Straight road,Level,Not Applicable,Sealed,Dry,Not Raining,Daylight,Hit Pedestrian,2,Driver Rider,3: SI,No Control,,,1329715.69,1667710.46,1.33E+13
2019-11443-27/05/2021,2 Metropolitan,SALISBURY EAST,5109,CITY OF SALISBURY,2,0,0,0,0,2019,November,Saturday,1:15 PM,60,Cross Road,Straight road,Level,Not Applicable,Sealed,Dry,Not Raining,Daylight,Rear End,2,Driver Rider,1: PDO,Traffic Signals,,,1333298.13,1685374.25,1.33E+13
2019-11444-27/05/2021,2 Metropolitan,HAHNDORF,5245,DC MT.BARKER.                 ,2,0,0,0,0,2019,November,Saturday,3:20 PM,60,Not Divided,Straight road,Level,Not Applicable,Sealed,Dry,Not Raining,Daylight,Hit Parked Vehicle,2,Driver Rider,1: PDO,No Control,,,1346281.64,1659559.62,1.35E+13
2019-11445-27/05/2021,2 Metropolitan,KIDMAN PARK,5025,CITY OF CHARLES STURT,2,0,0,0,0,2019,November,Saturday,4:30 PM,50,Not Divided,Straight road,Level,Not Applicable,Sealed,Dry,Not Raining,Daylight,Head On,2,Driver Rider,1: PDO,No Control,,,1322517.51,1672227.51,1.32E+13
2019-11446-27/05/2021,3 Country,BURRUNGULE,5291,DISTRICT COUNCIL OF GRANT,2,0,0,0,0,2019,November,Saturday,10:11 AM,110,Not Divided,Straight road,Level,Not Applicable,Sealed,Dry,Not Raining,Daylight,Rear End,2,Driver Rider,1: PDO,No Control,,,1496920.95,1348994.35,1.50E+13
2019-11447-27/05/2021,2 Metropolitan,REYNELLA,5161,CITY OF ONKAPARINGA,2,1,0,0,1,2019,November,Saturday,5:08 PM,50,Not Divided,Straight road,Slope,Not Applicable,Sealed,Dry,Not Raining,Daylight,Rear End,1,Driver Rider,2: MI,No Control,,,1322023.61,1652212.07,1.32E+13
2019-11448-27/05/2021,2 Metropolitan,ROSEWATER,5013,CITY OF PORT ADELAIDE ENFIELD,2,0,0,0,0,2019,November,Saturday,6:23 PM,50,Not Divided,Straight road,Level,Not Applicable,Sealed,Dry,Not Raining,Daylight,Hit Fixed Object,1,Driver Rider,1: PDO,No Control,,,1321383.75,1679064.03,1.32E+13
2019-11449-27/05/2021,2 Metropolitan,DOVER GARDENS,5048,CC MARION.                    ,2,0,0,0,0,2019,November,Saturday,5:00 PM,60,Cross Road,Straight road,Level,Not Applicable,Sealed,Dry,Not Raining,Daylight,Right Turn,2,Driver Rider,1: PDO,Traffic Signals,,,1322777.22,1660601.37,1.32E+13
2019-11450-27/05/2021,2 Metropolitan,PROSPECT,5082,CITY OF PROSPECT,3,0,0,0,0,2019,November,Saturday,6:34 PM,60,Cross Road,Straight road,Level,Not Applicable,Sealed,Dry,Not Raining,Daylight,Rear End,1,Driver Rider,1: PDO,Traffic Signals,,,1327236.23,1676392.98,1.33E+13
2019-11451-27/05/2021,2 Metropolitan,REGENCY PARK,5010,CITY OF PORT ADELAIDE ENFIELD,2,0,0,0,0,2019,November,Saturday,6:45 PM,60,Cross Road,Straight road,Level,Not Applicable,Sealed,Dry,Not Raining,Daylight,Right Angle,1,Driver Rider,1: PDO,Traffic Signals,,,1326068.01,1676366.04,1.33E+13
2019-11452-27/05/2021,2 Metropolitan,ALLENBY GARDENS,5009,CITY OF CHARLES STURT,2,0,0,0,0,2019,November,Saturday,7:16 PM,60,Divided Road,Straight road,Level,Not Applicable,Sealed,Dry,Not Raining,Daylight,Side Swipe,2,Driver Rider,1: PDO,No Control,,,1324321.08,1674461.31,1.32E+13
2019-11453-27/05/2021,2 Metropolitan,WEST BEACH,5024,CITY OF CHARLES STURT,2,0,0,0,0,2019,November,Saturday,6:31 PM,50,Not Divided,Straight road,Level,Not Applicable,Sealed,Dry,Not Raining,Daylight,Hit Parked Vehicle,2,Driver Rider,1: PDO,No Control,Y,,1319301.94,1669750.32,1.32E+13
2019-11454-27/05/2021,2 Metropolitan,MUNNO PARA,5115,CITY OF PLAYFORD.,3,1,0,1,0,2019,November,Saturday,8:00 PM,60,Cross Road,Straight road,Level,Not Applicable,Sealed,Dry,Not Raining,Night,Right Turn,1,Driver Rider,3: SI,Traffic Signals,,Y,1336684.28,1698535.93,1.34E+13
2019-11455-27/05/2021,2 Metropolitan,NORTHGATE,5085,CITY OF PORT ADELAIDE ENFIELD,2,0,0,0,0,2019,November,Saturday,7:10 PM,60,T-Junction,Straight road,Level,Not Applicable,Sealed,Dry,Not Raining,Daylight,Right Angle,1,Driver Rider,1: PDO,No Control,,,1331464.44,1679287.03,1.33E+13
2019-11456-27/05/2021,2 Metropolitan,LARGS NORTH,5016,CITY OF PORT ADELAIDE ENFIELD,2,1,0,0,1,2019,November,Saturday,9:43 PM,60,Not Divided,Straight road,Level,Not Applicable,Sealed,Dry,Not Raining,Night,Hit Fixed Object,1,Driver Rider,2: MI,No Control,,,1318920.84,1683196.86,1.32E+13
2019-11457-27/05/2021,1 City,ADELAIDE,5000,CITY OF ADELAIDE,2,0,0,0,0,2019,November,Saturday,11:15 PM,60,Cross Road,Straight road,Level,Not Applicable,Sealed,Dry,Not Raining,Night,Hit Pedestrian,2,Pedestrian,1: PDO,Traffic Signals,,,1327901.33,1670963.7,1.33E+13
2019-11458-27/05/2021,1 City,ADELAIDE,5000,CITY OF ADELAIDE,2,0,0,0,0,2019,November,Sunday,2:00 AM,50,Not Divided,Straight road,Level,Not Applicable,Sealed,Dry,Not Raining,Night,Hit Fixed Object,1,Driver Rider,1: PDO,No Control,,Y,1327439.81,1669542.46,1.33E+13
2019-11459-27/05/2021,2 Metropolitan,HOLDEN HILL,5088,CITY OF TEA TREE GULLY,2,0,0,0,0,2019,November,Sunday,6:50 AM,60,Divided Road,Straight road,Level,Not Applicable,Sealed,Dry,Not Raining,Daylight,Hit Fixed Object,1,Driver Rider,1: PDO,No Control,,,1335214.76,1679265.25,1.34E+13
2019-11460-27/05/2021,1 City,ADELAIDE,5000,CITY OF ADELAIDE,2,1,0,0,1,2019,November,Tuesday,2:00 PM,50,Divided Road,Straight road,Level,Not Applicable,Sealed,Dry,Not Raining,Daylight,Hit Parked Vehicle,2,Driver Rider,2: MI,No Control,,,1328469.82,1671037.45,1.33E+13
2019-11461-27/05/2021,1 City,ADELAIDE,5000,CITY OF ADELAIDE,2,0,0,0,0,2019,November,Saturday,12:45 PM,50,T-Junction,Straight road,Level,Not Applicable,Sealed,Dry,Not Raining,Daylight,Right Angle,1,Driver Rider,1: PDO,Give Way Sign,,,1327377.74,1670639.77,1.33E+13
2019-11462-27/05/2021,2 Metropolitan,NOARLUNGA CENTRE,5168,CITY OF ONKAPARINGA,2,1,0,0,1,2019,November,Sunday,9:47 AM,60,T-Junction,Straight road,Level,Not Applicable,Sealed,Dry,Not Raining,Daylight,Right Turn,1,Driver Rider,2: MI,Traffic Signals,,,1318788.81,1647471.6,1.32E+13
2019-11463-27/05/2021,2 Metropolitan,ECHUNGA,5153,DC MT.BARKER.                 ,2,1,0,0,1,2019,November,Sunday,9:40 AM,50,T-Junction,Straight road,Slope,Not Applicable,Sealed,Dry,Not Raining,Daylight,Rear End,2,Driver Rider,2: MI,Give Way Sign,,,1345670.81,1650238.28,1.35E+13
2019-11464-27/05/2021,3 Country,KAPUNDA,5373,LIGHT REGIONAL COUNCIL,2,0,0,0,0,2019,November,Sunday,9:43 AM,50,Not Divided,Straight road,Level,Not Applicable,Sealed,Dry,Not Raining,Daylight,Side Swipe,2,Driver Rider,1: PDO,No Control,,Y,1359831.37,1734546.21,1.36E+13
2019-11465-27/05/2021,2 Metropolitan,PARA HILLS,5096,CITY OF SALISBURY,2,0,0,0,0,2019,November,Saturday,10:30 PM,50,T-Junction,Straight road,Level,Not Applicable,Sealed,Dry,Not Raining,Night,Side Swipe,2,Driver Rider,1: PDO,No Control,,,1333113.7,1682674.84,1.33E+13
2019-11466-27/05/2021,2 Metropolitan,SEATON,5023,CITY OF CHARLES STURT,2,0,0,0,0,2019,November,Sunday,10:50 AM,60,T-Junction,Straight road,Level,Not Applicable,Sealed,Dry,Not Raining,Daylight,Right Angle,1,Driver Rider,1: PDO,No Control,,,1319909.34,1674986.12,1.32E+13
2019-11467-27/05/2021,2 Metropolitan,WEST BEACH,5024,CITY OF CHARLES STURT,2,0,0,0,0,2019,November,Saturday,11:20 AM,60,Divided Road,Straight road,Slope,Not Applicable,Sealed,Dry,Not Raining,Daylight,Hit Parked Vehicle,2,Driver Rider,1: PDO,No Control,,,1319563.58,1668742.11,1.32E+13
2019-11468-27/05/2021,2 Metropolitan,CLARENCE GARDENS,5039,CC MITCHAM.                   ,2,0,0,0,0,2019,November,Saturday,12:45 PM,60,Rail Xing,Straight road,Level,Not Applicable,Sealed,Dry,Not Raining,Daylight,Rear End,1,Driver Rider,1: PDO,Traffic Signals,,,1325891.6,1666151.9,1.33E+13
2019-11469-27/05/2021,2 Metropolitan,MILE END,5031,CITY OF WEST TORRENS,2,0,0,0,0,2019,November,Sunday,12:00 PM,60,Divided Road,Straight road,Level,Not Applicable,Sealed,Dry,Not Raining,Daylight,Rear End,2,Driver Rider,1: PDO,No Control,,,1326298.67,1670278.15,1.33E+13
2019-11470-27/05/2021,2 Metropolitan,PARAFIELD,5106,CITY OF SALISBURY,2,0,0,0,0,2019,November,Sunday,11:40 AM,80,Divided Road,Straight road,Level,Not Applicable,Sealed,Dry,Not Raining,Daylight,Rear End,2,Driver Rider,1: PDO,No Control,,,1333261.53,1685350.59,1.33E+13
2019-11471-27/05/2021,2 Metropolitan,BRUKUNGA,5252,DC MT.BARKER.                 ,1,1,0,0,1,2019,November,Sunday,10:46 AM,80,Not Divided,"CURVED, VIEW OPEN",Level,Not Applicable,Sealed,Dry,Not Raining,Daylight,Roll Over,1,Driver Rider,2: MI,No Control,,,1359522.51,1662779.48,1.36E+13
2019-11472-27/05/2021,2 Metropolitan,TENNYSON,5022,CITY OF CHARLES STURT,1,1,0,1,0,2019,November,Sunday,12:00 PM,60,Divided Road,Straight road,Level,Not Applicable,Sealed,Dry,Not Raining,Daylight,Roll Over,1,Driver Rider,3: SI,No Control,,,1318208.84,1675856.75,1.32E+13
2019-11473-27/05/2021,2 Metropolitan,MORPHETT VALE,5162,CITY OF ONKAPARINGA,2,0,0,0,0,2019,November,Sunday,11:05 AM,80,T-Junction,Straight road,Level,Driveway or Entrance,Sealed,Dry,Not Raining,Daylight,Right Turn,2,Driver Rider,1: PDO,No Control,,,1323075.27,1650111.6,1.32E+13
2019-11474-27/05/2021,2 Metropolitan,STURT,5047,CC MARION.                    ,4,0,0,0,0,2019,November,Sunday,11:45 AM,60,Divided Road,Straight road,Level,Not Applicable,Sealed,Dry,Not Raining,Daylight,Rear End,1,Driver Rider,1: PDO,No Control,,,1323859.94,1660654.12,1.32E+13
2019-11475-27/05/2021,2 Metropolitan,KUDLA,5115,CT GAWLER.                    ,2,3,0,1,2,2019,November,Sunday,12:44 PM,80,T-Junction,Straight road,Level,Not Applicable,Sealed,Dry,Not Raining,Daylight,Right Angle,1,Driver Rider,3: SI,Stop Sign,,,1338661.3,1700789.09,1.34E+13
2019-11476-27/05/2021,2 Metropolitan,MORPHETT VALE,5162,CITY OF ONKAPARINGA,2,1,0,0,1,2019,November,Sunday,1:37 PM,60,T-Junction,Straight road,Slope,Not Applicable,Sealed,Dry,Not Raining,Daylight,Right Angle,1,Driver Rider,2: MI,No Control,,,1321675.68,1649883.33,1.32E+13
2019-11477-27/05/2021,2 Metropolitan,WARRADALE,5046,CC MARION.                    ,2,3,0,0,3,2019,November,Sunday,2:16 PM,60,Divided Road,Straight road,Level,Driveway or Entrance,Sealed,Dry,Not Raining,Daylight,Hit Fixed Object,1,Driver Rider,2: MI,No Control,,,1322775.1,1660671.06,1.32E+13
2019-11478-27/05/2021,2 Metropolitan,MASLIN BEACH,5170,CITY OF ONKAPARINGA,2,1,0,1,0,2019,November,Sunday,2:10 PM,80,Cross Road,Straight road,Bottom of Hill,Not Applicable,Sealed,Dry,Not Raining,Daylight,Right Angle,1,Driver Rider,3: SI,Stop Sign,,,1316480.48,1638128.35,1.32E+13
2019-11479-27/05/2021,2 Metropolitan,HINDMARSH,5007,CITY OF CHARLES STURT,2,0,0,0,0,2019,November,Sunday,1:45 PM,60,Divided Road,Straight road,Level,Driveway or Entrance,Sealed,Dry,Not Raining,Daylight,Hit Pedestrian,2,Driver Rider,1: PDO,No Control,,,1326312.04,1672804,1.33E+13
2019-11480-27/05/2021,2 Metropolitan,LOWER MITCHAM,5062,CC MITCHAM.                   ,2,0,0,0,0,2019,November,Sunday,3:15 PM,50,Not Divided,Straight road,Level,Not Applicable,Sealed,Dry,Not Raining,Daylight,Hit Parked Vehicle,1,Driver Rider,1: PDO,No Control,,,1329026.61,1664720.79,1.33E+13
2019-11481-27/05/2021,2 Metropolitan,WOODVILLE NORTH,5012,CITY OF CHARLES STURT,2,1,0,0,1,2019,November,Sunday,3:45 PM,50,Not Divided,Straight road,Level,Not Applicable,Sealed,Dry,Not Raining,Daylight,Other,1,Driver Rider,2: MI,No Control,,,1323875.22,1677935.27,1.32E+13
2019-11482-27/05/2021,2 Metropolitan,WARRADALE,5046,CC MARION.                    ,3,0,0,0,0,2019,November,Sunday,4:00 PM,60,Divided Road,Straight road,Level,Driveway or Entrance,Sealed,Dry,Not Raining,Daylight,Rear End,2,Driver Rider,1: PDO,No Control,,,1322151.2,1662566.81,1.32E+13
2019-11483-27/05/2021,2 Metropolitan,EDWARDSTOWN,5039,CC MARION.                    ,3,3,0,0,3,2019,November,Sunday,4:02 PM,60,T-Junction,Straight road,Level,Not Applicable,Sealed,Dry,Not Raining,Daylight,Right Turn,2,Driver Rider,2: MI,Traffic Signals,,,1325923.86,1664392.42,1.33E+13
2019-11484-27/05/2021,2 Metropolitan,LOCKLEYS,5032,CITY OF WEST TORRENS,2,0,0,0,0,2019,November,Sunday,2:00 PM,60,T-Junction,Straight road,Level,Not Applicable,Sealed,Dry,Not Raining,Daylight,Right Turn,2,Driver Rider,1: PDO,Traffic Signals,,,1321888.03,1669990.23,1.32E+13
2019-11485-27/05/2021,2 Metropolitan,KIDMAN PARK,5025,CITY OF CHARLES STURT,2,0,0,0,0,2019,November,Sunday,4:55 PM,50,Not Divided,Straight road,Level,Not Applicable,Sealed,Dry,Not Raining,Daylight,Hit Parked Vehicle,1,Driver Rider,1: PDO,No Control,,,1322038.13,1671992.52,1.32E+13
2019-11486-27/05/2021,2 Metropolitan,ELIZABETH SOUTH,5112,CITY OF PLAYFORD.,2,1,0,1,0,2019,November,Sunday,5:15 PM,60,T-Junction,Straight road,Level,Not Applicable,Sealed,Dry,Not Raining,Daylight,Rear End,2,Driver Rider,3: SI,No Control,,,1335215.14,1692411.87,1.34E+13
2019-11487-27/05/2021,2 Metropolitan,MUNNO PARA,5115,CITY OF PLAYFORD.,2,0,0,0,0,2019,November,Sunday,1:10 PM,60,T-Junction,Straight road,Level,Median Opening (not at I/S),Sealed,Dry,Not Raining,Daylight,Right Angle,2,Driver Rider,1: PDO,Give Way Sign,,,1336515.35,1698629.88,1.34E+13
2019-11488-27/05/2021,2 Metropolitan,GREEN FIELDS,5107,CITY OF SALISBURY,2,0,0,0,0,2019,November,Sunday,7:40 PM,80,T-Junction,Straight road,Level,Not Applicable,Sealed,Dry,Not Raining,Daylight,Rear End,1,Driver Rider,1: PDO,Traffic Signals,,,1328669.7,1685257.38,1.33E+13
2019-11489-27/05/2021,2 Metropolitan,PARK HOLME,5043,CC MARION.                    ,3,1,0,0,1,2019,November,Sunday,6:38 PM,60,Divided Road,Straight road,Level,Not Applicable,Sealed,Dry,Not Raining,Daylight,Rear End,1,Driver Rider,2: MI,No Control,Y,,1324331.15,1663333.16,1.32E+13
2019-11490-27/05/2021,2 Metropolitan,PROSPECT,5082,CITY OF PROSPECT,2,0,0,0,0,2019,November,Wednesday,10:00 AM,50,Not Divided,Straight road,Level,Not Applicable,Sealed,Dry,Not Raining,Daylight,Side Swipe,2,Driver Rider,1: PDO,No Control,,,1328058.92,1676451.33,1.33E+13
2019-11491-27/05/2021,2 Metropolitan,SALISBURY DOWNS,5108,CITY OF SALISBURY,2,1,0,0,1,2019,November,Sunday,7:50 PM,60,Cross Road,Straight road,Level,Not Applicable,Sealed,Dry,Not Raining,Daylight,Rear End,2,Driver Rider,2: MI,Traffic Signals,,,1331452.34,1686817.44,1.33E+13
2019-11492-27/05/2021,2 Metropolitan,GRANGE,5022,CITY OF CHARLES STURT,3,0,0,0,0,2019,November,Sunday,9:22 PM,50,Not Divided,Straight road,Level,Not Applicable,Sealed,Dry,Not Raining,Night,Hit Fixed Object,1,Driver Rider,1: PDO,No Control,,,1319621.51,1673401.32,1.32E+13
2019-11493-27/05/2021,3 Country,MURRAY BRIDGE EAST,5253,RC MURRAY BRIDGE.             ,3,0,0,0,0,2019,November,Sunday,7:11 PM,80,Not Divided,Straight road,Slope,Not Applicable,Unsealed,Dry,Not Raining,Daylight,Hit Fixed Object,1,Driver Rider,1: PDO,No Control,,,1393379.45,1650048.52,1.39E+13
2019-11494-27/05/2021,3 Country,NORTH MOONTA,5558,COPPER COAST DISTRICT COUNCIL,2,2,0,2,0,2019,November,Sunday,8:22 PM,50,Not Divided,Straight road,Level,Not Applicable,Unsealed,Dry,Not Raining,Night,Hit Fixed Object,1,Driver Rider,3: SI,No Control,,,1238976.26,1770919.51,1.24E+13
2019-11495-27/05/2021,2 Metropolitan,BROOKLYN PARK,5032,CITY OF WEST TORRENS,2,0,0,0,0,2019,November,Monday,4:30 AM,60,Divided Road,Straight road,Level,Not Applicable,Sealed,Dry,Not Raining,Night,Hit Fixed Object,1,Driver Rider,1: PDO,No Control,,,1323388.06,1670104.25,1.32E+13
2019-11496-27/05/2021,3 Country,MURRAY BRIDGE,5253,RC MURRAY BRIDGE.             ,2,1,0,0,1,2019,November,Monday,12:14 AM,50,Not Divided,Straight road,Slope,Driveway or Entrance,Sealed,Dry,Not Raining,Night,Hit Pedestrian,1,Driver Rider,2: MI,No Control,,,1388303.36,1646998.52,1.39E+13
2019-11497-27/05/2021,3 Country,WATTLE FLAT,5203,DC YANKALILLA.                ,2,0,0,0,0,2019,November,Sunday,8:45 AM,100,Not Divided,Straight road,Level,Not Applicable,Sealed,Dry,Not Raining,Daylight,Hit Animal,2,Animal,1: PDO,No Control,,,1306557.97,1617016.21,1.31E+13
2019-11498-27/05/2021,2 Metropolitan,DARLINGTON,5047,CC MARION.                    ,6,0,0,0,0,2019,November,Monday,7:15 AM,80,Freeway,Straight road,Level,Not Applicable,Sealed,Dry,Not Raining,Daylight,Rear End,1,Driver Rider,1: PDO,No Control,,,1324092.47,1659387,1.32E+13
2019-11499-27/05/2021,2 Metropolitan,EDINBURGH NORTH,5113,CITY OF PLAYFORD.,2,1,0,0,1,2019,November,Monday,6:59 AM,60,Cross Road,Straight road,Level,Not Applicable,Sealed,Dry,Not Raining,Daylight,Side Swipe,2,Driver Rider,2: MI,Roundabout,,,1335277.93,1695343.49,1.34E+13
2019-11500-27/05/2021,2 Metropolitan,NETLEY,5037,CITY OF WEST TORRENS,4,0,0,0,0,2019,November,Monday,9:07 AM,60,Divided Road,Straight road,Level,Not Applicable,Sealed,Dry,Not Raining,Daylight,Other,1,Driver Rider,1: PDO,No Control,,,1324179.66,1668433.03,1.32E+13
2019-11501-27/05/2021,2 Metropolitan,TROTT PARK,5158,CC MARION.                    ,3,1,0,0,1,2019,November,Monday,7:10 AM,100,Freeway,Straight road,Level,Not Applicable,Sealed,Dry,Not Raining,Daylight,Rear End,1,Driver Rider,2: MI,No Control,,,1322990.5,1655610.48,1.32E+13
2019-11502-27/05/2021,2 Metropolitan,WINGFIELD,5013,CITY OF PORT ADELAIDE ENFIELD,2,0,0,0,0,2019,November,Monday,8:20 AM,90,Divided Road,Straight road,Level,Not Applicable,Sealed,Dry,Not Raining,Daylight,Side Swipe,2,Driver Rider,1: PDO,No Control,,,1324739.73,1681048.01,1.32E+13
2019-11503-27/05/2021,2 Metropolitan,MOUNT BARKER,5251,DC MT.BARKER.                 ,4,1,0,0,1,2019,November,Monday,8:20 AM,60,Divided Road,Straight road,Level,Not Applicable,Sealed,Dry,Not Raining,Daylight,Rear End,2,Driver Rider,2: MI,No Control,,,1351059.63,1654740.44,1.35E+13
2019-11504-27/05/2021,2 Metropolitan,NORWOOD,5067,"CC OF NORWOOD,PAYNEHAM & ST PETERS",2,0,0,0,0,2019,November,Monday,9:16 AM,60,Not Divided,Straight road,Level,Not Applicable,Sealed,Dry,Not Raining,Daylight,Rear End,2,Driver Rider,1: PDO,No Control,,,1330621.88,1671277.56,1.33E+13