REPORT_ID,Stats Area,Suburb,Postcode,LGA Name,Total Units,Total Cas,Total Fats,Total SI,Total MI,Year,Month,Day,Time,Area Speed,Position Type,Horizontal Align,Vertical Align,Other Feat,Road Surface,Moisture Cond,Weather Cond,DayNight,Crash Type,Unit Resp,Entity Code,CSEF Severity,Traffic Ctrls,DUI Involved,Drugs Involved,ACCLOC_X,ACCLOC_Y,UNIQUE_LOC
2019-11667-27/05/2021,2 Metropolitan,NORWOOD,5067,"CC OF NORWOOD,PAYNEHAM & ST PETERS",2,0,0,0,0,2019,November,Friday,5:10 PM,60,Cross Road,Straight road,Level,Not Applicable,Sealed,Dry,Not Raining,Daylight,Side Swipe,2,Driver Rider,1: PDO,Give Way Sign,,,1331230.35,1671051.41,1.33E+13
2019-11668-27/05/2021,2 Metropolitan,WOODVILLE NORTH,5012,CITY OF CHARLES STURT,2,1,0,0,1,2019,November,Friday,2:00 PM,50,Cross Road,Straight road,Level,Not Applicable,Sealed,Dry,Not Raining,Daylight,Rear End,2,Driver Rider,2: MI,Traffic Signals,,,1323535.02,1676767,1.32E+13
2019-11669-27/05/2021,3 Country,MIDDLETON,5213,ALEXANDRINA COUNCIL,3,1,0,1,0,2019,November,Friday,4:49 PM,100,Not Divided,Straight road,Level,Not Applicable,Sealed,Dry,Not Raining,Daylight,Hit Animal,2,Animal,3: SI,No Control,,,1338027.88,1608456.84,1.34E+13
2019-11670-27/05/2021,2 Metropolitan,PARALOWIE,5108,CITY OF SALISBURY,2,0,0,0,0,2019,November,Friday,5:55 PM,90,Divided Road,Straight road,Level,Not Applicable,Sealed,Dry,Not Raining,Daylight,Rear End,2,Driver Rider,1: PDO,No Control,,,1328447.83,1688733.9,1.33E+13
2019-11671-27/05/2021,2 Metropolitan,HENDON,5014,CITY OF CHARLES STURT,2,0,0,0,0,2019,November,Friday,5:25 PM,50,T-Junction,Straight road,Level,Not Applicable,Sealed,Dry,Not Raining,Daylight,Hit Fixed Object,1,Driver Rider,1: PDO,No Control,,,1321155.23,1676024.29,1.32E+13
2019-11672-27/05/2021,2 Metropolitan,STEPNEY,5069,"CC OF NORWOOD,PAYNEHAM & ST PETERS",2,0,0,0,0,2019,November,Friday,6:28 PM,60,Cross Road,Straight road,Level,Not Applicable,Sealed,Dry,Not Raining,Daylight,Right Turn,2,Driver Rider,1: PDO,Traffic Signals,,,1331106.72,1672391.46,1.33E+13
2019-11673-27/05/2021,2 Metropolitan,ROSTREVOR,5073,CC CAMPBELLTOWN.              ,2,0,0,0,0,2019,November,Friday,5:50 PM,50,Not Divided,Straight road,Level,Driveway or Entrance,Sealed,Dry,Not Raining,Daylight,Rear End,2,Driver Rider,1: PDO,No Control,,,1335975.82,1674153.32,1.34E+13
2019-11674-27/05/2021,2 Metropolitan,STIRLING,5152,THE ADELAIDE HILLS COUNCIL,3,0,0,0,0,2019,November,Friday,5:40 PM,110,Freeway,Straight road,Level,Not Applicable,Sealed,Dry,Not Raining,Daylight,Rear End,2,Driver Rider,1: PDO,No Control,,,1339566.21,1662098.97,1.34E+13
2019-11675-27/05/2021,3 Country,CORTLINYE,5641,DC KIMBA.                     ,1,0,0,0,0,2019,November,Friday,5:30 PM,100,Not Divided,Straight road,Level,Not Applicable,Unsealed,Dry,Not Raining,Daylight,Roll Over,1,Driver Rider,1: PDO,No Control,,,1118759.9,1880757.63,1.12E+13
2019-11676-27/05/2021,2 Metropolitan,KINGSWOOD,5062,CC MITCHAM.                   ,2,1,0,0,1,2019,November,Friday,5:53 PM,60,Divided Road,Straight road,Level,Not Applicable,Sealed,Dry,Not Raining,Daylight,Rear End,1,Driver Rider,2: MI,No Control,,,1329392.02,1666251.17,1.33E+13
2019-11677-27/05/2021,3 Country,MINLATON,5575,YORKE PENINSULA COUNCIL,2,0,0,0,0,2019,November,Tuesday,11:45 PM,100,Not Divided,Straight road,Level,Not Applicable,Unsealed,Dry,Not Raining,Night,Hit Fixed Object,1,Driver Rider,1: PDO,No Control,,,1236767.45,1689824.47,1.24E+13
2019-11678-27/05/2021,2 Metropolitan,KILBURN,5084,CITY OF PORT ADELAIDE ENFIELD,2,2,0,1,1,2019,November,Friday,9:15 PM,60,T-Junction,Straight road,Level,Not Applicable,Sealed,Dry,Not Raining,Night,Right Turn,1,Driver Rider,3: SI,No Control,,,1327211.42,1677616.73,1.33E+13
2019-11679-27/05/2021,3 Country,BORDERTOWN,5268,DC TATIARA.                   ,1,2,0,0,2,2019,November,Thursday,10:30 PM,50,T-Junction,Straight road,Level,Not Applicable,Sealed,Dry,Not Raining,Night,Left Road - Out of Control,1,Driver Rider,2: MI,No Control,Y,,1517879.15,1507772,1.52E+13
2019-11680-27/05/2021,2 Metropolitan,SOUTH PLYMPTON,5038,CC MARION.                    ,2,0,0,0,0,2019,November,Friday,9:25 PM,50,Not Divided,Straight road,Level,Not Applicable,Sealed,Dry,Not Raining,Night,Hit Parked Vehicle,1,Driver Rider,1: PDO,No Control,,,1325048.73,1666315.62,1.33E+13
2019-11681-27/05/2021,2 Metropolitan,BASKET RANGE,5138,THE ADELAIDE HILLS COUNCIL,2,0,0,0,0,2019,November,Friday,11:25 PM,80,Not Divided,"CURVED, VIEW OPEN",Slope,Not Applicable,Sealed,Dry,Not Raining,Night,Hit Fixed Object,1,Driver Rider,1: PDO,No Control,,,1342863.42,1668557.6,1.34E+13
2019-11682-27/05/2021,2 Metropolitan,PARADISE,5075,CC CAMPBELLTOWN.              ,2,0,0,0,0,2019,November,Friday,11:40 PM,60,Divided Road,"CURVED, VIEW OBSCURED",Slope,Not Applicable,Sealed,Dry,Not Raining,Night,Hit Fixed Object,1,Driver Rider,1: PDO,No Control,,,1334426.1,1677029.81,1.33E+13
2019-11683-27/05/2021,2 Metropolitan,ECHUNGA,5153,DC MT.BARKER.                 ,2,2,0,0,2,2019,November,Saturday,1:30 AM,80,Not Divided,"CURVED, VIEW OPEN",Slope,Not Applicable,Sealed,Dry,Not Raining,Night,Hit Fixed Object,1,Driver Rider,2: MI,No Control,Y,,1346988.05,1653248.66,1.35E+13
2019-11684-27/05/2021,2 Metropolitan,WATERLOO CORNER,5110,CITY OF PLAYFORD.,2,0,0,0,0,2019,November,Saturday,6:10 AM,80,Cross Road,Straight road,Level,Not Applicable,Sealed,Dry,Not Raining,Daylight,Right Angle,1,Driver Rider,1: PDO,Give Way Sign,,,1325373.15,1696437.79,1.33E+13
2019-11685-27/05/2021,2 Metropolitan,ALLENBY GARDENS,5009,CITY OF CHARLES STURT,2,0,0,0,0,2019,November,Saturday,7:30 AM,60,Divided Road,Straight road,Level,Not Applicable,Sealed,Dry,Not Raining,Daylight,Side Swipe,1,Driver Rider,1: PDO,No Control,,,1324457.21,1673186.3,1.32E+13
2019-11686-27/05/2021,2 Metropolitan,VALLEY VIEW,5093,CITY OF TEA TREE GULLY,3,0,0,0,0,2019,November,Saturday,12:05 AM,60,Cross Road,"CURVED, VIEW OPEN",Slope,Not Applicable,Sealed,Dry,Not Raining,Night,Rear End,2,Driver Rider,1: PDO,Traffic Signals,,,1335297.49,1679399.6,1.34E+13
2019-11687-27/05/2021,3 Country,YUNTA,5440,,2,3,0,0,3,2019,November,Friday,6:10 PM,110,Not Divided,"CURVED, VIEW OPEN",Slope,Not Applicable,Sealed,Dry,Not Raining,Daylight,Hit Animal,2,Animal,2: MI,No Control,,,1420094.48,1921498.08,1.42E+13
2019-11688-27/05/2021,2 Metropolitan,TAPEROO,5017,CITY OF PORT ADELAIDE ENFIELD,2,0,0,0,0,2019,November,Saturday,9:45 AM,60,Cross Road,Straight road,Level,Not Applicable,Sealed,Dry,Not Raining,Daylight,Right Angle,1,Driver Rider,1: PDO,Give Way Sign,,,1319893.71,1683541.99,1.32E+13
2019-11689-27/05/2021,2 Metropolitan,VALLEY VIEW,5093,CITY OF SALISBURY,2,1,0,0,1,2019,November,Saturday,9:54 AM,60,Cross Road,Straight road,Slope,Not Applicable,Sealed,Dry,Not Raining,Daylight,Right Angle,1,Driver Rider,2: MI,Roundabout,,,1334522.88,1680533.71,1.33E+13
2019-11690-27/05/2021,2 Metropolitan,MORPHETT VALE,5162,CITY OF ONKAPARINGA,3,2,0,0,2,2019,November,Saturday,8:50 AM,60,Cross Road,Straight road,Slope,Not Applicable,Sealed,Dry,Not Raining,Daylight,Rear End,1,Driver Rider,2: MI,Roundabout,,,1321901.02,1651049.42,1.32E+13
2019-11691-27/05/2021,2 Metropolitan,GOLDEN GROVE,5125,CITY OF TEA TREE GULLY,2,0,0,0,0,2019,November,Friday,8:50 PM,60,Cross Road,Straight road,Level,Not Applicable,Sealed,Dry,Not Raining,Night,Hit Pedestrian,2,Pedestrian,1: PDO,Traffic Signals,,,1337859.71,1685518.84,1.34E+13
2019-11692-27/05/2021,2 Metropolitan,LOWER MITCHAM,5062,CC MITCHAM.                   ,2,1,0,1,0,2019,November,Saturday,10:50 AM,60,T-Junction,Straight road,Level,Not Applicable,Sealed,Dry,Not Raining,Daylight,Hit Pedestrian,1,Driver Rider,3: SI,Traffic Signals,,,1329170.96,1665061.71,1.33E+13
2019-11693-27/05/2021,1 City,ADELAIDE,5000,CITY OF ADELAIDE,2,0,0,0,0,2019,November,Friday,5:15 PM,50,Cross Road,Straight road,Level,Not Applicable,Sealed,Dry,Not Raining,Daylight,Hit Pedestrian,2,Pedestrian,1: PDO,Traffic Signals,,,1329056.26,1669586.88,1.33E+13
2019-11694-27/05/2021,2 Metropolitan,ALLENBY GARDENS,5009,CITY OF CHARLES STURT,2,0,0,0,0,2019,November,Saturday,10:55 AM,60,Divided Road,Straight road,Level,Not Applicable,Sealed,Dry,Not Raining,Daylight,Hit Fixed Object,1,Driver Rider,1: PDO,No Control,,,1324358.44,1673183.66,1.32E+13
2019-11695-27/05/2021,2 Metropolitan,BEDFORD PARK,5042,CC MITCHAM.                   ,1,1,0,0,1,2019,November,Saturday,11:45 AM,60,Not Divided,Straight road,Bottom of Hill,Not Applicable,Sealed,Dry,Not Raining,Daylight,Roll Over,9,Other,2: MI,No Control,,,1325679.37,1660702.45,1.33E+13
2019-11696-27/05/2021,2 Metropolitan,ANGLE VALE,5117,CITY OF PLAYFORD.,3,0,0,0,0,2019,November,Saturday,12:21 PM,60,T-Junction,Straight road,Level,Not Applicable,Sealed,Dry,Not Raining,Daylight,Right Turn,1,Driver Rider,1: PDO,No Control,,,1334147.95,1699973.1,1.33E+13
2019-11697-27/05/2021,2 Metropolitan,PLYMPTON,5038,CITY OF WEST TORRENS,2,0,0,0,0,2019,November,Friday,5:35 PM,60,Divided Road,Straight road,Level,Not Applicable,Sealed,Dry,Not Raining,Daylight,Rear End,1,Driver Rider,1: PDO,No Control,,,1323689.38,1666181.63,1.32E+13
2019-11698-27/05/2021,2 Metropolitan,BELAIR,5052,CC MITCHAM.                   ,2,0,0,0,0,2019,November,Saturday,1:55 PM,60,T-Junction,"CURVED, VIEW OBSCURED",Level,Not Applicable,Sealed,Dry,Not Raining,Daylight,Right Angle,2,Driver Rider,1: PDO,Give Way Sign,,,1330259.1,1662596.93,1.33E+13
2019-11699-27/05/2021,2 Metropolitan,EDWARDSTOWN,5039,CC MARION.                    ,2,0,0,0,0,2019,November,Saturday,1:50 PM,60,Divided Road,Straight road,Level,Not Applicable,Sealed,Dry,Not Raining,Daylight,Rear End,2,Driver Rider,1: PDO,No Control,,,1325862.37,1666116.37,1.33E+13
2019-11700-27/05/2021,3 Country,PENOLA,5277,WATTLE RANGE COUNCIL,2,0,0,0,0,2019,November,Saturday,1:35 PM,110,Not Divided,Straight road,Level,Not Applicable,Sealed,Dry,Not Raining,Daylight,Hit Parked Vehicle,1,Driver Rider,1: PDO,No Control,,,1518445.43,1395069.62,1.52E+13
2019-11701-27/05/2021,3 Country,KAPUNDA,5373,LIGHT REGIONAL COUNCIL,1,0,0,0,0,2019,November,Saturday,3:20 PM,100,Not Divided,"CURVED, VIEW OPEN",Level,Not Applicable,Sealed,Dry,Not Raining,Daylight,Roll Over,1,Driver Rider,1: PDO,No Control,,,1360863.75,1738058.12,1.36E+13
2019-11702-27/05/2021,3 Country,WALLAROO,5556,COPPER COAST DISTRICT COUNCIL,2,1,0,0,1,2019,November,Saturday,2:22 PM,50,Cross Road,Straight road,Level,Not Applicable,Sealed,Dry,Not Raining,Daylight,Right Angle,2,Driver Rider,2: MI,Stop Sign,,,1242845.52,1783548.25,1.24E+13
2019-11703-27/05/2021,2 Metropolitan,CHRISTIES BEACH,5165,CITY OF ONKAPARINGA,2,0,0,0,0,2019,November,Saturday,3:54 PM,60,Cross Road,Straight road,Level,Not Applicable,Sealed,Dry,Not Raining,Daylight,Right Angle,1,Driver Rider,1: PDO,Roundabout,,,1317355.86,1648343.09,1.32E+13
2019-11704-27/05/2021,1 City,ADELAIDE,5000,CITY OF ADELAIDE,2,0,0,0,0,2019,November,Saturday,5:25 PM,50,T-Junction,Straight road,Level,Not Applicable,Sealed,Dry,Not Raining,Daylight,Right Turn,2,Driver Rider,1: PDO,Traffic Signals,,,1329575.18,1670547.41,1.33E+13
2019-11705-27/05/2021,2 Metropolitan,SALISBURY NORTH,5108,CITY OF SALISBURY,2,0,0,0,0,2019,November,Saturday,10:30 PM,50,Not Divided,Straight road,Level,Not Applicable,Sealed,Dry,Not Raining,Night,Hit Fixed Object,1,Driver Rider,1: PDO,No Control,,,1331945.44,1690352.25,1.33E+13
2019-11706-27/05/2021,1 City,ADELAIDE,5000,CITY OF ADELAIDE,2,0,0,0,0,2019,November,Saturday,11:19 PM,5,Not Divided,Straight road,Level,Not Applicable,Sealed,Dry,Not Raining,Night,Hit Pedestrian,2,Pedestrian,1: PDO,No Control,,,1328045.23,1670447.84,1.33E+13
2019-11707-27/05/2021,2 Metropolitan,ELIZABETH,5112,CITY OF PLAYFORD.,3,2,0,0,2,2019,November,Saturday,11:26 PM,60,Divided Road,Straight road,Level,Not Applicable,Sealed,Dry,Not Raining,Night,Hit Fixed Object,1,Driver Rider,2: MI,No Control,Y,,1335762.56,1693251.72,1.34E+13
2019-11708-27/05/2021,2 Metropolitan,BURTON,5110,CITY OF SALISBURY,2,0,0,0,0,2019,November,Sunday,12:10 AM,70,Not Divided,Straight road,Level,Not Applicable,Sealed,Dry,Not Raining,Night,Hit Fixed Object,9,Other,1: PDO,No Control,,,1329476.7,1691361.14,1.33E+13
2019-11709-27/05/2021,2 Metropolitan,GLANDORE,5037,CC MARION.                    ,2,0,0,0,0,2019,November,Sunday,1:00 AM,50,Not Divided,Straight road,Level,Not Applicable,Sealed,Dry,Not Raining,Night,Hit Parked Vehicle,1,Driver Rider,1: PDO,No Control,,,1325485.74,1666481.17,1.33E+13
2019-11710-27/05/2021,2 Metropolitan,KILBURN,5084,CITY OF PORT ADELAIDE ENFIELD,2,0,0,0,0,2019,November,Sunday,1:10 AM,50,Not Divided,Straight road,Level,Not Applicable,Sealed,Dry,Not Raining,Night,Hit Fixed Object,1,Driver Rider,1: PDO,No Control,,,1327772.61,1677843.21,1.33E+13
2019-11711-27/05/2021,2 Metropolitan,LOCKLEYS,5032,CITY OF WEST TORRENS,2,0,0,0,0,2019,November,Sunday,2:00 AM,60,Divided Road,Straight road,Level,Not Applicable,Sealed,Dry,Not Raining,Night,Hit Fixed Object,1,Driver Rider,1: PDO,No Control,,,1321731.74,1670847.03,1.32E+13
2019-11712-27/05/2021,2 Metropolitan,FLAGSTAFF HILL,5159,CITY OF ONKAPARINGA,3,0,0,0,0,2019,November,Sunday,3:00 AM,60,Not Divided,"CURVED, VIEW OPEN",Slope,Not Applicable,Sealed,Dry,Not Raining,Night,Hit Fixed Object,1,Driver Rider,1: PDO,No Control,Y,,1329170.74,1656914.16,1.33E+13
2019-11713-27/05/2021,2 Metropolitan,VALLEY VIEW,5093,CITY OF PORT ADELAIDE ENFIELD,2,2,0,0,2,2019,November,Sunday,8:00 AM,60,Not Divided,Straight road,Level,Not Applicable,Sealed,Dry,Not Raining,Daylight,Head On,1,Driver Rider,2: MI,No Control,Y,Y,1334551.13,1679588.47,1.33E+13
2019-11714-27/05/2021,3 Country,CROMER,5235,THE BAROSSA COUNCIL.,2,0,0,0,0,2019,November,Saturday,6:30 PM,100,T-Junction,"CURVED, VIEW OPEN",Slope,Not Applicable,Sealed,Dry,Not Raining,Daylight,Right Angle,2,Driver Rider,1: PDO,Give Way Sign,,,1362196.6,1689906.43,1.36E+13
2019-11715-27/05/2021,2 Metropolitan,PROSPECT,5082,CITY OF PROSPECT,2,0,0,0,0,2019,November,Sunday,11:28 AM,50,Cross Road,Straight road,Level,Not Applicable,Sealed,Dry,Not Raining,Daylight,Rear End,2,Driver Rider,1: PDO,Stop Sign,,,1328071.69,1675840.85,1.33E+13
2019-11716-27/05/2021,2 Metropolitan,MEDINIDIE,5081,WALKERVILLE TOWN COUNCIL,2,1,0,0,1,2019,November,Sunday,11:47 AM,60,T-Junction,Straight road,Slope,Not Applicable,Sealed,Dry,Not Raining,Daylight,Rear End,1,Driver Rider,2: MI,Traffic Signals,,,1328925.08,1674235.07,1.33E+13
2019-11717-27/05/2021,2 Metropolitan,ETHELTON,5015,CITY OF PORT ADELAIDE ENFIELD,2,0,0,0,0,2019,November,Sunday,12:10 PM,50,T-Junction,Straight road,Level,Not Applicable,Sealed,Dry,Not Raining,Daylight,Right Angle,1,Driver Rider,1: PDO,No Control,,,1318283.59,1679456.95,1.32E+13
2019-11718-27/05/2021,2 Metropolitan,MORPHETTVILLE,5043,CC MARION.                    ,2,0,0,0,0,2019,November,Sunday,12:00 PM,50,T-Junction,Straight road,Level,Not Applicable,Sealed,Dry,Not Raining,Daylight,Hit Parked Vehicle,2,Driver Rider,1: PDO,No Control,,,1323108.07,1664711.66,1.32E+13
2019-11719-27/05/2021,2 Metropolitan,MUNNO PARA,5115,CITY OF PLAYFORD.,2,1,0,0,1,2019,November,Thursday,2:15 PM,60,Cross Road,Straight road,Level,Not Applicable,Sealed,Dry,Not Raining,Daylight,Rear End,2,Driver Rider,2: MI,Traffic Signals,,,1336690.92,1698532.16,1.34E+13
2019-11720-27/05/2021,2 Metropolitan,PARAFIELD,5106,CITY OF SALISBURY,2,1,0,0,1,2019,November,Sunday,12:50 PM,80,Divided Road,Straight road,Level,Not Applicable,Sealed,Dry,Not Raining,Daylight,Rear End,1,Driver Rider,2: MI,No Control,,,1332300.15,1684107.46,1.33E+13
2019-11721-27/05/2021,2 Metropolitan,GEPPS CROSS,5094,CITY OF PORT ADELAIDE ENFIELD,2,0,0,0,0,2019,November,Sunday,1:30 PM,60,Cross Road,Straight road,Level,Not Applicable,Sealed,Dry,Not Raining,Daylight,Right Angle,1,Driver Rider,1: PDO,Traffic Signals,,,1327996.61,1679256.59,1.33E+13
2019-11722-27/05/2021,2 Metropolitan,WEST BEACH,5024,CITY OF CHARLES STURT,2,0,0,0,0,2019,November,Sunday,2:15 PM,60,T-Junction,"CURVED, VIEW OPEN",Slope,Not Applicable,Sealed,Dry,Not Raining,Daylight,Right Angle,2,Driver Rider,1: PDO,Roundabout,,,1319334.61,1669609.04,1.32E+13
2019-11723-27/05/2021,2 Metropolitan,MONTACUTE,5134,THE ADELAIDE HILLS COUNCIL,2,1,0,1,0,2019,November,Sunday,9:30 AM,80,Not Divided,"CURVED, VIEW OBSCURED",Slope,Driveway or Entrance,Sealed,Dry,Not Raining,Daylight,Right Angle,2,Driver Rider,3: SI,No Control,,,1341165.72,1674085.91,1.34E+13
2019-11724-27/05/2021,2 Metropolitan,WALKLEY HEIGHTS,5098,CITY OF PORT ADELAIDE ENFIELD,3,0,0,0,0,2019,November,Sunday,3:15 PM,60,Cross Road,Straight road,Level,Not Applicable,Sealed,Dry,Not Raining,Daylight,Rear End,1,Driver Rider,1: PDO,Traffic Signals,,,1333311.5,1679336.87,1.33E+13
2019-11725-27/05/2021,2 Metropolitan,WINDSOR GARDENS,5087,CITY OF PORT ADELAIDE ENFIELD,2,0,0,0,0,2019,November,Sunday,4:00 PM,50,Divided Road,Straight road,Level,Not Applicable,Sealed,Dry,Not Raining,Daylight,Hit Parked Vehicle,1,Driver Rider,1: PDO,No Control,,,1332945.87,1676425.52,1.33E+13
2019-11726-27/05/2021,2 Metropolitan,GLENELG,5045,CITY OF HOLDFAST BAY,2,0,0,0,0,2019,November,Sunday,4:05 PM,50,Cross Road,Straight road,Level,Not Applicable,Sealed,Dry,Not Raining,Daylight,Right Angle,2,Driver Rider,1: PDO,Stop Sign,,,1320624.29,1665090.45,1.32E+13
2019-11727-27/05/2021,2 Metropolitan,TORRENSVILLE,5031,CITY OF WEST TORRENS,2,1,0,1,0,2019,November,Saturday,8:07 PM,60,Cross Road,Straight road,Level,Not Applicable,Sealed,Dry,Not Raining,Night,Rear End,2,Driver Rider,3: SI,Traffic Signals,,,1325740.69,1670981.51,1.33E+13
2019-11728-27/05/2021,3 Country,MOUNT GAMBIER,5290,CC MT.GAMBIER.                ,2,0,0,0,0,2019,November,Sunday,5:38 PM,50,Cross Road,Straight road,Level,Not Applicable,Sealed,Dry,Not Raining,Daylight,Right Angle,1,Driver Rider,1: PDO,Give Way Sign,,,1510830.09,1340018.95,1.51E+13
2019-11729-27/05/2021,2 Metropolitan,BIRKENHEAD,5015,CITY OF PORT ADELAIDE ENFIELD,3,2,0,0,2,2019,November,Sunday,6:00 PM,60,Divided Road,Straight road,Level,"Bridge, Culvert, Causeway",Sealed,Dry,Not Raining,Daylight,Rear End,2,Driver Rider,2: MI,Other,,,1320235.07,1680673.11,1.32E+13
2019-11730-27/05/2021,1 City,ADELAIDE,5000,CITY OF ADELAIDE,2,0,0,0,0,2019,November,Sunday,6:10 PM,50,Not Divided,Straight road,Level,Not Applicable,Sealed,Dry,Not Raining,Daylight,Side Swipe,1,Driver Rider,1: PDO,No Control,,,1329650.4,1671016.06,1.33E+13
2019-11731-27/05/2021,2 Metropolitan,EVANSTON PARK,5116,CT GAWLER.                    ,2,1,0,0,1,2019,November,Sunday,6:00 PM,40,T-Junction,Straight road,Level,Roadworks,Sealed,Dry,Not Raining,Daylight,Right Angle,2,Driver Rider,2: MI,No Control,,,1342351.67,1703859.94,1.34E+13
2019-11732-27/05/2021,3 Country,TAILEM BEND,5260,COORONG DISTRICT COUNCIL,3,0,0,0,0,2019,October,Saturday,1:30 PM,110,Divided Road,Straight road,Level,Not Applicable,Sealed,Dry,Not Raining,Daylight,Other,1,Driver Rider,1: PDO,No Control,,,1400406.93,1637005.24,1.40E+13
2019-11733-27/05/2021,1 City,ADELAIDE,5000,CITY OF ADELAIDE,2,0,0,0,0,2019,November,Sunday,5:15 PM,50,Cross Road,Straight road,Level,Not Applicable,Sealed,Dry,Not Raining,Daylight,Right Turn,2,Driver Rider,1: PDO,Traffic Signals,,,1329024.85,1670686.76,1.33E+13
2019-11734-27/05/2021,2 Metropolitan,STURT,5047,CC MARION.                    ,2,9,0,1,8,2019,November,Sunday,7:25 PM,60,T-Junction,Straight road,Level,Not Applicable,Sealed,Dry,Not Raining,Daylight,Right Turn,2,Driver Rider,3: SI,Traffic Signals,,,1324428.84,1659884.95,1.32E+13
2019-11735-27/05/2021,2 Metropolitan,LINDEN PARK,5065,CITY OF BURNSIDE,2,0,0,0,0,2019,November,Sunday,6:15 PM,60,Divided Road,Straight road,Level,Not Applicable,Sealed,Dry,Not Raining,Daylight,Side Swipe,2,Driver Rider,1: PDO,No Control,,,1332325.67,1668620.51,1.33E+13
2019-11736-27/05/2021,2 Metropolitan,MODBURY NORTH,5092,CITY OF TEA TREE GULLY,2,0,0,0,0,2019,November,Sunday,8:00 PM,60,Cross Road,"CURVED, VIEW OPEN",Level,Not Applicable,Sealed,Dry,Not Raining,Daylight,Right Angle,2,Driver Rider,1: PDO,Roundabout,,,1335688.29,1681182.79,1.34E+13
2019-11737-27/05/2021,2 Metropolitan,BRAHMA LODGE,5109,CITY OF SALISBURY,2,2,0,0,2,2019,November,Sunday,8:35 PM,50,Not Divided,Straight road,Level,Not Applicable,Sealed,Dry,Not Raining,Night,Hit Parked Vehicle,1,Driver Rider,2: MI,No Control,Y,,1333707.63,1686870.31,1.33E+13
2019-11738-27/05/2021,2 Metropolitan,WEST BEACH,5024,CITY OF CHARLES STURT,2,0,0,0,0,2019,November,Sunday,8:08 PM,50,T-Junction,Straight road,Level,Not Applicable,Sealed,Dry,Not Raining,Night,Hit Parked Vehicle,1,Driver Rider,1: PDO,No Control,,Y,1320019.42,1669076.54,1.32E+13
2019-11739-27/05/2021,2 Metropolitan,PROSPECT,5082,CITY OF PROSPECT,2,0,0,0,0,2019,November,Sunday,11:26 PM,60,Cross Road,Straight road,Level,Not Applicable,Sealed,Dry,Not Raining,Night,Right Turn,1,Driver Rider,1: PDO,Traffic Signals,,,1328862.28,1676441.72,1.33E+13
2019-11740-27/05/2021,3 Country,NANGKITA,5210,ALEXANDRINA COUNCIL,2,0,0,0,0,2019,November,Monday,6:55 AM,80,T-Junction,Straight road,Level,Not Applicable,Sealed,Dry,Not Raining,Daylight,Right Angle,1,Driver Rider,1: PDO,Give Way Sign,,,1333839.84,1623951.31,1.33E+13
2019-11741-27/05/2021,2 Metropolitan,GAWLER,5118,CT GAWLER.                    ,2,1,0,1,0,2019,November,Monday,7:00 AM,50,T-Junction,Straight road,Bottom of Hill,Not Applicable,Sealed,Dry,Not Raining,Daylight,Hit Fixed Object,1,Driver Rider,3: SI,No Control,,,1342682.93,1706804.16,1.34E+13
2019-11742-27/05/2021,2 Metropolitan,REYNELLA,5161,CITY OF ONKAPARINGA,3,0,0,0,0,2019,November,Sunday,10:30 AM,50,Not Divided,Straight road,Level,Driveway or Entrance,Sealed,Dry,Not Raining,Daylight,Hit Parked Vehicle,1,Driver Rider,1: PDO,No Control,,,1320866.98,1651274.01,1.32E+13
2019-11743-27/05/2021,2 Metropolitan,EDINBURGH NORTH,5113,CITY OF PLAYFORD.,3,0,0,0,0,2019,November,Monday,9:22 AM,60,T-Junction,Straight road,Level,Not Applicable,Sealed,Dry,Not Raining,Daylight,Right Turn,1,Driver Rider,1: PDO,Give Way Sign,,,1335128.34,1695021.94,1.34E+13
2019-11744-27/05/2021,2 Metropolitan,POORAKA,5095,CITY OF SALISBURY,2,0,0,0,0,2019,November,Monday,9:36 AM,80,T-Junction,Straight road,Level,Not Applicable,Sealed,Dry,Not Raining,Daylight,Side Swipe,2,Driver Rider,1: PDO,Stop Sign,,,1331536.65,1683142.51,1.33E+13
2019-11745-27/05/2021,2 Metropolitan,MORPHETT VALE,5162,CITY OF ONKAPARINGA,2,2,0,1,1,2019,November,Monday,9:50 AM,60,Cross Road,Straight road,Level,Not Applicable,Sealed,Dry,Not Raining,Daylight,Right Angle,1,Driver Rider,3: SI,Traffic Signals,,,1320761.72,1649855.95,1.32E+13
2019-11746-27/05/2021,2 Metropolitan,KLEMZIG,5087,CITY OF PORT ADELAIDE ENFIELD,2,0,0,0,0,2019,November,Monday,10:30 AM,60,Not Divided,Straight road,Slope,Driveway or Entrance,Sealed,Dry,Not Raining,Daylight,Hit Fixed Object,1,Driver Rider,1: PDO,No Control,,,1332125.61,1675072.03,1.33E+13
2019-11747-27/05/2021,2 Metropolitan,SALISBURY,5108,CITY OF SALISBURY,2,0,0,0,0,2019,November,Monday,11:02 AM,50,Not Divided,Straight road,Level,Driveway or Entrance,Sealed,Dry,Not Raining,Daylight,Right Angle,1,Driver Rider,1: PDO,No Control,,,1333505.24,1688275.14,1.33E+13
2019-11748-27/05/2021,2 Metropolitan,WOODVILLE NORTH,5012,CITY OF CHARLES STURT,2,0,0,0,0,2019,November,Monday,8:50 AM,50,Cross Road,Straight road,Level,Not Applicable,Sealed,Dry,Not Raining,Daylight,Rear End,2,Driver Rider,1: PDO,Stop Sign,,,1323060.47,1677822.11,1.32E+13