REPORT_ID,Stats Area,Suburb,Postcode,LGA Name,Total Units,Total Cas,Total Fats,Total SI,Total MI,Year,Month,Day,Time,Area Speed,Position Type,Horizontal Align,Vertical Align,Other Feat,Road Surface,Moisture Cond,Weather Cond,DayNight,Crash Type,Unit Resp,Entity Code,CSEF Severity,Traffic Ctrls,DUI Involved,Drugs Involved,ACCLOC_X,ACCLOC_Y,UNIQUE_LOC
2019-11911-27/05/2021,2 Metropolitan,BOLIVAR,5110,CITY OF SALISBURY,2,0,0,0,0,2019,November,Friday,4:30 PM,90,Divided Road,Straight road,Level,Not Applicable,Sealed,Dry,Not Raining,Daylight,Rear End,2,Driver Rider,1: PDO,No Control,,,1328130.88,1689955.44,1.33E+13
2019-11912-27/05/2021,1 City,NORTH ADELAIDE,5006,CITY OF ADELAIDE,2,1,0,0,1,2019,November,Thursday,4:15 PM,50,Divided Road,Straight road,Level,Median Opening (not at I/S),Sealed,Dry,Not Raining,Daylight,Side Swipe,2,Driver Rider,2: MI,No Control,,,1329279.6,1672569.44,1.33E+13
2019-11913-27/05/2021,2 Metropolitan,MODBURY,5092,CITY OF TEA TREE GULLY,4,3,0,0,3,2019,November,Friday,4:50 PM,60,Pedestrian Crossing,Straight road,Level,Not Applicable,Sealed,Wet,Raining,Daylight,Hit Pedestrian,1,Driver Rider,2: MI,Traffic Signals,,,1337072.35,1680620.66,1.34E+13
2019-11914-27/05/2021,2 Metropolitan,MAGILL,5072,CC CAMPBELLTOWN.              ,2,0,0,0,0,2019,November,Friday,4:49 PM,50,T-Junction,Straight road,Slope,Not Applicable,Sealed,Wet,Unknown,Daylight,Hit Parked Vehicle,1,Driver Rider,1: PDO,No Control,,,1336196.93,1672137.64,1.34E+13
2019-11915-27/05/2021,3 Country,KUITPO,5201,ALEXANDRINA COUNCIL,2,1,0,1,0,2019,November,Friday,3:30 PM,50,Not Divided,"CURVED, VIEW OBSCURED",Slope,Not Applicable,Unsealed,Wet,Raining,Daylight,Hit Fixed Object,1,Driver Rider,3: SI,No Control,Y,Y,1334159.8,1637037.46,1.33E+13
2019-11916-27/05/2021,2 Metropolitan,SALISBURY DOWNS,5108,CITY OF SALISBURY,2,0,0,0,0,2019,November,Friday,5:30 PM,50,T-Junction,Straight road,Level,Not Applicable,Sealed,Wet,Raining,Daylight,Right Angle,2,Driver Rider,1: PDO,No Control,,,1331067.34,1688180.64,1.33E+13
2019-11917-27/05/2021,3 Country,MOUNT GAMBIER,5290,CC MT.GAMBIER.                ,2,1,0,0,1,2019,November,Friday,3:44 PM,50,T-Junction,Straight road,Level,Not Applicable,Sealed,Dry,Not Raining,Daylight,Right Angle,1,Driver Rider,2: MI,Give Way Sign,,,1511703.64,1339414.03,1.51E+13
2019-11918-27/05/2021,2 Metropolitan,HAMPSTEAD GARDENS,5086,CITY OF PORT ADELAIDE ENFIELD,2,0,0,0,0,2019,November,Friday,5:18 PM,60,Divided Road,Straight road,Level,Driveway or Entrance,Sealed,Wet,Raining,Daylight,Right Angle,2,Driver Rider,1: PDO,No Control,,,1331859.13,1676604.33,1.33E+13
2019-11919-27/05/2021,2 Metropolitan,WOODVILLE,5011,CITY OF CHARLES STURT,2,0,0,0,0,2019,November,Friday,4:40 PM,50,Cross Road,Straight road,Level,Not Applicable,Sealed,Wet,Raining,Daylight,Right Angle,1,Driver Rider,1: PDO,Give Way Sign,,,1323463.29,1676683.22,1.32E+13
2019-11920-27/05/2021,2 Metropolitan,FORRESTON,5233,THE ADELAIDE HILLS COUNCIL,2,1,0,1,0,2019,November,Friday,2:30 PM,100,Not Divided,Straight road,Level,Not Applicable,Sealed,Dry,Not Raining,Daylight,Hit Fixed Object,1,Driver Rider,3: SI,No Control,,,1359304.25,1686959.1,1.36E+13
2019-11921-27/05/2021,2 Metropolitan,MAWSON LAKES,5095,CITY OF SALISBURY,2,1,0,0,1,2019,November,Friday,5:45 PM,50,Cross Road,Straight road,Level,Not Applicable,Sealed,Wet,Raining,Daylight,Right Angle,1,Driver Rider,2: MI,Give Way Sign,,,1330475.76,1683532.38,1.33E+13
2019-11922-27/05/2021,2 Metropolitan,POORAKA,5095,CITY OF SALISBURY,4,0,0,0,0,2019,November,Friday,6:00 PM,70,Cross Road,Straight road,Level,Not Applicable,Sealed,Wet,Raining,Daylight,Rear End,2,Driver Rider,1: PDO,Traffic Signals,,,1330499.62,1681832.25,1.33E+13
2019-11923-27/05/2021,2 Metropolitan,BURTON,5110,CITY OF SALISBURY,2,0,0,0,0,2019,November,Friday,6:20 PM,60,Not Divided,Straight road,Level,Not Applicable,Sealed,Wet,Not Raining,Daylight,Hit Fixed Object,1,Driver Rider,1: PDO,No Control,,,1329238.21,1690049.54,1.33E+13
2019-11924-27/05/2021,2 Metropolitan,PENFIELD,5121,CITY OF PLAYFORD.,2,1,0,0,1,2019,November,Thursday,7:00 PM,80,Not Divided,Straight road,Level,Not Applicable,Sealed,Dry,Not Raining,Daylight,Side Swipe,2,Driver Rider,2: MI,No Control,,,1332696.62,1696778.45,1.33E+13
2019-11925-27/05/2021,2 Metropolitan,HAZELWOOD PARK,5066,CITY OF BURNSIDE,3,0,0,0,0,2019,November,Friday,9:37 PM,60,Not Divided,Straight road,Level,Not Applicable,Sealed,Dry,Not Raining,Night,Hit Parked Vehicle,1,Driver Rider,1: PDO,No Control,Y,,1333931.06,1669319.01,1.33E+13
2019-11926-27/05/2021,2 Metropolitan,GUMERACHA,5233,THE ADELAIDE HILLS COUNCIL,2,0,0,0,0,2019,November,Friday,6:40 PM,80,Not Divided,"CURVED, VIEW OBSCURED",Level,Not Applicable,Sealed,Wet,Raining,Daylight,Hit Fixed Object,1,Driver Rider,1: PDO,No Control,,,1357115.94,1681244.06,1.36E+13
2019-11927-27/05/2021,2 Metropolitan,GLYNDE,5070,"CC OF NORWOOD,PAYNEHAM & ST PETERS",2,1,0,0,1,2019,November,Friday,9:40 PM,60,Cross Road,Straight road,Level,Not Applicable,Sealed,Dry,Not Raining,Night,Hit Pedestrian,2,Pedestrian,2: MI,Traffic Signals,Y,,1333785.54,1674516.59,1.33E+13
2019-11928-27/05/2021,2 Metropolitan,EDEN HILLS,5050,CC MITCHAM.                   ,2,0,0,0,0,2019,November,Friday,10:40 PM,60,Divided Road,Straight road,Slope,Not Applicable,Sealed,Dry,Not Raining,Night,Rear End,2,Driver Rider,1: PDO,No Control,,,1326360.26,1660377.38,1.33E+13
2019-11929-27/05/2021,2 Metropolitan,CUDLEE CREEK,5232,THE ADELAIDE HILLS COUNCIL,2,1,0,0,1,2019,November,Friday,5:50 PM,80,Not Divided,"CURVED, VIEW OBSCURED",Slope,Not Applicable,Sealed,Wet,Raining,Daylight,Hit Fixed Object,1,Driver Rider,2: MI,No Control,Y,,1348997.86,1679827.16,1.35E+13
2019-11930-27/05/2021,2 Metropolitan,URRBRAE,5064,CC MITCHAM.                   ,2,0,0,0,0,2019,November,Friday,10:18 PM,100,Freeway,Straight road,Slope,Not Applicable,Sealed,Dry,Not Raining,Night,Rear End,2,Driver Rider,1: PDO,No Control,,,1332839.84,1665886.05,1.33E+13
2019-11931-27/05/2021,2 Metropolitan,SEACLIFF PARK,5049,CITY OF HOLDFAST BAY,3,1,0,0,1,2019,November,Saturday,1:20 AM,50,Not Divided,Straight road,Level,Not Applicable,Sealed,Dry,Not Raining,Night,Hit Parked Vehicle,1,Driver Rider,2: MI,No Control,Y,,1321937.52,1658817.92,1.32E+13
2019-11932-27/05/2021,2 Metropolitan,ELIZABETH,5112,CITY OF PLAYFORD.,2,0,0,0,0,2019,November,Saturday,7:36 AM,80,Divided Road,Straight road,Level,Not Applicable,Sealed,Dry,Not Raining,Daylight,Hit Parked Vehicle,1,Driver Rider,1: PDO,No Control,,,1335999.42,1692992.92,1.34E+13
2019-11933-27/05/2021,3 Country,HINDMARSH VALLEY,5211,DC VICTOR HARBOR.             ,2,1,0,0,1,2019,November,Saturday,8:00 AM,100,Cross Road,Straight road,Level,Not Applicable,Sealed,Dry,Not Raining,Daylight,Right Angle,1,Driver Rider,2: MI,Give Way Sign,,,1328998.21,1607115.69,1.33E+13
2019-11934-27/05/2021,2 Metropolitan,BEDFORD PARK,5042,CC MITCHAM.                   ,2,0,0,0,0,2019,November,Friday,9:45 AM,50,T-Junction,"CURVED, VIEW OPEN",Level,Not Applicable,Sealed,Dry,Not Raining,Daylight,Rear End,2,Driver Rider,1: PDO,Traffic Signals,,,1325694.22,1660477.29,1.33E+13
2019-11935-27/05/2021,2 Metropolitan,DERNANCOURT,5075,CITY OF TEA TREE GULLY,2,1,0,0,1,2019,November,Saturday,10:00 AM,60,Divided Road,Straight road,Level,Median Opening (not at I/S),Sealed,Wet,Raining,Daylight,Rear End,1,Driver Rider,2: MI,No Control,,,1336288.96,1677516.82,1.34E+13
2019-11936-27/05/2021,2 Metropolitan,CLELAND,5152,THE ADELAIDE HILLS COUNCIL,3,0,0,0,0,2019,November,Saturday,10:23 AM,80,Not Divided,"CURVED, VIEW OPEN",Slope,Not Applicable,Sealed,Wet,Not Raining,Daylight,Hit Fixed Object,1,Driver Rider,1: PDO,No Control,,,1336687.5,1667601.24,1.34E+13
2019-11937-27/05/2021,2 Metropolitan,OAKLANDS PARK,5046,CC MARION.                    ,3,0,0,0,0,2019,November,Saturday,10:47 AM,60,Divided Road,Straight road,Level,Not Applicable,Sealed,Dry,Not Raining,Daylight,Side Swipe,2,Driver Rider,1: PDO,No Control,,,1323441.6,1660784,1.32E+13
2019-11938-27/05/2021,2 Metropolitan,PAYNEHAM,5070,"CC OF NORWOOD,PAYNEHAM & ST PETERS",2,1,0,0,1,2019,November,Friday,11:00 AM,60,Cross Road,Straight road,Level,Not Applicable,Sealed,Dry,Not Raining,Daylight,Rear End,2,Driver Rider,2: MI,Traffic Signals,,,1332176.1,1673782.43,1.33E+13
2019-11939-27/05/2021,2 Metropolitan,STEPNEY,5069,"CC OF NORWOOD,PAYNEHAM & ST PETERS",2,0,0,0,0,2019,November,Friday,1:35 PM,60,Not Divided,Straight road,Level,Not Applicable,Unknown,Unknown,Not Raining,Daylight,Hit Fixed Object,1,Driver Rider,1: PDO,No Control,,,1330941.09,1672171.29,1.33E+13
2019-11940-27/05/2021,2 Metropolitan,PARK HOLME,5043,CC MARION.                    ,2,1,0,0,1,2019,November,Saturday,11:28 AM,60,Pedestrian Crossing,Straight road,Level,Not Applicable,Sealed,Dry,Not Raining,Daylight,Right Angle,2,Driver Rider,2: MI,Traffic Signals,,,1324322.38,1663135.32,1.32E+13
2019-11941-27/05/2021,2 Metropolitan,SOUTH PLYMPTON,5038,CC MARION.                    ,2,0,0,0,0,2019,November,Saturday,11:55 AM,60,Cross Road,Straight road,Level,Not Applicable,Sealed,Dry,Not Raining,Daylight,Rear End,1,Driver Rider,1: PDO,Traffic Signals,,,1324237.94,1666104.08,1.32E+13
2019-11942-27/05/2021,2 Metropolitan,WOODVILLE PARK,5011,CITY OF CHARLES STURT,2,1,0,0,1,2019,November,Saturday,12:00 PM,60,Not Divided,Straight road,Level,Not Applicable,Sealed,Dry,Not Raining,Daylight,Hit Pedestrian,2,Pedestrian,2: MI,No Control,,,1324060.34,1675620.56,1.32E+13
2019-11943-27/05/2021,2 Metropolitan,MOUNT BARKER,5251,DC MT.BARKER.                 ,2,0,0,0,0,2019,November,Thursday,6:20 PM,50,T-Junction,"CURVED, VIEW OPEN",Level,Not Applicable,Sealed,Dry,Not Raining,Daylight,Right Angle,2,Driver Rider,1: PDO,Give Way Sign,,,1353443.72,1653037.66,1.35E+13
2019-11944-27/05/2021,2 Metropolitan,CHRISTIE DOWNS,5164,CITY OF ONKAPARINGA,3,1,0,0,1,2019,November,Saturday,1:25 PM,60,T-Junction,Straight road,Level,Not Applicable,Sealed,Dry,Not Raining,Daylight,Rear End,1,Driver Rider,2: MI,No Control,,,1317360.64,1647544.05,1.32E+13
2019-11945-27/05/2021,2 Metropolitan,ELIZABETH,5112,CITY OF PLAYFORD.,2,0,0,0,0,2019,November,Saturday,1:40 PM,50,Cross Road,Straight road,Level,Not Applicable,Sealed,Dry,Not Raining,Daylight,Right Turn,1,Driver Rider,1: PDO,Give Way Sign,,,1335599.14,1693752.48,1.34E+13
2019-11946-27/05/2021,2 Metropolitan,PETERHEAD,5016,CITY OF PORT ADELAIDE ENFIELD,2,0,0,0,0,2019,November,Saturday,2:45 PM,60,T-Junction,Straight road,Level,Not Applicable,Sealed,Dry,Not Raining,Daylight,Right Angle,2,Driver Rider,1: PDO,Give Way Sign,,,1319870.18,1681262.74,1.32E+13
2019-11947-27/05/2021,2 Metropolitan,NEWTON,5074,CC CAMPBELLTOWN.              ,2,0,0,0,0,2019,November,Saturday,2:30 PM,50,Not Divided,Straight road,Level,Driveway or Entrance,Sealed,Dry,Not Raining,Daylight,Right Angle,2,Driver Rider,1: PDO,No Control,,,1336149.81,1674914.75,1.34E+13
2019-11948-27/05/2021,2 Metropolitan,SHEIDOW PARK,5158,CC MARION.                    ,3,1,0,0,1,2019,November,Saturday,3:45 PM,80,Cross Road,Straight road,Level,Not Applicable,Sealed,Dry,Not Raining,Daylight,Right Angle,1,Driver Rider,2: MI,Traffic Signals,,,1320327.05,1653912.35,1.32E+13
2019-11949-27/05/2021,2 Metropolitan,GRANGE,5022,CITY OF CHARLES STURT,2,0,0,0,0,2019,November,Saturday,2:10 PM,50,T-Junction,Straight road,Level,Not Applicable,Sealed,Dry,Not Raining,Daylight,Right Angle,2,Driver Rider,1: PDO,No Control,,,1318759.82,1674015,1.32E+13
2019-11950-27/05/2021,2 Metropolitan,REYNELLA,5161,CITY OF ONKAPARINGA,3,0,0,0,0,2019,November,Saturday,2:40 PM,100,Freeway,Straight road,Level,Not Applicable,Sealed,Dry,Not Raining,Daylight,Side Swipe,2,Driver Rider,1: PDO,No Control,,,1321002.4,1652456.73,1.32E+13
2019-11951-27/05/2021,3 Country,WILLIAMSTOWN,5351,THE BAROSSA COUNCIL.,1,2,0,0,2,2019,November,Saturday,2:20 PM,100,Not Divided,"CURVED, VIEW OBSCURED",Bottom of Hill,Not Applicable,Sealed,Dry,Not Raining,Daylight,Roll Over,1,Driver Rider,2: MI,No Control,,,1352004.21,1697497.39,1.35E+13
2019-11952-27/05/2021,2 Metropolitan,WINGFIELD,5013,CITY OF PORT ADELAIDE ENFIELD,2,0,0,0,0,2019,November,Friday,11:20 AM,50,Not Divided,Straight road,Level,Not Applicable,Sealed,Dry,Not Raining,Daylight,Side Swipe,2,Driver Rider,1: PDO,No Control,,,1323909.73,1679211.38,1.32E+13
2019-11953-27/05/2021,2 Metropolitan,RIDGEHAVEN,5097,CITY OF TEA TREE GULLY,2,0,0,0,0,2019,November,Saturday,3:45 PM,60,Not Divided,Straight road,Level,Not Applicable,Sealed,Dry,Not Raining,Daylight,Head On,2,Driver Rider,1: PDO,No Control,Y,,1338779.52,1682436.47,1.34E+13
2019-11954-27/05/2021,2 Metropolitan,TWO WELLS,5501,DC MALLALA.                   ,1,2,0,2,0,2019,November,Saturday,3:35 PM,110,T-Junction,Straight road,Level,Not Applicable,Sealed,Dry,Not Raining,Daylight,Roll Over,1,Driver Rider,3: SI,No Control,,,1322049.67,1705937.88,1.32E+13
2019-11955-27/05/2021,2 Metropolitan,POORAKA,5095,CITY OF SALISBURY,2,0,0,0,0,2019,November,Saturday,9:58 PM,50,Divided Road,"CURVED, VIEW OPEN",Level,Not Applicable,Sealed,Dry,Not Raining,Night,Hit Fixed Object,1,Driver Rider,1: PDO,No Control,Y,,1331187.98,1682361.09,1.33E+13
2019-11956-27/05/2021,3 Country,THE GAP,5271,DC NARACOORTE & LUCINDALE.,2,1,0,0,1,2019,November,Saturday,6:30 PM,110,Not Divided,Straight road,Bottom of Hill,Not Applicable,Sealed,Dry,Not Raining,Daylight,Hit Fixed Object,1,Driver Rider,2: MI,No Control,Y,,1506710.41,1468113.72,1.51E+13
2019-11957-27/05/2021,2 Metropolitan,KENT TOWN,5067,"CC OF NORWOOD,PAYNEHAM & ST PETERS",2,1,0,0,1,2019,December,Sunday,5:45 AM,60,T-Junction,Straight road,Level,Not Applicable,Sealed,Wet,Raining,Night,Right Angle,1,Driver Rider,2: MI,Roundabout,,,1330555.43,1670400.29,1.33E+13
2019-11958-27/05/2021,2 Metropolitan,ATHELSTONE,5076,CC CAMPBELLTOWN.              ,2,1,0,0,1,2019,November,Wednesday,7:20 AM,50,Cross Road,Straight road,Level,Not Applicable,Sealed,Dry,Not Raining,Daylight,Right Angle,2,Driver Rider,2: MI,Roundabout,,,1337267.32,1676864.05,1.34E+13
2019-11959-27/05/2021,2 Metropolitan,ENFIELD,5085,CITY OF PORT ADELAIDE ENFIELD,2,0,0,0,0,2019,November,Saturday,9:30 PM,60,Divided Road,Straight road,Level,Driveway or Entrance,Sealed,Dry,Not Raining,Night,Hit Parked Vehicle,1,Driver Rider,1: PDO,No Control,,,1328826.82,1677993.52,1.33E+13
2019-11960-27/05/2021,2 Metropolitan,ENFIELD,5085,CITY OF PORT ADELAIDE ENFIELD,2,0,0,0,0,2019,December,Sunday,11:20 AM,60,Divided Road,Straight road,Level,Not Applicable,Sealed,Dry,Unknown,Daylight,Rear End,2,Driver Rider,1: PDO,No Control,,,1328983.25,1676436.19,1.33E+13
2019-11961-27/05/2021,3 Country,GLADSTONE,5473,NORTHERN AREAS DISTRICT COUNCIL,2,0,0,0,0,2019,December,Sunday,12:00 PM,60,Cross Road,Straight road,Level,Not Applicable,Sealed,Wet,Raining,Daylight,Hit Fixed Object,1,Driver Rider,1: PDO,Roundabout,,,1311005.37,1855234.59,1.31E+13
2019-11962-27/05/2021,2 Metropolitan,TONSLEY,5042,CC MITCHAM.                   ,2,0,0,0,0,2019,November,Friday,1:59 PM,60,Divided Road,Straight road,Level,Not Applicable,Sealed,Dry,Not Raining,Daylight,Hit Parked Vehicle,2,Driver Rider,1: PDO,No Control,,,1325990.21,1662014.09,1.33E+13
2019-11963-27/05/2021,2 Metropolitan,TRANMERE,5073,CC CAMPBELLTOWN.              ,2,1,0,0,1,2019,December,Sunday,12:00 PM,60,T-Junction,Straight road,Level,Not Applicable,Sealed,Dry,Not Raining,Daylight,Right Angle,2,Driver Rider,2: MI,No Control,,,1333815.22,1673627.37,1.33E+13
2019-11964-27/05/2021,2 Metropolitan,MODBURY,5092,CITY OF TEA TREE GULLY,3,1,0,0,1,2019,December,Sunday,12:30 PM,60,Divided Road,Straight road,Slope,Not Applicable,Sealed,Dry,Not Raining,Daylight,Hit Pedestrian,1,Driver Rider,2: MI,No Control,,,1336885.42,1680495.01,1.34E+13
2019-11965-27/05/2021,2 Metropolitan,PORT ADELAIDE,5015,CITY OF PORT ADELAIDE ENFIELD,2,0,0,0,0,2019,December,Sunday,1:12 PM,50,Cross Road,Straight road,Level,Not Applicable,Sealed,Dry,Not Raining,Daylight,Right Angle,2,Driver Rider,1: PDO,Traffic Signals,,,1320156.36,1679977.47,1.32E+13
2019-11966-27/05/2021,2 Metropolitan,PAYNEHAM,5070,"CC OF NORWOOD,PAYNEHAM & ST PETERS",2,1,0,0,1,2019,October,Saturday,1:30 PM,60,Divided Road,Straight road,Level,Not Applicable,Sealed,Dry,Not Raining,Daylight,Rear End,2,Driver Rider,2: MI,No Control,,,1332199.23,1673809.46,1.33E+13
2019-11967-27/05/2021,2 Metropolitan,ROSE PARK,5067,CITY OF BURNSIDE,4,0,0,0,0,2019,December,Sunday,1:28 PM,60,T-Junction,Straight road,Level,Not Applicable,Sealed,Dry,Not Raining,Daylight,Hit Fixed Object,1,Driver Rider,1: PDO,No Control,,,1330659.72,1669983.75,1.33E+13
2019-11968-27/05/2021,3 Country,WANGARY,5607,DC LOWER EYRE PENINSULA       ,2,0,0,0,0,2019,November,Friday,11:00 PM,100,Not Divided,"CURVED, VIEW OPEN",Level,Not Applicable,Unsealed,Dry,Not Raining,Night,Hit Fixed Object,1,Driver Rider,1: PDO,No Control,,,1044340.89,1719640.52,1.04E+13
2019-11969-27/05/2021,2 Metropolitan,PROSPECT,5082,CITY OF PROSPECT,2,0,0,0,0,2019,December,Sunday,1:28 PM,50,Not Divided,Straight road,Level,Not Applicable,Sealed,Dry,Not Raining,Daylight,Hit Object on Road,2,Other,1: PDO,No Control,,,1328164.81,1676816.56,1.33E+13
2019-11970-27/05/2021,1 City,ADELAIDE,5000,CITY OF ADELAIDE,2,0,0,0,0,2019,November,Friday,6:30 PM,50,Divided Road,Straight road,Level,Not Applicable,Sealed,Wet,Raining,Daylight,Rear End,1,Driver Rider,1: PDO,No Control,,,1329601.38,1670016.9,1.33E+13
2019-11971-27/05/2021,2 Metropolitan,MAWSON LAKES,5095,CITY OF SALISBURY,3,0,0,0,0,2019,November,Wednesday,3:10 PM,70,Divided Road,Straight road,Slope,Not Applicable,Sealed,Dry,Not Raining,Daylight,Rear End,1,Driver Rider,1: PDO,No Control,,,1329018.86,1683759.26,1.33E+13
2019-11972-27/05/2021,2 Metropolitan,THORNGATE,5082,CITY OF PROSPECT,3,0,0,0,0,2019,December,Sunday,3:45 PM,60,Cross Road,Straight road,Level,Not Applicable,Sealed,Dry,Not Raining,Daylight,Rear End,1,Driver Rider,1: PDO,Traffic Signals,,,1328116.31,1673675.73,1.33E+13
2019-11973-27/05/2021,1 City,ADELAIDE,5000,CITY OF ADELAIDE,2,1,0,0,1,2019,December,Sunday,2:00 PM,50,Cross Road,Straight road,Level,Not Applicable,Sealed,Dry,Not Raining,Daylight,Right Angle,2,Driver Rider,2: MI,Give Way Sign,,,1327749.82,1670495.92,1.33E+13
2019-11974-27/05/2021,2 Metropolitan,BROMPTON,5007,CITY OF CHARLES STURT,2,1,0,1,0,2019,December,Sunday,5:15 PM,40,Not Divided,Straight road,Level,Not Applicable,Sealed,Dry,Not Raining,Daylight,Hit Pedestrian,2,Pedestrian,3: SI,No Control,,,1326436.82,1674078.79,1.33E+13
2019-11975-27/05/2021,2 Metropolitan,ST MARYS,5042,CC MITCHAM.                   ,2,0,0,0,0,2019,December,Sunday,4:00 PM,70,Divided Road,Straight road,Level,Not Applicable,Sealed,Dry,Not Raining,Daylight,Hit Fixed Object,1,Driver Rider,1: PDO,No Control,,,1326016.84,1661519.31,1.33E+13
2019-11976-27/05/2021,2 Metropolitan,GLOBE DERBY PARK,5110,CITY OF SALISBURY,2,0,0,0,0,2019,December,Sunday,7:50 PM,80,T-Junction,Straight road,Level,Not Applicable,Sealed,Wet,Raining,Daylight,Rear End,1,Driver Rider,1: PDO,Traffic Signals,,,1328637.45,1684641.8,1.33E+13
2019-11977-27/05/2021,3 Country,ANGASTON,5353,THE BAROSSA COUNCIL.,2,1,0,0,1,2019,December,Sunday,5:50 AM,50,Not Divided,"CURVED, VIEW OPEN",Level,Not Applicable,Sealed,Wet,Raining,Night,Hit Fixed Object,1,Driver Rider,2: MI,No Control,Y,,1370926.15,1716230.26,1.37E+13
2019-11978-27/05/2021,2 Metropolitan,VERDUN,5245,THE ADELAIDE HILLS COUNCIL,2,0,0,0,0,2019,December,Monday,6:30 AM,110,Freeway,"CURVED, VIEW OPEN",Slope,Not Applicable,Sealed,Wet,Raining,Daylight,Hit Animal,2,Animal,1: PDO,No Control,,,1344639.14,1660939.76,1.34E+13
2019-11979-27/05/2021,2 Metropolitan,GREENACRES,5086,CITY OF PORT ADELAIDE ENFIELD,2,0,0,0,0,2019,December,Monday,7:40 AM,50,Cross Road,Straight road,Level,Not Applicable,Sealed,Wet,Raining,Daylight,Right Angle,1,Driver Rider,1: PDO,Give Way Sign,,,1331495.8,1677033.25,1.33E+13
2019-11980-27/05/2021,2 Metropolitan,GOODWOOD,5034,CITY OF UNLEY,2,0,0,0,0,2019,December,Sunday,12:59 PM,50,T-Junction,Straight road,Level,Not Applicable,Sealed,Dry,Not Raining,Daylight,Right Angle,1,Driver Rider,1: PDO,Stop Sign,,,1327465.92,1667626.2,1.33E+13
2019-11981-27/05/2021,2 Metropolitan,NORWOOD,5067,"CC OF NORWOOD,PAYNEHAM & ST PETERS",2,0,0,0,0,2019,December,Monday,7:50 AM,50,Cross Road,Straight road,Level,Not Applicable,Sealed,Wet,Raining,Daylight,Right Angle,1,Driver Rider,1: PDO,Roundabout,,,1331040.12,1670709.33,1.33E+13
2019-11982-27/05/2021,2 Metropolitan,BROOKLYN PARK,5032,CITY OF WEST TORRENS,2,0,0,0,0,2019,December,Monday,7:44 AM,60,T-Junction,Straight road,Level,Not Applicable,Sealed,Wet,Not Raining,Daylight,Right Angle,1,Driver Rider,1: PDO,No Control,,,1324131.72,1670523.33,1.32E+13
2019-11983-27/05/2021,2 Metropolitan,CAMPBELLTOWN,5074,CC CAMPBELLTOWN.              ,2,0,0,0,0,2019,December,Monday,8:20 AM,60,T-Junction,Straight road,Level,Not Applicable,Sealed,Wet,Raining,Daylight,Right Angle,2,Driver Rider,1: PDO,No Control,,,1335406.49,1674720.08,1.34E+13
2019-11984-27/05/2021,2 Metropolitan,UNLEY,5061,CITY OF UNLEY,2,1,0,0,1,2019,December,Monday,9:00 AM,50,T-Junction,Straight road,Level,Not Applicable,Sealed,Wet,Raining,Daylight,Right Turn,1,Driver Rider,2: MI,Stop Sign,,,1329706.77,1668046.4,1.33E+13
2019-11985-27/05/2021,2 Metropolitan,SALISBURY EAST,5109,CITY OF SALISBURY,3,0,0,0,0,2019,December,Monday,8:40 AM,60,Divided Road,Straight road,Level,Not Applicable,Sealed,Wet,Raining,Daylight,Rear End,1,Driver Rider,1: PDO,No Control,,,1333916.94,1684872.66,1.33E+13
2019-11986-27/05/2021,2 Metropolitan,KILBURN,5084,CITY OF PORT ADELAIDE ENFIELD,1,0,0,0,0,2019,December,Monday,8:05 AM,60,Divided Road,Straight road,Level,Not Applicable,Sealed,Dry,Not Raining,Daylight,Other,1,Driver Rider,1: PDO,No Control,,,1327194.34,1677971.42,1.33E+13
2019-11987-27/05/2021,2 Metropolitan,ROSEWATER,5013,CITY OF PORT ADELAIDE ENFIELD,2,1,0,0,1,2019,November,Saturday,10:00 PM,50,Not Divided,Straight road,Level,Not Applicable,Sealed,Dry,Not Raining,Night,Side Swipe,2,Driver Rider,2: MI,No Control,,,1321475.93,1678653.27,1.32E+13
2019-11988-27/05/2021,1 City,ADELAIDE,5000,CITY OF ADELAIDE,2,3,0,0,3,2019,December,Monday,10:52 AM,50,Cross Road,Straight road,Level,Not Applicable,Sealed,Dry,Not Raining,Daylight,Right Angle,1,Driver Rider,2: MI,Traffic Signals,,,1329511.85,1670859.19,1.33E+13
2019-11989-27/05/2021,2 Metropolitan,CHANDLERS HILL,5159,CITY OF ONKAPARINGA,2,0,0,0,0,2019,December,Monday,10:50 AM,70,Not Divided,"CURVED, VIEW OBSCURED",Crest of Hill,Not Applicable,Sealed,Wet,Raining,Daylight,Hit Fixed Object,1,Driver Rider,1: PDO,No Control,,,1330421.38,1654396.02,1.33E+13
2019-11990-27/05/2021,2 Metropolitan,ENFIELD,5085,CITY OF PORT ADELAIDE ENFIELD,3,2,0,0,2,2019,December,Monday,11:00 AM,60,Divided Road,Straight road,Slope,Not Applicable,Sealed,Wet,Not Raining,Daylight,Rear End,1,Driver Rider,2: MI,No Control,,,1328840.52,1677842.26,1.33E+13
2019-11991-27/05/2021,2 Metropolitan,UNDERDALE,5032,CITY OF WEST TORRENS,2,2,0,0,2,2019,December,Monday,11:00 AM,60,T-Junction,Straight road,Level,Not Applicable,Sealed,Wet,Not Raining,Daylight,Right Angle,1,Driver Rider,2: MI,No Control,,Y,1323434.64,1670930.07,1.32E+13