REPORT_ID,Stats Area,Suburb,Postcode,LGA Name,Total Units,Total Cas,Total Fats,Total SI,Total MI,Year,Month,Day,Time,Area Speed,Position Type,Horizontal Align,Vertical Align,Other Feat,Road Surface,Moisture Cond,Weather Cond,DayNight,Crash Type,Unit Resp,Entity Code,CSEF Severity,Traffic Ctrls,DUI Involved,Drugs Involved,ACCLOC_X,ACCLOC_Y,UNIQUE_LOC
2019-11992-27/05/2021,2 Metropolitan,PARADISE,5075,CC CAMPBELLTOWN.              ,2,1,0,0,1,2019,December,Monday,11:20 AM,60,Divided Road,Straight road,Level,Driveway or Entrance,Sealed,Dry,Not Raining,Daylight,Right Angle,2,Driver Rider,2: MI,No Control,,,1335502.89,1675919.75,1.34E+13
2019-11993-27/05/2021,2 Metropolitan,MEDINDIE,5081,WALKERVILLE TOWN COUNCIL,2,2,0,0,2,2019,December,Monday,9:20 AM,60,Cross Road,Straight road,Level,Not Applicable,Sealed,Wet,Raining,Daylight,Right Turn,2,Driver Rider,2: MI,Give Way Sign,,,1328641.4,1673957.67,1.33E+13
2019-11994-27/05/2021,2 Metropolitan,KENSINGTON,5068,"CC OF NORWOOD,PAYNEHAM & ST PETERS",2,1,0,0,1,2019,November,Thursday,6:45 PM,50,Cross Road,Straight road,Level,Not Applicable,Sealed,Dry,Not Raining,Daylight,Rear End,2,Driver Rider,2: MI,Traffic Signals,,,1332249.68,1671082.45,1.33E+13
2019-11995-27/05/2021,2 Metropolitan,PROSPECT,5082,CITY OF PROSPECT,2,1,0,0,1,2019,December,Monday,8:50 AM,60,Divided Road,Straight road,Level,Not Applicable,Sealed,Wet,Not Raining,Daylight,Rear End,2,Driver Rider,2: MI,No Control,,,1327240.8,1676436.83,1.33E+13
2019-11996-27/05/2021,2 Metropolitan,PORT ADELAIDE,5015,CITY OF PORT ADELAIDE ENFIELD,2,0,0,0,0,2019,December,Monday,9:52 AM,60,Cross Road,"CURVED, VIEW OBSCURED",Level,Not Applicable,Sealed,Dry,Not Raining,Daylight,Rear End,2,Driver Rider,1: PDO,Traffic Signals,,,1321700.52,1680592.01,1.32E+13
2019-11997-27/05/2021,2 Metropolitan,PORT ADELAIDE,5015,CITY OF PORT ADELAIDE ENFIELD,2,0,0,0,0,2019,December,Monday,12:15 PM,50,Multiple,Straight road,Level,Not Applicable,Sealed,Dry,Not Raining,Daylight,Right Turn,2,Driver Rider,1: PDO,Traffic Signals,,,1319866.72,1679909.05,1.32E+13
2019-11998-27/05/2021,2 Metropolitan,WEST BEACH,5024,CITY OF WEST TORRENS,2,1,0,1,0,2019,November,Thursday,8:45 AM,80,Divided Road,Straight road,Level,Not Applicable,Sealed,Dry,Not Raining,Daylight,Rear End,2,Driver Rider,3: SI,No Control,,,1320891.76,1669794.04,1.32E+13
2019-11999-27/05/2021,2 Metropolitan,STURT,5047,CC MARION.                    ,2,1,0,0,1,2019,December,Monday,10:30 AM,60,Multiple,Straight road,Level,Not Applicable,Sealed,Dry,Not Raining,Daylight,Rear End,2,Driver Rider,2: MI,Traffic Signals,,,1323549.08,1660655.07,1.32E+13
2019-12000-27/05/2021,2 Metropolitan,CHELTENHAM,5014,CITY OF CHARLES STURT,3,0,0,0,0,2019,December,Monday,8:47 AM,60,Cross Road,Straight road,Level,Not Applicable,Sealed,Wet,Raining,Daylight,Right Angle,2,Driver Rider,1: PDO,Traffic Signals,,,1322118.29,1676363.89,1.32E+13
2019-12001-27/05/2021,2 Metropolitan,HUNTFIELD HEIGHTS,5163,CITY OF ONKAPARINGA,2,0,0,0,0,2019,December,Monday,1:15 PM,60,Divided Road,Straight road,Slope,Not Applicable,Sealed,Dry,Not Raining,Daylight,Side Swipe,2,Driver Rider,1: PDO,No Control,,,1320881.67,1646419.61,1.32E+13
2019-12002-27/05/2021,3 Country,TUNKALILLA,5203,DC YANKALILLA.                ,2,0,0,0,0,2019,December,Monday,12:40 PM,100,Not Divided,"CURVED, VIEW OBSCURED",Level,Not Applicable,Unsealed,Wet,Not Raining,Daylight,Head On,2,Driver Rider,1: PDO,No Control,,,1299947.52,1594938.15,1.30E+13
2019-12003-27/05/2021,2 Metropolitan,PAECHTOWN,5245,DC MT.BARKER.                 ,3,0,0,0,0,2019,November,Saturday,11:35 AM,110,Freeway,Straight road,Level,Not Applicable,Sealed,Dry,Not Raining,Daylight,Other,2,Driver Rider,1: PDO,No Control,,,1347671.65,1657193.02,1.35E+13
2019-12004-27/05/2021,2 Metropolitan,ELIZABETH,5112,CITY OF PLAYFORD.,2,0,0,0,0,2019,December,Monday,2:15 PM,50,Cross Road,Straight road,Level,Not Applicable,Sealed,Dry,Not Raining,Daylight,Side Swipe,1,Driver Rider,1: PDO,Roundabout,,,1335621.25,1693843.53,1.34E+13
2019-12005-27/05/2021,2 Metropolitan,PROSPECT,5082,CITY OF PROSPECT,2,0,0,0,0,2019,December,Monday,8:15 AM,50,Cross Road,Straight road,Level,Not Applicable,Sealed,Wet,Raining,Daylight,Right Angle,2,Driver Rider,1: PDO,Stop Sign,,,1328108.97,1674191.97,1.33E+13
2019-12006-27/05/2021,2 Metropolitan,WATERLOO CORNER,5110,CITY OF SALISBURY,2,0,0,0,0,2019,December,Monday,2:59 PM,90,T-Junction,Straight road,Level,Not Applicable,Sealed,Dry,Not Raining,Daylight,Rear End,1,Driver Rider,1: PDO,Traffic Signals,,,1327645.93,1692118.06,1.33E+13
2019-12007-27/05/2021,3 Country,PORT PIRIE WEST,5540,PT.PIRIE CITY & DIST. COUNCIL ,2,2,0,0,2,2019,December,Monday,2:05 PM,50,Not Divided,Straight road,Level,Not Applicable,Sealed,Dry,Not Raining,Daylight,Side Swipe,2,Driver Rider,2: MI,No Control,,,1278573.66,1865892.12,1.28E+13
2019-12008-27/05/2021,2 Metropolitan,YATALA VALE,5126,CITY OF TEA TREE GULLY,2,1,0,0,1,2019,December,Monday,12:05 PM,60,Cross Road,Straight road,Slope,Not Applicable,Sealed,Dry,Not Raining,Daylight,Rear End,2,Driver Rider,2: MI,Roundabout,,,1339647.25,1684786.35,1.34E+13
2019-12009-27/05/2021,2 Metropolitan,PARADISE,5075,CC CAMPBELLTOWN.              ,3,0,0,0,0,2019,December,Monday,12:30 PM,60,Divided Road,Straight road,Level,Not Applicable,Sealed,Dry,Not Raining,Daylight,Rear End,1,Driver Rider,1: PDO,No Control,,,1334931.87,1676317.03,1.33E+13
2019-12010-27/05/2021,2 Metropolitan,WINGFIELD,5013,CITY OF PORT ADELAIDE ENFIELD,2,0,0,0,0,2019,November,Thursday,3:45 PM,50,Not Divided,Straight road,Level,Driveway or Entrance,Sealed,Dry,Not Raining,Daylight,Side Swipe,2,Driver Rider,1: PDO,No Control,,,1323553.75,1680172.11,1.32E+13
2019-12011-27/05/2021,2 Metropolitan,MANNINGHAM,5086,CITY OF PORT ADELAIDE ENFIELD,2,0,0,0,0,2019,December,Tuesday,4:15 PM,60,T-Junction,Straight road,Level,Not Applicable,Sealed,Dry,Not Raining,Daylight,Right Angle,1,Driver Rider,1: PDO,Traffic Signals,,,1330468.73,1675456.59,1.33E+13
2019-12012-27/05/2021,2 Metropolitan,VALE PARK,5081,WALKERVILLE TOWN COUNCIL,2,0,0,0,0,2019,December,Monday,5:00 PM,60,Cross Road,Straight road,Level,Not Applicable,Sealed,Dry,Not Raining,Daylight,Rear End,2,Driver Rider,1: PDO,Traffic Signals,,,1330635.32,1675352.25,1.33E+13
2019-12013-27/05/2021,1 City,NORTH ADELAIDE,5006,CITY OF ADELAIDE,2,0,0,0,0,2019,December,Monday,5:15 PM,50,T-Junction,Straight road,Level,Not Applicable,Sealed,Dry,Not Raining,Daylight,Right Angle,2,Driver Rider,1: PDO,No Control,,,1329179.06,1672687.21,1.33E+13
2019-12014-27/05/2021,2 Metropolitan,SALISBURY,5108,CITY OF SALISBURY,2,0,0,0,0,2019,December,Monday,4:20 PM,60,Not Divided,Straight road,Level,Not Applicable,Sealed,Dry,Not Raining,Daylight,Side Swipe,2,Driver Rider,1: PDO,No Control,,,1333783.83,1687934.56,1.33E+13
2019-12015-27/05/2021,2 Metropolitan,GEPPS CROSS,5094,CITY OF PORT ADELAIDE ENFIELD,2,0,0,0,0,2019,December,Monday,5:30 PM,60,Cross Road,Straight road,Level,Not Applicable,Sealed,Dry,Not Raining,Daylight,Right Turn,2,Driver Rider,1: PDO,Traffic Signals,,,1330366.5,1679303.3,1.33E+13
2019-12016-27/05/2021,2 Metropolitan,BLAIR ATHOL,5084,CITY OF PORT ADELAIDE ENFIELD,3,0,0,0,0,2019,December,Monday,5:30 PM,60,Divided Road,Straight road,Slope,Not Applicable,Sealed,Dry,Not Raining,Daylight,Side Swipe,2,Driver Rider,1: PDO,No Control,,,1328708.94,1679277.87,1.33E+13
2019-12017-27/05/2021,2 Metropolitan,PARA HILLS WEST,5096,CITY OF SALISBURY,2,0,0,0,0,2019,November,Wednesday,9:30 AM,50,T-Junction,Straight road,Level,Not Applicable,Sealed,Dry,Not Raining,Daylight,Hit Parked Vehicle,1,Driver Rider,1: PDO,No Control,,,1333314.2,1684945.33,1.33E+13
2019-12018-27/05/2021,2 Metropolitan,BURTON,5110,CITY OF SALISBURY,2,0,0,0,0,2019,December,Monday,7:30 PM,60,Cross Road,Straight road,Level,Not Applicable,Sealed,Dry,Not Raining,Daylight,Right Angle,1,Driver Rider,1: PDO,Roundabout,,,1330155.51,1690824.15,1.33E+13
2019-12019-27/05/2021,2 Metropolitan,HILLCREST,5086,CITY OF PORT ADELAIDE ENFIELD,2,0,0,0,0,2019,December,Monday,10:40 PM,50,Not Divided,Straight road,Level,Not Applicable,Sealed,Dry,Not Raining,Night,Hit Fixed Object,1,Driver Rider,1: PDO,No Control,,,1332886.65,1677624.93,1.33E+13
2019-12020-27/05/2021,2 Metropolitan,PARADISE,5075,CC CAMPBELLTOWN.              ,3,1,0,0,1,2019,December,Monday,9:00 PM,60,Not Divided,Straight road,Level,Not Applicable,Sealed,Dry,Not Raining,Night,Hit Parked Vehicle,1,Driver Rider,2: MI,No Control,,,1336025.31,1675935.71,1.34E+13
2019-12021-27/05/2021,2 Metropolitan,MOUNT GEORGE,5155,THE ADELAIDE HILLS COUNCIL,2,1,0,0,1,2019,December,Monday,6:30 AM,110,Freeway,Straight road,Level,Not Applicable,Sealed,Wet,Raining,Daylight,Rear End,2,Driver Rider,2: MI,No Control,,,1343616.42,1661350.13,1.34E+13
2019-12022-27/05/2021,2 Metropolitan,FLINDERS PARK,5025,CITY OF CHARLES STURT,2,0,0,0,0,2019,December,Tuesday,12:05 AM,50,Not Divided,Straight road,Level,Not Applicable,Sealed,Dry,Not Raining,Night,Hit Fixed Object,1,Driver Rider,1: PDO,No Control,,,1323920.15,1673054.06,1.32E+13
2019-12023-27/05/2021,3 Country,FREELING,5372,LIGHT REGIONAL COUNCIL,2,1,0,0,1,2019,December,Monday,9:30 PM,80,Not Divided,"CURVED, VIEW OPEN",Level,Not Applicable,Unsealed,Dry,Not Raining,Night,Hit Fixed Object,1,Driver Rider,2: MI,No Control,,,1349785.77,1723849.35,1.35E+13
2019-12024-27/05/2021,3 Country,MONARTO SOUTH,5254,RC MURRAY BRIDGE.             ,2,1,0,1,0,2019,December,Tuesday,12:45 AM,110,Freeway,Straight road,Level,Not Applicable,Sealed,Dry,Not Raining,Night,Hit Fixed Object,1,Driver Rider,3: SI,No Control,,Y,1378174.67,1644698.12,1.38E+13
2019-12025-27/05/2021,2 Metropolitan,BELAIR,5052,CC MITCHAM.                   ,4,0,0,0,0,2019,December,Tuesday,7:55 AM,60,Not Divided,"CURVED, VIEW OBSCURED",Slope,Not Applicable,Sealed,Wet,Not Raining,Daylight,Hit Fixed Object,1,Driver Rider,1: PDO,No Control,,,1332662.98,1660498.56,1.33E+13
2019-12026-27/05/2021,2 Metropolitan,STURT,5047,CC MARION.                    ,2,1,0,0,1,2019,November,Wednesday,8:30 AM,60,Cross Road,Straight road,Level,Not Applicable,Sealed,Dry,Not Raining,Daylight,Rear End,2,Driver Rider,2: MI,Traffic Signals,,,1324420.13,1660669.19,1.32E+13
2019-12027-27/05/2021,2 Metropolitan,ROYAL PARK,5014,CITY OF CHARLES STURT,2,0,0,0,0,2019,December,Tuesday,9:10 AM,50,Not Divided,Straight road,Level,Driveway or Entrance,Sealed,Dry,Not Raining,Daylight,Right Angle,1,Driver Rider,1: PDO,No Control,,,1320631.9,1677368.16,1.32E+13
2019-12028-27/05/2021,2 Metropolitan,WINGFIELD,5013,CITY OF PORT ADELAIDE ENFIELD,5,1,0,0,1,2019,December,Tuesday,9:00 AM,60,Divided Road,Straight road,Level,Roadworks,Sealed,Dry,Not Raining,Daylight,Hit Fixed Object,1,Driver Rider,2: MI,No Control,,,1325497.63,1681071.92,1.33E+13
2019-12029-27/05/2021,1 City,ADELAIDE,5000,CITY OF ADELAIDE,1,1,0,1,0,2019,September,Thursday,9:30 PM,50,Not Divided,Straight road,Level,Not Applicable,Sealed,Dry,Not Raining,Night,Roll Over,1,Driver Rider,3: SI,No Control,,,1329040.01,1670161.66,1.33E+13
2019-12030-27/05/2021,2 Metropolitan,FULLARTON,5063,CITY OF UNLEY,2,0,0,0,0,2019,December,Tuesday,9:50 AM,60,Not Divided,Straight road,Slope,Driveway or Entrance,Sealed,Dry,Not Raining,Daylight,Right Angle,2,Driver Rider,1: PDO,No Control,,,1331117.1,1668006.43,1.33E+13
2019-12031-27/05/2021,2 Metropolitan,WALKERVILLE,5081,CITY OF PROSPECT,3,1,0,0,1,2019,December,Monday,8:55 AM,60,Divided Road,Straight road,Level,Not Applicable,Sealed,Wet,Raining,Daylight,Rear End,1,Driver Rider,2: MI,No Control,,,1329712.05,1674537.88,1.33E+13
2019-12032-27/05/2021,2 Metropolitan,PROSPECT,5082,CITY OF PROSPECT,2,0,0,0,0,2019,December,Tuesday,11:40 AM,60,Not Divided,Straight road,Level,Not Applicable,Sealed,Dry,Not Raining,Daylight,Rear End,1,Driver Rider,1: PDO,No Control,,,1327248.55,1675985.3,1.33E+13
2019-12033-27/05/2021,2 Metropolitan,HOLDEN HILL,5088,CITY OF PORT ADELAIDE ENFIELD,2,0,0,0,0,2019,December,Monday,11:40 AM,60,Divided Road,Straight road,Level,Median Opening (not at I/S),Sealed,Dry,Not Raining,Daylight,Hit Parked Vehicle,2,Driver Rider,1: PDO,No Control,,,1333936.63,1677970.36,1.33E+13
2019-12034-27/05/2021,2 Metropolitan,FULHAM GARDENS,5024,CITY OF CHARLES STURT,2,2,0,0,2,2019,December,Tuesday,11:35 AM,60,Divided Road,"CURVED, VIEW OPEN",Level,Not Applicable,Sealed,Dry,Not Raining,Daylight,Hit Fixed Object,1,Driver Rider,2: MI,No Control,,,1320585.55,1672016.01,1.32E+13
2019-12035-27/05/2021,2 Metropolitan,ELIZABETH SOUTH,5112,CITY OF PLAYFORD.,2,0,0,0,0,2019,December,Tuesday,12:00 PM,60,Not Divided,Straight road,Level,Driveway or Entrance,Sealed,Dry,Not Raining,Daylight,Hit Fixed Object,1,Driver Rider,1: PDO,No Control,,,1334483.43,1691119.1,1.33E+13
2019-12036-27/05/2021,3 Country,ASHVILLE,5259,COORONG DISTRICT COUNCIL,2,2,0,0,2,2019,December,Tuesday,9:10 AM,110,Not Divided,"CURVED, VIEW OPEN",Slope,Not Applicable,Sealed,Dry,Not Raining,Daylight,Head On,1,Driver Rider,2: MI,No Control,,,1395315.6,1598753.27,1.40E+13
2019-12037-27/05/2021,2 Metropolitan,POORAKA,5095,CITY OF SALISBURY,2,0,0,0,0,2019,December,Tuesday,3:07 PM,70,Cross Road,Straight road,Level,Not Applicable,Sealed,Dry,Not Raining,Daylight,Rear End,1,Driver Rider,1: PDO,Traffic Signals,,,1330489.22,1681819.14,1.33E+13
2019-12038-27/05/2021,2 Metropolitan,SALISBURY PLAIN,5109,CITY OF SALISBURY,2,0,0,0,0,2019,December,Tuesday,3:40 PM,60,Cross Road,Straight road,Level,Not Applicable,Sealed,Dry,Not Raining,Daylight,Side Swipe,1,Driver Rider,1: PDO,Roundabout,,,1333807.7,1687916.19,1.33E+13
2019-12039-27/05/2021,3 Country,CRYSTAL BROOK,5523,PT.PIRIE CITY & DIST. COUNCIL ,2,0,0,0,0,2019,December,Tuesday,8:20 AM,110,Not Divided,Straight road,Level,Not Applicable,Sealed,Dry,Not Raining,Daylight,Hit Fixed Object,1,Driver Rider,1: PDO,No Control,,,1299478.16,1853036.84,1.30E+13
2019-12040-27/05/2021,2 Metropolitan,OAKDEN,5086,CITY OF PORT ADELAIDE ENFIELD,3,1,0,0,1,2019,December,Tuesday,3:58 PM,50,Cross Road,Straight road,Slope,Not Applicable,Sealed,Dry,Not Raining,Daylight,Rear End,1,Driver Rider,2: MI,Roundabout,,,1332046.12,1678084.56,1.33E+13
2019-12041-27/05/2021,3 Country,KAROONDA,5307,DC KAROONDA EAST MURRAY.      ,1,0,0,0,0,2019,December,Monday,4:15 PM,100,T-Junction,"CURVED, VIEW OPEN",Level,Not Applicable,Sealed,Dry,Not Raining,Daylight,Roll Over,1,Driver Rider,1: PDO,No Control,,,1445872.29,1647726.8,1.45E+13
2019-12042-27/05/2021,2 Metropolitan,WOODVILLE SOUTH,5011,CITY OF CHARLES STURT,2,0,0,0,0,2019,November,Thursday,1:00 PM,50,T-Junction,Straight road,Level,Not Applicable,Sealed,Dry,Not Raining,Daylight,Right Turn,2,Driver Rider,1: PDO,No Control,,,1323249.78,1674692.09,1.32E+13
2019-12043-27/05/2021,2 Metropolitan,OLD REYNELLA,5161,CITY OF ONKAPARINGA,2,0,0,0,0,2019,December,Tuesday,8:20 AM,50,Not Divided,Straight road,Level,Not Applicable,Sealed,Dry,Not Raining,Daylight,Hit Parked Vehicle,1,Driver Rider,1: PDO,No Control,,,1322652.69,1652230.54,1.32E+13
2019-12044-27/05/2021,2 Metropolitan,DRY CREEK,5094,CITY OF PORT ADELAIDE ENFIELD,2,0,0,0,0,2019,December,Tuesday,4:30 PM,90,Divided Road,Straight road,Level,Roadworks,Sealed,Dry,Not Raining,Daylight,Rear End,2,Driver Rider,1: PDO,No Control,,,1324598.3,1681056.82,1.32E+13
2019-12045-27/05/2021,2 Metropolitan,ATHELSTONE,5076,CC CAMPBELLTOWN.              ,2,0,0,0,0,2019,December,Tuesday,4:15 PM,50,Not Divided,Straight road,Level,Not Applicable,Sealed,Unknown,Unknown,Daylight,Hit Parked Vehicle,2,Driver Rider,1: PDO,No Control,,,1337254.87,1675966.16,1.34E+13
2019-12046-27/05/2021,2 Metropolitan,HAHNDORF,5245,DC MT.BARKER.                 ,2,1,0,0,1,2019,December,Tuesday,4:55 PM,40,T-Junction,Straight road,Level,Not Applicable,Sealed,Dry,Not Raining,Daylight,Hit Pedestrian,2,Pedestrian,2: MI,Stop Sign,,,1347213.95,1658592.75,1.35E+13
2019-12047-27/05/2021,2 Metropolitan,MUNNO PARA,5115,CITY OF PLAYFORD.,3,0,0,0,0,2019,December,Tuesday,7:15 PM,60,Cross Road,Straight road,Level,Not Applicable,Sealed,Dry,Not Raining,Daylight,Right Angle,1,Driver Rider,1: PDO,Traffic Signals,,,1338215.81,1697721.36,1.34E+13
2019-12048-27/05/2021,2 Metropolitan,ATHELSTONE,5076,CC CAMPBELLTOWN.              ,2,0,0,0,0,2019,December,Tuesday,7:05 PM,60,Cross Road,Straight road,Level,Not Applicable,Sealed,Dry,Not Raining,Daylight,Rear End,1,Driver Rider,1: PDO,Roundabout,,,1337007.56,1675722.14,1.34E+13
2019-12049-27/05/2021,2 Metropolitan,PROSPECT,5082,WALKERVILLE TOWN COUNCIL,2,1,0,0,1,2019,December,Tuesday,8:13 PM,60,Divided Road,Straight road,Level,Not Applicable,Sealed,Dry,Not Raining,Daylight,Hit Parked Vehicle,2,Driver Rider,2: MI,No Control,,,1328681.62,1673995.26,1.33E+13
2019-12050-27/05/2021,2 Metropolitan,CRAFERS WEST,5152,THE ADELAIDE HILLS COUNCIL,3,0,0,0,0,2019,December,Tuesday,8:01 PM,50,Not Divided,"CURVED, VIEW OPEN",Slope,Not Applicable,Sealed,Dry,Not Raining,Daylight,Hit Fixed Object,1,Driver Rider,1: PDO,No Control,,,1336655.77,1661034.49,1.34E+13
2019-12051-27/05/2021,3 Country,KORUNYE,5502,DC MALLALA.                   ,2,0,0,0,0,2019,December,Tuesday,5:23 PM,100,Rail Xing,"CURVED, VIEW OPEN",Level,Not Applicable,Sealed,Dry,Not Raining,Daylight,Hit Fixed Object,1,Driver Rider,1: PDO,Rail Xing - Boom,,,1321783.42,1716734.29,1.32E+13
2019-12052-27/05/2021,2 Metropolitan,MAYLANDS,5069,"CC OF NORWOOD,PAYNEHAM & ST PETERS",3,0,0,0,0,2019,December,Tuesday,3:20 PM,60,T-Junction,Straight road,Level,Not Applicable,Sealed,Dry,Not Raining,Daylight,Right Angle,1,Driver Rider,1: PDO,Give Way Sign,,,1331954.24,1671754.33,1.33E+13
2019-12053-27/05/2021,3 Country,MANTUNG,5308,LOXTON WAIKERIE DISTRICT COUNCIL,2,2,0,1,1,2019,December,Tuesday,5:51 PM,100,Not Divided,Straight road,Level,Driveway or Entrance,Unsealed,Dry,Not Raining,Daylight,Right Angle,2,Driver Rider,3: SI,No Control,,,1471495.76,1708798.82,1.47E+13
2019-12054-27/05/2021,3 Country,KONGAL,5270,DC TATIARA.                   ,1,1,0,1,0,2019,December,Wednesday,1:35 AM,110,Not Divided,Straight road,Level,Not Applicable,Sealed,Dry,Not Raining,Night,Roll Over,1,Driver Rider,3: SI,No Control,Y,,1490324.96,1502158.23,1.49E+13
2019-12055-27/05/2021,2 Metropolitan,GEPPS CROSS,5094,CITY OF PORT ADELAIDE ENFIELD,2,2,0,0,2,2019,December,Wednesday,4:50 AM,70,T-Junction,Straight road,Level,Not Applicable,Sealed,Dry,Not Raining,Night,Right Turn,2,Driver Rider,2: MI,Traffic Signals,,,1328755.94,1680461.5,1.33E+13
2019-12056-27/05/2021,2 Metropolitan,STURT,5047,CC MARION.                    ,2,0,0,0,0,2019,December,Wednesday,6:30 AM,60,T-Junction,"CURVED, VIEW OPEN",Bottom of Hill,Not Applicable,Sealed,Dry,Not Raining,Daylight,Right Angle,2,Driver Rider,1: PDO,Traffic Signals,,,1324427.33,1659975.1,1.32E+13
2019-12057-27/05/2021,2 Metropolitan,ENFIELD,5085,CITY OF PORT ADELAIDE ENFIELD,2,0,0,0,0,2019,December,Tuesday,5:15 PM,60,Divided Road,Straight road,Level,Not Applicable,Sealed,Dry,Not Raining,Daylight,Hit Parked Vehicle,1,Driver Rider,1: PDO,No Control,,,1328824.61,1678081.97,1.33E+13
2019-12058-27/05/2021,2 Metropolitan,NOVAR GARDENS,5040,CITY OF HOLDFAST BAY,4,0,0,0,0,2019,December,Tuesday,5:00 PM,60,Divided Road,Straight road,Level,Not Applicable,Sealed,Dry,Not Raining,Daylight,Rear End,1,Driver Rider,1: PDO,No Control,,,1322615.94,1665396.17,1.32E+13
2019-12059-27/05/2021,3 Country,WORROLONG,5291,DISTRICT COUNCIL OF GRANT,2,1,0,0,1,2019,December,Wednesday,7:55 AM,110,T-Junction,Straight road,Level,Not Applicable,Sealed,Wet,Not Raining,Daylight,Rear End,1,Driver Rider,2: MI,No Control,,,1511322.49,1343481.28,1.51E+13
2019-12060-27/05/2021,2 Metropolitan,PARAFIELD GARDENS,5107,CITY OF SALISBURY,2,0,0,0,0,2019,December,Wednesday,8:47 AM,50,Not Divided,Straight road,Level,Driveway or Entrance,Sealed,Dry,Not Raining,Daylight,Rear End,1,Driver Rider,1: PDO,No Control,,,1331595.59,1686586.32,1.33E+13
2019-12061-27/05/2021,2 Metropolitan,CHRISTIE DOWNS,5164,CITY OF ONKAPARINGA,2,0,0,0,0,2019,December,Wednesday,8:45 AM,60,T-Junction,Straight road,Level,Not Applicable,Sealed,Dry,Not Raining,Daylight,Hit Fixed Object,1,Driver Rider,1: PDO,Traffic Signals,,,1318513.27,1647464.88,1.32E+13
2019-12062-27/05/2021,2 Metropolitan,GEPPS CROSS,5094,CITY OF PORT ADELAIDE ENFIELD,2,1,0,0,1,2019,December,Wednesday,9:25 AM,70,Divided Road,Straight road,Level,Not Applicable,Sealed,Dry,Not Raining,Daylight,Rear End,2,Driver Rider,2: MI,No Control,,,1328778.81,1680163.77,1.33E+13
2019-12063-27/05/2021,3 Country,WHYALLA BARSON,5601,CC WHYALLA.                   ,2,0,0,0,0,2019,December,Tuesday,11:45 PM,110,Not Divided,Straight road,Level,Not Applicable,Sealed,Dry,Not Raining,Night,Hit Animal,2,Animal,1: PDO,No Control,,,1240570.41,1887547.45,1.24E+13
2019-12064-27/05/2021,2 Metropolitan,SHEIDOW PARK,5158,CC MARION.                    ,4,2,0,1,1,2019,December,Wednesday,9:40 AM,50,Not Divided,Straight road,Level,Not Applicable,Sealed,Dry,Not Raining,Daylight,Hit Parked Vehicle,1,Driver Rider,3: SI,No Control,,,1321542.22,1654697.67,1.32E+13
2019-12065-27/05/2021,2 Metropolitan,GEPPS CROSS,5094,CITY OF PORT ADELAIDE ENFIELD,2,0,0,0,0,2019,December,Wednesday,10:00 AM,60,Cross Road,Straight road,Level,Not Applicable,Sealed,Dry,Not Raining,Daylight,Side Swipe,1,Driver Rider,1: PDO,Traffic Signals,,,1327168.53,1679219.26,1.33E+13
2019-12066-27/05/2021,1 City,ADELAIDE,5000,CITY OF ADELAIDE,2,1,0,1,0,2019,December,Wednesday,11:45 AM,50,Divided Road,Straight road,Level,Not Applicable,Sealed,Dry,Not Raining,Daylight,Hit Pedestrian,2,Pedestrian,3: SI,No Control,,,1328514.54,1670223.86,1.33E+13
2019-12067-27/05/2021,2 Metropolitan,STURT,5047,CC MARION.                    ,2,0,0,0,0,2019,October,Wednesday,6:00 PM,60,T-Junction,Straight road,Level,Not Applicable,Sealed,Dry,Not Raining,Daylight,Rear End,1,Driver Rider,1: PDO,Give Way Sign,,,1324100,1659437.16,1.32E+13
2019-12068-27/05/2021,2 Metropolitan,BLAIR ATHOL,5084,CITY OF PORT ADELAIDE ENFIELD,2,0,0,0,0,2019,December,Tuesday,9:10 PM,50,T-Junction,Straight road,Level,Not Applicable,Sealed,Dry,Not Raining,Night,Right Angle,1,Driver Rider,1: PDO,No Control,,,1328571.65,1678507.74,1.33E+13
2019-12069-27/05/2021,2 Metropolitan,EVANSTON,5116,CT GAWLER.                    ,2,1,0,0,1,2019,December,Wednesday,9:20 AM,80,T-Junction,Straight road,Bottom of Hill,Not Applicable,Sealed,Dry,Not Raining,Daylight,Right Angle,1,Driver Rider,2: MI,Roundabout,,,1341554.08,1705402.93,1.34E+13
2019-12070-27/05/2021,1 City,ADELAIDE,5000,CITY OF ADELAIDE,2,0,0,0,0,2019,December,Wednesday,12:30 PM,50,Divided Road,Straight road,Level,Driveway or Entrance,Sealed,Dry,Not Raining,Daylight,Right Angle,1,Driver Rider,1: PDO,No Control,,,1327486.32,1670805.71,1.33E+13
2019-12071-27/05/2021,2 Metropolitan,PLYMPTON,5038,CITY OF WEST TORRENS,2,0,0,0,0,2019,December,Wednesday,7:20 AM,50,Not Divided,Straight road,Level,Not Applicable,Sealed,Dry,Not Raining,Daylight,Hit Fixed Object,1,Driver Rider,1: PDO,No Control,,,1324096.18,1666888.42,1.32E+13
2019-12072-27/05/2021,2 Metropolitan,EDINBURGH,5111,CITY OF SALISBURY,2,2,0,0,2,2019,December,Tuesday,4:50 PM,60,T-Junction,Straight road,Level,Not Applicable,Sealed,Dry,Not Raining,Daylight,Right Angle,2,Driver Rider,2: MI,Give Way Sign,,,1333531.02,1690693.85,1.33E+13