REPORT_ID,Stats Area,Suburb,Postcode,LGA Name,Total Units,Total Cas,Total Fats,Total SI,Total MI,Year,Month,Day,Time,Area Speed,Position Type,Horizontal Align,Vertical Align,Other Feat,Road Surface,Moisture Cond,Weather Cond,DayNight,Crash Type,Unit Resp,Entity Code,CSEF Severity,Traffic Ctrls,DUI Involved,Drugs Involved,ACCLOC_X,ACCLOC_Y,UNIQUE_LOC
2019-12073-27/05/2021,2 Metropolitan,WESTBOURNE PARK,5041,CC MITCHAM.                   ,2,0,0,0,0,2019,December,Wednesday,10:15 AM,60,T-Junction,Straight road,Level,Not Applicable,Sealed,Dry,Not Raining,Daylight,Rear End,2,Driver Rider,1: PDO,No Control,,,1327512.31,1666040.67,1.33E+13
2019-12074-27/05/2021,3 Country,MILANG,5256,ALEXANDRINA COUNCIL,2,1,0,0,1,2019,December,Wednesday,1:05 PM,50,Not Divided,Straight road,Level,Driveway or Entrance,Sealed,Dry,Not Raining,Daylight,Side Swipe,1,Driver Rider,2: MI,No Control,,,1359982.65,1616486.1,1.36E+13
2019-12075-27/05/2021,3 Country,BERRI,5343,THE BERRI BARMERA COUNCIL,3,0,0,0,0,2019,December,Wednesday,2:20 PM,50,Not Divided,Straight road,Level,"Bridge, Culvert, Causeway",Sealed,Dry,Not Raining,Daylight,Hit Fixed Object,1,Driver Rider,1: PDO,No Control,,,1514381.63,1733481.55,1.51E+13
2019-12076-27/05/2021,1 City,ADELAIDE,5000,CITY OF ADELAIDE,2,0,0,0,0,2019,December,Wednesday,2:25 PM,60,Divided Road,Straight road,Level,Not Applicable,Sealed,Dry,Not Raining,Daylight,Rear End,2,Driver Rider,1: PDO,No Control,,,1326947.06,1670917.48,1.33E+13
2019-12077-27/05/2021,2 Metropolitan,WEST HINDMARSH,5007,CITY OF CHARLES STURT,2,0,0,0,0,2019,December,Wednesday,3:24 PM,60,T-Junction,Straight road,Level,Not Applicable,Sealed,Dry,Not Raining,Daylight,Right Angle,1,Driver Rider,1: PDO,No Control,,,1325086.94,1673189.68,1.33E+13
2019-12078-27/05/2021,2 Metropolitan,PASADENA,5042,CC MITCHAM.                   ,2,0,0,0,0,2019,December,Wednesday,12:50 PM,60,T-Junction,Straight road,Level,Not Applicable,Sealed,Dry,Not Raining,Daylight,Side Swipe,2,Driver Rider,1: PDO,Traffic Signals,,,1327582.28,1663365.31,1.33E+13
2019-12079-27/05/2021,2 Metropolitan,TONSLEY,5042,CC MARION.                    ,2,0,0,0,0,2019,December,Wednesday,4:15 PM,50,T-Junction,Straight road,Level,Not Applicable,Sealed,Dry,Not Raining,Daylight,Right Turn,2,Driver Rider,1: PDO,Traffic Signals,,,1325362.82,1661627.29,1.33E+13
2019-12080-27/05/2021,2 Metropolitan,PROSPECT,5082,CITY OF PROSPECT,2,0,0,0,0,2019,December,Wednesday,3:00 PM,60,Divided Road,Straight road,Level,Not Applicable,Sealed,Dry,Not Raining,Daylight,Hit Parked Vehicle,2,Driver Rider,1: PDO,No Control,,,1328867.2,1676695.79,1.33E+13
2019-12081-27/05/2021,2 Metropolitan,MOUNT BARKER,5251,DC MT.BARKER.                 ,3,1,0,1,0,2019,December,Wednesday,4:35 PM,50,T-Junction,Straight road,Level,Not Applicable,Sealed,Dry,Not Raining,Daylight,Hit Fixed Object,1,Driver Rider,3: SI,Stop Sign,,,1351950.95,1653729.55,1.35E+13
2019-12082-27/05/2021,3 Country,MOUNT GAMBIER,5290,CC MT.GAMBIER.                ,2,1,0,0,1,2019,December,Wednesday,5:04 PM,60,Cross Road,Straight road,Bottom of Hill,Not Applicable,Sealed,Dry,Not Raining,Daylight,Right Angle,2,Driver Rider,2: MI,Roundabout,,,1510345.94,1340747.66,1.51E+13
2019-12083-27/05/2021,2 Metropolitan,CHRISTIE DOWNS,5164,CITY OF ONKAPARINGA,2,0,0,0,0,2019,December,Wednesday,5:10 PM,70,T-Junction,Straight road,Level,Not Applicable,Sealed,Dry,Not Raining,Daylight,Right Angle,2,Driver Rider,1: PDO,No Control,,,1318159.35,1648620.13,1.32E+13
2019-12084-27/05/2021,2 Metropolitan,KENSINGTON PARK,5068,CITY OF BURNSIDE,2,0,0,0,0,2019,December,Wednesday,4:50 PM,60,T-Junction,Straight road,Level,Not Applicable,Sealed,Dry,Not Raining,Daylight,Right Turn,1,Driver Rider,1: PDO,Stop Sign,,,1333342.16,1671791.06,1.33E+13
2019-12085-27/05/2021,2 Metropolitan,CHAIN OF PONDS,5231,THE ADELAIDE HILLS COUNCIL,2,0,0,0,0,2019,December,Wednesday,5:12 PM,80,Not Divided,"CURVED, VIEW OPEN",Slope,Not Applicable,Sealed,Dry,Not Raining,Daylight,Hit Fixed Object,1,Driver Rider,1: PDO,No Control,,,1349686.02,1681353.43,1.35E+13
2019-12086-27/05/2021,2 Metropolitan,PROSPECT,5082,CITY OF PROSPECT,2,0,0,0,0,2019,December,Wednesday,5:50 PM,60,Divided Road,Straight road,Slope,Not Applicable,Sealed,Dry,Not Raining,Daylight,Rear End,2,Driver Rider,1: PDO,No Control,,,1327196.35,1676402.59,1.33E+13
2019-12087-27/05/2021,2 Metropolitan,NORTH ADELAIDE,5006,CITY OF PROSPECT,3,0,0,0,0,2019,December,Wednesday,6:19 PM,60,Divided Road,Straight road,Level,Not Applicable,Sealed,Dry,Not Raining,Daylight,Rear End,1,Driver Rider,1: PDO,No Control,,,1327851.56,1673652.34,1.33E+13
2019-12088-27/05/2021,2 Metropolitan,MANNINGHAM,5086,CITY OF PORT ADELAIDE ENFIELD,2,0,0,0,0,2019,December,Wednesday,3:35 PM,60,T-Junction,Straight road,Level,Not Applicable,Sealed,Dry,Not Raining,Daylight,Right Turn,2,Driver Rider,1: PDO,No Control,,,1330469.13,1675517.37,1.33E+13
2019-12089-27/05/2021,2 Metropolitan,SEACLIFF,5049,CITY OF HOLDFAST BAY,3,2,0,0,2,2019,December,Wednesday,6:15 PM,60,Divided Road,Straight road,Slope,Not Applicable,Sealed,Dry,Not Raining,Daylight,Hit Fixed Object,1,Driver Rider,2: MI,No Control,,,1321166,1659714.25,1.32E+13
2019-12090-27/05/2021,2 Metropolitan,GLANDORE,5037,CC MARION.                    ,3,0,0,0,0,2019,December,Wednesday,5:30 PM,60,T-Junction,Straight road,Level,Not Applicable,Sealed,Dry,Not Raining,Daylight,Rear End,1,Driver Rider,1: PDO,No Control,,,1325862.92,1666523.3,1.33E+13
2019-12091-27/05/2021,2 Metropolitan,MEDINDIE,5081,WALKERVILLE TOWN COUNCIL,2,1,0,0,1,2019,December,Wednesday,6:40 PM,60,Cross Road,Straight road,Level,Not Applicable,Sealed,Dry,Not Raining,Daylight,Right Turn,1,Driver Rider,2: MI,Traffic Signals,,,1328335.29,1673670.94,1.33E+13
2019-12092-27/05/2021,2 Metropolitan,DRY CREEK,5094,CITY OF PORT ADELAIDE ENFIELD,2,2,0,0,2,2019,December,Wednesday,5:10 PM,60,Rail Crossing,Straight road,Level,Not Applicable,Sealed,Dry,Not Raining,Daylight,Rear End,2,Driver Rider,2: MI,Rail Xing - Boom,,,1327193.92,1680234.84,1.33E+13
2019-12093-27/05/2021,2 Metropolitan,WEST CROYDON,5008,CITY OF CHARLES STURT,2,0,0,0,0,2019,December,Wednesday,6:24 PM,60,T-Junction,Straight road,Level,Not Applicable,Sealed,Dry,Not Raining,Daylight,Hit Parked Vehicle,1,Driver Rider,1: PDO,No Control,,,1324296.98,1674481.99,1.32E+13
2019-12094-27/05/2021,2 Metropolitan,CROYDON PARK,5008,CITY OF PORT ADELAIDE ENFIELD,2,0,0,0,0,2019,December,Wednesday,7:21 PM,60,Other,"CURVED, VIEW OPEN",Level,Not Applicable,Sealed,Dry,Not Raining,Daylight,Rear End,1,Driver Rider,1: PDO,No Control,,,1326054.09,1676342.72,1.33E+13
2019-12095-27/05/2021,2 Metropolitan,SALISBURY PLAIN,5109,CITY OF SALISBURY,2,0,0,0,0,2019,December,Wednesday,6:46 PM,80,Cross Road,Straight road,Level,Not Applicable,Sealed,Dry,Not Raining,Daylight,Rear End,2,Driver Rider,1: PDO,Traffic Signals,Y,,1335455.1,1688128.4,1.34E+13
2019-12096-27/05/2021,2 Metropolitan,SALISBURY NORTH,5108,CITY OF SALISBURY,2,0,0,0,0,2019,December,Wednesday,7:45 PM,60,Not Divided,Straight road,Level,Driveway or Entrance,Sealed,Dry,Not Raining,Daylight,Right Turn,1,Driver Rider,1: PDO,No Control,,,1330235.22,1690759.88,1.33E+13
2019-12097-27/05/2021,2 Metropolitan,HINDMARSH,5007,CITY OF CHARLES STURT,2,0,0,0,0,2019,December,Wednesday,7:45 AM,60,Divided Road,Straight road,Level,Driveway or Entrance,Sealed,Dry,Not Raining,Daylight,Right Angle,1,Driver Rider,1: PDO,No Control,,,1326004.99,1673072.72,1.33E+13
2019-12098-27/05/2021,2 Metropolitan,UNDERDALE,5032,CITY OF WEST TORRENS,3,0,0,0,0,2019,December,Wednesday,7:30 PM,60,T-Junction,Straight road,Level,Not Applicable,Sealed,Dry,Not Raining,Daylight,Right Angle,2,Driver Rider,1: PDO,Traffic Signals,,,1323855.77,1670931.81,1.32E+13
2019-12099-27/05/2021,2 Metropolitan,INGLE FARM,5098,CITY OF SALISBURY,2,0,0,0,0,2019,December,Wednesday,2:15 PM,60,Cross Road,Straight road,Slope,Not Applicable,Sealed,Dry,Not Raining,Daylight,Side Swipe,2,Driver Rider,1: PDO,Roundabout,,,1334499.5,1681135.42,1.33E+13
2019-12100-27/05/2021,2 Metropolitan,CAVAN,5094,CITY OF SALISBURY,2,0,0,0,0,2019,December,Wednesday,3:46 PM,70,Divided Road,Straight road,Level,Driveway or Entrance,Sealed,Dry,Not Raining,Daylight,Right Angle,2,Driver Rider,1: PDO,No Control,,,1328750.63,1681189.98,1.33E+13
2019-12101-27/05/2021,2 Metropolitan,PARADISE,5075,CC CAMPBELLTOWN.              ,2,0,0,0,0,2019,December,Wednesday,10:20 PM,60,Divided Road,Straight road,Level,Not Applicable,Sealed,Dry,Not Raining,Night,Hit Parked Vehicle,1,Driver Rider,1: PDO,No Control,,,1335150.99,1676367.89,1.34E+13
2019-12102-27/05/2021,2 Metropolitan,STURT,5047,CC MARION.                    ,2,0,0,0,0,2019,December,Wednesday,6:30 PM,70,T-Junction,Straight road,Level,Not Applicable,Sealed,Dry,Not Raining,Daylight,Right Angle,1,Driver Rider,1: PDO,Traffic Signals,,,1324428.84,1659884.95,1.32E+13
2019-12103-27/05/2021,2 Metropolitan,MAWSON LAKES,5095,CITY OF SALISBURY,2,1,0,0,1,2019,December,Wednesday,10:48 PM,70,T-Junction,Straight road,Level,Not Applicable,Sealed,Dry,Not Raining,Night,Right Turn,1,Driver Rider,2: MI,Give Way Sign,,,1329252.14,1684034.21,1.33E+13
2019-12104-27/05/2021,2 Metropolitan,WATERLOO CORNER,5110,CITY OF PLAYFORD.,5,0,0,0,0,2019,December,Thursday,6:45 AM,90,Divided Road,Straight road,Level,Not Applicable,Sealed,Dry,Not Raining,Daylight,Rear End,1,Driver Rider,1: PDO,No Control,,,1327085.85,1694332.73,1.33E+13
2019-12105-27/05/2021,2 Metropolitan,GEPPS CROSS,5094,CITY OF PORT ADELAIDE ENFIELD,2,0,0,0,0,2019,December,Thursday,7:35 AM,60,Divided Road,Straight road,Level,Not Applicable,Sealed,Dry,Not Raining,Daylight,Rear End,2,Driver Rider,1: PDO,No Control,,,1329102.14,1679272.58,1.33E+13
2019-12106-27/05/2021,3 Country,BELTANA STATION,5730,,1,1,0,1,0,2019,December,Wednesday,5:00 PM,100,Not Divided,"CURVED, VIEW OPEN",Slope,Not Applicable,Unsealed,Dry,Not Raining,Daylight,Roll Over,1,Driver Rider,3: SI,No Control,,,1326143.03,2135575.02,1.33E+13
2019-12107-27/05/2021,2 Metropolitan,SALISBURY NORTH,5108,CITY OF SALISBURY,2,1,0,0,1,2019,December,Thursday,7:50 AM,60,Not Divided,Straight road,Level,Not Applicable,Sealed,Dry,Not Raining,Daylight,Rear End,2,Driver Rider,2: MI,No Control,,,1330346.98,1690669.79,1.33E+13
2019-12108-27/05/2021,2 Metropolitan,NORTHFIELD,5085,CITY OF PORT ADELAIDE ENFIELD,2,0,0,0,0,2019,December,Thursday,7:52 AM,60,T-Junction,Straight road,Slope,Not Applicable,Sealed,Dry,Not Raining,Daylight,Right Angle,1,Driver Rider,1: PDO,No Control,,,1330859.68,1680068.64,1.33E+13
2019-12109-27/05/2021,2 Metropolitan,PROSPECT,5082,CITY OF PROSPECT,2,0,0,0,0,2019,December,Thursday,8:00 AM,40,T-Junction,Straight road,Level,Not Applicable,Sealed,Dry,Not Raining,Daylight,Hit Fixed Object,1,Driver Rider,1: PDO,No Control,,,1328094.44,1674947.97,1.33E+13
2019-12110-27/05/2021,1 City,ADELAIDE,5000,CITY OF ADELAIDE,2,0,0,0,0,2019,December,Thursday,8:30 AM,50,Divided Road,Straight road,Level,Driveway or Entrance,Sealed,Dry,Not Raining,Daylight,Side Swipe,2,Driver Rider,1: PDO,No Control,,,1328488.78,1669849.72,1.33E+13
2019-12111-27/05/2021,3 Country,DUCK PONDS,5607,DC LOWER EYRE PENINSULA       ,2,1,0,1,0,2019,December,Thursday,7:42 AM,110,Not Divided,"CURVED, VIEW OPEN",Level,Not Applicable,Sealed,Dry,Not Raining,Daylight,Hit Fixed Object,1,Driver Rider,3: SI,No Control,,,1074532.56,1697475.63,1.07E+13
2019-12112-27/05/2021,2 Metropolitan,TORRENS PARK,5062,CC MITCHAM.                   ,2,0,0,0,0,2019,December,Thursday,6:50 AM,60,Cross Road,Straight road,Level,Not Applicable,Sealed,Dry,Not Raining,Daylight,Side Swipe,2,Driver Rider,1: PDO,Roundabout,,,1330012.26,1664229.65,1.33E+13
2019-12113-27/05/2021,3 Country,WHYALLA PLAYFORD,5600,CC WHYALLA.                   ,2,0,0,0,0,2019,December,Wednesday,5:00 PM,60,Cross Road,Straight road,Level,Not Applicable,Sealed,Dry,Not Raining,Daylight,Right Turn,2,Driver Rider,1: PDO,Traffic Signals,,,1239733.66,1883705.97,1.24E+13
2019-12114-27/05/2021,2 Metropolitan,WINGFIELD,5013,CITY OF PORT ADELAIDE ENFIELD,2,0,0,0,0,2019,December,Thursday,9:15 AM,50,T-Junction,Straight road,Level,Not Applicable,Sealed,Dry,Not Raining,Daylight,Right Angle,1,Driver Rider,1: PDO,No Control,,,1325104.85,1680210.74,1.33E+13
2019-12115-27/05/2021,2 Metropolitan,WOODVILLE WEST,5011,CITY OF CHARLES STURT,2,1,0,0,1,2019,October,Thursday,7:50 PM,40,Cross Road,Straight road,Level,Not Applicable,Sealed,Dry,Not Raining,Night,Right Angle,2,Driver Rider,2: MI,Roundabout,,,1321529.83,1675383.9,1.32E+13
2019-12116-27/05/2021,2 Metropolitan,THEBARTON,5031,CITY OF WEST TORRENS,2,0,0,0,0,2019,December,Monday,4:50 PM,60,Divided Road,Straight road,Level,Not Applicable,Sealed,Dry,Not Raining,Daylight,Side Swipe,2,Driver Rider,1: PDO,No Control,,,1326515.8,1672061.82,1.33E+13
2019-12117-27/05/2021,1 City,ADELAIDE,5000,CITY OF ADELAIDE,2,1,0,0,1,2019,December,Thursday,9:10 AM,50,Not Divided,Straight road,Level,Not Applicable,Sealed,Dry,Not Raining,Daylight,Side Swipe,1,Driver Rider,2: MI,No Control,,,1327891.38,1670339.79,1.33E+13
2019-12118-27/05/2021,2 Metropolitan,EDWARDSTOWN,5039,CC MARION.                    ,2,1,0,0,1,2019,December,Thursday,10:30 AM,60,T-Junction,Straight road,Level,Driveway or Entrance,Sealed,Dry,Not Raining,Daylight,Right Turn,2,Driver Rider,2: MI,Traffic Signals,,,1325932.87,1664392.69,1.33E+13
2019-12119-27/05/2021,2 Metropolitan,KESWICK,5035,CITY OF WEST TORRENS,2,0,0,0,0,2019,December,Wednesday,2:57 PM,60,Divided Road,Straight road,Level,Driveway or Entrance,Sealed,Dry,Not Raining,Daylight,Side Swipe,1,Driver Rider,1: PDO,No Control,,,1326431.7,1668325.25,1.33E+13
2019-12120-27/05/2021,1 City,ADELAIDE,5000,CITY OF ADELAIDE,2,0,0,0,0,2019,December,Monday,9:38 AM,50,Divided Road,Straight road,Level,Not Applicable,Sealed,Dry,Not Raining,Daylight,Side Swipe,2,Driver Rider,1: PDO,No Control,,,1327501.12,1670805.21,1.33E+13
2019-12121-27/05/2021,2 Metropolitan,WOODCROFT,5162,CITY OF ONKAPARINGA,2,0,0,0,0,2019,December,Wednesday,6:00 PM,50,T-Junction,Straight road,Level,Not Applicable,Sealed,Dry,Not Raining,Daylight,Right Angle,1,Driver Rider,1: PDO,No Control,,,1323121.42,1648988.66,1.32E+13
2019-12122-27/05/2021,2 Metropolitan,STURT,5047,CC MARION.                    ,2,0,0,0,0,2019,December,Thursday,10:45 AM,60,Divided Road,Straight road,Level,Not Applicable,Sealed,Dry,Not Raining,Daylight,Rear End,2,Driver Rider,1: PDO,No Control,,,1323935.31,1660656.37,1.32E+13
2019-12123-27/05/2021,1 City,NORTH ADELAIDE,5006,CITY OF ADELAIDE,2,1,0,0,1,2019,December,Thursday,8:00 AM,50,Not Divided,Straight road,Level,Driveway or Entrance,Unsealed,Dry,Not Raining,Daylight,Right Angle,2,Driver Rider,2: MI,No Control,,,1328121.71,1673016.89,1.33E+13
2019-12124-27/05/2021,2 Metropolitan,PARALOWIE,5108,CITY OF SALISBURY,4,0,0,0,0,2019,December,Thursday,2:10 PM,60,Not Divided,Straight road,Level,Not Applicable,Sealed,Dry,Not Raining,Daylight,Rear End,1,Driver Rider,1: PDO,No Control,,,1330913.22,1690221.85,1.33E+13
2019-12125-27/05/2021,2 Metropolitan,POORAKA,5095,CITY OF SALISBURY,2,0,0,0,0,2019,December,Wednesday,9:20 AM,60,T-Junction,Straight road,Level,Not Applicable,Sealed,Dry,Not Raining,Daylight,Rear End,1,Driver Rider,1: PDO,Traffic Signals,,,1331015.05,1680310.68,1.33E+13
2019-12126-27/05/2021,2 Metropolitan,TOTNESS,5250,DC MT.BARKER.                 ,2,1,0,0,1,2019,December,Thursday,9:45 AM,80,Not Divided,"CURVED, VIEW OPEN",Level,Not Applicable,Sealed,Dry,Not Raining,Daylight,Rear End,2,Driver Rider,2: MI,No Control,,,1350075.98,1656051.98,1.35E+13
2019-12127-27/05/2021,2 Metropolitan,GLEN OSMOND,5064,CITY OF BURNSIDE,1,1,0,0,1,2019,December,Thursday,12:00 PM,50,Not Divided,Straight road,Level,Driveway or Entrance,Sealed,Dry,Not Raining,Daylight,Left Road - Out of Control,1,Driver Rider,2: MI,No Control,,,1332657.81,1666305.92,1.33E+13
2019-12128-27/05/2021,3 Country,WHYALLA NORRIE,5608,CC WHYALLA.                   ,2,0,0,0,0,2019,December,Thursday,12:28 PM,60,Divided Road,Straight road,Level,Driveway or Entrance,Sealed,Dry,Not Raining,Daylight,Side Swipe,1,Driver Rider,1: PDO,No Control,,,1237758.4,1882856.11,1.24E+13
2019-12129-27/05/2021,2 Metropolitan,FLINDERS PARK,5025,CITY OF CHARLES STURT,3,1,0,0,1,2019,December,Thursday,2:45 PM,60,Divided Road,Straight road,Level,Not Applicable,Sealed,Dry,Not Raining,Daylight,Rear End,1,Driver Rider,2: MI,No Control,,,1323745.07,1673165,1.32E+13
2019-12130-27/05/2021,2 Metropolitan,HILTON,5033,CITY OF WEST TORRENS,2,0,0,0,0,2019,November,Saturday,4:30 PM,60,Cross Road,Straight road,Level,Not Applicable,Sealed,Dry,Not Raining,Daylight,Rear End,1,Driver Rider,1: PDO,Traffic Signals,,,1325766.21,1670076.38,1.33E+13
2019-12131-27/05/2021,2 Metropolitan,NORTH PLYMPTON,5037,CITY OF WEST TORRENS,2,0,0,0,0,2019,December,Thursday,4:03 PM,60,Divided Road,Straight road,Level,Not Applicable,Sealed,Dry,Not Raining,Daylight,Rear End,1,Driver Rider,1: PDO,No Control,,,1324221.73,1667222.87,1.32E+13
2019-12132-27/05/2021,2 Metropolitan,KENSINGTON PARK,5068,CITY OF BURNSIDE,3,0,0,0,0,2019,December,Thursday,3:50 PM,60,Cross Road,Straight road,Level,Not Applicable,Sealed,Dry,Not Raining,Daylight,Right Angle,1,Driver Rider,1: PDO,Traffic Signals,,,1333879.5,1671121.63,1.33E+13
2019-12133-27/05/2021,2 Metropolitan,PARADISE,5075,CC CAMPBELLTOWN.              ,4,0,0,0,0,2019,December,Thursday,4:35 PM,60,Divided Road,Straight road,Level,Not Applicable,Sealed,Dry,Not Raining,Daylight,Rear End,1,Driver Rider,1: PDO,No Control,,,1335157.73,1675970.65,1.34E+13
2019-12134-27/05/2021,2 Metropolitan,WAYVILLE,5034,CITY OF UNLEY,3,1,0,0,1,2019,December,Thursday,4:44 PM,60,Not Divided,Straight road,Level,Not Applicable,Sealed,Dry,Not Raining,Daylight,Rear End,1,Driver Rider,2: MI,No Control,,,1327446,1668325.72,1.33E+13
2019-12135-27/05/2021,3 Country,NARACOORTE,5271,DC NARACOORTE & LUCINDALE.,2,0,0,0,0,2019,December,Wednesday,9:50 PM,50,T-Junction,"CURVED, VIEW OPEN",Slope,Not Applicable,Sealed,Dry,Not Raining,Night,Hit Fixed Object,1,Driver Rider,1: PDO,Give Way Sign,,,1512042.14,1437192.08,1.51E+13
2019-12136-27/05/2021,2 Metropolitan,DRY CREEK,5094,CITY OF PORT ADELAIDE ENFIELD,2,0,0,0,0,2019,December,Thursday,2:10 PM,60,Not Divided,Straight road,Level,Not Applicable,Sealed,Dry,Not Raining,Daylight,Side Swipe,1,Driver Rider,1: PDO,No Control,,,1327173.26,1680254.11,1.33E+13
2019-12137-27/05/2021,2 Metropolitan,ELIZABETH,5112,CITY OF PLAYFORD.,2,2,0,0,2,2019,December,Thursday,6:30 PM,60,Divided Road,Straight road,Level,Driveway or Entrance,Sealed,Dry,Not Raining,Daylight,Right Angle,2,Driver Rider,2: MI,No Control,,,1335730.99,1693246.9,1.34E+13
2019-12138-27/05/2021,2 Metropolitan,PETERHEAD,5016,CITY OF PORT ADELAIDE ENFIELD,1,0,0,0,0,2019,December,Thursday,6:15 PM,60,Divided Road,Straight road,Level,Driveway or Entrance,Sealed,Dry,Not Raining,Daylight,Other,1,Driver Rider,1: PDO,No Control,,,1319847.76,1681307.41,1.32E+13
2019-12139-27/05/2021,2 Metropolitan,HENLEY BEACH,5022,CITY OF CHARLES STURT,2,1,0,0,1,2019,December,Thursday,6:10 PM,50,Not Divided,Straight road,Level,Not Applicable,Sealed,Dry,Not Raining,Daylight,Side Swipe,1,Driver Rider,2: MI,No Control,,,1318803.59,1672067.24,1.32E+13
2019-12140-27/05/2021,2 Metropolitan,CRAIGBURN FARM,5051,CC MITCHAM.                   ,2,0,0,0,0,2019,December,Thursday,7:15 PM,50,Not Divided,Straight road,Level,Not Applicable,Sealed,Dry,Not Raining,Daylight,Hit Fixed Object,1,Driver Rider,1: PDO,No Control,,,1329458.32,1657832.61,1.33E+13
2019-12141-27/05/2021,2 Metropolitan,HILTON,5033,CITY OF WEST TORRENS,4,0,0,0,0,2019,December,Thursday,7:15 PM,50,Not Divided,Straight road,Level,Not Applicable,Sealed,Dry,Not Raining,Daylight,Side Swipe,2,Driver Rider,1: PDO,No Control,,,1324938.33,1670291.74,1.32E+13
2019-12142-27/05/2021,2 Metropolitan,MAWSON LAKES,5095,CITY OF SALISBURY,2,0,0,0,0,2019,December,Thursday,2:40 PM,60,Divided Road,Straight road,Level,Not Applicable,Sealed,Dry,Not Raining,Daylight,Side Swipe,2,Driver Rider,1: PDO,No Control,,,1330605.51,1683887.84,1.33E+13
2019-12143-27/05/2021,3 Country,PAISLEY,5357,LOXTON WAIKERIE DISTRICT COUNCIL,1,3,0,2,1,2019,December,Thursday,7:00 PM,110,T-Junction,"CURVED, VIEW OPEN",Level,Not Applicable,Sealed,Dry,Not Raining,Daylight,Roll Over,1,Driver Rider,3: SI,Stop Sign,Y,,1425827.03,1734142.72,1.43E+13
2019-12144-27/05/2021,2 Metropolitan,ANDREWS FARM,5114,CITY OF PLAYFORD.,2,0,0,0,0,2019,December,Thursday,7:32 PM,50,Not Divided,"CURVED, VIEW OPEN",Level,Not Applicable,Sealed,Dry,Not Raining,Daylight,Right Turn,1,Driver Rider,1: PDO,No Control,,,1334984.29,1698361.79,1.33E+13
2019-12145-27/05/2021,3 Country,KEPA,5259,RC MURRAY BRIDGE.             ,2,1,0,0,1,2019,December,Thursday,6:10 PM,100,Not Divided,"CURVED, VIEW OPEN",Level,Not Applicable,Unsealed,Dry,Not Raining,Daylight,Hit Fixed Object,1,Driver Rider,2: MI,No Control,,Y,1398991.43,1639517.74,1.40E+13
2019-12146-27/05/2021,2 Metropolitan,NOARLUNGA CENTRE,5168,CITY OF ONKAPARINGA,2,0,0,0,0,2019,December,Thursday,9:35 PM,60,Cross Road,Straight road,Level,Not Applicable,Sealed,Dry,Not Raining,Night,Right Turn,1,Driver Rider,1: PDO,Traffic Signals,,,1317362.94,1647424.75,1.32E+13
2019-12147-27/05/2021,2 Metropolitan,VIRGINIA,5120,CITY OF PLAYFORD.,3,1,0,1,0,2019,December,Thursday,5:20 PM,80,Not Divided,Straight road,Level,Not Applicable,Sealed,Dry,Not Raining,Daylight,Head On,1,Driver Rider,3: SI,No Control,,,1327846.74,1698182.21,1.33E+13
2019-12148-27/05/2021,2 Metropolitan,SHEIDOW PARK,5158,CC MARION.                    ,2,0,0,0,0,2019,December,Thursday,8:20 PM,50,T-Junction,Straight road,Slope,Not Applicable,Sealed,Dry,Not Raining,Night,Hit Fixed Object,1,Driver Rider,1: PDO,No Control,,,1320758.92,1653202.43,1.32E+13
2019-12149-27/05/2021,3 Country,TWO WELLS,5501,DC MALLALA.                   ,2,1,0,0,1,2019,December,Friday,12:45 AM,80,Cross Road,Straight road,Level,Not Applicable,Sealed,Dry,Not Raining,Night,Right Angle,1,Driver Rider,2: MI,Give Way Sign,,,1325633.59,1705430.23,1.33E+13
2019-12150-27/05/2021,3 Country,DUBLIN,5501,DC MALLALA.                   ,2,0,0,0,0,2019,December,Friday,6:30 AM,110,T-Junction,Straight road,Level,Not Applicable,Sealed,Dry,Not Raining,Daylight,Side Swipe,1,Driver Rider,1: PDO,No Control,,,1307954.34,1723676.85,1.31E+13
2019-12151-27/05/2021,2 Metropolitan,FLAGSTAFF HILL,5159,CITY OF ONKAPARINGA,2,0,0,0,0,2019,December,Friday,7:57 AM,70,T-Junction,Straight road,Level,Not Applicable,Sealed,Dry,Not Raining,Daylight,Right Angle,1,Driver Rider,1: PDO,No Control,,,1325435.58,1657376.43,1.33E+13
2019-12152-27/05/2021,2 Metropolitan,WEST HINDMARSH,5007,CITY OF CHARLES STURT,2,0,0,0,0,2019,December,Friday,8:10 AM,60,Divided Road,Straight road,Level,Not Applicable,Sealed,Dry,Not Raining,Daylight,Side Swipe,2,Driver Rider,1: PDO,No Control,,,1325319.46,1672370.05,1.33E+13
2019-12153-27/05/2021,2 Metropolitan,WESTBOURNE PARK,5041,CC MITCHAM.                   ,2,0,0,0,0,2019,December,Friday,8:59 AM,60,Not Divided,Straight road,Level,Driveway or Entrance,Unsealed,Dry,Not Raining,Daylight,Hit Fixed Object,1,Driver Rider,1: PDO,No Control,,,1327517.11,1665857.08,1.33E+13