REPORT_ID,Stats Area,Suburb,Postcode,LGA Name,Total Units,Total Cas,Total Fats,Total SI,Total MI,Year,Month,Day,Time,Area Speed,Position Type,Horizontal Align,Vertical Align,Other Feat,Road Surface,Moisture Cond,Weather Cond,DayNight,Crash Type,Unit Resp,Entity Code,CSEF Severity,Traffic Ctrls,DUI Involved,Drugs Involved,ACCLOC_X,ACCLOC_Y,UNIQUE_LOC
2019-12560-27/05/2021,1 City,ADELAIDE,5000,CITY OF ADELAIDE,2,0,0,0,0,2019,December,Tuesday,9:15 AM,50,Divided Road,Straight road,Level,Not Applicable,Sealed,Dry,Not Raining,Daylight,Side Swipe,1,Driver Rider,1: PDO,No Control,,,1327539.18,1670330.33,1.33E+13
2019-12561-27/05/2021,2 Metropolitan,LARGS NORTH,5016,CITY OF PORT ADELAIDE ENFIELD,2,0,0,0,0,2019,December,Tuesday,1:33 PM,60,Not Divided,Straight road,Level,Not Applicable,Sealed,Dry,Not Raining,Daylight,Hit Parked Vehicle,1,Driver Rider,1: PDO,No Control,,,1319256.01,1682584.65,1.32E+13
2019-12562-27/05/2021,2 Metropolitan,OAKLANDS PARK,5046,CC MARION.                    ,2,0,0,0,0,2019,December,Tuesday,1:15 PM,60,T-Junction,Straight road,Level,Driveway or Entrance,Sealed,Dry,Not Raining,Daylight,Hit Pedestrian,2,Driver Rider,1: PDO,Traffic Signals,,,1323166.81,1661054.13,1.32E+13
2019-12563-27/05/2021,2 Metropolitan,WAYVILLE,5034,CITY OF UNLEY,2,0,0,0,0,2019,December,Tuesday,1:55 PM,60,Not Divided,Straight road,Level,Not Applicable,Sealed,Dry,Not Raining,Daylight,Side Swipe,1,Driver Rider,1: PDO,No Control,,,1327449.42,1668233.31,1.33E+13
2019-12564-27/05/2021,2 Metropolitan,REGENCY PARK,5010,CITY OF PORT ADELAIDE ENFIELD,2,0,0,0,0,2019,December,Tuesday,2:45 PM,50,Not Divided,Straight road,Level,Driveway or Entrance,Sealed,Dry,Not Raining,Daylight,Rear End,2,Driver Rider,1: PDO,No Control,,,1325580.78,1677477.02,1.33E+13
2019-12565-27/05/2021,2 Metropolitan,WALKERVILLE,5081,WALKERVILLE TOWN COUNCIL,3,0,0,0,0,2019,December,Tuesday,2:25 PM,60,Divided Road,Straight road,Level,Not Applicable,Sealed,Dry,Not Raining,Daylight,Rear End,1,Driver Rider,1: PDO,No Control,,,1329571.22,1674341.93,1.33E+13
2019-12566-27/05/2021,2 Metropolitan,O'HALLORAN HILL,5158,CC MARION.                    ,2,1,0,0,1,2019,December,Tuesday,2:50 PM,100,Freeway,"CURVED, VIEW OPEN",Slope,Not Applicable,Sealed,Dry,Not Raining,Daylight,Rear End,2,Driver Rider,2: MI,No Control,,,1323342.41,1657232.46,1.32E+13
2019-12567-27/05/2021,2 Metropolitan,THORNGATE,5082,WALKERVILLE TOWN COUNCIL,3,2,0,0,2,2019,December,Tuesday,2:45 PM,60,Divided Road,Straight road,Level,Not Applicable,Sealed,Dry,Not Raining,Daylight,Rear End,2,Driver Rider,2: MI,No Control,,,1328412.69,1673739.14,1.33E+13
2019-12568-27/05/2021,2 Metropolitan,WESTBOURNE PARK,5041,CC MITCHAM.                   ,3,0,0,0,0,2019,December,Tuesday,1:00 PM,60,Divided Road,Straight road,Level,Driveway or Entrance,Sealed,Dry,Not Raining,Daylight,Rear End,1,Driver Rider,1: PDO,No Control,,,1327540.46,1666208.73,1.33E+13
2019-12569-27/05/2021,2 Metropolitan,WEST LAKES,5021,CITY OF CHARLES STURT,2,1,0,0,1,2019,December,Tuesday,2:52 PM,40,Not Divided,Straight road,Level,Not Applicable,Sealed,Dry,Not Raining,Daylight,Hit Fixed Object,1,Driver Rider,2: MI,No Control,,,1318566.12,1676168.42,1.32E+13
2019-12570-27/05/2021,2 Metropolitan,HOLDEN HILL,5088,CITY OF PORT ADELAIDE ENFIELD,2,0,0,0,0,2019,December,Tuesday,4:00 PM,60,Divided Road,Straight road,Level,Not Applicable,Sealed,Dry,Not Raining,Daylight,Side Swipe,2,Driver Rider,1: PDO,No Control,,,1333909.73,1677996.09,1.33E+13
2019-12571-27/05/2021,2 Metropolitan,HENLEY BEACH,5022,CITY OF CHARLES STURT,2,1,0,0,1,2019,December,Tuesday,4:22 PM,50,T-Junction,Straight road,Level,Not Applicable,Sealed,Dry,Not Raining,Daylight,Right Angle,1,Driver Rider,2: MI,Give Way Sign,,,1319344.55,1673033.81,1.32E+13
2019-12572-27/05/2021,2 Metropolitan,SALISBURY EAST,5109,CITY OF SALISBURY,3,0,0,0,0,2019,December,Tuesday,3:30 PM,80,Divided Road,Straight road,Level,Not Applicable,Sealed,Dry,Not Raining,Daylight,Rear End,1,Driver Rider,1: PDO,No Control,,,1334053.84,1686358.69,1.33E+13
2019-12573-27/05/2021,2 Metropolitan,HAPPY VALLEY,5159,CITY OF ONKAPARINGA,2,2,0,0,2,2019,December,Tuesday,4:00 PM,60,T-Junction,Straight road,Level,Not Applicable,Sealed,Dry,Not Raining,Daylight,Rear End,1,Driver Rider,2: MI,No Control,,,1324779.24,1653447.75,1.32E+13
2019-12574-27/05/2021,2 Metropolitan,CAMDEN PARK,5038,CITY OF WEST TORRENS,2,0,0,0,0,2019,December,Tuesday,5:07 PM,60,Divided Road,Straight road,Level,Not Applicable,Sealed,Dry,Not Raining,Daylight,Rear End,2,Driver Rider,1: PDO,No Control,,,1322925.66,1665601.83,1.32E+13
2019-12575-27/05/2021,2 Metropolitan,SHEA-OAK LOG,5371,LIGHT REGIONAL COUNCIL,2,1,0,1,0,2019,December,Tuesday,4:38 PM,100,Not Divided,Straight road,Level,Driveway or Entrance,Sealed,Dry,Not Raining,Daylight,Right Angle,2,Driver Rider,3: SI,No Control,,,1346210.81,1713565.08,1.35E+13
2019-12576-27/05/2021,2 Metropolitan,ST PETERS,5069,"CC OF NORWOOD,PAYNEHAM & ST PETERS",2,0,0,0,0,2019,December,Tuesday,2:38 PM,50,Not Divided,Straight road,Level,Not Applicable,Sealed,Dry,Not Raining,Daylight,Hit Parked Vehicle,1,Driver Rider,1: PDO,No Control,,,1330662.02,1673381.69,1.33E+13
2019-12577-27/05/2021,2 Metropolitan,ANGLE VALE,5117,CITY OF PLAYFORD.,2,0,0,0,0,2019,December,Tuesday,5:35 PM,60,T-Junction,Straight road,Level,Not Applicable,Sealed,Dry,Not Raining,Daylight,Hit Fixed Object,1,Driver Rider,1: PDO,No Control,,,1333332.25,1702012.68,1.33E+13
2019-12578-27/05/2021,2 Metropolitan,CHRISTIES BEACH,5165,CITY OF ONKAPARINGA,2,1,0,0,1,2019,December,Monday,3:25 PM,50,T-Junction,Straight road,Level,Not Applicable,Sealed,Dry,Not Raining,Daylight,Right Turn,2,Driver Rider,2: MI,No Control,,,1316982.41,1648520.61,1.32E+13
2019-12579-27/05/2021,3 Country,ANGASTON,5353,THE BAROSSA COUNCIL.,2,1,0,0,1,2019,December,Tuesday,2:30 PM,50,T-Junction,"CURVED, VIEW OBSCURED",Level,Not Applicable,Sealed,Dry,Not Raining,Daylight,Right Turn,1,Driver Rider,2: MI,No Control,,,1371102.01,1716244.07,1.37E+13
2019-12580-27/05/2021,2 Metropolitan,MEADOWS,5201,DC MT.BARKER.                 ,2,1,0,0,1,2019,December,Tuesday,5:41 PM,80,Cross Road,Straight road,Level,Not Applicable,Sealed,Dry,Not Raining,Daylight,Right Angle,2,Driver Rider,2: MI,Stop Sign,,,1340165.16,1641798.62,1.34E+13
2019-12581-27/05/2021,2 Metropolitan,STURT,5047,CC MARION.                    ,2,0,0,0,0,2019,December,Tuesday,9:45 AM,60,Divided Road,Straight road,Level,Not Applicable,Sealed,Dry,Not Raining,Daylight,Rear End,1,Driver Rider,1: PDO,No Control,,,1323673.32,1660648.2,1.32E+13
2019-12582-27/05/2021,2 Metropolitan,NORTH BRIGHTON,5048,CITY OF HOLDFAST BAY,2,0,0,0,0,2019,December,Tuesday,12:40 PM,50,Not Divided,Straight road,Level,Not Applicable,Sealed,Dry,Not Raining,Daylight,Hit Parked Vehicle,2,Driver Rider,1: PDO,No Control,,,1321052.66,1661810.04,1.32E+13
2019-12583-27/05/2021,2 Metropolitan,WISTOW,5251,DC MT.BARKER.                 ,2,1,0,1,0,2019,December,Tuesday,9:57 AM,60,Not Divided,Straight road,Level,Not Applicable,Sealed,Dry,Not Raining,Daylight,Hit Object on Road,1,Driver Rider,3: SI,No Control,,,1353883.51,1649290.64,1.35E+13
2019-12584-27/05/2021,1 City,ADELAIDE,5000,CITY OF ADELAIDE,2,0,0,0,0,2019,December,Tuesday,11:00 PM,50,Cross Road,Straight road,Level,Not Applicable,Sealed,Dry,Not Raining,Night,Right Turn,2,Driver Rider,1: PDO,Traffic Signals,,,1329051.95,1669739.69,1.33E+13
2019-12585-27/05/2021,3 Country,COOKE PLAINS,5261,COORONG DISTRICT COUNCIL,2,0,0,0,0,2019,December,Wednesday,12:30 AM,110,Not Divided,"CURVED, VIEW OPEN",Level,Not Applicable,Sealed,Dry,Not Raining,Night,Rear End,1,Driver Rider,1: PDO,No Control,,,1414236.53,1617331.26,1.41E+13
2019-12586-27/05/2021,2 Metropolitan,VALLEY VIEW,5093,CITY OF TEA TREE GULLY,2,0,0,0,0,2019,December,Wednesday,5:30 AM,60,Divided Road,Straight road,Level,Not Applicable,Sealed,Dry,Not Raining,Night,Hit Animal,2,Animal,1: PDO,No Control,,,1335064.84,1679404.04,1.34E+13
2019-12587-27/05/2021,2 Metropolitan,EDINBURGH,5111,CITY OF SALISBURY,2,0,0,0,0,2019,December,Wednesday,6:00 AM,60,T-Junction,Straight road,Level,Not Applicable,Sealed,Dry,Not Raining,Daylight,Right Angle,2,Driver Rider,1: PDO,Give Way Sign,,,1333531.02,1690693.85,1.33E+13
2019-12588-27/05/2021,2 Metropolitan,GLANDORE,5037,CC MARION.                    ,2,0,0,0,0,2019,December,Wednesday,7:25 AM,50,T-Junction,Straight road,Level,Not Applicable,Sealed,Dry,Not Raining,Daylight,Hit Fixed Object,1,Driver Rider,1: PDO,No Control,,,1325620.24,1666390.68,1.33E+13
2019-12589-27/05/2021,2 Metropolitan,GAWLER WEST,5118,CT GAWLER.                    ,2,0,0,0,0,2019,December,Tuesday,9:45 AM,50,Not Divided,Straight road,Level,Not Applicable,Sealed,Dry,Not Raining,Daylight,Rear End,1,Driver Rider,1: PDO,No Control,,,1342337.57,1705725.2,1.34E+13
2019-12590-27/05/2021,2 Metropolitan,REDWOOD PARK,5097,CITY OF TEA TREE GULLY,2,1,0,0,1,2019,December,Wednesday,9:25 AM,60,T-Junction,Straight road,Slope,Not Applicable,Sealed,Dry,Not Raining,Daylight,Hit Pedestrian,1,Driver Rider,2: MI,No Control,,,1339557.47,1683607.57,1.34E+13
2019-12591-27/05/2021,2 Metropolitan,WEST BEACH,5024,CITY OF CHARLES STURT,2,0,0,0,0,2019,December,Wednesday,10:00 AM,50,Not Divided,Straight road,Level,Not Applicable,Sealed,Dry,Not Raining,Daylight,Right Angle,2,Driver Rider,1: PDO,No Control,,,1319270.68,1669885.07,1.32E+13
2019-12592-27/05/2021,2 Metropolitan,ELIZABETH VALE,5112,CITY OF PLAYFORD.,2,0,0,0,0,2019,December,Wednesday,10:28 AM,60,Cross Road,Straight road,Level,Not Applicable,Sealed,Dry,Not Raining,Daylight,Right Angle,1,Driver Rider,1: PDO,Give Way Sign,,,1334885.72,1690394.51,1.33E+13
2019-12593-27/05/2021,2 Metropolitan,KLEMZIG,5087,CITY OF PORT ADELAIDE ENFIELD,2,0,0,0,0,2019,December,Tuesday,5:30 PM,60,Divided Road,Straight road,Level,Not Applicable,Sealed,Dry,Not Raining,Daylight,Rear End,2,Driver Rider,1: PDO,No Control,,,1331938.03,1676476.71,1.33E+13
2019-12594-27/05/2021,2 Metropolitan,PARA HILLS WEST,5096,CITY OF SALISBURY,2,0,0,0,0,2019,December,Wednesday,10:40 AM,60,Cross Road,Straight road,Level,Not Applicable,Sealed,Dry,Not Raining,Daylight,Right Turn,2,Driver Rider,1: PDO,Traffic Signals,,,1333442.68,1683696.42,1.33E+13
2019-12595-27/05/2021,2 Metropolitan,ELIZABETH PARK,5113,CITY OF PLAYFORD.,2,0,0,0,0,2019,December,Wednesday,9:30 AM,80,Cross Road,Straight road,Level,Not Applicable,Sealed,Dry,Not Raining,Daylight,Rear End,2,Driver Rider,1: PDO,Traffic Signals,,,1335998.94,1693731.34,1.34E+13
2019-12596-27/05/2021,2 Metropolitan,ELIZABETH PARK,5113,CITY OF PLAYFORD.,2,0,0,0,0,2019,December,Wednesday,12:17 PM,80,Cross Road,Straight road,Level,Not Applicable,Sealed,Dry,Not Raining,Daylight,Rear End,1,Driver Rider,1: PDO,Traffic Signals,,,1335998.94,1693731.34,1.34E+13
2019-12597-27/05/2021,2 Metropolitan,NORTH HAVEN,5018,CITY OF PORT ADELAIDE ENFIELD,2,1,0,1,0,2019,December,Wednesday,11:50 AM,60,T-Junction,Straight road,Level,Not Applicable,Sealed,Dry,Not Raining,Daylight,Right Angle,1,Driver Rider,3: SI,No Control,,,1319079.67,1685278.23,1.32E+13
2019-12598-27/05/2021,2 Metropolitan,PROSPECT,5082,CITY OF PROSPECT,3,0,0,0,0,2019,December,Wednesday,11:57 AM,60,T-Junction,Straight road,Level,Not Applicable,Sealed,Dry,Not Raining,Daylight,Rear End,2,Driver Rider,1: PDO,No Control,,,1328712.85,1674024.58,1.33E+13
2019-12599-27/05/2021,2 Metropolitan,RICHMOND,5033,CITY OF WEST TORRENS,2,0,0,0,0,2019,December,Tuesday,2:35 PM,60,Divided Road,Straight road,Level,Not Applicable,Sealed,Dry,Not Raining,Daylight,Hit Parked Vehicle,2,Driver Rider,1: PDO,No Control,,,1325171.45,1668937.65,1.33E+13
2019-12600-27/05/2021,3 Country,CEDUNA,5690,DC CEDUNA                     ,2,0,0,0,0,2019,December,Wednesday,2:15 PM,60,Divided Road,Straight road,Level,Not Applicable,Sealed,Dry,Not Raining,Daylight,Right Angle,2,Driver Rider,1: PDO,No Control,,,875153.94,1985324.08,8.75E+12
2019-12601-27/05/2021,2 Metropolitan,GLENELG EAST,5045,CITY OF HOLDFAST BAY,2,0,0,0,0,2019,December,Wednesday,9:45 AM,50,Not Divided,Straight road,Level,Not Applicable,Sealed,Dry,Not Raining,Daylight,Hit Parked Vehicle,1,Driver Rider,1: PDO,No Control,,,1321388.28,1664282.04,1.32E+13
2019-12602-27/05/2021,3 Country,EIGHT MILE CREEK,5291,DISTRICT COUNCIL OF GRANT,1,1,0,1,0,2019,December,Wednesday,1:00 PM,20,Other,Straight road,Level,Not Applicable,Unsealed,Dry,Not Raining,Daylight,Roll Over,1,Driver Rider,3: SI,No Control,,Y,1512158.09,1316207.52,1.51E+13
2019-12603-27/05/2021,3 Country,MOUNT GAMBIER,5290,CC MT.GAMBIER.                ,2,0,0,0,0,2019,December,Wednesday,2:32 PM,50,Not Divided,Straight road,Level,Not Applicable,Sealed,Dry,Not Raining,Daylight,Right Angle,2,Driver Rider,1: PDO,No Control,,,1510655.34,1339611.75,1.51E+13
2019-12604-27/05/2021,2 Metropolitan,MODBURY,5092,CITY OF TEA TREE GULLY,2,0,0,0,0,2019,December,Wednesday,2:35 PM,60,Cross Road,Straight road,Level,Not Applicable,Sealed,Dry,Not Raining,Daylight,Right Angle,2,Driver Rider,1: PDO,Roundabout,,,1336882.27,1680600.89,1.34E+13
2019-12605-27/05/2021,3 Country,MILLICENT,5280,WATTLE RANGE COUNCIL,2,0,0,0,0,2019,December,Wednesday,2:30 PM,60,Cross Road,Straight road,Level,Not Applicable,Sealed,Dry,Not Raining,Daylight,Right Angle,2,Driver Rider,1: PDO,Give Way Sign,,,1472530.34,1368900.2,1.47E+13
2019-12606-27/05/2021,2 Metropolitan,SALISBURY DOWNS,5108,CITY OF SALISBURY,2,0,0,0,0,2019,December,Tuesday,3:45 PM,60,Cross Road,Straight road,Level,Not Applicable,Sealed,Dry,Not Raining,Daylight,Side Swipe,2,Driver Rider,1: PDO,Traffic Signals,,,1331438.94,1686827.09,1.33E+13
2019-12607-27/05/2021,2 Metropolitan,SEATON,5023,CITY OF CHARLES STURT,2,0,0,0,0,2019,December,Wednesday,2:30 PM,60,T-Junction,Straight road,Level,Driveway or Entrance,Sealed,Dry,Not Raining,Daylight,Right Angle,2,Driver Rider,1: PDO,Give Way Sign,,,1320976.77,1674689.6,1.32E+13
2019-12608-27/05/2021,2 Metropolitan,CAMPBELLTOWN,5074,CC CAMPBELLTOWN.              ,2,0,0,0,0,2019,December,Wednesday,12:45 PM,60,T-Junction,Straight road,Level,Not Applicable,Sealed,Dry,Not Raining,Daylight,Rear End,1,Driver Rider,1: PDO,No Control,,,1334135.21,1675147.35,1.33E+13
2019-12609-27/05/2021,2 Metropolitan,SEAFORD RISE,5169,CITY OF ONKAPARINGA,2,0,0,0,0,2019,December,Wednesday,1:45 AM,50,Not Divided,Straight road,Level,Not Applicable,Sealed,Dry,Not Raining,Night,Hit Parked Vehicle,2,Driver Rider,1: PDO,No Control,,,1317181.07,1640004.02,1.32E+13
2019-12610-27/05/2021,1 City,NORTH ADELAIDE,5006,CITY OF ADELAIDE,2,1,0,0,1,2019,December,Wednesday,4:10 PM,50,Cross Road,Straight road,Level,Not Applicable,Sealed,Dry,Not Raining,Daylight,Right Angle,2,Driver Rider,2: MI,Traffic Signals,,,1328121.77,1673175.51,1.33E+13
2019-12611-27/05/2021,2 Metropolitan,GEPPS CROSS,5094,CITY OF PORT ADELAIDE ENFIELD,4,0,0,0,0,2019,December,Wednesday,4:53 PM,60,Divided Road,Straight road,Slope,Not Applicable,Sealed,Dry,Not Raining,Daylight,Rear End,1,Driver Rider,1: PDO,No Control,,,1330145.61,1679314.89,1.33E+13
2019-12612-27/05/2021,2 Metropolitan,KESWICK TERMINAL,5035,CITY OF WEST TORRENS,2,0,0,0,0,2019,December,Wednesday,5:00 PM,60,Cross Road,Straight road,Level,Not Applicable,Sealed,Dry,Not Raining,Daylight,Rear End,2,Driver Rider,1: PDO,Traffic Signals,,,1326171.63,1670095.18,1.33E+13
2019-12613-27/05/2021,2 Metropolitan,MAGILL,5072,CC CAMPBELLTOWN.              ,2,0,0,0,0,2019,December,Wednesday,5:04 PM,50,Cross Road,Straight road,Level,Not Applicable,Sealed,Dry,Not Raining,Daylight,Right Angle,2,Driver Rider,1: PDO,Roundabout,,,1335046.8,1672918.96,1.34E+13
2019-12614-27/05/2021,2 Metropolitan,GOULD CREEK,5114,CITY OF TEA TREE GULLY,2,0,0,0,0,2019,December,Wednesday,4:49 PM,80,Not Divided,"CURVED, VIEW OPEN",Slope,Not Applicable,Sealed,Dry,Not Raining,Daylight,Hit Fixed Object,1,Driver Rider,1: PDO,No Control,,,1344547.8,1688756.25,1.34E+13
2019-12615-27/05/2021,2 Metropolitan,CHRISTIE DOWNS,5164,CITY OF ONKAPARINGA,2,0,0,0,0,2019,December,Wednesday,2:00 PM,60,Not Divided,Straight road,Level,Driveway or Entrance,Sealed,Dry,Not Raining,Daylight,Right Angle,1,Driver Rider,1: PDO,No Control,,,1318049.05,1647952.85,1.32E+13
2019-12616-27/05/2021,2 Metropolitan,UNDERDALE,5032,CITY OF WEST TORRENS,2,0,0,0,0,2019,December,Wednesday,7:04 PM,50,T-Junction,Straight road,Level,Not Applicable,Sealed,Dry,Not Raining,Daylight,Rear End,2,Driver Rider,1: PDO,No Control,,,1324314.06,1671482.2,1.32E+13
2019-12617-27/05/2021,2 Metropolitan,KILKENNY,5009,CITY OF CHARLES STURT,2,0,0,0,0,2019,December,Wednesday,6:56 PM,60,T-Junction,Straight road,Level,Not Applicable,Sealed,Dry,Not Raining,Daylight,Hit Fixed Object,1,Driver Rider,1: PDO,No Control,,Y,1324810.44,1675760.07,1.32E+13
2019-12618-27/05/2021,2 Metropolitan,SEMAPHORE PARK,5019,CITY OF CHARLES STURT,2,0,0,0,0,2019,December,Wednesday,10:00 PM,60,Not Divided,Straight road,Level,Not Applicable,Sealed,Dry,Not Raining,Night,Hit Parked Vehicle,1,Driver Rider,1: PDO,No Control,,,1318526.02,1679259.49,1.32E+13
2019-12619-27/05/2021,2 Metropolitan,WOODVILLE NORTH,5012,CITY OF CHARLES STURT,2,0,0,0,0,2019,December,Wednesday,10:40 PM,60,T-Junction,Straight road,Level,Not Applicable,Sealed,Dry,Not Raining,Night,Side Swipe,1,Driver Rider,1: PDO,No Control,,,1323947.19,1677370.45,1.32E+13
2019-12620-27/05/2021,3 Country,WHYALLA NORRIE,5608,CC WHYALLA.                   ,1,1,0,0,1,2019,December,Wednesday,8:30 PM,50,Not Divided,Straight road,Level,Not Applicable,Sealed,Dry,Not Raining,Night,Roll Over,1,Driver Rider,2: MI,No Control,,,1236631.94,1883795.29,1.24E+13
2019-12621-27/05/2021,3 Country,HALLETT,5419,REGIONAL COUNCIL OF GOYDER,1,3,0,1,2,2019,December,Wednesday,11:25 PM,100,Not Divided,"CURVED, VIEW OPEN",Level,Not Applicable,Unsealed,Dry,Not Raining,Night,Roll Over,1,Driver Rider,3: SI,No Control,,,1352021.77,1842739.99,1.35E+13
2019-12622-27/05/2021,2 Metropolitan,KESWICK,5035,CITY OF WEST TORRENS,2,0,0,0,0,2019,December,Thursday,3:48 AM,60,Divided Road,Straight road,Level,Roadworks,Sealed,Dry,Not Raining,Night,Hit Parked Vehicle,2,Driver Rider,1: PDO,No Control,,,1325812.68,1668707.37,1.33E+13
2019-12623-27/05/2021,2 Metropolitan,GILBERTON,5081,WALKERVILLE TOWN COUNCIL,3,0,0,0,0,2019,December,Thursday,7:15 AM,60,Cross Road,Straight road,Level,Not Applicable,Sealed,Dry,Not Raining,Daylight,Rear End,1,Driver Rider,1: PDO,Traffic Signals,,,1329707.81,1672509.77,1.33E+13
2019-12624-27/05/2021,3 Country,WILMINGTON,5485,DC MT.REMARKABLE.             ,2,3,0,3,0,2019,December,Wednesday,11:30 PM,80,Not Divided,Straight road,Level,Not Applicable,Unsealed,Dry,Not Raining,Night,Head On,1,Driver Rider,3: SI,No Control,,,1292074.5,1924289.45,1.29E+13
2019-12625-27/05/2021,2 Metropolitan,OVINGHAM,5082,CITY OF CHARLES STURT,2,0,0,0,0,2019,December,Thursday,8:45 AM,60,Cross Road,Straight road,Slope,Not Applicable,Sealed,Dry,Not Raining,Daylight,Right Turn,2,Driver Rider,1: PDO,Traffic Signals,,,1327131.58,1673269.49,1.33E+13
2019-12626-27/05/2021,2 Metropolitan,KINGSWOOD,5062,CC MITCHAM.                   ,2,1,0,0,1,2019,December,Wednesday,12:30 PM,60,Cross Road,Straight road,Level,Not Applicable,Sealed,Dry,Not Raining,Daylight,Rear End,2,Driver Rider,2: MI,Traffic Signals,,,1329136.35,1666242.69,1.33E+13
2019-12627-27/05/2021,3 Country,TINTINARA,5266,COORONG DISTRICT COUNCIL,2,1,0,0,1,2019,December,Wednesday,10:45 AM,100,Not Divided,Straight road,Crest of Hill,Not Applicable,Unsealed,Dry,Not Raining,Daylight,Hit Parked Vehicle,1,Driver Rider,2: MI,No Control,,,1460210.33,1573473.23,1.46E+13
2019-12628-27/05/2021,2 Metropolitan,ALBERTON,5014,CITY OF PORT ADELAIDE ENFIELD,4,0,0,0,0,2019,December,Thursday,8:55 AM,60,Divided Road,Straight road,Level,Not Applicable,Sealed,Dry,Not Raining,Daylight,Rear End,1,Driver Rider,1: PDO,No Control,,,1320784.51,1679061.31,1.32E+13
2019-12629-27/05/2021,2 Metropolitan,PORT ADELAIDE,5015,CITY OF PORT ADELAIDE ENFIELD,2,1,1,0,0,2019,December,Thursday,6:55 AM,60,Cross Road,Straight road,Level,Not Applicable,Sealed,Dry,Not Raining,Daylight,Side Swipe,1,Driver Rider,4: Fatal,Traffic Signals,,,1321025.72,1680317.89,1.32E+13
2019-12630-27/05/2021,2 Metropolitan,HENLEY BEACH SOUTH,5022,CITY OF CHARLES STURT,3,0,0,0,0,2019,December,Thursday,10:00 AM,50,Not Divided,"CURVED, VIEW OPEN",Level,Not Applicable,Sealed,Dry,Not Raining,Daylight,Hit Parked Vehicle,1,Driver Rider,1: PDO,No Control,,Y,1319204.8,1670806.6,1.32E+13
2019-12631-27/05/2021,1 City,NORTH ADELAIDE,5006,CITY OF ADELAIDE,2,2,0,0,2,2019,December,Thursday,10:30 AM,50,Not Divided,"CURVED, VIEW OPEN",Level,Not Applicable,Sealed,Dry,Not Raining,Daylight,Side Swipe,1,Driver Rider,2: MI,No Control,,,1328726.75,1672402.62,1.33E+13
2019-12632-27/05/2021,2 Metropolitan,WILLUNGA,5172,CITY OF ONKAPARINGA,2,2,0,0,2,2019,December,Thursday,9:20 AM,100,Not Divided,Straight road,Bottom of Hill,Not Applicable,Sealed,Dry,Not Raining,Daylight,Hit Fixed Object,1,Driver Rider,2: MI,No Control,,,1322240.45,1631901.12,1.32E+13
2019-12633-27/05/2021,2 Metropolitan,PARADISE,5075,CC CAMPBELLTOWN.              ,2,0,0,0,0,2019,December,Wednesday,10:10 PM,50,Not Divided,Straight road,Level,Not Applicable,Sealed,Dry,Not Raining,Night,Hit Parked Vehicle,2,Driver Rider,1: PDO,No Control,,,1335480.29,1676915.62,1.34E+13
2019-12634-27/05/2021,3 Country,BRAY,5276,DC ROBE.                      ,2,1,0,0,1,2019,December,Thursday,10:40 AM,100,Not Divided,Straight road,Level,Not Applicable,Sealed,Dry,Not Raining,Daylight,Hit Animal,2,Animal,2: MI,No Control,,,1446358.93,1404086.63,1.45E+13
2019-12635-27/05/2021,2 Metropolitan,ST MARYS,5042,CC MITCHAM.                   ,2,0,0,0,0,2019,December,Thursday,10:30 AM,60,Divided Road,Straight road,Level,Not Applicable,Sealed,Dry,Not Raining,Daylight,Rear End,1,Driver Rider,1: PDO,No Control,,,1326008.93,1661771.62,1.33E+13
2019-12636-27/05/2021,2 Metropolitan,TEA TREE GULLY,5091,CITY OF TEA TREE GULLY,2,0,0,0,0,2019,December,Thursday,11:20 AM,80,Not Divided,"CURVED, VIEW OBSCURED",Slope,Not Applicable,Sealed,Dry,Not Raining,Daylight,Hit Fixed Object,1,Driver Rider,1: PDO,No Control,,,1342401.55,1681236.86,1.34E+13
2019-12637-27/05/2021,2 Metropolitan,DUDLEY PARK,5008,CITY OF PORT ADELAIDE ENFIELD,2,0,0,0,0,2019,December,Thursday,9:00 AM,50,T-Junction,Straight road,Level,Not Applicable,Sealed,Dry,Not Raining,Daylight,Right Angle,2,Driver Rider,1: PDO,No Control,,,1326935.31,1676290.85,1.33E+13
2019-12638-27/05/2021,3 Country,PORT PIRIE SOUTH,5540,PT.PIRIE CITY & DIST. COUNCIL ,2,0,0,0,0,2019,December,Thursday,11:50 AM,60,Cross Road,Straight road,Level,Not Applicable,Sealed,Dry,Not Raining,Daylight,Right Angle,2,Driver Rider,1: PDO,Give Way Sign,,,1280233.97,1862889.02,1.28E+13
2019-12639-27/05/2021,3 Country,CEDUNA,5690,DC CEDUNA                     ,3,1,1,0,0,2019,December,Wednesday,8:00 AM,80,Not Divided,Straight road,Level,Not Applicable,Sealed,Dry,Not Raining,Daylight,Hit Fixed Object,1,Driver Rider,4: Fatal,No Control,,,877312.69,1985672.64,8.77E+12