REPORT_ID,Stats Area,Suburb,Postcode,LGA Name,Total Units,Total Cas,Total Fats,Total SI,Total MI,Year,Month,Day,Time,Area Speed,Position Type,Horizontal Align,Vertical Align,Other Feat,Road Surface,Moisture Cond,Weather Cond,DayNight,Crash Type,Unit Resp,Entity Code,CSEF Severity,Traffic Ctrls,DUI Involved,Drugs Involved,ACCLOC_X,ACCLOC_Y,UNIQUE_LOC
2019-12722-27/05/2021,2 Metropolitan,ABERFOYLE PARK,5159,CITY OF ONKAPARINGA,3,0,0,0,0,2019,December,Sunday,3:23 PM,50,Not Divided,Straight road,Level,Not Applicable,Sealed,Dry,Not Raining,Daylight,Hit Parked Vehicle,1,Driver Rider,1: PDO,No Control,,,1328853.36,1655214.6,1.33E+13
2019-12723-27/05/2021,1 City,ADELAIDE,5000,CITY OF ADELAIDE,2,0,0,0,0,2019,December,Sunday,3:45 PM,50,Cross Road,Straight road,Level,Not Applicable,Sealed,Dry,Not Raining,Daylight,Side Swipe,1,Driver Rider,1: PDO,Traffic Signals,,,1328552.57,1670359.47,1.33E+13
2019-12724-27/05/2021,2 Metropolitan,WEST CROYDON,5008,CITY OF CHARLES STURT,2,0,0,0,0,2019,November,Wednesday,11:40 AM,60,Divided Road,Straight road,Level,Not Applicable,Sealed,Dry,Not Raining,Daylight,Hit Fixed Object,1,Driver Rider,1: PDO,No Control,,,1324568.09,1674315.89,1.32E+13
2019-12725-27/05/2021,2 Metropolitan,PAECHTOWN,5245,DC MT.BARKER.                 ,2,0,0,0,0,2019,December,Sunday,10:15 AM,80,Not Divided,"CURVED, VIEW OPEN",Slope,Not Applicable,Sealed,Dry,Not Raining,Daylight,Rear End,2,Driver Rider,1: PDO,No Control,,,1346643.82,1656631.89,1.35E+13
2019-12726-27/05/2021,2 Metropolitan,HAHNDORF,5245,DC MT.BARKER.                 ,2,0,0,0,0,2019,December,Sunday,5:15 PM,50,Not Divided,Straight road,Slope,Driveway or Entrance,Sealed,Dry,Not Raining,Daylight,Rear End,1,Driver Rider,1: PDO,No Control,,,1347897.95,1657614,1.35E+13
2019-12727-27/05/2021,2 Metropolitan,MAWSON LAKES,5095,CITY OF SALISBURY,3,0,0,0,0,2019,December,Sunday,6:50 PM,50,Not Divided,Straight road,Level,Not Applicable,Sealed,Dry,Not Raining,Daylight,Hit Parked Vehicle,1,Driver Rider,1: PDO,No Control,,,1330731.27,1684233.08,1.33E+13
2019-12728-27/05/2021,2 Metropolitan,ONE TREE HILL,5114,CITY OF PLAYFORD.,3,4,0,0,4,2019,December,Sunday,6:47 PM,100,Not Divided,"CURVED, VIEW OPEN",Slope,Not Applicable,Sealed,Dry,Not Raining,Daylight,Hit Fixed Object,1,Driver Rider,2: MI,No Control,,,1340967.87,1692046.42,1.34E+13
2019-12729-27/05/2021,2 Metropolitan,MODBURY,5092,CITY OF TEA TREE GULLY,2,1,0,0,1,2019,December,Sunday,8:30 PM,60,Divided Road,Straight road,Level,Not Applicable,Sealed,Dry,Not Raining,Night,Hit Pedestrian,2,Pedestrian,2: MI,No Control,Y,,1336889.44,1680359.43,1.34E+13
2019-12730-27/05/2021,3 Country,WEST RANGE,5275,DC KINGSTON.,1,2,1,1,0,2019,December,Sunday,2:00 PM,100,Other,Straight road,Level,Not Applicable,Unsealed,Wet,Not Raining,Daylight,Roll Over,1,Driver Rider,4: Fatal,No Control,,,1434631.41,1466019.59,1.43E+13
2019-12731-27/05/2021,2 Metropolitan,BOLIVAR,5110,CITY OF SALISBURY,2,1,0,0,1,2019,December,Monday,12:20 AM,40,T-Junction,Straight road,Level,Roadworks,Sealed,Dry,Not Raining,Night,Right Turn,2,Driver Rider,2: MI,Traffic Signals,,,1328471.89,1688636.97,1.33E+13
2019-12732-27/05/2021,2 Metropolitan,OAKLANDS PARK,5046,CC MARION.                    ,2,1,0,0,1,2019,December,Monday,8:52 AM,60,T-Junction,Straight road,Level,Not Applicable,Sealed,Dry,Not Raining,Daylight,Right Angle,9,Other,2: MI,No Control,,,1323063.16,1661158.65,1.32E+13
2019-12733-27/05/2021,2 Metropolitan,VALE PARK,5081,WALKERVILLE TOWN COUNCIL,2,1,0,0,1,2019,December,Monday,8:00 AM,60,Divided Road,Straight road,Level,Not Applicable,Sealed,Dry,Not Raining,Daylight,Hit Fixed Object,1,Driver Rider,2: MI,No Control,,,1330722.59,1675414.36,1.33E+13
2019-12734-27/05/2021,3 Country,PORT AUGUSTA,5700,CC PT.AUGUSTA.                ,2,0,0,0,0,2019,December,Monday,9:11 AM,50,Cross Road,Straight road,Slope,Not Applicable,Sealed,Dry,Not Raining,Daylight,Right Angle,2,Driver Rider,1: PDO,Give Way Sign,,,1260102.3,1942710.18,1.26E+13
2019-12735-27/05/2021,3 Country,BURR WELL,5732,,1,0,0,0,0,2019,December,Friday,11:00 PM,100,Not Divided,Straight road,Level,Not Applicable,Unsealed,Dry,Not Raining,Night,Roll Over,1,Driver Rider,1: PDO,No Control,,,1354617.35,2157839.74,1.35E+13
2019-12736-27/05/2021,2 Metropolitan,MARION,5043,CC MARION.                    ,2,1,0,0,1,2019,December,Monday,10:15 AM,60,Divided Road,Straight road,Level,Not Applicable,Sealed,Dry,Not Raining,Daylight,Rear End,2,Driver Rider,2: MI,No Control,,,1324323.21,1663116.91,1.32E+13
2019-12737-27/05/2021,2 Metropolitan,MEDINDIE,5081,WALKERVILLE TOWN COUNCIL,3,1,0,0,1,2019,December,Monday,10:45 AM,60,Multiple,Straight road,Level,Not Applicable,Sealed,Dry,Not Raining,Daylight,Right Angle,2,Driver Rider,2: MI,Traffic Signals,,,1329427.23,1673281.86,1.33E+13
2019-12738-27/05/2021,2 Metropolitan,BEDFORD PARK,5042,CC MITCHAM.                   ,2,0,0,0,0,2019,December,Monday,10:45 AM,60,Divided Road,Straight road,Level,Not Applicable,Sealed,Dry,Not Raining,Daylight,Rear End,2,Driver Rider,1: PDO,No Control,,,1325575.81,1660697.56,1.33E+13
2019-12739-27/05/2021,2 Metropolitan,GLENSIDE,5065,CITY OF BURNSIDE,2,1,0,0,1,2019,December,Monday,9:00 AM,60,Cross Road,Straight road,Level,Not Applicable,Sealed,Dry,Not Raining,Daylight,Right Turn,2,Driver Rider,2: MI,Traffic Signals,,,1330687.25,1668997.74,1.33E+13
2019-12740-27/05/2021,2 Metropolitan,HUMBUG SCRUB,5114,CITY OF PLAYFORD.,2,1,0,1,0,2019,December,Monday,12:00 PM,100,Not Divided,"CURVED, VIEW OPEN",Level,Not Applicable,Sealed,Dry,Not Raining,Daylight,Hit Fixed Object,1,Driver Rider,3: SI,No Control,,Y,1350614.74,1693778.52,1.35E+13
2019-12741-27/05/2021,2 Metropolitan,GLENELG NORTH,5045,CITY OF HOLDFAST BAY,2,1,0,1,0,2019,December,Monday,11:45 AM,60,Divided Road,Straight road,Level,Not Applicable,Sealed,Dry,Not Raining,Daylight,Rear End,2,Driver Rider,3: SI,No Control,,,1321555.99,1665321.29,1.32E+13
2019-12742-27/05/2021,2 Metropolitan,PASADENA,5042,CC MITCHAM.                   ,2,2,0,0,2,2019,December,Monday,11:45 AM,60,Divided Road,Straight road,Level,Driveway or Entrance,Sealed,Dry,Not Raining,Daylight,Right Turn,1,Driver Rider,2: MI,No Control,,,1327599.8,1662818.35,1.33E+13
2019-12743-27/05/2021,3 Country,CALLINGTON,5254,RC MURRAY BRIDGE.             ,2,0,0,0,0,2019,December,Monday,2:00 PM,60,Not Divided,Straight road,Level,Not Applicable,Sealed,Dry,Not Raining,Daylight,Hit Fixed Object,1,Driver Rider,1: PDO,No Control,,,1368147.29,1648152.99,1.37E+13
2019-12744-27/05/2021,2 Metropolitan,ELIZABETH,5112,CITY OF PLAYFORD.,2,0,0,0,0,2019,December,Monday,2:20 PM,60,Not Divided,Straight road,Slope,Not Applicable,Sealed,Dry,Not Raining,Daylight,Rear End,2,Driver Rider,1: PDO,No Control,,,1335478.69,1693946.68,1.34E+13
2019-12745-27/05/2021,1 City,ADELAIDE,5000,CITY OF ADELAIDE,2,0,0,0,0,2019,November,Thursday,8:01 AM,25,Divided Road,Straight road,Level,Roadworks,Sealed,Dry,Not Raining,Daylight,Side Swipe,2,Driver Rider,1: PDO,No Control,,,1329397.54,1671172.08,1.33E+13
2019-12746-27/05/2021,2 Metropolitan,INGLE FARM,5098,CITY OF SALISBURY,2,0,0,0,0,2019,December,Thursday,1:45 PM,60,Cross Road,Straight road,Level,Not Applicable,Sealed,Dry,Not Raining,Daylight,Rear End,2,Driver Rider,1: PDO,Traffic Signals,,,1332135.16,1681789.77,1.33E+13
2019-12747-27/05/2021,2 Metropolitan,GAWLER SOUTH,5118,CT GAWLER.                    ,3,0,0,0,0,2019,December,Monday,4:00 PM,50,T-Junction,Straight road,Level,Not Applicable,Sealed,Dry,Not Raining,Daylight,Hit Fixed Object,1,Driver Rider,1: PDO,No Control,,,1342529.34,1705470.38,1.34E+13
2019-12748-27/05/2021,2 Metropolitan,INGLE FARM,5098,CITY OF SALISBURY,2,0,0,0,0,2019,December,Monday,4:20 PM,60,Cross Road,Straight road,Level,Not Applicable,Sealed,Dry,Not Raining,Daylight,Rear End,2,Driver Rider,1: PDO,Traffic Signals,,,1332124.43,1681793.89,1.33E+13
2019-12749-27/05/2021,2 Metropolitan,MOUNT BARKER,5251,DC MT.BARKER.                 ,1,1,0,0,1,2019,December,Monday,2:47 PM,110,Freeway,Straight road,Slope,Not Applicable,Sealed,Dry,Not Raining,Daylight,Roll Over,1,Driver Rider,2: MI,No Control,,,1349286.35,1655755.03,1.35E+13
2019-12750-27/05/2021,2 Metropolitan,MAGILL,5072,CC CAMPBELLTOWN.              ,2,0,0,0,0,2019,December,Monday,5:25 PM,60,T-Junction,Straight road,Level,Not Applicable,Sealed,Dry,Not Raining,Daylight,Right Angle,1,Driver Rider,1: PDO,No Control,,,1335463.83,1672583.96,1.34E+13
2019-12751-27/05/2021,2 Metropolitan,PARAFIELD GARDENS,5107,CITY OF SALISBURY,2,0,0,0,0,2019,December,Monday,2:00 PM,50,Not Divided,Straight road,Level,Not Applicable,Sealed,Dry,Not Raining,Daylight,Hit Parked Vehicle,2,Driver Rider,1: PDO,No Control,,,1330282.38,1686953.66,1.33E+13
2019-12752-27/05/2021,2 Metropolitan,MOUNT BARKER,5251,DC MT.BARKER.                 ,2,0,0,0,0,2019,December,Tuesday,12:40 PM,50,Not Divided,Straight road,Level,Not Applicable,Sealed,Dry,Not Raining,Daylight,Hit Fixed Object,1,Driver Rider,1: PDO,No Control,,,1351583.85,1653495.11,1.35E+13
2019-12753-27/05/2021,2 Metropolitan,KLEMZIG,5087,CITY OF PORT ADELAIDE ENFIELD,2,0,0,0,0,2019,December,Monday,1:48 PM,40,Not Divided,Straight road,Level,Unknown,Sealed,Dry,Not Raining,Daylight,Hit Parked Vehicle,2,Driver Rider,1: PDO,No Control,,,1333001.85,1675477.63,1.33E+13
2019-12754-27/05/2021,2 Metropolitan,GLENUNGA,5064,CITY OF BURNSIDE,2,0,0,0,0,2019,December,Sunday,9:00 PM,50,Cross Road,Straight road,Level,Not Applicable,Sealed,Dry,Not Raining,Night,Hit Fixed Object,1,Driver Rider,1: PDO,Roundabout,,,1331872.26,1667693.1,1.33E+13
2019-12755-27/05/2021,2 Metropolitan,BLAIR ATHOL,5084,CITY OF PORT ADELAIDE ENFIELD,2,1,0,1,0,2019,December,Monday,6:29 PM,60,T-Junction,Straight road,Level,Not Applicable,Sealed,Dry,Not Raining,Daylight,Right Angle,1,Driver Rider,3: SI,No Control,,,1328579.95,1679259.63,1.33E+13
2019-12756-27/05/2021,2 Metropolitan,ROSSLYN PARK,5072,CITY OF BURNSIDE,2,0,0,0,0,2019,December,Monday,4:00 PM,50,Not Divided,Straight road,Level,Unknown,Sealed,Dry,Not Raining,Daylight,Hit Parked Vehicle,2,Driver Rider,1: PDO,No Control,,,1334907.61,1670795.49,1.33E+13
2019-12757-27/05/2021,2 Metropolitan,WEST BEACH,5024,CITY OF WEST TORRENS,2,0,0,0,0,2019,December,Monday,5:50 PM,80,Cross Road,Straight road,Level,Not Applicable,Sealed,Dry,Not Raining,Daylight,Rear End,1,Driver Rider,1: PDO,Traffic Signals,,,1320929.56,1668827.66,1.32E+13
2019-12758-27/05/2021,2 Metropolitan,MAYLANDS,5069,"CC OF NORWOOD,PAYNEHAM & ST PETERS",3,0,0,0,0,2019,December,Monday,4:30 PM,60,Divided Road,Straight road,Level,Not Applicable,Sealed,Dry,Not Raining,Daylight,Rear End,1,Driver Rider,1: PDO,No Control,,,1332233.81,1671943.4,1.33E+13
2019-12759-27/05/2021,2 Metropolitan,HAPPY VALLEY,5159,CITY OF ONKAPARINGA,1,0,0,0,0,2019,December,Monday,5:10 PM,50,Not Divided,"CURVED, VIEW OPEN",Level,Not Applicable,Sealed,Dry,Not Raining,Daylight,Left Road - Out of Control,1,Driver Rider,1: PDO,No Control,,,1326695.29,1652777.98,1.33E+13
2019-12760-27/05/2021,2 Metropolitan,WEST CROYDON,5008,CITY OF CHARLES STURT,2,0,0,0,0,2019,December,Monday,9:30 PM,60,Cross Road,Straight road,Level,Not Applicable,Sealed,Dry,Not Raining,Night,Right Angle,2,Driver Rider,1: PDO,Traffic Signals,,,1325333.99,1675359.64,1.33E+13
2019-12761-27/05/2021,2 Metropolitan,HENLEY BEACH,5022,CITY OF CHARLES STURT,3,1,0,1,0,2019,December,Monday,9:45 PM,40,Cross Road,Straight road,Level,Not Applicable,Sealed,Dry,Not Raining,Night,Right Angle,1,Driver Rider,3: SI,Roundabout,,,1319127,1672310.49,1.32E+13
2019-12762-27/05/2021,3 Country,BULGUNNIA,5719,,1,4,0,1,3,2019,December,Monday,3:30 PM,110,Not Divided,Straight road,Level,Not Applicable,Sealed,Dry,Not Raining,Daylight,Roll Over,1,Driver Rider,3: SI,No Control,,,1018769.3,2217958.43,1.02E+13
2019-12763-27/05/2021,2 Metropolitan,ATHELSTONE,5076,CC CAMPBELLTOWN.              ,2,1,0,0,1,2019,December,Tuesday,3:05 AM,50,Not Divided,"CURVED, VIEW OPEN",Slope,Median Opening (not at I/S),Sealed,Dry,Not Raining,Night,Hit Parked Vehicle,1,Driver Rider,2: MI,No Control,,,1338248.92,1675376.86,1.34E+13
2019-12764-27/05/2021,2 Metropolitan,CAVAN,5094,CITY OF SALISBURY,2,1,0,1,0,2019,December,Tuesday,6:09 AM,70,Divided Road,Straight road,Level,Not Applicable,Sealed,Dry,Not Raining,Daylight,Side Swipe,2,Driver Rider,3: SI,No Control,,,1328733.91,1681799.32,1.33E+13
2019-12765-27/05/2021,2 Metropolitan,MCLAREN VALE,5171,CITY OF ONKAPARINGA,2,0,0,0,0,2019,December,Tuesday,8:31 AM,60,Divided Road,"CURVED, VIEW OPEN",Level,Not Applicable,Sealed,Dry,Not Raining,Daylight,Hit Fixed Object,1,Driver Rider,1: PDO,No Control,,,1320672.45,1639713.33,1.32E+13
2019-12766-27/05/2021,2 Metropolitan,SAMPSON FLAT,5114,CITY OF PLAYFORD.,2,0,0,0,0,2019,December,Friday,8:15 PM,80,Not Divided,Straight road,Level,Not Applicable,Sealed,Dry,Not Raining,Daylight,Hit Object on Road,2,Other,1: PDO,No Control,,,1344545.47,1689037.9,1.34E+13
2019-12767-27/05/2021,2 Metropolitan,BURTON,5110,CITY OF SALISBURY,2,1,0,0,1,2019,December,Tuesday,8:35 AM,60,Cross Road,"CURVED, VIEW OPEN",Level,Not Applicable,Sealed,Dry,Not Raining,Daylight,Right Angle,1,Driver Rider,2: MI,Roundabout,,,1330155.51,1690824.15,1.33E+13
2019-12768-27/05/2021,3 Country,CUMMINS,5631,DC LOWER EYRE PENINSULA       ,2,0,0,0,0,2019,December,Sunday,9:30 PM,50,Not Divided,Straight road,Level,Driveway or Entrance,Sealed,Dry,Not Raining,Night,Hit Parked Vehicle,1,Driver Rider,1: PDO,No Control,,,1067082.12,1749277.8,1.07E+13
2019-12769-27/05/2021,2 Metropolitan,SEATON,5023,CITY OF CHARLES STURT,4,3,0,0,3,2019,December,Tuesday,9:00 AM,60,T-Junction,Straight road,Level,Not Applicable,Sealed,Dry,Not Raining,Daylight,Rear End,1,Driver Rider,2: MI,Traffic Signals,,,1319956.94,1673049.82,1.32E+13
2019-12770-27/05/2021,2 Metropolitan,DULWICH,5065,CITY OF BURNSIDE,2,0,0,0,0,2019,December,Monday,12:00 PM,60,T-Junction,Straight road,Level,Median Opening (not at I/S),Sealed,Dry,Not Raining,Daylight,Side Swipe,2,Driver Rider,1: PDO,Give Way Sign,,,1330660.62,1669393.67,1.33E+13
2019-12771-27/05/2021,2 Metropolitan,SALISBURY,5108,CITY OF SALISBURY,2,2,0,0,2,2019,December,Tuesday,11:10 AM,60,T-Junction,Straight road,Level,Not Applicable,Sealed,Dry,Not Raining,Daylight,Right Angle,2,Driver Rider,2: MI,Traffic Signals,,,1333049.35,1688482.22,1.33E+13
2019-12772-27/05/2021,2 Metropolitan,BURTON,5110,CITY OF SALISBURY,2,3,0,0,3,2019,December,Tuesday,11:55 AM,50,Not Divided,Straight road,Level,Not Applicable,Sealed,Dry,Not Raining,Daylight,Hit Parked Vehicle,1,Driver Rider,2: MI,No Control,,,1329374.36,1691116.62,1.33E+13
2019-12773-27/05/2021,2 Metropolitan,GAWLER SOUTH,5118,CT GAWLER.                    ,3,0,0,0,0,2019,December,Tuesday,12:30 PM,50,Not Divided,Straight road,Level,Not Applicable,Sealed,Dry,Not Raining,Daylight,Rear End,1,Driver Rider,1: PDO,No Control,,,1342998.72,1705682.4,1.34E+13
2019-12774-27/05/2021,2 Metropolitan,ELIZABETH,5112,CITY OF PLAYFORD.,2,0,0,0,0,2019,December,Tuesday,12:30 PM,60,T-Junction,Straight road,Level,Not Applicable,Sealed,Dry,Not Raining,Daylight,Right Turn,2,Driver Rider,1: PDO,No Control,,,1335633.75,1693121.48,1.34E+13
2019-12775-27/05/2021,2 Metropolitan,KENSINGTON PARK,5068,CITY OF BURNSIDE,2,0,0,0,0,2019,December,Tuesday,12:20 PM,60,T-Junction,Straight road,Level,Not Applicable,Sealed,Dry,Not Raining,Daylight,Hit Object on Road,1,Driver Rider,1: PDO,No Control,,,1333461.56,1671794.25,1.33E+13
2019-12776-27/05/2021,2 Metropolitan,NORWOOD,5067,"CC OF NORWOOD,PAYNEHAM & ST PETERS",2,1,0,0,1,2019,December,Tuesday,9:45 AM,50,Cross Road,Straight road,Level,Not Applicable,Sealed,Dry,Not Raining,Daylight,Rear End,2,Driver Rider,2: MI,Traffic Signals,,,1331854.23,1671077.71,1.33E+13
2019-12777-27/05/2021,2 Metropolitan,SMITHFIELD,5114,CITY OF PLAYFORD.,2,0,0,0,0,2019,December,Tuesday,10:20 AM,80,Cross Road,"CURVED, VIEW OPEN",Level,Not Applicable,Sealed,Dry,Not Raining,Daylight,Side Swipe,1,Driver Rider,1: PDO,Traffic Signals,,,1337612.7,1696654.75,1.34E+13
2019-12778-27/05/2021,2 Metropolitan,MANNINGHAM,5086,CITY OF PORT ADELAIDE ENFIELD,2,0,0,0,0,2019,December,Tuesday,11:30 AM,60,Cross Road,Straight road,Level,Not Applicable,Sealed,Dry,Not Raining,Daylight,Side Swipe,2,Driver Rider,1: PDO,Traffic Signals,,,1330439.44,1676495.16,1.33E+13
2019-12779-27/05/2021,2 Metropolitan,CAMDEN PARK,5038,CITY OF WEST TORRENS,2,1,0,1,0,2019,December,Tuesday,12:24 PM,50,Not Divided,Straight road,Level,Driveway or Entrance,Sealed,Dry,Not Raining,Daylight,Right Angle,1,Driver Rider,3: SI,No Control,,,1322634.12,1665894.87,1.32E+13
2019-12780-27/05/2021,2 Metropolitan,HAPPY VALLEY,5159,CITY OF ONKAPARINGA,1,1,0,1,0,2019,December,Tuesday,1:14 PM,50,Not Divided,"CURVED, VIEW OBSCURED",Crest of Hill,Not Applicable,Sealed,Dry,Not Raining,Daylight,Left Road - Out of Control,1,Driver Rider,3: SI,No Control,,Y,1326175.72,1652405.62,1.33E+13
2019-12781-27/05/2021,3 Country,STRATHALBYN,5255,ALEXANDRINA COUNCIL,2,0,0,0,0,2019,December,Monday,10:38 AM,50,Rail Crossing,Straight road,Slope,Not Applicable,Sealed,Dry,Not Raining,Daylight,Hit Fixed Object,1,Driver Rider,1: PDO,Rail Xing - Flashing,,,1354083,1632839.82,1.35E+13
2019-12782-27/05/2021,3 Country,COMPTON,5291,DISTRICT COUNCIL OF GRANT,2,0,0,0,0,2019,December,Tuesday,3:11 PM,80,Cross Road,Straight road,Crest of Hill,Not Applicable,Sealed,Dry,Not Raining,Daylight,Side Swipe,2,Driver Rider,1: PDO,Give Way Sign,,,1506014.41,1340177.93,1.51E+13
2019-12783-27/05/2021,2 Metropolitan,ELIZABETH,5112,CITY OF PLAYFORD.,2,0,0,0,0,2019,December,Monday,11:00 PM,50,Divided Road,"CURVED, VIEW OPEN",Level,Driveway or Entrance,Sealed,Dry,Not Raining,Night,Right Angle,1,Driver Rider,1: PDO,No Control,,,1335488.4,1693732.57,1.34E+13
2019-12784-27/05/2021,2 Metropolitan,HOPE VALLEY,5090,CITY OF TEA TREE GULLY,2,0,0,0,0,2019,December,Tuesday,4:10 PM,60,T-Junction,Straight road,Slope,Not Applicable,Sealed,Dry,Not Raining,Daylight,Side Swipe,2,Driver Rider,1: PDO,No Control,,,1338085.86,1679313.99,1.34E+13
2019-12785-27/05/2021,2 Metropolitan,MODBURY NORTH,5092,CITY OF TEA TREE GULLY,2,2,0,0,2,2019,December,Tuesday,5:11 PM,80,Cross Road,Straight road,Level,Not Applicable,Sealed,Dry,Not Raining,Daylight,Right Turn,1,Driver Rider,2: MI,Traffic Signals,,,1336150.87,1681195.09,1.34E+13
2019-12786-27/05/2021,3 Country,SEDDON,5223,KANGAROO ISLAND COUNCIL,2,1,0,0,1,2019,December,Tuesday,5:20 PM,110,Not Divided,Straight road,Level,Not Applicable,Sealed,Dry,Not Raining,Daylight,Hit Fixed Object,1,Driver Rider,2: MI,No Control,,,1202856.2,1578465.21,1.20E+13
2019-12787-27/05/2021,2 Metropolitan,BLAIR ATHOL,5084,CITY OF PORT ADELAIDE ENFIELD,2,0,0,0,0,2019,December,Tuesday,6:00 PM,60,T-Junction,Straight road,Level,Not Applicable,Sealed,Dry,Not Raining,Daylight,Right Angle,1,Driver Rider,1: PDO,No Control,,,1328805.81,1678802.93,1.33E+13
2019-12788-27/05/2021,2 Metropolitan,HENLEY BEACH,5022,CITY OF CHARLES STURT,2,1,0,0,1,2019,December,Tuesday,6:15 PM,60,Divided Road,Straight road,Level,Driveway or Entrance,Sealed,Dry,Not Raining,Daylight,Right Angle,1,Driver Rider,2: MI,No Control,,,1319900.02,1673047.83,1.32E+13
2019-12789-27/05/2021,2 Metropolitan,ONKAPARINGA HILLS,5163,CITY OF ONKAPARINGA,2,1,0,1,0,2019,December,Tuesday,9:37 PM,80,Not Divided,Straight road,Slope,Not Applicable,Sealed,Dry,Not Raining,Night,Other,9,Other,3: SI,No Control,,,1325900.61,1649803.91,1.33E+13
2019-12790-27/05/2021,2 Metropolitan,ALBERTON,5014,CITY OF PORT ADELAIDE ENFIELD,2,0,0,0,0,2019,December,Tuesday,11:45 PM,60,T-Junction,Straight road,Level,Not Applicable,Sealed,Dry,Not Raining,Night,Side Swipe,2,Driver Rider,1: PDO,Give Way Sign,,,1320661.31,1679085.66,1.32E+13
2019-12791-27/05/2021,3 Country,COONALPYN,5265,COORONG DISTRICT COUNCIL,3,1,0,1,0,2019,December,Wednesday,3:50 AM,110,Not Divided,Straight road,Level,Not Applicable,Sealed,Dry,Not Raining,Night,Hit Fixed Object,1,Driver Rider,3: SI,No Control,,Y,1438634.28,1581924.09,1.44E+13
2019-12792-27/05/2021,2 Metropolitan,MEDINDIE,5081,WALKERVILLE TOWN COUNCIL,2,1,0,0,1,2019,December,Wednesday,8:10 AM,60,Cross Road,Straight road,Level,Driveway or Entrance,Sealed,Dry,Not Raining,Daylight,Rear End,2,Driver Rider,2: MI,Give Way Sign,,,1328641.4,1673957.67,1.33E+13
2019-12793-27/05/2021,2 Metropolitan,MOUNT BARKER,5251,DC MT.BARKER.                 ,2,0,0,0,0,2019,December,Wednesday,10:00 AM,50,Not Divided,Straight road,Level,Not Applicable,Sealed,Dry,Not Raining,Daylight,Hit Parked Vehicle,1,Driver Rider,1: PDO,No Control,,,1351519.5,1652097.57,1.35E+13
2019-12794-27/05/2021,3 Country,NULLARBOR,5690,,2,1,1,0,0,2019,December,Wednesday,8:55 AM,110,Not Divided,Straight road,Level,Not Applicable,Sealed,Dry,Not Raining,Daylight,Side Swipe,1,Driver Rider,4: Fatal,No Control,,,600502.35,2047533.93,6.01E+12
2019-12795-27/05/2021,2 Metropolitan,GULFVIEW HEIGHTS,5096,CITY OF SALISBURY,2,0,0,0,0,2019,December,Wednesday,12:30 PM,60,T-Junction,Straight road,Level,Not Applicable,Sealed,Dry,Not Raining,Daylight,Rear End,1,Driver Rider,1: PDO,Roundabout,,,1334798.65,1685437.21,1.33E+13
2019-12796-27/05/2021,2 Metropolitan,OUTER HARBOR,5018,CITY OF PORT ADELAIDE ENFIELD,2,0,0,0,0,2019,December,Wednesday,1:20 PM,60,T-Junction,Straight road,Level,Not Applicable,Sealed,Dry,Not Raining,Daylight,Hit Fixed Object,1,Driver Rider,1: PDO,Roundabout,,,1318338.99,1687139.17,1.32E+13
2019-12797-27/05/2021,3 Country,PORT LINCOLN,5606,CC PT.LINCOLN.                ,2,0,0,0,0,2019,December,Wednesday,11:15 AM,50,Cross Road,Straight road,Level,Not Applicable,Sealed,Dry,Not Raining,Daylight,Rear End,2,Driver Rider,1: PDO,Stop Sign,,,1079246.92,1697267.73,1.08E+13
2019-12798-27/05/2021,3 Country,CHARRA,5690,DC CEDUNA                     ,2,1,0,0,1,2019,December,Wednesday,1:35 PM,100,Not Divided,"CURVED, VIEW OPEN",Level,Not Applicable,Unsealed,Dry,Not Raining,Daylight,Hit Fixed Object,1,Driver Rider,2: MI,No Control,,,854714.31,1989621.8,8.55E+12
2019-12799-27/05/2021,2 Metropolitan,SALISBURY EAST,5109,CITY OF SALISBURY,3,0,0,0,0,2019,December,Wednesday,3:10 PM,80,Divided Road,Straight road,Level,Not Applicable,Sealed,Dry,Not Raining,Daylight,Rear End,1,Driver Rider,1: PDO,No Control,,,1334031.1,1686330.01,1.33E+13
2019-12800-27/05/2021,2 Metropolitan,ALDINGA,5173,CITY OF ONKAPARINGA,2,0,0,0,0,2019,December,Tuesday,9:10 PM,60,Divided Road,Straight road,Level,Not Applicable,Sealed,Dry,Not Raining,Night,Hit Fixed Object,1,Driver Rider,1: PDO,No Control,Y,,1316652.64,1633173.79,1.32E+13
2019-12801-27/05/2021,2 Metropolitan,NOARLUNGA DOWNS,5168,CITY OF ONKAPARINGA,2,1,0,0,1,2019,December,Wednesday,9:30 PM,70,Not Divided,Straight road,Level,Not Applicable,Sealed,Dry,Not Raining,Night,Hit Fixed Object,1,Driver Rider,2: MI,No Control,Y,,1317622.41,1645820.81,1.32E+13
2019-12802-27/05/2021,3 Country,VICTOR HARBOR,5211,DC VICTOR HARBOR.             ,2,0,0,0,0,2019,December,Wednesday,3:40 PM,50,Cross Road,Straight road,Level,Not Applicable,Sealed,Dry,Not Raining,Daylight,Right Angle,2,Driver Rider,1: PDO,Stop Sign,,,1328059.71,1600946.96,1.33E+13